NAME	GS<br> follow link to MSigDB	GS DETAILS	SIZE	ES	NES	NOM p-val	FDR q-val	FWER p-val	RANK AT MAX	LEADING EDGE	
GOBP_PYROPTOTIC_CELL_DEATH	GOBP_PYROPTOTIC_CELL_DEATH	Details ...	15	-0.72541916	-1.6530535	0.0036036037	1.0	0.999	6181	tags=47%, list=17%, signal=56%	
GOBP_SPERM_AXONEME_ASSEMBLY	GOBP_SPERM_AXONEME_ASSEMBLY	Details ...	32	-0.58377427	-1.6076605	0.005244755	1.0	1.0	7179	tags=41%, list=19%, signal=50%	
GOBP_SEMINIFEROUS_TUBULE_DEVELOPMENT	GOBP_SEMINIFEROUS_TUBULE_DEVELOPMENT	Details ...	25	-0.59635645	-1.547552	0.015384615	1.0	1.0	6345	tags=32%, list=17%, signal=39%	
GOBP_RESPONSE_TO_ELECTRICAL_STIMULUS	GOBP_RESPONSE_TO_ELECTRICAL_STIMULUS	Details ...	43	-0.54425895	-1.5456365	0.013333334	1.0	1.0	5796	tags=19%, list=16%, signal=22%	
GOBP_ORGANISM_EMERGENCE_FROM_PROTECTIVE_STRUCTURE	GOBP_ORGANISM_EMERGENCE_FROM_PROTECTIVE_STRUCTURE	Details ...	34	-0.57105553	-1.5430157	0.013445378	1.0	1.0	5407	tags=21%, list=15%, signal=24%	
GOBP_GONADOTROPIN_SECRETION	GOBP_GONADOTROPIN_SECRETION	Details ...	19	-0.6454297	-1.5395601	0.017605634	1.0	1.0	1724	tags=21%, list=5%, signal=22%	
GOBP_NEGATIVE_REGULATION_OF_INSULIN_SECRETION_INVOLVED_IN_CELLULAR_RESPONSE_TO_GLUCOSE_STIMULUS	GOBP_NEGATIVE_REGULATION_OF_INSULIN_SECRETION_INVOLVED_IN_CELLULAR_RESPONSE_TO_GLUCOSE_STIMULUS	Details ...	18	-0.6268363	-1.5134778	0.040441178	1.0	1.0	4356	tags=17%, list=12%, signal=19%	
GOBP_PEPTIDE_ANTIGEN_ASSEMBLY_WITH_MHC_PROTEIN_COMPLEX	GOBP_PEPTIDE_ANTIGEN_ASSEMBLY_WITH_MHC_PROTEIN_COMPLEX	Details ...	17	-0.6326769	-1.48468	0.04553734	1.0	1.0	9247	tags=53%, list=25%, signal=71%	
GOBP_SENSORY_PERCEPTION_OF_CHEMICAL_STIMULUS	GOBP_SENSORY_PERCEPTION_OF_CHEMICAL_STIMULUS	Details ...	349	-0.39574674	-1.4666842	0.0	1.0	1.0	3527	tags=19%, list=10%, signal=20%	
GOBP_REGULATION_OF_HEAT_GENERATION	GOBP_REGULATION_OF_HEAT_GENERATION	Details ...	16	-0.62654835	-1.4343897	0.071813285	1.0	1.0	8155	tags=50%, list=22%, signal=64%	
GOBP_AUTOPHAGY_OF_PEROXISOME	GOBP_AUTOPHAGY_OF_PEROXISOME	Details ...	17	-0.60601014	-1.4249713	0.071174376	1.0	1.0	549	tags=6%, list=1%, signal=6%	
GOBP_G_PROTEIN_COUPLED_GLUTAMATE_RECEPTOR_SIGNALING_PATHWAY	GOBP_G_PROTEIN_COUPLED_GLUTAMATE_RECEPTOR_SIGNALING_PATHWAY	Details ...	16	-0.6059595	-1.4096913	0.093457945	1.0	1.0	2263	tags=19%, list=6%, signal=20%	
GOBP_ANTIGEN_PROCESSING_AND_PRESENTATION_OF_EXOGENOUS_PEPTIDE_ANTIGEN_VIA_MHC_CLASS_II	GOBP_ANTIGEN_PROCESSING_AND_PRESENTATION_OF_EXOGENOUS_PEPTIDE_ANTIGEN_VIA_MHC_CLASS_II	Details ...	19	-0.58139586	-1.406152	0.057866186	1.0	1.0	8530	tags=42%, list=23%, signal=55%	
GOBP_CONSTITUTIVE_HETEROCHROMATIN_FORMATION	GOBP_CONSTITUTIVE_HETEROCHROMATIN_FORMATION	Details ...	59	-0.46327496	-1.4020879	0.036277603	1.0	1.0	5771	tags=14%, list=16%, signal=16%	
GOBP_CIRCADIAN_SLEEP_WAKE_CYCLE_NON_REM_SLEEP	GOBP_CIRCADIAN_SLEEP_WAKE_CYCLE_NON_REM_SLEEP	Details ...	15	-0.6119476	-1.4004395	0.08131488	1.0	1.0	8155	tags=47%, list=22%, signal=60%	
GOBP_HEAT_GENERATION	GOBP_HEAT_GENERATION	Details ...	22	-0.54918593	-1.3912833	0.07413793	1.0	1.0	8494	tags=50%, list=23%, signal=65%	
GOBP_IMMUNOLOGICAL_SYNAPSE_FORMATION	GOBP_IMMUNOLOGICAL_SYNAPSE_FORMATION	Details ...	16	-0.58799815	-1.3866779	0.08657244	1.0	1.0	7773	tags=38%, list=21%, signal=47%	
GOBP_SPLICEOSOMAL_SNRNP_ASSEMBLY	GOBP_SPLICEOSOMAL_SNRNP_ASSEMBLY	Details ...	143	-0.40961233	-1.3854351	0.010144928	1.0	1.0	3792	tags=16%, list=10%, signal=18%	
GOBP_REGULATION_OF_SENSORY_PERCEPTION	GOBP_REGULATION_OF_SENSORY_PERCEPTION	Details ...	20	-0.56202877	-1.3780583	0.08885018	1.0	1.0	7413	tags=40%, list=20%, signal=50%	
GOBP_DNA_METHYLATION_DEPENDENT_CONSTITUTIVE_HETEROCHROMATIN_FORMATION	GOBP_DNA_METHYLATION_DEPENDENT_CONSTITUTIVE_HETEROCHROMATIN_FORMATION	Details ...	37	-0.49526745	-1.3750525	0.06546645	1.0	1.0	5771	tags=19%, list=16%, signal=22%	
GOBP_ANTIGEN_PROCESSING_AND_PRESENTATION_OF_PEPTIDE_OR_POLYSACCHARIDE_ANTIGEN_VIA_MHC_CLASS_II	GOBP_ANTIGEN_PROCESSING_AND_PRESENTATION_OF_PEPTIDE_OR_POLYSACCHARIDE_ANTIGEN_VIA_MHC_CLASS_II		25	-0.5359459	-1.3694357	0.090252705	1.0	1.0	8530	tags=40%, list=23%, signal=52%	
GOBP_DETECTION_OF_CHEMICAL_STIMULUS	GOBP_DETECTION_OF_CHEMICAL_STIMULUS		294	-0.37568456	-1.3645018	0.007585335	1.0	1.0	4014	tags=19%, list=11%, signal=21%	
GOBP_MIRNA_MEDIATED_GENE_SILENCING_BY_INHIBITION_OF_TRANSLATION	GOBP_MIRNA_MEDIATED_GENE_SILENCING_BY_INHIBITION_OF_TRANSLATION		19	-0.5539188	-1.3619591	0.10332103	1.0	1.0	424	tags=5%, list=1%, signal=5%	
GOBP_LIPID_DIGESTION	GOBP_LIPID_DIGESTION		19	-0.5601009	-1.3566418	0.09653916	1.0	1.0	135	tags=11%, list=0%, signal=11%	
GOBP_PEPTIDYL_PROLINE_MODIFICATION	GOBP_PEPTIDYL_PROLINE_MODIFICATION		16	-0.5866198	-1.3427204	0.12177122	1.0	1.0	1342	tags=6%, list=4%, signal=6%	
GOBP_RETINAL_CONE_CELL_DIFFERENTIATION	GOBP_RETINAL_CONE_CELL_DIFFERENTIATION		15	-0.5728941	-1.3411803	0.101265825	1.0	1.0	6560	tags=40%, list=18%, signal=49%	
GOBP_NEGATIVE_REGULATION_OF_DIGESTIVE_SYSTEM_PROCESS	GOBP_NEGATIVE_REGULATION_OF_DIGESTIVE_SYSTEM_PROCESS		16	-0.5689915	-1.3315084	0.13611615	1.0	1.0	2275	tags=19%, list=6%, signal=20%	
GOBP_RESPONSE_TO_AMPHETAMINE	GOBP_RESPONSE_TO_AMPHETAMINE		35	-0.48694885	-1.3289243	0.07578254	1.0	1.0	6177	tags=23%, list=17%, signal=27%	
GOBP_TRANSPOSABLE_ELEMENT_SILENCING_BY_HETEROCHROMATIN_FORMATION	GOBP_TRANSPOSABLE_ELEMENT_SILENCING_BY_HETEROCHROMATIN_FORMATION		27	-0.5096938	-1.3119829	0.09557522	1.0	1.0	5771	tags=26%, list=16%, signal=31%	
GOBP_REGULATION_OF_SYNAPTIC_TRANSMISSION_CHOLINERGIC	GOBP_REGULATION_OF_SYNAPTIC_TRANSMISSION_CHOLINERGIC		18	-0.54040045	-1.3033643	0.10760668	1.0	1.0	2123	tags=22%, list=6%, signal=24%	
GOBP_POSITIVE_REGULATION_OF_HOMOTYPIC_CELL_CELL_ADHESION	GOBP_POSITIVE_REGULATION_OF_HOMOTYPIC_CELL_CELL_ADHESION		20	-0.5233741	-1.2989854	0.123674914	1.0	1.0	8572	tags=30%, list=23%, signal=39%	
GOBP_POSITIVE_REGULATION_OF_ICOSANOID_SECRETION	GOBP_POSITIVE_REGULATION_OF_ICOSANOID_SECRETION		22	-0.50706714	-1.2815148	0.13013698	1.0	1.0	8100	tags=32%, list=22%, signal=41%	
GOBP_RESPONSE_TO_PHEROMONE	GOBP_RESPONSE_TO_PHEROMONE		51	-0.43396133	-1.2802578	0.10445205	1.0	1.0	3527	tags=24%, list=10%, signal=26%	
GOBP_POST_TRANSCRIPTIONAL_GENE_SILENCING	GOBP_POST_TRANSCRIPTIONAL_GENE_SILENCING		135	-0.37837124	-1.2776091	0.05077574	1.0	1.0	3299	tags=12%, list=9%, signal=13%	
GOBP_CAMERA_TYPE_EYE_PHOTORECEPTOR_CELL_DIFFERENTIATION	GOBP_CAMERA_TYPE_EYE_PHOTORECEPTOR_CELL_DIFFERENTIATION		36	-0.46682826	-1.2752008	0.1384083	1.0	1.0	9026	tags=42%, list=24%, signal=55%	
GOBP_RETINAL_ROD_CELL_DIFFERENTIATION	GOBP_RETINAL_ROD_CELL_DIFFERENTIATION		22	-0.50624794	-1.2694987	0.14285715	1.0	1.0	9026	tags=45%, list=24%, signal=60%	
GOBP_VIRAL_TRANSLATION	GOBP_VIRAL_TRANSLATION		22	-0.5060634	-1.2663718	0.14827587	1.0	1.0	1773	tags=5%, list=5%, signal=5%	
GOBP_SYNAPTONEMAL_COMPLEX_ORGANIZATION	GOBP_SYNAPTONEMAL_COMPLEX_ORGANIZATION		28	-0.47494033	-1.2610523	0.16812609	1.0	1.0	7912	tags=46%, list=21%, signal=59%	
GOBP_LONG_CHAIN_FATTY_ACID_TRANSPORT	GOBP_LONG_CHAIN_FATTY_ACID_TRANSPORT		67	-0.41195446	-1.2565203	0.11057692	1.0	1.0	9280	tags=34%, list=25%, signal=46%	
GOBP_CEREBROSPINAL_FLUID_CIRCULATION	GOBP_CEREBROSPINAL_FLUID_CIRCULATION		19	-0.52523667	-1.252503	0.17636363	1.0	1.0	7620	tags=47%, list=21%, signal=60%	
GOBP_POLYAMINE_METABOLIC_PROCESS	GOBP_POLYAMINE_METABOLIC_PROCESS		21	-0.5138268	-1.2496383	0.17798164	1.0	1.0	14757	tags=71%, list=40%, signal=119%	
GOBP_PIRNA_PROCESSING	GOBP_PIRNA_PROCESSING		21	-0.49329737	-1.2450584	0.18439716	1.0	1.0	8166	tags=43%, list=22%, signal=55%	
GOBP_THYROID_HORMONE_GENERATION	GOBP_THYROID_HORMONE_GENERATION		22	-0.49248964	-1.2332516	0.18761063	1.0	1.0	8062	tags=41%, list=22%, signal=52%	
GOBP_LATE_ENDOSOME_TO_VACUOLE_TRANSPORT	GOBP_LATE_ENDOSOME_TO_VACUOLE_TRANSPORT		27	-0.4601887	-1.2284919	0.17567568	1.0	1.0	1378	tags=4%, list=4%, signal=4%	
GOBP_N_GLYCAN_PROCESSING	GOBP_N_GLYCAN_PROCESSING		21	-0.49621788	-1.2259266	0.19081272	1.0	1.0	8398	tags=29%, list=23%, signal=37%	
GOBP_MEMBRANE_HYPERPOLARIZATION	GOBP_MEMBRANE_HYPERPOLARIZATION		20	-0.5037097	-1.2136513	0.19464286	1.0	1.0	7008	tags=30%, list=19%, signal=37%	
GOBP_DETECTION_OF_STIMULUS	GOBP_DETECTION_OF_STIMULUS		453	-0.3196951	-1.2081649	0.03803681	1.0	1.0	4792	tags=17%, list=13%, signal=20%	
GOBP_REGULATION_OF_ICOSANOID_SECRETION	GOBP_REGULATION_OF_ICOSANOID_SECRETION		27	-0.45678052	-1.2072123	0.18363637	1.0	1.0	8738	tags=30%, list=24%, signal=39%	
GOBP_PIRNA_MEDIATED_HETEROCHROMATIN_FORMATION	GOBP_PIRNA_MEDIATED_HETEROCHROMATIN_FORMATION		17	-0.505582	-1.198687	0.22423147	1.0	1.0	5771	tags=35%, list=16%, signal=42%	
GOBP_ESTABLISHMENT_OF_PROTEIN_LOCALIZATION_TO_CHROMOSOME	GOBP_ESTABLISHMENT_OF_PROTEIN_LOCALIZATION_TO_CHROMOSOME		21	-0.48240557	-1.1933715	0.22278911	1.0	1.0	8193	tags=24%, list=22%, signal=31%	
GOBP_POSITIVE_REGULATION_OF_PEPTIDYL_THREONINE_PHOSPHORYLATION	GOBP_POSITIVE_REGULATION_OF_PEPTIDYL_THREONINE_PHOSPHORYLATION		19	-0.48443365	-1.1924653	0.2173913	1.0	1.0	8343	tags=26%, list=23%, signal=34%	
GOBP_DNA_REPLICATION_CHECKPOINT_SIGNALING	GOBP_DNA_REPLICATION_CHECKPOINT_SIGNALING		18	-0.48780733	-1.1922661	0.22710623	1.0	1.0	902	tags=6%, list=2%, signal=6%	
GOBP_POSITIVE_REGULATION_OF_CELL_GROWTH_INVOLVED_IN_CARDIAC_MUSCLE_CELL_DEVELOPMENT	GOBP_POSITIVE_REGULATION_OF_CELL_GROWTH_INVOLVED_IN_CARDIAC_MUSCLE_CELL_DEVELOPMENT		18	-0.4933527	-1.1892225	0.2232305	1.0	1.0	6177	tags=22%, list=17%, signal=27%	
GOBP_NEGATIVE_REGULATION_OF_RAS_PROTEIN_SIGNAL_TRANSDUCTION	GOBP_NEGATIVE_REGULATION_OF_RAS_PROTEIN_SIGNAL_TRANSDUCTION		27	-0.45625186	-1.1889307	0.20383275	1.0	1.0	67	tags=4%, list=0%, signal=4%	
GOBP_ICOSANOID_SECRETION	GOBP_ICOSANOID_SECRETION		48	-0.40378007	-1.1815572	0.19565217	1.0	1.0	8874	tags=38%, list=24%, signal=49%	
GOBP_INTESTINAL_LIPID_ABSORPTION	GOBP_INTESTINAL_LIPID_ABSORPTION		22	-0.4716299	-1.1803519	0.24911661	1.0	1.0	17	tags=9%, list=0%, signal=9%	
GOBP_NEURON_INTRINSIC_APOPTOTIC_SIGNALING_PATHWAY_IN_RESPONSE_TO_OXIDATIVE_STRESS	GOBP_NEURON_INTRINSIC_APOPTOTIC_SIGNALING_PATHWAY_IN_RESPONSE_TO_OXIDATIVE_STRESS		24	-0.46290672	-1.1799319	0.22365989	1.0	1.0	6111	tags=17%, list=17%, signal=20%	
GOBP_PURINE_RIBONUCLEOTIDE_SALVAGE	GOBP_PURINE_RIBONUCLEOTIDE_SALVAGE		15	-0.5064173	-1.1747268	0.24770643	1.0	1.0	8875	tags=33%, list=24%, signal=44%	
GOBP_NEGATIVE_REGULATION_OF_CATECHOLAMINE_SECRETION	GOBP_NEGATIVE_REGULATION_OF_CATECHOLAMINE_SECRETION		18	-0.4905758	-1.1644447	0.24686942	1.0	1.0	8927	tags=50%, list=24%, signal=66%	
GOBP_MAMMARY_GLAND_EPITHELIAL_CELL_PROLIFERATION	GOBP_MAMMARY_GLAND_EPITHELIAL_CELL_PROLIFERATION		33	-0.43004838	-1.1585484	0.23434705	1.0	1.0	8195	tags=21%, list=22%, signal=27%	
GOBP_POSITIVE_REGULATION_OF_T_HELPER_CELL_DIFFERENTIATION	GOBP_POSITIVE_REGULATION_OF_T_HELPER_CELL_DIFFERENTIATION		24	-0.45003024	-1.1571896	0.24333926	1.0	1.0	5933	tags=17%, list=16%, signal=20%	
GOBP_SPERM_CAPACITATION	GOBP_SPERM_CAPACITATION		31	-0.4322521	-1.1555194	0.23966943	1.0	1.0	3360	tags=26%, list=9%, signal=28%	
GOBP_INSULIN_METABOLIC_PROCESS	GOBP_INSULIN_METABOLIC_PROCESS		22	-0.4646167	-1.1551205	0.2504638	1.0	1.0	8757	tags=36%, list=24%, signal=48%	
GOBP_LONG_CHAIN_FATTY_ACID_IMPORT_INTO_CELL	GOBP_LONG_CHAIN_FATTY_ACID_IMPORT_INTO_CELL		21	-0.46860492	-1.1548193	0.27474403	1.0	1.0	2758	tags=10%, list=7%, signal=10%	
GOBP_POSITIVE_REGULATION_OF_NATURAL_KILLER_CELL_MEDIATED_IMMUNITY	GOBP_POSITIVE_REGULATION_OF_NATURAL_KILLER_CELL_MEDIATED_IMMUNITY		36	-0.4145353	-1.1501838	0.253886	1.0	1.0	6093	tags=31%, list=16%, signal=37%	
GOBP_OVULATION_CYCLE_PROCESS	GOBP_OVULATION_CYCLE_PROCESS		56	-0.3849558	-1.1464001	0.23089431	1.0	1.0	6756	tags=23%, list=18%, signal=28%	
GOBP_PROTEIN_RNA_COMPLEX_ORGANIZATION	GOBP_PROTEIN_RNA_COMPLEX_ORGANIZATION		341	-0.31248158	-1.1445003	0.12577833	1.0	1.0	3828	tags=9%, list=10%, signal=10%	
GOBP_BRAIN_MORPHOGENESIS	GOBP_BRAIN_MORPHOGENESIS		42	-0.39814815	-1.1439613	0.24311183	1.0	1.0	7093	tags=21%, list=19%, signal=26%	
GOBP_POSITIVE_REGULATION_OF_TYPE_2_IMMUNE_RESPONSE	GOBP_POSITIVE_REGULATION_OF_TYPE_2_IMMUNE_RESPONSE		16	-0.4938022	-1.1424333	0.27037036	1.0	1.0	7988	tags=31%, list=22%, signal=40%	
GOBP_FOREBRAIN_MORPHOGENESIS	GOBP_FOREBRAIN_MORPHOGENESIS		16	-0.48744482	-1.1403999	0.2782101	1.0	1.0	6304	tags=25%, list=17%, signal=30%	
GOBP_PROTEIN_LOCALIZATION_TO_MICROTUBULE_ORGANIZING_CENTER	GOBP_PROTEIN_LOCALIZATION_TO_MICROTUBULE_ORGANIZING_CENTER		41	-0.40565947	-1.1401491	0.2545757	1.0	1.0	2532	tags=5%, list=7%, signal=5%	
GOBP_GAP_JUNCTION_ASSEMBLY	GOBP_GAP_JUNCTION_ASSEMBLY		17	-0.46950275	-1.1354024	0.29574862	1.0	1.0	5582	tags=18%, list=15%, signal=21%	
GOBP_ARACHIDONATE_SECRETION	GOBP_ARACHIDONATE_SECRETION		31	-0.42127305	-1.1329472	0.2839721	1.0	1.0	8874	tags=45%, list=24%, signal=59%	
GOBP_REGULATORY_NCRNA_MEDIATED_GENE_SILENCING	GOBP_REGULATORY_NCRNA_MEDIATED_GENE_SILENCING		194	-0.3207668	-1.131734	0.17496444	1.0	1.0	6305	tags=14%, list=17%, signal=17%	
GOBP_REGULATION_OF_T_CELL_RECEPTOR_SIGNALING_PATHWAY	GOBP_REGULATION_OF_T_CELL_RECEPTOR_SIGNALING_PATHWAY		65	-0.36995924	-1.1280923	0.24534161	1.0	1.0	9397	tags=32%, list=25%, signal=43%	
GOBP_POSITIVE_REGULATION_OF_VASCULAR_PERMEABILITY	GOBP_POSITIVE_REGULATION_OF_VASCULAR_PERMEABILITY		21	-0.4512164	-1.124695	0.29502574	1.0	1.0	7426	tags=19%, list=20%, signal=24%	
GOBP_NEGATIVE_REGULATION_OF_NON_CANONICAL_NF_KAPPAB_SIGNAL_TRANSDUCTION	GOBP_NEGATIVE_REGULATION_OF_NON_CANONICAL_NF_KAPPAB_SIGNAL_TRANSDUCTION		29	-0.42028087	-1.1242386	0.28842834	1.0	1.0	3045	tags=10%, list=8%, signal=11%	
GOBP_REGULATION_OF_HOMOTYPIC_CELL_CELL_ADHESION	GOBP_REGULATION_OF_HOMOTYPIC_CELL_CELL_ADHESION		41	-0.3991231	-1.1240456	0.27347612	1.0	1.0	8757	tags=32%, list=24%, signal=42%	
GOBP_AXONAL_FASCICULATION	GOBP_AXONAL_FASCICULATION		27	-0.42867053	-1.1216977	0.28691274	1.0	1.0	8440	tags=37%, list=23%, signal=48%	
GOBP_POSITIVE_REGULATION_OF_INFLAMMATORY_RESPONSE_TO_ANTIGENIC_STIMULUS	GOBP_POSITIVE_REGULATION_OF_INFLAMMATORY_RESPONSE_TO_ANTIGENIC_STIMULUS		15	-0.48588583	-1.1168634	0.3246528	1.0	1.0	5933	tags=20%, list=16%, signal=24%	
GOBP_TRICARBOXYLIC_ACID_CYCLE	GOBP_TRICARBOXYLIC_ACID_CYCLE		32	-0.41108802	-1.1162142	0.2928082	1.0	1.0	5444	tags=9%, list=15%, signal=11%	
GOBP_RENAL_FILTRATION	GOBP_RENAL_FILTRATION		33	-0.4152775	-1.1159663	0.29391304	1.0	1.0	8441	tags=27%, list=23%, signal=35%	
GOBP_EPITHELIAL_CELL_FATE_COMMITMENT	GOBP_EPITHELIAL_CELL_FATE_COMMITMENT		15	-0.49768656	-1.1150212	0.3221239	1.0	1.0	135	tags=7%, list=0%, signal=7%	
GOBP_REGULATION_OF_ANTIGEN_PROCESSING_AND_PRESENTATION	GOBP_REGULATION_OF_ANTIGEN_PROCESSING_AND_PRESENTATION		21	-0.45485535	-1.1131142	0.31059247	1.0	1.0	9244	tags=52%, list=25%, signal=70%	
GOBP_IMMUNE_RESPONSE_TO_TUMOR_CELL	GOBP_IMMUNE_RESPONSE_TO_TUMOR_CELL		37	-0.40262365	-1.1120499	0.29151943	1.0	1.0	8980	tags=46%, list=24%, signal=61%	
GOBP_REGULATION_OF_UNSATURATED_FATTY_ACID_BIOSYNTHETIC_PROCESS	GOBP_REGULATION_OF_UNSATURATED_FATTY_ACID_BIOSYNTHETIC_PROCESS		17	-0.47622964	-1.1107587	0.34380776	1.0	1.0	6522	tags=29%, list=18%, signal=36%	
GOBP_AUDITORY_RECEPTOR_CELL_MORPHOGENESIS	GOBP_AUDITORY_RECEPTOR_CELL_MORPHOGENESIS		28	-0.41865942	-1.1080343	0.29032257	1.0	1.0	8600	tags=29%, list=23%, signal=37%	
GOBP_HOMOLOGOUS_CHROMOSOME_SEGREGATION	GOBP_HOMOLOGOUS_CHROMOSOME_SEGREGATION		73	-0.36017454	-1.1074443	0.2659409	1.0	1.0	9101	tags=40%, list=25%, signal=53%	
GOBP_PROTEIN_TARGETING_TO_MITOCHONDRION	GOBP_PROTEIN_TARGETING_TO_MITOCHONDRION		47	-0.3814089	-1.1063712	0.2864	1.0	1.0	3937	tags=6%, list=11%, signal=7%	
GOBP_PEROXISOME_ORGANIZATION	GOBP_PEROXISOME_ORGANIZATION		37	-0.40435743	-1.1054764	0.30050084	1.0	1.0	549	tags=3%, list=1%, signal=3%	
GOBP_PARENTAL_BEHAVIOR	GOBP_PARENTAL_BEHAVIOR		21	-0.4458689	-1.104937	0.32730561	1.0	1.0	3950	tags=19%, list=11%, signal=21%	
GOBP_RESPONSE_TO_AMINE	GOBP_RESPONSE_TO_AMINE		54	-0.3733553	-1.1039884	0.2687813	1.0	1.0	8441	tags=28%, list=23%, signal=36%	
GOBP_RESPONSE_TO_ANTIBIOTIC	GOBP_RESPONSE_TO_ANTIBIOTIC		41	-0.38628972	-1.1026949	0.2796748	1.0	1.0	9201	tags=24%, list=25%, signal=32%	
GOBP_CHROMOSOME_ORGANIZATION_INVOLVED_IN_MEIOTIC_CELL_CYCLE	GOBP_CHROMOSOME_ORGANIZATION_INVOLVED_IN_MEIOTIC_CELL_CYCLE		71	-0.35556102	-1.1012588	0.2845912	1.0	1.0	7104	tags=27%, list=19%, signal=33%	
GOBP_HOMOLOGOUS_CHROMOSOME_PAIRING_AT_MEIOSIS	GOBP_HOMOLOGOUS_CHROMOSOME_PAIRING_AT_MEIOSIS		56	-0.36804554	-1.096159	0.2971246	1.0	1.0	7104	tags=32%, list=19%, signal=40%	
GOBP_POSITIVE_REGULATION_OF_STEROL_TRANSPORT	GOBP_POSITIVE_REGULATION_OF_STEROL_TRANSPORT		37	-0.39253697	-1.0944645	0.319933	1.0	1.0	6111	tags=14%, list=17%, signal=16%	
GOBP_SPLICEOSOMAL_COMPLEX_ASSEMBLY	GOBP_SPLICEOSOMAL_COMPLEX_ASSEMBLY		84	-0.34479266	-1.0934778	0.29829985	1.0	1.0	4569	tags=12%, list=12%, signal=14%	
GOBP_POSITIVE_REGULATION_OF_MYELOID_LEUKOCYTE_CYTOKINE_PRODUCTION_INVOLVED_IN_IMMUNE_RESPONSE	GOBP_POSITIVE_REGULATION_OF_MYELOID_LEUKOCYTE_CYTOKINE_PRODUCTION_INVOLVED_IN_IMMUNE_RESPONSE		21	-0.43890393	-1.0930731	0.34341636	1.0	1.0	8285	tags=24%, list=22%, signal=31%	
GOBP_NEGATIVE_REGULATION_OF_NEURAL_PRECURSOR_CELL_PROLIFERATION	GOBP_NEGATIVE_REGULATION_OF_NEURAL_PRECURSOR_CELL_PROLIFERATION		27	-0.41365242	-1.0903206	0.33620688	1.0	1.0	9066	tags=26%, list=25%, signal=34%	
GOBP_NEGATIVE_REGULATION_OF_SIGNAL_TRANSDUCTION_BY_P53_CLASS_MEDIATOR	GOBP_NEGATIVE_REGULATION_OF_SIGNAL_TRANSDUCTION_BY_P53_CLASS_MEDIATOR		44	-0.38158053	-1.0901933	0.30884808	1.0	1.0	15796	tags=59%, list=43%, signal=103%	
GOBP_T_CELL_MEDIATED_IMMUNE_RESPONSE_TO_TUMOR_CELL	GOBP_T_CELL_MEDIATED_IMMUNE_RESPONSE_TO_TUMOR_CELL		17	-0.465357	-1.0898734	0.3493761	1.0	1.0	7853	tags=29%, list=21%, signal=37%	
GOBP_NEGATIVE_REGULATION_OF_HORMONE_SECRETION	GOBP_NEGATIVE_REGULATION_OF_HORMONE_SECRETION		88	-0.34109735	-1.0886643	0.2807808	1.0	1.0	8271	tags=28%, list=22%, signal=37%	
GOBP_RESPONSE_TO_HEPATOCYTE_GROWTH_FACTOR	GOBP_RESPONSE_TO_HEPATOCYTE_GROWTH_FACTOR		20	-0.44123685	-1.0824964	0.36643836	1.0	1.0	4666	tags=15%, list=13%, signal=17%	
GOBP_LIPID_IMPORT_INTO_CELL	GOBP_LIPID_IMPORT_INTO_CELL		26	-0.41843498	-1.0773001	0.35181975	1.0	1.0	2758	tags=8%, list=7%, signal=8%	
GOBP_PROTEIN_LIPID_COMPLEX_ASSEMBLY	GOBP_PROTEIN_LIPID_COMPLEX_ASSEMBLY		30	-0.40683377	-1.0752559	0.34494773	1.0	1.0	4973	tags=13%, list=13%, signal=15%	
GOBP_REGULATION_OF_ACUTE_INFLAMMATORY_RESPONSE_TO_ANTIGENIC_STIMULUS	GOBP_REGULATION_OF_ACUTE_INFLAMMATORY_RESPONSE_TO_ANTIGENIC_STIMULUS		17	-0.45157588	-1.0748287	0.34285715	1.0	1.0	5933	tags=24%, list=16%, signal=28%	
GOBP_NEGATIVE_REGULATION_OF_BLOOD_CIRCULATION	GOBP_NEGATIVE_REGULATION_OF_BLOOD_CIRCULATION		29	-0.40323827	-1.0746547	0.35714287	1.0	1.0	4026	tags=17%, list=11%, signal=19%	
GOBP_POSITIVE_REGULATION_OF_AMINE_TRANSPORT	GOBP_POSITIVE_REGULATION_OF_AMINE_TRANSPORT		53	-0.36071628	-1.0741723	0.34094617	1.0	1.0	2778	tags=13%, list=8%, signal=14%	
GOBP_MRNA_CIS_SPLICING_VIA_SPLICEOSOME	GOBP_MRNA_CIS_SPLICING_VIA_SPLICEOSOME		54	-0.35973784	-1.0734562	0.32659933	1.0	1.0	5521	tags=13%, list=15%, signal=15%	
GOBP_POSITIVE_REGULATION_OF_NEURON_PROJECTION_REGENERATION	GOBP_POSITIVE_REGULATION_OF_NEURON_PROJECTION_REGENERATION		17	-0.4559797	-1.0730821	0.3614035	1.0	1.0	5475	tags=18%, list=15%, signal=21%	
GOBP_RESPONSE_TO_CHOLESTEROL	GOBP_RESPONSE_TO_CHOLESTEROL		28	-0.40219298	-1.0729244	0.3471223	1.0	1.0	8329	tags=25%, list=23%, signal=32%	
GOBP_PEPTIDYL_TYROSINE_AUTOPHOSPHORYLATION	GOBP_PEPTIDYL_TYROSINE_AUTOPHOSPHORYLATION		17	-0.45404702	-1.0698384	0.37127846	1.0	1.0	9112	tags=35%, list=25%, signal=47%	
GOBP_ADENYLATE_CYCLASE_INHIBITING_G_PROTEIN_COUPLED_RECEPTOR_SIGNALING_PATHWAY	GOBP_ADENYLATE_CYCLASE_INHIBITING_G_PROTEIN_COUPLED_RECEPTOR_SIGNALING_PATHWAY		90	-0.33451807	-1.0648144	0.33968255	1.0	1.0	9010	tags=38%, list=24%, signal=50%	
GOBP_REGULATION_OF_INFLAMMATORY_RESPONSE_TO_ANTIGENIC_STIMULUS	GOBP_REGULATION_OF_INFLAMMATORY_RESPONSE_TO_ANTIGENIC_STIMULUS		34	-0.38970286	-1.0566512	0.35865724	1.0	1.0	6111	tags=21%, list=17%, signal=25%	
GOBP_REGULATION_OF_AMPA_RECEPTOR_ACTIVITY	GOBP_REGULATION_OF_AMPA_RECEPTOR_ACTIVITY		15	-0.4599653	-1.0563799	0.40262172	1.0	1.0	6900	tags=60%, list=19%, signal=74%	
GOBP_MEIOTIC_SISTER_CHROMATID_COHESION	GOBP_MEIOTIC_SISTER_CHROMATID_COHESION		15	-0.46169484	-1.0533911	0.38324422	1.0	1.0	6315	tags=27%, list=17%, signal=32%	
GOBP_NEGATIVE_REGULATION_OF_MULTICELLULAR_ORGANISM_GROWTH	GOBP_NEGATIVE_REGULATION_OF_MULTICELLULAR_ORGANISM_GROWTH		16	-0.4538225	-1.0498705	0.40037245	1.0	1.0	4080	tags=19%, list=11%, signal=21%	
GOBP_OLFACTORY_BULB_INTERNEURON_DIFFERENTIATION	GOBP_OLFACTORY_BULB_INTERNEURON_DIFFERENTIATION		15	-0.4485095	-1.0490464	0.4097473	1.0	1.0	135	tags=7%, list=0%, signal=7%	
GOBP_ACYLGLYCEROL_HOMEOSTASIS	GOBP_ACYLGLYCEROL_HOMEOSTASIS		46	-0.36169332	-1.0488513	0.37201366	1.0	1.0	4146	tags=13%, list=11%, signal=15%	
GOBP_REGULATION_OF_SIGNALING_RECEPTOR_ACTIVITY	GOBP_REGULATION_OF_SIGNALING_RECEPTOR_ACTIVITY		57	-0.34875113	-1.0486376	0.38651314	1.0	1.0	6053	tags=26%, list=16%, signal=31%	
GOBP_NEGATIVE_REGULATION_OF_SMALL_GTPASE_MEDIATED_SIGNAL_TRANSDUCTION	GOBP_NEGATIVE_REGULATION_OF_SMALL_GTPASE_MEDIATED_SIGNAL_TRANSDUCTION		72	-0.33707887	-1.0473288	0.3580247	1.0	1.0	439	tags=3%, list=1%, signal=3%	
GOBP_SLEEP	GOBP_SLEEP		35	-0.3767504	-1.0467201	0.38798702	1.0	1.0	8922	tags=40%, list=24%, signal=53%	
GOBP_DISRUPTION_OF_ANATOMICAL_STRUCTURE_IN_ANOTHER_ORGANISM	GOBP_DISRUPTION_OF_ANATOMICAL_STRUCTURE_IN_ANOTHER_ORGANISM		103	-0.32302868	-1.0463837	0.37075332	1.0	1.0	5624	tags=23%, list=15%, signal=27%	
GOBP_REGULATION_OF_CALCIUM_ION_IMPORT_ACROSS_PLASMA_MEMBRANE	GOBP_REGULATION_OF_CALCIUM_ION_IMPORT_ACROSS_PLASMA_MEMBRANE		16	-0.44926763	-1.0459329	0.40933573	1.0	1.0	8494	tags=38%, list=23%, signal=49%	
GOBP_PROGRAMMED_CELL_DEATH_IN_RESPONSE_TO_REACTIVE_OXYGEN_SPECIES	GOBP_PROGRAMMED_CELL_DEATH_IN_RESPONSE_TO_REACTIVE_OXYGEN_SPECIES		22	-0.42132476	-1.0445838	0.4177449	1.0	1.0	3869	tags=9%, list=10%, signal=10%	
GOBP_MYELOID_CELL_APOPTOTIC_PROCESS	GOBP_MYELOID_CELL_APOPTOTIC_PROCESS		35	-0.37877044	-1.0437562	0.37055016	1.0	1.0	7919	tags=20%, list=21%, signal=25%	
GOBP_NATURAL_KILLER_CELL_MEDIATED_IMMUNITY	GOBP_NATURAL_KILLER_CELL_MEDIATED_IMMUNITY		91	-0.32708105	-1.0436567	0.35598227	1.0	1.0	5648	tags=18%, list=15%, signal=21%	
GOBP_OVULATION	GOBP_OVULATION		21	-0.420799	-1.0368451	0.41946903	1.0	1.0	6756	tags=29%, list=18%, signal=35%	
GOBP_DENSE_CORE_GRANULE_LOCALIZATION	GOBP_DENSE_CORE_GRANULE_LOCALIZATION		29	-0.3889152	-1.0341663	0.40584415	1.0	1.0	8461	tags=34%, list=23%, signal=45%	
GOBP_RETINAL_METABOLIC_PROCESS	GOBP_RETINAL_METABOLIC_PROCESS		15	-0.4463336	-1.0340998	0.4252669	1.0	1.0	8299	tags=33%, list=22%, signal=43%	
GOBP_HOMOLOGOUS_RECOMBINATION	GOBP_HOMOLOGOUS_RECOMBINATION		64	-0.33688065	-1.0299907	0.39016393	1.0	1.0	6583	tags=23%, list=18%, signal=28%	
GOBP_GROOMING_BEHAVIOR	GOBP_GROOMING_BEHAVIOR		20	-0.41557893	-1.028666	0.4060721	1.0	1.0	5582	tags=20%, list=15%, signal=24%	
GOBP_MAMMARY_GLAND_ALVEOLUS_DEVELOPMENT	GOBP_MAMMARY_GLAND_ALVEOLUS_DEVELOPMENT		22	-0.41342044	-1.0281082	0.44047618	1.0	1.0	6091	tags=23%, list=16%, signal=27%	
GOBP_REGULATION_OF_CILIUM_ASSEMBLY	GOBP_REGULATION_OF_CILIUM_ASSEMBLY		84	-0.32456744	-1.0270797	0.40364188	1.0	1.0	9186	tags=17%, list=25%, signal=22%	
GOBP_DENDRITE_EXTENSION	GOBP_DENDRITE_EXTENSION		45	-0.35688558	-1.0266507	0.39967638	1.0	1.0	6450	tags=18%, list=17%, signal=22%	
GOBP_GLUCOSE_CATABOLIC_PROCESS	GOBP_GLUCOSE_CATABOLIC_PROCESS		31	-0.37920606	-1.0245245	0.40582192	1.0	1.0	8489	tags=19%, list=23%, signal=25%	
GOBP_REGULATION_OF_PROSTAGLANDIN_SECRETION	GOBP_REGULATION_OF_PROSTAGLANDIN_SECRETION		17	-0.42763144	-1.0238264	0.41061947	1.0	1.0	204	tags=6%, list=1%, signal=6%	
GOBP_DETECTION_OF_LIGHT_STIMULUS_INVOLVED_IN_SENSORY_PERCEPTION	GOBP_DETECTION_OF_LIGHT_STIMULUS_INVOLVED_IN_SENSORY_PERCEPTION		26	-0.3913075	-1.022678	0.4090909	1.0	1.0	1476	tags=15%, list=4%, signal=16%	
GOBP_INTRACELLULAR_PH_REDUCTION	GOBP_INTRACELLULAR_PH_REDUCTION		50	-0.34817776	-1.0225782	0.41114983	1.0	1.0	4073	tags=10%, list=11%, signal=11%	
GOBP_REPRODUCTIVE_BEHAVIOR	GOBP_REPRODUCTIVE_BEHAVIOR		61	-0.33484623	-1.0218492	0.39868203	1.0	1.0	6030	tags=18%, list=16%, signal=22%	
GOBP_DNA_SYNTHESIS_INVOLVED_IN_DNA_REPAIR	GOBP_DNA_SYNTHESIS_INVOLVED_IN_DNA_REPAIR		16	-0.43989477	-1.019862	0.4455067	1.0	1.0	8136	tags=31%, list=22%, signal=40%	
GOBP_LABYRINTHINE_LAYER_MORPHOGENESIS	GOBP_LABYRINTHINE_LAYER_MORPHOGENESIS		28	-0.38546145	-1.0193003	0.4086207	1.0	1.0	8692	tags=25%, list=24%, signal=33%	
GOBP_ACTIN_FILAMENT_SEVERING	GOBP_ACTIN_FILAMENT_SEVERING		17	-0.4274726	-1.018914	0.4163569	1.0	1.0	8595	tags=24%, list=23%, signal=31%	
GOBP_POSITIVE_REGULATION_OF_ACUTE_INFLAMMATORY_RESPONSE	GOBP_POSITIVE_REGULATION_OF_ACUTE_INFLAMMATORY_RESPONSE		28	-0.3912231	-1.0177705	0.421875	1.0	1.0	8155	tags=36%, list=22%, signal=46%	
GOBP_RESPIRATORY_GASEOUS_EXCHANGE_BY_RESPIRATORY_SYSTEM	GOBP_RESPIRATORY_GASEOUS_EXCHANGE_BY_RESPIRATORY_SYSTEM		77	-0.32433367	-1.0166428	0.4125	1.0	1.0	7413	tags=22%, list=20%, signal=28%	
GOBP_REGULATION_OF_DENDRITE_EXTENSION	GOBP_REGULATION_OF_DENDRITE_EXTENSION		33	-0.38205308	-1.0164299	0.4499151	1.0	1.0	6450	tags=21%, list=17%, signal=26%	
GOBP_OUTER_DYNEIN_ARM_ASSEMBLY	GOBP_OUTER_DYNEIN_ARM_ASSEMBLY		19	-0.4153972	-1.016116	0.44919786	1.0	1.0	6333	tags=37%, list=17%, signal=44%	
GOBP_POSITIVE_REGULATION_OF_NEURON_MIGRATION	GOBP_POSITIVE_REGULATION_OF_NEURON_MIGRATION		23	-0.40659583	-1.0159471	0.45272726	1.0	1.0	13448	tags=43%, list=36%, signal=68%	
GOBP_G_PROTEIN_COUPLED_ACETYLCHOLINE_RECEPTOR_SIGNALING_PATHWAY	GOBP_G_PROTEIN_COUPLED_ACETYLCHOLINE_RECEPTOR_SIGNALING_PATHWAY		21	-0.41054654	-1.0159256	0.45104894	1.0	1.0	7700	tags=33%, list=21%, signal=42%	
GOBP_MUSCLE_CELL_CELLULAR_HOMEOSTASIS	GOBP_MUSCLE_CELL_CELLULAR_HOMEOSTASIS		19	-0.4106966	-1.013751	0.42628774	1.0	1.0	4666	tags=11%, list=13%, signal=12%	
GOBP_ACUTE_PHASE_RESPONSE	GOBP_ACUTE_PHASE_RESPONSE		42	-0.3624509	-1.0131583	0.4385965	1.0	1.0	6963	tags=26%, list=19%, signal=32%	
GOBP_FATTY_ACID_TRANSPORT	GOBP_FATTY_ACID_TRANSPORT		120	-0.30597565	-1.0126376	0.425656	1.0	1.0	8874	tags=27%, list=24%, signal=35%	
GOBP_AMINE_BIOSYNTHETIC_PROCESS	GOBP_AMINE_BIOSYNTHETIC_PROCESS		38	-0.36251777	-1.0120118	0.45913044	1.0	1.0	1773	tags=8%, list=5%, signal=8%	
GOBP_POSITIVE_REGULATION_OF_T_CELL_RECEPTOR_SIGNALING_PATHWAY	GOBP_POSITIVE_REGULATION_OF_T_CELL_RECEPTOR_SIGNALING_PATHWAY		24	-0.39664918	-1.0089976	0.44722718	1.0	1.0	8325	tags=21%, list=23%, signal=27%	
GOBP_PROSTAGLANDIN_SECRETION	GOBP_PROSTAGLANDIN_SECRETION		20	-0.40960115	-1.0089588	0.43925235	1.0	1.0	6522	tags=20%, list=18%, signal=24%	
GOBP_RESPONSE_TO_STILBENOID	GOBP_RESPONSE_TO_STILBENOID		20	-0.41169947	-1.0079265	0.43462896	1.0	1.0	3890	tags=25%, list=11%, signal=28%	
GOBP_CATECHOLAMINE_SECRETION	GOBP_CATECHOLAMINE_SECRETION		65	-0.32625294	-1.007162	0.43278688	1.0	1.0	5698	tags=23%, list=15%, signal=27%	
GOBP_COPULATION	GOBP_COPULATION		21	-0.4035028	-1.0051645	0.46689305	1.0	1.0	6030	tags=33%, list=16%, signal=40%	
GOBP_REGULATION_OF_ANDROGEN_RECEPTOR_SIGNALING_PATHWAY	GOBP_REGULATION_OF_ANDROGEN_RECEPTOR_SIGNALING_PATHWAY		28	-0.384415	-1.0049874	0.44891122	1.0	1.0	131	tags=4%, list=0%, signal=4%	
GOBP_REGULATION_OF_PROTEIN_EXPORT_FROM_NUCLEUS	GOBP_REGULATION_OF_PROTEIN_EXPORT_FROM_NUCLEUS		39	-0.3511595	-1.003241	0.4086207	1.0	1.0	23990	tags=100%, list=65%, signal=285%	
GOBP_STARTLE_RESPONSE	GOBP_STARTLE_RESPONSE		38	-0.3572121	-1.0023855	0.47212544	1.0	1.0	8975	tags=39%, list=24%, signal=52%	
GOBP_INDUCTION_OF_POSITIVE_CHEMOTAXIS	GOBP_INDUCTION_OF_POSITIVE_CHEMOTAXIS		15	-0.4272854	-1.0014844	0.46580407	1.0	1.0	7343	tags=27%, list=20%, signal=33%	
GOBP_RECEPTOR_GUANYLYL_CYCLASE_SIGNALING_PATHWAY	GOBP_RECEPTOR_GUANYLYL_CYCLASE_SIGNALING_PATHWAY		17	-0.42354923	-1.001104	0.44722718	1.0	1.0	8786	tags=53%, list=24%, signal=69%	
GOBP_POSITIVE_REGULATION_OF_CHOLESTEROL_EFFLUX	GOBP_POSITIVE_REGULATION_OF_CHOLESTEROL_EFFLUX		28	-0.37733567	-1.0007685	0.4446397	1.0	1.0	6111	tags=14%, list=17%, signal=17%	
GOBP_VISUAL_BEHAVIOR	GOBP_VISUAL_BEHAVIOR		77	-0.31798452	-1.0000033	0.46060607	1.0	1.0	8809	tags=19%, list=24%, signal=26%	
GOBP_NEGATIVE_REGULATION_OF_MACROPHAGE_ACTIVATION	GOBP_NEGATIVE_REGULATION_OF_MACROPHAGE_ACTIVATION		18	-0.42528152	-0.9980557	0.45833334	1.0	1.0	8621	tags=39%, list=23%, signal=51%	
GOBP_PROTEIN_LOCALIZATION_TO_CYTOSKELETON	GOBP_PROTEIN_LOCALIZATION_TO_CYTOSKELETON		69	-0.3209752	-0.99725807	0.443038	1.0	1.0	4321	tags=6%, list=12%, signal=7%	
GOBP_NEGATIVE_REGULATION_OF_INSULIN_SECRETION	GOBP_NEGATIVE_REGULATION_OF_INSULIN_SECRETION		50	-0.3399215	-0.9969053	0.4715447	1.0	1.0	4356	tags=12%, list=12%, signal=14%	
GOBP_NEGATIVE_REGULATION_OF_RESPONSE_TO_TUMOR_CELL	GOBP_NEGATIVE_REGULATION_OF_RESPONSE_TO_TUMOR_CELL		17	-0.42396218	-0.99592817	0.4708098	1.0	1.0	8757	tags=35%, list=24%, signal=46%	
GOBP_DETECTION_OF_MECHANICAL_STIMULUS_INVOLVED_IN_SENSORY_PERCEPTION_OF_SOUND	GOBP_DETECTION_OF_MECHANICAL_STIMULUS_INVOLVED_IN_SENSORY_PERCEPTION_OF_SOUND		21	-0.39890456	-0.99511856	0.47068676	1.0	1.0	6304	tags=29%, list=17%, signal=34%	
GOBP_SYNAPTIC_TRANSMISSION_CHOLINERGIC	GOBP_SYNAPTIC_TRANSMISSION_CHOLINERGIC		34	-0.35306475	-0.9947246	0.47738692	1.0	1.0	4026	tags=21%, list=11%, signal=23%	
GOBP_PROTEIN_LOCALIZATION_TO_NUCLEAR_ENVELOPE	GOBP_PROTEIN_LOCALIZATION_TO_NUCLEAR_ENVELOPE		16	-0.43315545	-0.99386305	0.47576302	1.0	1.0	2263	tags=6%, list=6%, signal=7%	
GOBP_OVARIAN_FOLLICLE_DEVELOPMENT	GOBP_OVARIAN_FOLLICLE_DEVELOPMENT		77	-0.32218263	-0.9933454	0.48183253	1.0	1.0	9080	tags=27%, list=25%, signal=36%	
GOBP_NEGATIVE_REGULATION_OF_INTERLEUKIN_12_PRODUCTION	GOBP_NEGATIVE_REGULATION_OF_INTERLEUKIN_12_PRODUCTION		19	-0.3939661	-0.99311495	0.44280443	1.0	1.0	7545	tags=32%, list=20%, signal=40%	
GOBP_DEOXYRIBONUCLEOTIDE_BIOSYNTHETIC_PROCESS	GOBP_DEOXYRIBONUCLEOTIDE_BIOSYNTHETIC_PROCESS		17	-0.41195107	-0.9931052	0.47272727	1.0	1.0	21737	tags=100%, list=59%, signal=243%	
GOBP_RENAL_ABSORPTION	GOBP_RENAL_ABSORPTION		50	-0.3349536	-0.99109954	0.4592	1.0	1.0	6747	tags=22%, list=18%, signal=27%	
GOBP_MAINTENANCE_OF_BLOOD_BRAIN_BARRIER	GOBP_MAINTENANCE_OF_BLOOD_BRAIN_BARRIER		21	-0.3957383	-0.9904405	0.45759717	1.0	1.0	7420	tags=29%, list=20%, signal=36%	
GOBP_SECRETORY_GRANULE_LOCALIZATION	GOBP_SECRETORY_GRANULE_LOCALIZATION		35	-0.35990846	-0.9889673	0.47741935	1.0	1.0	8461	tags=34%, list=23%, signal=44%	
GOBP_HOST_MEDIATED_ACTIVATION_OF_VIRAL_TRANSCRIPTION	GOBP_HOST_MEDIATED_ACTIVATION_OF_VIRAL_TRANSCRIPTION		17	-0.41769102	-0.9885335	0.47969052	1.0	1.0	21525	tags=100%, list=58%, signal=239%	
GOBP_SECONDARY_PALATE_DEVELOPMENT	GOBP_SECONDARY_PALATE_DEVELOPMENT		28	-0.3744463	-0.98705596	0.4857143	1.0	1.0	9276	tags=29%, list=25%, signal=38%	
GOBP_REGULATION_OF_NUCLEAR_TRANSCRIBED_MRNA_CATABOLIC_PROCESS_DEADENYLATION_DEPENDENT_DECAY	GOBP_REGULATION_OF_NUCLEAR_TRANSCRIBED_MRNA_CATABOLIC_PROCESS_DEADENYLATION_DEPENDENT_DECAY		25	-0.3856903	-0.98659986	0.4892562	1.0	1.0	22710	tags=100%, list=61%, signal=259%	
GOBP_LATE_ENDOSOME_TO_VACUOLE_TRANSPORT_VIA_MULTIVESICULAR_BODY_SORTING_PATHWAY	GOBP_LATE_ENDOSOME_TO_VACUOLE_TRANSPORT_VIA_MULTIVESICULAR_BODY_SORTING_PATHWAY		16	-0.41597402	-0.982952	0.48042706	1.0	1.0	21588	tags=100%, list=58%, signal=240%	
GOBP_SENSORY_PERCEPTION_OF_TEMPERATURE_STIMULUS	GOBP_SENSORY_PERCEPTION_OF_TEMPERATURE_STIMULUS		38	-0.35580084	-0.97841597	0.50166667	1.0	1.0	7413	tags=29%, list=20%, signal=36%	
GOBP_REGULATION_OF_URINE_VOLUME	GOBP_REGULATION_OF_URINE_VOLUME		29	-0.3701029	-0.9771722	0.4845735	1.0	1.0	8494	tags=38%, list=23%, signal=49%	
GOBP_DENSE_CORE_GRANULE_EXOCYTOSIS	GOBP_DENSE_CORE_GRANULE_EXOCYTOSIS		16	-0.41972068	-0.97639924	0.4895238	1.0	1.0	3940	tags=19%, list=11%, signal=21%	
GOBP_CHROMOSOME_CONDENSATION	GOBP_CHROMOSOME_CONDENSATION		43	-0.3402288	-0.9750863	0.49751243	1.0	1.0	357	tags=5%, list=1%, signal=5%	
GOBP_NUCLEOPHAGY	GOBP_NUCLEOPHAGY		24	-0.3845154	-0.9749651	0.48369566	1.0	1.0	22753	tags=100%, list=62%, signal=260%	
GOBP_REGULATION_OF_NATURAL_KILLER_CELL_MEDIATED_IMMUNITY	GOBP_REGULATION_OF_NATURAL_KILLER_CELL_MEDIATED_IMMUNITY		66	-0.3189706	-0.97495466	0.48095238	1.0	1.0	6093	tags=20%, list=16%, signal=24%	
GOBP_NEGATIVE_REGULATION_OF_SMAD_PROTEIN_SIGNAL_TRANSDUCTION	GOBP_NEGATIVE_REGULATION_OF_SMAD_PROTEIN_SIGNAL_TRANSDUCTION		25	-0.37933907	-0.973759	0.51282054	1.0	1.0	4994	tags=16%, list=14%, signal=18%	
GOBP_MITOCHONDRIAL_FUSION	GOBP_MITOCHONDRIAL_FUSION		36	-0.35336438	-0.97228557	0.5111492	1.0	1.0	91	tags=3%, list=0%, signal=3%	
GOBP_MYELOID_LEUKOCYTE_CYTOKINE_PRODUCTION	GOBP_MYELOID_LEUKOCYTE_CYTOKINE_PRODUCTION		30	-0.36181495	-0.97037184	0.5103093	1.0	1.0	14073	tags=50%, list=38%, signal=81%	
GOBP_NEGATIVE_REGULATION_OF_DNA_DAMAGE_RESPONSE_SIGNAL_TRANSDUCTION_BY_P53_CLASS_MEDIATOR	GOBP_NEGATIVE_REGULATION_OF_DNA_DAMAGE_RESPONSE_SIGNAL_TRANSDUCTION_BY_P53_CLASS_MEDIATOR		17	-0.41438705	-0.97032297	0.5240642	1.0	1.0	15467	tags=65%, list=42%, signal=111%	
GOBP_QUATERNARY_AMMONIUM_GROUP_TRANSPORT	GOBP_QUATERNARY_AMMONIUM_GROUP_TRANSPORT		18	-0.4057798	-0.9703039	0.49649122	1.0	1.0	668	tags=6%, list=2%, signal=6%	
GOBP_POSITIVE_REGULATION_OF_ANTIGEN_RECEPTOR_MEDIATED_SIGNALING_PATHWAY	GOBP_POSITIVE_REGULATION_OF_ANTIGEN_RECEPTOR_MEDIATED_SIGNALING_PATHWAY		31	-0.358792	-0.9699237	0.50574714	1.0	1.0	8555	tags=23%, list=23%, signal=29%	
GOBP_REGULATORY_NCRNA_MEDIATED_HETEROCHROMATIN_FORMATION	GOBP_REGULATORY_NCRNA_MEDIATED_HETEROCHROMATIN_FORMATION		30	-0.36433837	-0.9696181	0.5017123	1.0	1.0	5771	tags=20%, list=16%, signal=24%	
GOBP_REGULATION_OF_NECROPTOTIC_PROCESS	GOBP_REGULATION_OF_NECROPTOTIC_PROCESS		24	-0.38045332	-0.9687345	0.4917733	1.0	1.0	22903	tags=100%, list=62%, signal=263%	
GOBP_PREPULSE_INHIBITION	GOBP_PREPULSE_INHIBITION		18	-0.39936647	-0.96756446	0.4915254	1.0	1.0	9679	tags=50%, list=26%, signal=68%	
GOBP_NEGATIVE_REGULATION_OF_TYPE_II_INTERFERON_PRODUCTION	GOBP_NEGATIVE_REGULATION_OF_TYPE_II_INTERFERON_PRODUCTION		37	-0.3475897	-0.9675545	0.535473	1.0	1.0	3599	tags=16%, list=10%, signal=18%	
GOBP_G0_TO_G1_TRANSITION	GOBP_G0_TO_G1_TRANSITION		39	-0.35151172	-0.9674467	0.5033003	1.0	1.0	23977	tags=100%, list=65%, signal=285%	
GOBP_INTERLEUKIN_1_MEDIATED_SIGNALING_PATHWAY	GOBP_INTERLEUKIN_1_MEDIATED_SIGNALING_PATHWAY		35	-0.35302296	-0.96648556	0.5176471	1.0	1.0	4666	tags=9%, list=13%, signal=10%	
GOBP_RETINA_MORPHOGENESIS_IN_CAMERA_TYPE_EYE	GOBP_RETINA_MORPHOGENESIS_IN_CAMERA_TYPE_EYE		75	-0.30999476	-0.9650959	0.53090334	1.0	1.0	8600	tags=35%, list=23%, signal=45%	
GOBP_ESTABLISHMENT_OF_PIGMENT_GRANULE_LOCALIZATION	GOBP_ESTABLISHMENT_OF_PIGMENT_GRANULE_LOCALIZATION		17	-0.40760612	-0.96348304	0.5154639	1.0	1.0	7693	tags=18%, list=21%, signal=22%	
GOBP_AUTOPHAGY_OF_MITOCHONDRION	GOBP_AUTOPHAGY_OF_MITOCHONDRION		110	-0.28988156	-0.96302044	0.5285505	1.0	1.0	23129	tags=96%, list=63%, signal=257%	
GOBP_PYRUVATE_DECARBOXYLATION_TO_ACETYL_COA	GOBP_PYRUVATE_DECARBOXYLATION_TO_ACETYL_COA		18	-0.4021336	-0.96276253	0.5205479	1.0	1.0	22100	tags=100%, list=60%, signal=249%	
GOBP_REGULATION_OF_PIGMENTATION	GOBP_REGULATION_OF_PIGMENTATION		16	-0.40725753	-0.9612235	0.51660514	1.0	1.0	281	tags=6%, list=1%, signal=6%	
GOBP_REGULATION_OF_NEUROTRANSMITTER_RECEPTOR_ACTIVITY	GOBP_REGULATION_OF_NEUROTRANSMITTER_RECEPTOR_ACTIVITY		32	-0.3485185	-0.9597979	0.5164076	1.0	1.0	6013	tags=34%, list=16%, signal=41%	
GOBP_REGULATION_OF_MAMMARY_GLAND_EPITHELIAL_CELL_PROLIFERATION	GOBP_REGULATION_OF_MAMMARY_GLAND_EPITHELIAL_CELL_PROLIFERATION		20	-0.39065236	-0.959297	0.5291971	1.0	1.0	8050	tags=20%, list=22%, signal=26%	
GOBP_RESPONSE_TO_SALT_STRESS	GOBP_RESPONSE_TO_SALT_STRESS		30	-0.35908487	-0.95809746	0.524055	1.0	1.0	7786	tags=27%, list=21%, signal=34%	
GOBP_DETECTION_OF_TEMPERATURE_STIMULUS_INVOLVED_IN_SENSORY_PERCEPTION_OF_PAIN	GOBP_DETECTION_OF_TEMPERATURE_STIMULUS_INVOLVED_IN_SENSORY_PERCEPTION_OF_PAIN		26	-0.37120804	-0.9565269	0.5171821	1.0	1.0	8949	tags=38%, list=24%, signal=51%	
GOBP_POSITIVE_REGULATION_OF_DENDRITE_EXTENSION	GOBP_POSITIVE_REGULATION_OF_DENDRITE_EXTENSION		27	-0.36756673	-0.9557739	0.51932776	1.0	1.0	6450	tags=22%, list=17%, signal=27%	
GOBP_POSITIVE_REGULATION_OF_GLUTAMATE_SECRETION	GOBP_POSITIVE_REGULATION_OF_GLUTAMATE_SECRETION		16	-0.4060413	-0.95452076	0.5350877	1.0	1.0	2611	tags=13%, list=7%, signal=13%	
GOBP_REGULATION_OF_SMAD_PROTEIN_SIGNAL_TRANSDUCTION	GOBP_REGULATION_OF_SMAD_PROTEIN_SIGNAL_TRANSDUCTION		68	-0.30485874	-0.95286614	0.5349594	1.0	1.0	7091	tags=15%, list=19%, signal=18%	
GOBP_MRNA_SPLICE_SITE_RECOGNITION	GOBP_MRNA_SPLICE_SITE_RECOGNITION		51	-0.32367313	-0.95284504	0.53269535	1.0	1.0	6195	tags=16%, list=17%, signal=19%	
GOBP_REGULATION_OF_RESPIRATORY_BURST	GOBP_REGULATION_OF_RESPIRATORY_BURST		17	-0.3973576	-0.94824386	0.5349265	1.0	1.0	6602	tags=24%, list=18%, signal=29%	
GOBP_CATECHOL_CONTAINING_COMPOUND_BIOSYNTHETIC_PROCESS	GOBP_CATECHOL_CONTAINING_COMPOUND_BIOSYNTHETIC_PROCESS		24	-0.36922017	-0.94698805	0.5460751	1.0	1.0	1706	tags=8%, list=5%, signal=9%	
GOBP_EPOXYGENASE_P450_PATHWAY	GOBP_EPOXYGENASE_P450_PATHWAY		21	-0.37490588	-0.94567263	0.522807	1.0	1.0	6896	tags=38%, list=19%, signal=47%	
GOBP_GANGLIOSIDE_METABOLIC_PROCESS	GOBP_GANGLIOSIDE_METABOLIC_PROCESS		26	-0.36555478	-0.9444964	0.54727274	1.0	1.0	8263	tags=31%, list=22%, signal=40%	
GOBP_MODIFICATION_OF_POSTSYNAPTIC_ACTIN_CYTOSKELETON	GOBP_MODIFICATION_OF_POSTSYNAPTIC_ACTIN_CYTOSKELETON		27	-0.35599694	-0.9443259	0.55979204	1.0	1.0	13192	tags=37%, list=36%, signal=58%	
GOBP_REGULATION_OF_AUTOPHAGY_OF_MITOCHONDRION	GOBP_REGULATION_OF_AUTOPHAGY_OF_MITOCHONDRION		48	-0.32422808	-0.9432304	0.5382114	1.0	1.0	23129	tags=98%, list=63%, signal=261%	
GOBP_POSITIVE_REGULATION_OF_RESPONSE_TO_TUMOR_CELL	GOBP_POSITIVE_REGULATION_OF_RESPONSE_TO_TUMOR_CELL		22	-0.37492085	-0.94318444	0.5371622	1.0	1.0	6093	tags=32%, list=16%, signal=38%	
GOBP_NEGATIVE_REGULATION_OF_GLUCONEOGENESIS	GOBP_NEGATIVE_REGULATION_OF_GLUCONEOGENESIS		21	-0.3771318	-0.94262654	0.5369718	1.0	1.0	5183	tags=24%, list=14%, signal=28%	
GOBP_MACROPHAGE_ACTIVATION_INVOLVED_IN_IMMUNE_RESPONSE	GOBP_MACROPHAGE_ACTIVATION_INVOLVED_IN_IMMUNE_RESPONSE		17	-0.3963595	-0.9424327	0.5519713	1.0	1.0	8424	tags=24%, list=23%, signal=30%	
GOBP_REGULATION_OF_GLUTAMATE_SECRETION	GOBP_REGULATION_OF_GLUTAMATE_SECRETION		28	-0.35293707	-0.9415402	0.5555556	1.0	1.0	2611	tags=11%, list=7%, signal=12%	
GOBP_PHOSPHATIDYLETHANOLAMINE_METABOLIC_PROCESS	GOBP_PHOSPHATIDYLETHANOLAMINE_METABOLIC_PROCESS		29	-0.35913238	-0.9411359	0.56164384	1.0	1.0	1991	tags=7%, list=5%, signal=7%	
GOBP_PHOTOPERIODISM	GOBP_PHOTOPERIODISM		27	-0.36543277	-0.93877333	0.5522124	1.0	1.0	2524	tags=7%, list=7%, signal=8%	
GOBP_POSITIVE_REGULATION_OF_FATTY_ACID_TRANSPORT	GOBP_POSITIVE_REGULATION_OF_FATTY_ACID_TRANSPORT		27	-0.3629056	-0.93848467	0.548718	1.0	1.0	8100	tags=26%, list=22%, signal=33%	
GOBP_REGULATION_OF_FATTY_ACID_TRANSPORT	GOBP_REGULATION_OF_FATTY_ACID_TRANSPORT		39	-0.33449218	-0.93848413	0.56354517	1.0	1.0	8100	tags=23%, list=22%, signal=30%	
GOBP_POSITIVE_REGULATION_OF_P38MAPK_CASCADE	GOBP_POSITIVE_REGULATION_OF_P38MAPK_CASCADE		29	-0.35741532	-0.9381211	0.54706925	1.0	1.0	8933	tags=28%, list=24%, signal=36%	
GOBP_REGULATION_OF_POSITIVE_CHEMOTAXIS	GOBP_REGULATION_OF_POSITIVE_CHEMOTAXIS		28	-0.35983136	-0.9379184	0.54990923	1.0	1.0	8138	tags=29%, list=22%, signal=37%	
GOBP_POSITIVE_REGULATION_OF_MITOCHONDRIAL_FISSION	GOBP_POSITIVE_REGULATION_OF_MITOCHONDRIAL_FISSION		24	-0.37433314	-0.9364575	0.556719	1.0	1.0	23129	tags=100%, list=63%, signal=267%	
GOBP_MITOTIC_G1_S_TRANSITION_CHECKPOINT_SIGNALING	GOBP_MITOTIC_G1_S_TRANSITION_CHECKPOINT_SIGNALING		16	-0.39951268	-0.93629664	0.5467128	1.0	1.0	22196	tags=100%, list=60%, signal=250%	
GOBP_NEGATIVE_REGULATION_OF_INTRINSIC_APOPTOTIC_SIGNALING_PATHWAY_BY_P53_CLASS_MEDIATOR	GOBP_NEGATIVE_REGULATION_OF_INTRINSIC_APOPTOTIC_SIGNALING_PATHWAY_BY_P53_CLASS_MEDIATOR		22	-0.37431288	-0.9362116	0.5402504	1.0	1.0	23129	tags=100%, list=63%, signal=267%	
GOBP_ACETYL_COA_BIOSYNTHETIC_PROCESS	GOBP_ACETYL_COA_BIOSYNTHETIC_PROCESS		25	-0.36462113	-0.9353969	0.54749566	1.0	1.0	23488	tags=100%, list=64%, signal=274%	
GOBP_SPERM_FLAGELLUM_ASSEMBLY	GOBP_SPERM_FLAGELLUM_ASSEMBLY		62	-0.30470252	-0.9341007	0.5687204	1.0	1.0	7179	tags=27%, list=19%, signal=34%	
GOBP_MALE_MEIOSIS_I	GOBP_MALE_MEIOSIS_I		28	-0.3531564	-0.93369013	0.5496575	1.0	1.0	8050	tags=29%, list=22%, signal=37%	
GOBP_NEGATIVE_REGULATION_OF_PEPTIDE_SECRETION	GOBP_NEGATIVE_REGULATION_OF_PEPTIDE_SECRETION		62	-0.31221685	-0.9324497	0.59584665	1.0	1.0	4356	tags=11%, list=12%, signal=13%	
GOBP_REGULATION_OF_MACROPHAGE_ACTIVATION	GOBP_REGULATION_OF_MACROPHAGE_ACTIVATION		64	-0.30623057	-0.9322776	0.57371795	1.0	1.0	9075	tags=34%, list=25%, signal=45%	
GOBP_MITOCHONDRIAL_CALCIUM_ION_TRANSMEMBRANE_TRANSPORT	GOBP_MITOCHONDRIAL_CALCIUM_ION_TRANSMEMBRANE_TRANSPORT		25	-0.3553052	-0.93176496	0.55456173	1.0	1.0	23832	tags=100%, list=64%, signal=281%	
GOBP_NEUROMUSCULAR_JUNCTION_DEVELOPMENT	GOBP_NEUROMUSCULAR_JUNCTION_DEVELOPMENT		82	-0.2954274	-0.9316778	0.6150235	1.0	1.0	6109	tags=15%, list=17%, signal=17%	
GOBP_NEGATIVE_REGULATION_OF_EPITHELIAL_CELL_MIGRATION	GOBP_NEGATIVE_REGULATION_OF_EPITHELIAL_CELL_MIGRATION		18	-0.3899223	-0.9307268	0.56560284	1.0	1.0	22551	tags=100%, list=61%, signal=256%	
GOBP_AXONEME_ASSEMBLY	GOBP_AXONEME_ASSEMBLY		108	-0.2819156	-0.93057203	0.62957543	1.0	1.0	7743	tags=31%, list=21%, signal=40%	
GOBP_NEGATIVE_REGULATION_OF_NATURAL_KILLER_CELL_MEDIATED_IMMUNITY	GOBP_NEGATIVE_REGULATION_OF_NATURAL_KILLER_CELL_MEDIATED_IMMUNITY		32	-0.338392	-0.92899126	0.5711864	1.0	1.0	2489	tags=9%, list=7%, signal=10%	
GOBP_INTRINSIC_APOPTOTIC_SIGNALING_PATHWAY_IN_RESPONSE_TO_DNA_DAMAGE_BY_P53_CLASS_MEDIATOR	GOBP_INTRINSIC_APOPTOTIC_SIGNALING_PATHWAY_IN_RESPONSE_TO_DNA_DAMAGE_BY_P53_CLASS_MEDIATOR		47	-0.31936362	-0.9288392	0.58386075	1.0	1.0	23006	tags=98%, list=62%, signal=259%	
GOBP_NADPLUS_METABOLIC_PROCESS	GOBP_NADPLUS_METABOLIC_PROCESS		46	-0.31413963	-0.9279077	0.5709516	1.0	1.0	1122	tags=4%, list=3%, signal=4%	
GOBP_NEGATIVE_REGULATION_OF_NERVOUS_SYSTEM_PROCESS	GOBP_NEGATIVE_REGULATION_OF_NERVOUS_SYSTEM_PROCESS		20	-0.38207138	-0.927513	0.59375	1.0	1.0	8440	tags=35%, list=23%, signal=45%	
GOBP_POSITIVE_REGULATION_OF_MACROPHAGE_ACTIVATION	GOBP_POSITIVE_REGULATION_OF_MACROPHAGE_ACTIVATION		31	-0.34312743	-0.9256089	0.5619546	1.0	1.0	9075	tags=45%, list=25%, signal=60%	
GOBP_MATURATION_OF_LSU_RRNA	GOBP_MATURATION_OF_LSU_RRNA		28	-0.35238197	-0.92536366	0.5679442	1.0	1.0	23941	tags=100%, list=65%, signal=284%	
GOBP_LYMPH_VESSEL_MORPHOGENESIS	GOBP_LYMPH_VESSEL_MORPHOGENESIS		23	-0.3592696	-0.924454	0.5588235	1.0	1.0	1859	tags=4%, list=5%, signal=5%	
GOBP_REGULATION_OF_FLAGELLATED_SPERM_MOTILITY	GOBP_REGULATION_OF_FLAGELLATED_SPERM_MOTILITY		19	-0.38331476	-0.92417127	0.5714286	1.0	1.0	5052	tags=37%, list=14%, signal=43%	
GOBP_HOST_MEDIATED_SUPPRESSION_OF_SYMBIONT_INVASION	GOBP_HOST_MEDIATED_SUPPRESSION_OF_SYMBIONT_INVASION		31	-0.34054807	-0.9239826	0.58064514	1.0	1.0	6774	tags=16%, list=18%, signal=20%	
GOBP_PIECEMEAL_MICROAUTOPHAGY_OF_THE_NUCLEUS	GOBP_PIECEMEAL_MICROAUTOPHAGY_OF_THE_NUCLEUS		19	-0.38446334	-0.92380553	0.5913201	1.0	1.0	22753	tags=100%, list=62%, signal=260%	
GOBP_MICROVILLUS_ORGANIZATION	GOBP_MICROVILLUS_ORGANIZATION		27	-0.35868436	-0.9230843	0.579288	1.0	1.0	45	tags=4%, list=0%, signal=4%	
GOBP_POSITIVE_REGULATION_OF_CAMP_PKA_SIGNAL_TRANSDUCTION	GOBP_POSITIVE_REGULATION_OF_CAMP_PKA_SIGNAL_TRANSDUCTION		24	-0.3570555	-0.92308193	0.5699659	1.0	1.0	4603	tags=21%, list=12%, signal=24%	
GOBP_SULFATION	GOBP_SULFATION		24	-0.35898075	-0.92217153	0.5974729	1.0	1.0	3874	tags=17%, list=10%, signal=19%	
GOBP_IMP_BIOSYNTHETIC_PROCESS	GOBP_IMP_BIOSYNTHETIC_PROCESS		15	-0.40035683	-0.92093897	0.5555556	1.0	1.0	7167	tags=20%, list=19%, signal=25%	
GOBP_REGULATION_OF_DNA_DAMAGE_RESPONSE_SIGNAL_TRANSDUCTION_BY_P53_CLASS_MEDIATOR	GOBP_REGULATION_OF_DNA_DAMAGE_RESPONSE_SIGNAL_TRANSDUCTION_BY_P53_CLASS_MEDIATOR		37	-0.3318239	-0.92052317	0.58603066	1.0	1.0	22778	tags=97%, list=62%, signal=253%	
GOBP_POSITIVE_REGULATION_OF_CIRCADIAN_RHYTHM	GOBP_POSITIVE_REGULATION_OF_CIRCADIAN_RHYTHM		25	-0.3606947	-0.92017734	0.58278143	1.0	1.0	8372	tags=32%, list=23%, signal=41%	
GOBP_RESPONSE_TO_TUMOR_CELL	GOBP_RESPONSE_TO_TUMOR_CELL		53	-0.31064162	-0.9198041	0.6056572	1.0	1.0	9073	tags=36%, list=25%, signal=47%	
GOBP_RESOLUTION_OF_MEIOTIC_RECOMBINATION_INTERMEDIATES	GOBP_RESOLUTION_OF_MEIOTIC_RECOMBINATION_INTERMEDIATES		17	-0.39485958	-0.9185935	0.5870736	1.0	1.0	8800	tags=41%, list=24%, signal=54%	
GOBP_NEGATIVE_REGULATION_OF_T_CELL_RECEPTOR_SIGNALING_PATHWAY	GOBP_NEGATIVE_REGULATION_OF_T_CELL_RECEPTOR_SIGNALING_PATHWAY		39	-0.3319275	-0.9172588	0.6010017	1.0	1.0	9397	tags=38%, list=25%, signal=52%	
GOBP_INTESTINAL_ABSORPTION	GOBP_INTESTINAL_ABSORPTION		44	-0.32033426	-0.9165865	0.6043771	1.0	1.0	2758	tags=9%, list=7%, signal=10%	
GOBP_POSITIVE_REGULATION_OF_PROTEIN_EXPORT_FROM_NUCLEUS	GOBP_POSITIVE_REGULATION_OF_PROTEIN_EXPORT_FROM_NUCLEUS		21	-0.3709992	-0.91483426	0.5612789	1.0	1.0	23251	tags=100%, list=63%, signal=270%	
GOBP_MEIOSIS_I_CELL_CYCLE_PROCESS	GOBP_MEIOSIS_I_CELL_CYCLE_PROCESS		144	-0.26870084	-0.9145277	0.6699029	1.0	1.0	9101	tags=29%, list=25%, signal=39%	
GOBP_MOTILE_CILIUM_ASSEMBLY	GOBP_MOTILE_CILIUM_ASSEMBLY		92	-0.28308532	-0.91267496	0.6437126	1.0	1.0	6760	tags=22%, list=18%, signal=27%	
GOBP_REGULATION_OF_NUCLEAR_TRANSCRIBED_MRNA_POLY_A_TAIL_SHORTENING	GOBP_REGULATION_OF_NUCLEAR_TRANSCRIBED_MRNA_POLY_A_TAIL_SHORTENING		15	-0.39211068	-0.91195303	0.58576643	1.0	1.0	22469	tags=100%, list=61%, signal=255%	
GOBP_ADENYLATE_CYCLASE_MODULATING_G_PROTEIN_COUPLED_RECEPTOR_SIGNALING_PATHWAY	GOBP_ADENYLATE_CYCLASE_MODULATING_G_PROTEIN_COUPLED_RECEPTOR_SIGNALING_PATHWAY		256	-0.2554511	-0.91177124	0.69661456	1.0	1.0	7017	tags=21%, list=19%, signal=26%	
GOBP_REGULATION_OF_RAC_PROTEIN_SIGNAL_TRANSDUCTION	GOBP_REGULATION_OF_RAC_PROTEIN_SIGNAL_TRANSDUCTION		37	-0.32393506	-0.91107917	0.5903614	1.0	1.0	8195	tags=14%, list=22%, signal=17%	
GOBP_REGULATION_OF_MRNA_3_END_PROCESSING	GOBP_REGULATION_OF_MRNA_3_END_PROCESSING		16	-0.38422897	-0.9107702	0.5858209	1.0	1.0	7651	tags=19%, list=21%, signal=24%	
GOBP_NEGATIVE_REGULATION_OF_CILIUM_ASSEMBLY	GOBP_NEGATIVE_REGULATION_OF_CILIUM_ASSEMBLY		26	-0.34989846	-0.9100711	0.61072665	1.0	1.0	24032	tags=100%, list=65%, signal=286%	
GOBP_PROTEIN_BRANCHED_POLYUBIQUITINATION	GOBP_PROTEIN_BRANCHED_POLYUBIQUITINATION		19	-0.36250407	-0.9097213	0.5955473	1.0	1.0	23564	tags=100%, list=64%, signal=276%	
GOBP_PROTEIN_NEDDYLATION	GOBP_PROTEIN_NEDDYLATION		20	-0.3698512	-0.9091099	0.6172161	1.0	1.0	2989	tags=5%, list=8%, signal=5%	
GOBP_MATING_BEHAVIOR	GOBP_MATING_BEHAVIOR		45	-0.31665185	-0.9083144	0.60708535	1.0	1.0	6030	tags=18%, list=16%, signal=21%	
GOBP_REGULATION_OF_MYELOID_CELL_APOPTOTIC_PROCESS	GOBP_REGULATION_OF_MYELOID_CELL_APOPTOTIC_PROCESS		29	-0.33527198	-0.90828353	0.6391382	1.0	1.0	7919	tags=17%, list=21%, signal=22%	
GOBP_ENDOCRINE_HORMONE_SECRETION	GOBP_ENDOCRINE_HORMONE_SECRETION		72	-0.29115126	-0.90675986	0.63255817	1.0	1.0	8537	tags=28%, list=23%, signal=36%	
GOBP_SENSORY_PERCEPTION_OF_PAIN	GOBP_SENSORY_PERCEPTION_OF_PAIN		99	-0.27822253	-0.9065718	0.671151	1.0	1.0	8657	tags=32%, list=23%, signal=42%	
GOBP_RECEPTOR_CATABOLIC_PROCESS	GOBP_RECEPTOR_CATABOLIC_PROCESS		33	-0.3319978	-0.9064746	0.6115843	1.0	1.0	2275	tags=6%, list=6%, signal=6%	
GOBP_STRIATUM_DEVELOPMENT	GOBP_STRIATUM_DEVELOPMENT		19	-0.36978093	-0.906321	0.60108304	1.0	1.0	7093	tags=21%, list=19%, signal=26%	
GOBP_INDOLE_CONTAINING_COMPOUND_METABOLIC_PROCESS	GOBP_INDOLE_CONTAINING_COMPOUND_METABOLIC_PROCESS		35	-0.33086646	-0.90609884	0.6177924	1.0	1.0	5817	tags=17%, list=16%, signal=20%	
GOBP_REGULATION_OF_DIGESTIVE_SYSTEM_PROCESS	GOBP_REGULATION_OF_DIGESTIVE_SYSTEM_PROCESS		45	-0.31646755	-0.9056228	0.6117851	1.0	1.0	2275	tags=9%, list=6%, signal=9%	
GOBP_GOLGI_TO_VACUOLE_TRANSPORT	GOBP_GOLGI_TO_VACUOLE_TRANSPORT		25	-0.35048476	-0.905338	0.58762884	1.0	1.0	24010	tags=100%, list=65%, signal=285%	
GOBP_BONE_CELL_DEVELOPMENT	GOBP_BONE_CELL_DEVELOPMENT		20	-0.373895	-0.9048288	0.59714794	1.0	1.0	5090	tags=15%, list=14%, signal=17%	
GOBP_NEGATIVE_REGULATION_OF_SMOOTHENED_SIGNALING_PATHWAY	GOBP_NEGATIVE_REGULATION_OF_SMOOTHENED_SIGNALING_PATHWAY		41	-0.32386073	-0.90434724	0.62025315	1.0	1.0	3889	tags=7%, list=11%, signal=8%	
GOBP_EMBRYONIC_PLACENTA_MORPHOGENESIS	GOBP_EMBRYONIC_PLACENTA_MORPHOGENESIS		33	-0.32873648	-0.904046	0.6262799	1.0	1.0	8692	tags=21%, list=24%, signal=28%	
GOBP_RESPIRATORY_SYSTEM_PROCESS	GOBP_RESPIRATORY_SYSTEM_PROCESS		54	-0.30508643	-0.90389705	0.6288998	1.0	1.0	7413	tags=20%, list=20%, signal=25%	
GOBP_RETINA_HOMEOSTASIS	GOBP_RETINA_HOMEOSTASIS		67	-0.29813805	-0.9030574	0.66307694	1.0	1.0	6318	tags=19%, list=17%, signal=23%	
GOBP_NUCLEOSOME_ASSEMBLY	GOBP_NUCLEOSOME_ASSEMBLY		63	-0.29356423	-0.9003194	0.62225705	1.0	1.0	4978	tags=8%, list=13%, signal=9%	
GOBP_CHOLESTEROL_EFFLUX	GOBP_CHOLESTEROL_EFFLUX		66	-0.29237488	-0.89984643	0.6747182	1.0	1.0	2782	tags=6%, list=8%, signal=7%	
GOBP_MICROAUTOPHAGY	GOBP_MICROAUTOPHAGY		24	-0.3534812	-0.89977795	0.6455939	1.0	1.0	23899	tags=100%, list=65%, signal=283%	
GOBP_REGULATION_OF_ANTIGEN_RECEPTOR_MEDIATED_SIGNALING_PATHWAY	GOBP_REGULATION_OF_ANTIGEN_RECEPTOR_MEDIATED_SIGNALING_PATHWAY		82	-0.2854024	-0.8997734	0.68927443	1.0	1.0	9397	tags=30%, list=25%, signal=41%	
GOBP_REGULATION_OF_GONAD_DEVELOPMENT	GOBP_REGULATION_OF_GONAD_DEVELOPMENT		17	-0.38261992	-0.8997443	0.5825771	1.0	1.0	6517	tags=29%, list=18%, signal=36%	
GOBP_PURINE_CONTAINING_COMPOUND_SALVAGE	GOBP_PURINE_CONTAINING_COMPOUND_SALVAGE		29	-0.3371189	-0.89902407	0.6445993	1.0	1.0	9118	tags=31%, list=25%, signal=41%	
GOBP_NEGATIVE_REGULATION_OF_IMMUNE_EFFECTOR_PROCESS	GOBP_NEGATIVE_REGULATION_OF_IMMUNE_EFFECTOR_PROCESS		146	-0.26522875	-0.89873415	0.71512485	1.0	1.0	4145	tags=12%, list=11%, signal=13%	
GOBP_POSITIVE_REGULATION_OF_CYTOKINE_PRODUCTION_INVOLVED_IN_IMMUNE_RESPONSE	GOBP_POSITIVE_REGULATION_OF_CYTOKINE_PRODUCTION_INVOLVED_IN_IMMUNE_RESPONSE		69	-0.28954452	-0.89864516	0.6616541	1.0	1.0	8407	tags=28%, list=23%, signal=36%	
GOBP_NEGATIVE_REGULATION_OF_DNA_TEMPLATED_TRANSCRIPTION_ELONGATION	GOBP_NEGATIVE_REGULATION_OF_DNA_TEMPLATED_TRANSCRIPTION_ELONGATION		24	-0.35377908	-0.8981664	0.6149915	1.0	1.0	23888	tags=100%, list=65%, signal=283%	
GOBP_REGULATION_OF_CILIUM_DEPENDENT_CELL_MOTILITY	GOBP_REGULATION_OF_CILIUM_DEPENDENT_CELL_MOTILITY		27	-0.33939224	-0.898097	0.6369863	1.0	1.0	5052	tags=30%, list=14%, signal=34%	
GOBP_PEPTIDYL_TYROSINE_DEPHOSPHORYLATION	GOBP_PEPTIDYL_TYROSINE_DEPHOSPHORYLATION		22	-0.35286632	-0.8969189	0.59292036	1.0	1.0	23921	tags=100%, list=65%, signal=283%	
GOBP_PURINE_NUCLEOSIDE_MONOPHOSPHATE_BIOSYNTHETIC_PROCESS	GOBP_PURINE_NUCLEOSIDE_MONOPHOSPHATE_BIOSYNTHETIC_PROCESS		25	-0.35369855	-0.89627826	0.64144146	1.0	1.0	7167	tags=20%, list=19%, signal=25%	
GOBP_RENAL_WATER_HOMEOSTASIS	GOBP_RENAL_WATER_HOMEOSTASIS		19	-0.36284062	-0.8952706	0.6289425	1.0	1.0	3428	tags=11%, list=9%, signal=12%	
GOBP_NEGATIVE_REGULATION_OF_CAMP_PKA_SIGNAL_TRANSDUCTION	GOBP_NEGATIVE_REGULATION_OF_CAMP_PKA_SIGNAL_TRANSDUCTION		30	-0.3317457	-0.8940614	0.6381909	1.0	1.0	9066	tags=40%, list=25%, signal=53%	
GOBP_POLYAMINE_TRANSMEMBRANE_TRANSPORT	GOBP_POLYAMINE_TRANSMEMBRANE_TRANSPORT		15	-0.384482	-0.8926699	0.5966851	1.0	1.0	5438	tags=20%, list=15%, signal=23%	
GOBP_ACUTE_INFLAMMATORY_RESPONSE_TO_ANTIGENIC_STIMULUS	GOBP_ACUTE_INFLAMMATORY_RESPONSE_TO_ANTIGENIC_STIMULUS		31	-0.3317615	-0.89210975	0.63305783	1.0	1.0	1991	tags=10%, list=5%, signal=10%	
GOBP_RETICULOPHAGY	GOBP_RETICULOPHAGY		25	-0.35005143	-0.891625	0.62876254	1.0	1.0	24026	tags=100%, list=65%, signal=286%	
GOBP_DETECTION_OF_LIGHT_STIMULUS	GOBP_DETECTION_OF_LIGHT_STIMULUS		52	-0.2982722	-0.8913406	0.6504202	1.0	1.0	4612	tags=19%, list=12%, signal=22%	
GOBP_CATECHOLAMINE_TRANSPORT	GOBP_CATECHOLAMINE_TRANSPORT		81	-0.27858686	-0.89112437	0.690625	1.0	1.0	5698	tags=19%, list=15%, signal=22%	
GOBP_DOPAMINE_SECRETION	GOBP_DOPAMINE_SECRETION		37	-0.31647635	-0.89043504	0.6327586	1.0	1.0	4214	tags=22%, list=11%, signal=24%	
GOBP_REGULATION_OF_INTRINSIC_APOPTOTIC_SIGNALING_PATHWAY_IN_RESPONSE_TO_DNA_DAMAGE_BY_P53_CLASS_MEDIATOR	GOBP_REGULATION_OF_INTRINSIC_APOPTOTIC_SIGNALING_PATHWAY_IN_RESPONSE_TO_DNA_DAMAGE_BY_P53_CLASS_MEDIATOR		16	-0.38375527	-0.88913894	0.62126863	1.0	1.0	22778	tags=100%, list=62%, signal=261%	
GOBP_CYTOPLASM_ORGANIZATION	GOBP_CYTOPLASM_ORGANIZATION		16	-0.38472027	-0.88913864	0.6252159	1.0	1.0	7213	tags=31%, list=20%, signal=39%	
GOBP_EXTRACELLULAR_VESICLE_BIOGENESIS	GOBP_EXTRACELLULAR_VESICLE_BIOGENESIS		24	-0.35418528	-0.88910866	0.6643718	1.0	1.0	23873	tags=100%, list=65%, signal=282%	
GOBP_CELLULAR_RESPONSE_TO_ANTIBIOTIC	GOBP_CELLULAR_RESPONSE_TO_ANTIBIOTIC		15	-0.38311446	-0.8886798	0.61247635	1.0	1.0	9201	tags=33%, list=25%, signal=44%	
GOBP_MONOAMINE_TRANSPORT	GOBP_MONOAMINE_TRANSPORT		97	-0.274763	-0.8884397	0.70897835	1.0	1.0	5698	tags=16%, list=15%, signal=19%	
GOBP_RESPONSE_TO_UV_A	GOBP_RESPONSE_TO_UV_A		15	-0.38299453	-0.88830245	0.63315696	1.0	1.0	9117	tags=40%, list=25%, signal=53%	
GOBP_NEGATIVE_REGULATION_OF_NECROPTOTIC_PROCESS	GOBP_NEGATIVE_REGULATION_OF_NECROPTOTIC_PROCESS		17	-0.38038123	-0.8869213	0.64807695	1.0	1.0	22903	tags=100%, list=62%, signal=263%	
GOBP_REGULATION_OF_ADENYLATE_CYCLASE_ACTIVATING_G_PROTEIN_COUPLED_RECEPTOR_SIGNALING_PATHWAY	GOBP_REGULATION_OF_ADENYLATE_CYCLASE_ACTIVATING_G_PROTEIN_COUPLED_RECEPTOR_SIGNALING_PATHWAY		28	-0.33886933	-0.8865603	0.62478185	1.0	1.0	8494	tags=32%, list=23%, signal=42%	
GOBP_HETEROTYPIC_CELL_CELL_ADHESION	GOBP_HETEROTYPIC_CELL_CELL_ADHESION		62	-0.28860924	-0.8846458	0.6896552	1.0	1.0	6533	tags=16%, list=18%, signal=20%	
GOBP_REGULATION_OF_PLATELET_AGGREGATION	GOBP_REGULATION_OF_PLATELET_AGGREGATION		30	-0.33393672	-0.88272554	0.6594324	1.0	1.0	8757	tags=33%, list=24%, signal=44%	
GOBP_SEROTONIN_TRANSPORT	GOBP_SEROTONIN_TRANSPORT		28	-0.33383116	-0.8824645	0.66608393	1.0	1.0	4214	tags=14%, list=11%, signal=16%	
GOBP_LIPID_DROPLET_FORMATION	GOBP_LIPID_DROPLET_FORMATION		21	-0.35244346	-0.88222474	0.62432915	1.0	1.0	2758	tags=10%, list=7%, signal=10%	
GOBP_REGULATION_OF_B_CELL_APOPTOTIC_PROCESS	GOBP_REGULATION_OF_B_CELL_APOPTOTIC_PROCESS		20	-0.35256985	-0.8807498	0.6330275	1.0	1.0	5441	tags=15%, list=15%, signal=18%	
GOBP_PORE_COMPLEX_ASSEMBLY	GOBP_PORE_COMPLEX_ASSEMBLY		24	-0.34974408	-0.8804683	0.62702703	1.0	1.0	24037	tags=100%, list=65%, signal=286%	
GOBP_AGGREPHAGY	GOBP_AGGREPHAGY		18	-0.37050876	-0.8801799	0.65957445	1.0	1.0	23268	tags=100%, list=63%, signal=270%	
GOBP_MACROPHAGE_CYTOKINE_PRODUCTION	GOBP_MACROPHAGE_CYTOKINE_PRODUCTION		18	-0.37411928	-0.8797518	0.6703297	1.0	1.0	14073	tags=61%, list=38%, signal=99%	
GOBP_DETECTION_OF_CHEMICAL_STIMULUS_INVOLVED_IN_SENSORY_PERCEPTION_OF_TASTE	GOBP_DETECTION_OF_CHEMICAL_STIMULUS_INVOLVED_IN_SENSORY_PERCEPTION_OF_TASTE		17	-0.37278396	-0.8796778	0.6452763	1.0	1.0	809	tags=18%, list=2%, signal=18%	
GOBP_TYPE_2_MITOPHAGY	GOBP_TYPE_2_MITOPHAGY		17	-0.3742622	-0.87963444	0.6300578	1.0	1.0	23129	tags=100%, list=63%, signal=267%	
GOBP_RESPONSE_TO_LIGHT_INTENSITY	GOBP_RESPONSE_TO_LIGHT_INTENSITY		18	-0.36197218	-0.87955695	0.6294964	1.0	1.0	7008	tags=22%, list=19%, signal=27%	
GOBP_NEGATIVE_REGULATION_OF_PROTEIN_MATURATION	GOBP_NEGATIVE_REGULATION_OF_PROTEIN_MATURATION		22	-0.35354897	-0.8793005	0.6370107	1.0	1.0	7141	tags=23%, list=19%, signal=28%	
GOBP_POSITIVE_REGULATION_OF_INTERLEUKIN_1_BETA_PRODUCTION	GOBP_POSITIVE_REGULATION_OF_INTERLEUKIN_1_BETA_PRODUCTION		59	-0.2903336	-0.87838095	0.6793389	1.0	1.0	9188	tags=31%, list=25%, signal=41%	
GOBP_CIRCADIAN_SLEEP_WAKE_CYCLE	GOBP_CIRCADIAN_SLEEP_WAKE_CYCLE		37	-0.31136125	-0.8779683	0.68245614	1.0	1.0	8922	tags=41%, list=24%, signal=53%	
GOBP_BLASTOCYST_DEVELOPMENT	GOBP_BLASTOCYST_DEVELOPMENT		145	-0.2584561	-0.877354	0.76347303	1.0	1.0	1295	tags=3%, list=4%, signal=4%	
GOBP_BINDING_OF_SPERM_TO_ZONA_PELLUCIDA	GOBP_BINDING_OF_SPERM_TO_ZONA_PELLUCIDA		43	-0.30908927	-0.8760945	0.66292137	1.0	1.0	2086	tags=7%, list=6%, signal=7%	
GOBP_AUDITORY_RECEPTOR_CELL_STEREOCILIUM_ORGANIZATION	GOBP_AUDITORY_RECEPTOR_CELL_STEREOCILIUM_ORGANIZATION		24	-0.33888665	-0.87538075	0.63734293	1.0	1.0	5812	tags=17%, list=16%, signal=20%	
GOBP_LONG_TERM_SYNAPTIC_POTENTIATION	GOBP_LONG_TERM_SYNAPTIC_POTENTIATION		134	-0.25902614	-0.87478596	0.75037146	1.0	1.0	7725	tags=21%, list=21%, signal=26%	
GOBP_REGULATION_OF_PROTEIN_COMPLEX_STABILITY	GOBP_REGULATION_OF_PROTEIN_COMPLEX_STABILITY		18	-0.35342377	-0.8736311	0.6414763	1.0	1.0	23899	tags=100%, list=65%, signal=283%	
GOBP_NEUROMUSCULAR_PROCESS_CONTROLLING_POSTURE	GOBP_NEUROMUSCULAR_PROCESS_CONTROLLING_POSTURE		19	-0.3614442	-0.87349975	0.6405694	1.0	1.0	8376	tags=26%, list=23%, signal=34%	
GOBP_HEPARIN_PROTEOGLYCAN_METABOLIC_PROCESS	GOBP_HEPARIN_PROTEOGLYCAN_METABOLIC_PROCESS		15	-0.37776154	-0.87224233	0.64748204	1.0	1.0	22999	tags=100%, list=62%, signal=265%	
GOBP_MITOPHAGY	GOBP_MITOPHAGY		93	-0.2713433	-0.87074506	0.72952086	1.0	1.0	23129	tags=96%, list=63%, signal=255%	
GOBP_REGULATION_OF_MAST_CELL_ACTIVATION	GOBP_REGULATION_OF_MAST_CELL_ACTIVATION		28	-0.33436105	-0.87074083	0.6627517	1.0	1.0	8429	tags=32%, list=23%, signal=42%	
GOBP_REGULATION_OF_CHOLESTEROL_EFFLUX	GOBP_REGULATION_OF_CHOLESTEROL_EFFLUX		40	-0.3061429	-0.87050235	0.6832	1.0	1.0	6686	tags=15%, list=18%, signal=18%	
GOBP_REGULATION_OF_INTESTINAL_ABSORPTION	GOBP_REGULATION_OF_INTESTINAL_ABSORPTION		18	-0.35933468	-0.8683601	0.67391306	1.0	1.0	2275	tags=11%, list=6%, signal=12%	
GOBP_ACTIVIN_RECEPTOR_SIGNALING_PATHWAY	GOBP_ACTIVIN_RECEPTOR_SIGNALING_PATHWAY		48	-0.29508087	-0.8682311	0.7275641	1.0	1.0	6904	tags=19%, list=19%, signal=23%	
GOBP_NEGATIVE_REGULATION_OF_OXIDATIVE_STRESS_INDUCED_NEURON_INTRINSIC_APOPTOTIC_SIGNALING_PATHWAY	GOBP_NEGATIVE_REGULATION_OF_OXIDATIVE_STRESS_INDUCED_NEURON_INTRINSIC_APOPTOTIC_SIGNALING_PATHWAY		15	-0.3780644	-0.86820203	0.6545802	1.0	1.0	5795	tags=13%, list=16%, signal=16%	
GOBP_ESTABLISHMENT_OF_PROTEIN_LOCALIZATION_TO_PEROXISOME	GOBP_ESTABLISHMENT_OF_PROTEIN_LOCALIZATION_TO_PEROXISOME		20	-0.35206196	-0.8679136	0.6499102	1.0	1.0	23950	tags=100%, list=65%, signal=284%	
GOBP_POSITIVE_REGULATION_OF_CD4_POSITIVE_ALPHA_BETA_T_CELL_ACTIVATION	GOBP_POSITIVE_REGULATION_OF_CD4_POSITIVE_ALPHA_BETA_T_CELL_ACTIVATION		41	-0.30319196	-0.8673515	0.6853933	1.0	1.0	5933	tags=15%, list=16%, signal=17%	
GOBP_NEGATIVE_REGULATION_OF_HEART_RATE	GOBP_NEGATIVE_REGULATION_OF_HEART_RATE		16	-0.37648928	-0.86641115	0.6434938	1.0	1.0	4026	tags=19%, list=11%, signal=21%	
GOBP_G_PROTEIN_COUPLED_RECEPTOR_SIGNALING_PATHWAY_COUPLED_TO_CYCLIC_NUCLEOTIDE_SECOND_MESSENGER	GOBP_G_PROTEIN_COUPLED_RECEPTOR_SIGNALING_PATHWAY_COUPLED_TO_CYCLIC_NUCLEOTIDE_SECOND_MESSENGER		29	-0.3269311	-0.866034	0.6809269	1.0	1.0	4137	tags=21%, list=11%, signal=23%	
GOBP_PEROXISOMAL_TRANSPORT	GOBP_PEROXISOMAL_TRANSPORT		22	-0.35208103	-0.8650451	0.6452206	1.0	1.0	23950	tags=100%, list=65%, signal=284%	
GOBP_CELLULAR_RESPONSE_TO_VITAMIN_D	GOBP_CELLULAR_RESPONSE_TO_VITAMIN_D		23	-0.3415275	-0.8645637	0.6980462	1.0	1.0	91	tags=4%, list=0%, signal=4%	
GOBP_NEGATIVE_REGULATION_OF_TRANSCRIPTION_ELONGATION_BY_RNA_POLYMERASE_II	GOBP_NEGATIVE_REGULATION_OF_TRANSCRIPTION_ELONGATION_BY_RNA_POLYMERASE_II		18	-0.35372162	-0.86358094	0.6594982	1.0	1.0	23888	tags=100%, list=65%, signal=283%	
GOBP_CILIUM_MOVEMENT	GOBP_CILIUM_MOVEMENT		270	-0.24046102	-0.8627708	0.84605265	1.0	1.0	7466	tags=27%, list=20%, signal=33%	
GOBP_REGULATION_OF_TELOMERE_MAINTENANCE_IN_RESPONSE_TO_DNA_DAMAGE	GOBP_REGULATION_OF_TELOMERE_MAINTENANCE_IN_RESPONSE_TO_DNA_DAMAGE		19	-0.35432687	-0.86239725	0.6594982	1.0	1.0	23866	tags=100%, list=65%, signal=282%	
GOBP_ASTROCYTE_ACTIVATION	GOBP_ASTROCYTE_ACTIVATION		22	-0.344698	-0.8619671	0.67150635	1.0	1.0	9117	tags=32%, list=25%, signal=42%	
GOBP_ESTABLISHMENT_OF_PROTEIN_LOCALIZATION_TO_MITOCHONDRION	GOBP_ESTABLISHMENT_OF_PROTEIN_LOCALIZATION_TO_MITOCHONDRION		107	-0.26318908	-0.8611084	0.78386605	1.0	1.0	1882	tags=3%, list=5%, signal=3%	
GOBP_REGULATION_OF_RENAL_SYSTEM_PROCESS	GOBP_REGULATION_OF_RENAL_SYSTEM_PROCESS		24	-0.33863425	-0.8607036	0.7044248	1.0	1.0	8155	tags=29%, list=22%, signal=37%	
GOBP_THYROID_HORMONE_METABOLIC_PROCESS	GOBP_THYROID_HORMONE_METABOLIC_PROCESS		32	-0.31570646	-0.86046934	0.6819728	1.0	1.0	8062	tags=34%, list=22%, signal=44%	
GOBP_REGULATION_OF_SULFUR_METABOLIC_PROCESS	GOBP_REGULATION_OF_SULFUR_METABOLIC_PROCESS		16	-0.37105727	-0.8581687	0.6381818	1.0	1.0	23247	tags=100%, list=63%, signal=270%	
GOBP_PURINE_CONTAINING_COMPOUND_TRANSMEMBRANE_TRANSPORT	GOBP_PURINE_CONTAINING_COMPOUND_TRANSMEMBRANE_TRANSPORT		36	-0.30843547	-0.85643256	0.7078464	1.0	1.0	6524	tags=17%, list=18%, signal=20%	
GOBP_REGULATION_OF_LONG_TERM_SYNAPTIC_DEPRESSION	GOBP_REGULATION_OF_LONG_TERM_SYNAPTIC_DEPRESSION		24	-0.3336626	-0.8558836	0.6980803	1.0	1.0	7663	tags=29%, list=21%, signal=37%	
GOBP_NK_T_CELL_ACTIVATION	GOBP_NK_T_CELL_ACTIVATION		23	-0.34142673	-0.85535616	0.6900175	1.0	1.0	8449	tags=30%, list=23%, signal=39%	
GOBP_REGULATION_OF_GOLGI_ORGANIZATION	GOBP_REGULATION_OF_GOLGI_ORGANIZATION		17	-0.35920832	-0.8550767	0.69911504	1.0	1.0	23685	tags=100%, list=64%, signal=278%	
GOBP_TRACHEA_DEVELOPMENT	GOBP_TRACHEA_DEVELOPMENT		21	-0.34579095	-0.8548013	0.6689775	1.0	1.0	4873	tags=10%, list=13%, signal=11%	
GOBP_SEX_DETERMINATION	GOBP_SEX_DETERMINATION		24	-0.3306738	-0.8537192	0.69298244	1.0	1.0	8439	tags=42%, list=23%, signal=54%	
GOBP_REGULATION_OF_CAMP_PKA_SIGNAL_TRANSDUCTION	GOBP_REGULATION_OF_CAMP_PKA_SIGNAL_TRANSDUCTION		59	-0.28168327	-0.8526558	0.77723575	1.0	1.0	9066	tags=36%, list=25%, signal=47%	
GOBP_POSITIVE_REGULATION_OF_ORGAN_GROWTH	GOBP_POSITIVE_REGULATION_OF_ORGAN_GROWTH		64	-0.27815294	-0.85222316	0.7479407	1.0	1.0	6177	tags=16%, list=17%, signal=19%	
GOBP_POSITIVE_REGULATION_OF_NERVOUS_SYSTEM_PROCESS	GOBP_POSITIVE_REGULATION_OF_NERVOUS_SYSTEM_PROCESS		52	-0.28753152	-0.8516695	0.75	1.0	1.0	7226	tags=31%, list=20%, signal=38%	
GOBP_IMMATURE_B_CELL_DIFFERENTIATION	GOBP_IMMATURE_B_CELL_DIFFERENTIATION		16	-0.3537118	-0.8511626	0.68476355	1.0	1.0	13668	tags=50%, list=37%, signal=79%	
GOBP_CELLULAR_RESPONSE_TO_CAMP	GOBP_CELLULAR_RESPONSE_TO_CAMP		58	-0.28070015	-0.8509351	0.7312	1.0	1.0	8429	tags=24%, list=23%, signal=31%	
GOBP_OLFACTORY_LOBE_DEVELOPMENT	GOBP_OLFACTORY_LOBE_DEVELOPMENT		45	-0.29906014	-0.85035264	0.7299509	1.0	1.0	5603	tags=11%, list=15%, signal=13%	
GOBP_DIGESTION	GOBP_DIGESTION		126	-0.2540236	-0.85034275	0.8367347	1.0	1.0	4119	tags=10%, list=11%, signal=12%	
GOBP_RRNA_PROCESSING	GOBP_RRNA_PROCESSING		216	-0.23925412	-0.85010225	0.8685637	1.0	1.0	28163	tags=100%, list=76%, signal=418%	
GOBP_NEGATIVE_REGULATION_OF_VIRAL_TRANSCRIPTION	GOBP_NEGATIVE_REGULATION_OF_VIRAL_TRANSCRIPTION		18	-0.35286322	-0.8497805	0.6797153	1.0	1.0	1822	tags=6%, list=5%, signal=6%	
GOBP_REGULATION_OF_ACUTE_INFLAMMATORY_RESPONSE	GOBP_REGULATION_OF_ACUTE_INFLAMMATORY_RESPONSE		47	-0.2934306	-0.8488254	0.72875816	1.0	1.0	8155	tags=28%, list=22%, signal=35%	
GOBP_NUCLEOSIDE_MONOPHOSPHATE_BIOSYNTHETIC_PROCESS	GOBP_NUCLEOSIDE_MONOPHOSPHATE_BIOSYNTHETIC_PROCESS		48	-0.29399776	-0.84799534	0.750416	1.0	1.0	8875	tags=27%, list=24%, signal=36%	
GOBP_POSITIVE_REGULATION_OF_TORC1_SIGNALING	GOBP_POSITIVE_REGULATION_OF_TORC1_SIGNALING		72	-0.26911554	-0.84699756	0.80061823	1.0	1.0	23667	tags=97%, list=64%, signal=270%	
GOBP_POSITIVE_REGULATION_OF_CELL_KILLING	GOBP_POSITIVE_REGULATION_OF_CELL_KILLING		83	-0.26625592	-0.8468666	0.7953846	1.0	1.0	6963	tags=24%, list=19%, signal=30%	
GOBP_DETECTION_OF_VISIBLE_LIGHT	GOBP_DETECTION_OF_VISIBLE_LIGHT		15	-0.36725742	-0.84676325	0.6739927	1.0	1.0	3555	tags=27%, list=10%, signal=29%	
GOBP_ANDROGEN_RECEPTOR_SIGNALING_PATHWAY	GOBP_ANDROGEN_RECEPTOR_SIGNALING_PATHWAY		43	-0.29810375	-0.8460782	0.7445743	1.0	1.0	131	tags=2%, list=0%, signal=2%	
GOBP_REGULATION_OF_CATECHOLAMINE_SECRETION	GOBP_REGULATION_OF_CATECHOLAMINE_SECRETION		55	-0.28306904	-0.84547675	0.7528455	1.0	1.0	5698	tags=24%, list=15%, signal=28%	
GOBP_MACROPHAGE_DIFFERENTIATION	GOBP_MACROPHAGE_DIFFERENTIATION		69	-0.27236953	-0.84534574	0.78896105	1.0	1.0	9318	tags=29%, list=25%, signal=39%	
GOBP_NEGATIVE_REGULATION_OF_NEUROINFLAMMATORY_RESPONSE	GOBP_NEGATIVE_REGULATION_OF_NEUROINFLAMMATORY_RESPONSE		15	-0.36758304	-0.84484947	0.6778761	1.0	1.0	9676	tags=47%, list=26%, signal=63%	
GOBP_SPERMATID_DIFFERENTIATION	GOBP_SPERMATID_DIFFERENTIATION		266	-0.23325878	-0.8445792	0.9100529	1.0	1.0	7308	tags=20%, list=20%, signal=25%	
GOBP_OVULATION_CYCLE	GOBP_OVULATION_CYCLE		78	-0.27115667	-0.84450144	0.7881098	1.0	1.0	6756	tags=19%, list=18%, signal=23%	
GOBP_NEGATIVE_REGULATION_OF_PROTEIN_SECRETION	GOBP_NEGATIVE_REGULATION_OF_PROTEIN_SECRETION		80	-0.26845154	-0.8441347	0.7996845	1.0	1.0	3075	tags=8%, list=8%, signal=8%	
GOBP_BEHAVIORAL_RESPONSE_TO_COCAINE	GOBP_BEHAVIORAL_RESPONSE_TO_COCAINE		23	-0.33164808	-0.84302884	0.7254902	1.0	1.0	5510	tags=13%, list=15%, signal=15%	
GOBP_CALCIUM_IMPORT_INTO_THE_MITOCHONDRION	GOBP_CALCIUM_IMPORT_INTO_THE_MITOCHONDRION		18	-0.35523787	-0.8418254	0.69391304	1.0	1.0	23832	tags=100%, list=64%, signal=282%	
GOBP_POSITIVE_REGULATION_OF_INFLAMMATORY_RESPONSE	GOBP_POSITIVE_REGULATION_OF_INFLAMMATORY_RESPONSE		161	-0.24153087	-0.84157544	0.84757835	1.0	1.0	8767	tags=26%, list=24%, signal=34%	
GOBP_MATURATION_OF_LSU_RRNA_FROM_TRICISTRONIC_RRNA_TRANSCRIPT_SSU_RRNA_5_8S_RRNA_LSU_RRNA	GOBP_MATURATION_OF_LSU_RRNA_FROM_TRICISTRONIC_RRNA_TRANSCRIPT_SSU_RRNA_5_8S_RRNA_LSU_RRNA		18	-0.35228658	-0.84148365	0.70608693	1.0	1.0	23941	tags=100%, list=65%, signal=284%	
GOBP_TRANSCRIPTION_ELONGATION_BY_RNA_POLYMERASE_I	GOBP_TRANSCRIPTION_ELONGATION_BY_RNA_POLYMERASE_I		16	-0.36539868	-0.8413665	0.68694097	1.0	1.0	23456	tags=100%, list=63%, signal=274%	
GOBP_POSITIVE_REGULATION_OF_LONG_TERM_SYNAPTIC_POTENTIATION	GOBP_POSITIVE_REGULATION_OF_LONG_TERM_SYNAPTIC_POTENTIATION		30	-0.3120961	-0.8406147	0.7385159	1.0	1.0	9066	tags=27%, list=25%, signal=35%	
GOBP_CELL_CELL_RECOGNITION	GOBP_CELL_CELL_RECOGNITION		71	-0.27071804	-0.84041345	0.79514414	1.0	1.0	7797	tags=21%, list=21%, signal=27%	
GOBP_ALPHA_BETA_T_CELL_PROLIFERATION	GOBP_ALPHA_BETA_T_CELL_PROLIFERATION		45	-0.29376817	-0.84008443	0.752459	1.0	1.0	8490	tags=29%, list=23%, signal=37%	
GOBP_MALE_MEIOTIC_NUCLEAR_DIVISION	GOBP_MALE_MEIOTIC_NUCLEAR_DIVISION		59	-0.27730334	-0.8399493	0.78617364	1.0	1.0	8824	tags=34%, list=24%, signal=44%	
GOBP_MHC_CLASS_II_BIOSYNTHETIC_PROCESS	GOBP_MHC_CLASS_II_BIOSYNTHETIC_PROCESS		16	-0.36077473	-0.8396834	0.682243	1.0	1.0	8285	tags=25%, list=22%, signal=32%	
GOBP_ENERGY_HOMEOSTASIS	GOBP_ENERGY_HOMEOSTASIS		109	-0.25374222	-0.83900976	0.8300455	1.0	1.0	8690	tags=24%, list=24%, signal=31%	
GOBP_SPERM_DNA_CONDENSATION	GOBP_SPERM_DNA_CONDENSATION		17	-0.35121068	-0.8389924	0.68813556	1.0	1.0	5885	tags=24%, list=16%, signal=28%	
GOBP_OOCYTE_MATURATION	GOBP_OOCYTE_MATURATION		37	-0.30455306	-0.83894783	0.73898304	1.0	1.0	9301	tags=32%, list=25%, signal=43%	
GOBP_GANGLIOSIDE_BIOSYNTHETIC_PROCESS	GOBP_GANGLIOSIDE_BIOSYNTHETIC_PROCESS		15	-0.36721486	-0.8387644	0.6719577	1.0	1.0	8263	tags=33%, list=22%, signal=43%	
GOBP_INNERVATION	GOBP_INNERVATION		31	-0.30843195	-0.83843756	0.7258065	1.0	1.0	8538	tags=35%, list=23%, signal=46%	
GOBP_VIRAL_GENE_EXPRESSION	GOBP_VIRAL_GENE_EXPRESSION		53	-0.28331658	-0.83787	0.7757774	1.0	1.0	1822	tags=4%, list=5%, signal=4%	
GOBP_CILIUM_OR_FLAGELLUM_DEPENDENT_CELL_MOTILITY	GOBP_CILIUM_OR_FLAGELLUM_DEPENDENT_CELL_MOTILITY		230	-0.23490874	-0.8370806	0.9007937	1.0	1.0	7466	tags=27%, list=20%, signal=34%	
GOBP_TRIPARTITE_REGIONAL_SUBDIVISION	GOBP_TRIPARTITE_REGIONAL_SUBDIVISION		17	-0.3569882	-0.83705664	0.7083333	1.0	1.0	8195	tags=35%, list=22%, signal=45%	
GOBP_REGULATION_OF_EXOSOMAL_SECRETION	GOBP_REGULATION_OF_EXOSOMAL_SECRETION		17	-0.35411817	-0.8367011	0.7013889	1.0	1.0	23873	tags=100%, list=65%, signal=282%	
GOBP_SEROTONIN_SECRETION	GOBP_SEROTONIN_SECRETION		16	-0.3548002	-0.8356761	0.6983842	1.0	1.0	4214	tags=19%, list=11%, signal=21%	
GOBP_MICROTUBULE_BUNDLE_FORMATION	GOBP_MICROTUBULE_BUNDLE_FORMATION		144	-0.24686241	-0.83494925	0.84900284	1.0	1.0	7754	tags=26%, list=21%, signal=33%	
GOBP_MORPHOGENESIS_OF_AN_EPITHELIAL_FOLD	GOBP_MORPHOGENESIS_OF_AN_EPITHELIAL_FOLD		27	-0.3193163	-0.834394	0.7413793	1.0	1.0	9117	tags=30%, list=25%, signal=39%	
GOBP_POSITIVE_REGULATION_OF_REACTIVE_OXYGEN_SPECIES_BIOSYNTHETIC_PROCESS	GOBP_POSITIVE_REGULATION_OF_REACTIVE_OXYGEN_SPECIES_BIOSYNTHETIC_PROCESS		24	-0.33095697	-0.83431923	0.7064846	1.0	1.0	8285	tags=29%, list=22%, signal=38%	
GOBP_MONOCYTE_CHEMOTAXIS	GOBP_MONOCYTE_CHEMOTAXIS		43	-0.29460266	-0.833364	0.74025977	1.0	1.0	4027	tags=9%, list=11%, signal=10%	
GOBP_POSITIVE_REGULATION_OF_ENDOTHELIAL_CELL_CHEMOTAXIS	GOBP_POSITIVE_REGULATION_OF_ENDOTHELIAL_CELL_CHEMOTAXIS		15	-0.36530757	-0.83323395	0.71272725	1.0	1.0	23459	tags=100%, list=63%, signal=274%	
GOBP_WALKING_BEHAVIOR	GOBP_WALKING_BEHAVIOR		56	-0.27897537	-0.8308922	0.77850163	1.0	1.0	8809	tags=23%, list=24%, signal=30%	
GOBP_POSITIVE_REGULATION_OF_ORGANIC_ACID_TRANSPORT	GOBP_POSITIVE_REGULATION_OF_ORGANIC_ACID_TRANSPORT		59	-0.27829692	-0.82909733	0.776873	1.0	1.0	2778	tags=8%, list=8%, signal=9%	
GOBP_TRANSPOSITION	GOBP_TRANSPOSITION		42	-0.28908908	-0.82790816	0.77723575	1.0	1.0	5771	tags=17%, list=16%, signal=20%	
GOBP_REGULATION_OF_CELL_GROWTH_INVOLVED_IN_CARDIAC_MUSCLE_CELL_DEVELOPMENT	GOBP_REGULATION_OF_CELL_GROWTH_INVOLVED_IN_CARDIAC_MUSCLE_CELL_DEVELOPMENT		34	-0.29977497	-0.8268497	0.7517007	1.0	1.0	6177	tags=15%, list=17%, signal=18%	
GOBP_POSITIVE_REGULATION_OF_GLYCOPROTEIN_METABOLIC_PROCESS	GOBP_POSITIVE_REGULATION_OF_GLYCOPROTEIN_METABOLIC_PROCESS		23	-0.32631618	-0.826378	0.73183393	1.0	1.0	6686	tags=22%, list=18%, signal=27%	
GOBP_REGULATION_OF_DNA_TEMPLATED_TRANSCRIPTION_ELONGATION	GOBP_REGULATION_OF_DNA_TEMPLATED_TRANSCRIPTION_ELONGATION		101	-0.25012213	-0.8261832	0.85362095	1.0	1.0	27735	tags=100%, list=75%, signal=400%	
GOBP_RRNA_TRANSCRIPTION	GOBP_RRNA_TRANSCRIPTION		45	-0.28933856	-0.82569706	0.7918089	1.0	1.0	23456	tags=98%, list=63%, signal=267%	
GOBP_POSITIVE_REGULATION_OF_NUCLEOTIDE_METABOLIC_PROCESS	GOBP_POSITIVE_REGULATION_OF_NUCLEOTIDE_METABOLIC_PROCESS		46	-0.28725517	-0.82565194	0.77403843	1.0	1.0	8148	tags=24%, list=22%, signal=31%	
GOBP_NEGATIVE_REGULATION_OF_MYELOID_CELL_APOPTOTIC_PROCESS	GOBP_NEGATIVE_REGULATION_OF_MYELOID_CELL_APOPTOTIC_PROCESS		16	-0.36042416	-0.82558376	0.6931217	1.0	1.0	7919	tags=25%, list=21%, signal=32%	
GOBP_PROTEIN_TRANSMEMBRANE_IMPORT_INTO_INTRACELLULAR_ORGANELLE	GOBP_PROTEIN_TRANSMEMBRANE_IMPORT_INTO_INTRACELLULAR_ORGANELLE		16	-0.35202384	-0.82453257	0.72291297	1.0	1.0	23950	tags=100%, list=65%, signal=284%	
GOBP_GLYCOLYTIC_PROCESS_THROUGH_GLUCOSE_6_PHOSPHATE	GOBP_GLYCOLYTIC_PROCESS_THROUGH_GLUCOSE_6_PHOSPHATE		25	-0.31687757	-0.8242289	0.7542662	1.0	1.0	2239	tags=4%, list=6%, signal=4%	
GOBP_REGULATION_OF_RRNA_PROCESSING	GOBP_REGULATION_OF_RRNA_PROCESSING		16	-0.3544064	-0.82292837	0.7428058	1.0	1.0	23862	tags=100%, list=65%, signal=282%	
GOBP_NUCLEOTIDE_EXCISION_REPAIR	GOBP_NUCLEOTIDE_EXCISION_REPAIR		78	-0.26417086	-0.822587	0.8325123	1.0	1.0	23977	tags=96%, list=65%, signal=273%	
GOBP_MONOCARBOXYLIC_ACID_TRANSPORT	GOBP_MONOCARBOXYLIC_ACID_TRANSPORT		176	-0.23551758	-0.8220796	0.9198312	1.0	1.0	8874	tags=26%, list=24%, signal=34%	
GOBP_DEFENSE_RESPONSE_TO_GRAM_POSITIVE_BACTERIUM	GOBP_DEFENSE_RESPONSE_TO_GRAM_POSITIVE_BACTERIUM		98	-0.2522969	-0.8212345	0.86039454	1.0	1.0	7949	tags=27%, list=22%, signal=34%	
GOBP_GLIAL_CELL_DERIVED_NEUROTROPHIC_FACTOR_RECEPTOR_SIGNALING_PATHWAY	GOBP_GLIAL_CELL_DERIVED_NEUROTROPHIC_FACTOR_RECEPTOR_SIGNALING_PATHWAY		16	-0.34217477	-0.8207982	0.721223	1.0	1.0	5003	tags=19%, list=14%, signal=22%	
GOBP_SYNAPTIC_VESICLE_CYTOSKELETAL_TRANSPORT	GOBP_SYNAPTIC_VESICLE_CYTOSKELETAL_TRANSPORT		22	-0.32873377	-0.8204621	0.74603176	1.0	1.0	8461	tags=27%, list=23%, signal=35%	
GOBP_NEGATIVE_REGULATION_OF_TOLL_LIKE_RECEPTOR_SIGNALING_PATHWAY	GOBP_NEGATIVE_REGULATION_OF_TOLL_LIKE_RECEPTOR_SIGNALING_PATHWAY		23	-0.32162476	-0.82029545	0.74863386	1.0	1.0	5641	tags=9%, list=15%, signal=10%	
GOBP_REGULATION_OF_COMPLEMENT_ACTIVATION	GOBP_REGULATION_OF_COMPLEMENT_ACTIVATION		23	-0.31849515	-0.8196015	0.7583187	1.0	1.0	6111	tags=26%, list=17%, signal=31%	
GOBP_REGULATION_OF_CILIUM_MOVEMENT	GOBP_REGULATION_OF_CILIUM_MOVEMENT		38	-0.29748392	-0.81906426	0.76724136	1.0	1.0	7093	tags=34%, list=19%, signal=42%	
GOBP_POSITIVE_REGULATION_OF_LYMPHOCYTE_DIFFERENTIATION	GOBP_POSITIVE_REGULATION_OF_LYMPHOCYTE_DIFFERENTIATION		136	-0.24123771	-0.81767803	0.9007092	1.0	1.0	8798	tags=19%, list=24%, signal=25%	
GOBP_REGULATION_OF_T_CELL_PROLIFERATION	GOBP_REGULATION_OF_T_CELL_PROLIFERATION		177	-0.23443526	-0.81519777	0.92987376	1.0	1.0	9124	tags=25%, list=25%, signal=33%	
GOBP_NEGATIVE_REGULATION_OF_INFLAMMASOME_MEDIATED_SIGNALING_PATHWAY	GOBP_NEGATIVE_REGULATION_OF_INFLAMMASOME_MEDIATED_SIGNALING_PATHWAY		21	-0.3296152	-0.8151046	0.7537037	1.0	1.0	6774	tags=14%, list=18%, signal=17%	
GOBP_POSITIVE_REGULATION_OF_BEHAVIOR	GOBP_POSITIVE_REGULATION_OF_BEHAVIOR		37	-0.29876146	-0.81398	0.79509634	1.0	1.0	6836	tags=22%, list=19%, signal=27%	
GOBP_RHYTHMIC_BEHAVIOR	GOBP_RHYTHMIC_BEHAVIOR		67	-0.2676704	-0.8130441	0.8424337	1.0	1.0	7682	tags=25%, list=21%, signal=32%	
GOBP_CELLULAR_RESPONSE_TO_DSRNA	GOBP_CELLULAR_RESPONSE_TO_DSRNA		27	-0.3113505	-0.81297696	0.7512777	1.0	1.0	12862	tags=52%, list=35%, signal=79%	
GOBP_REGULATION_OF_TRANSLATIONAL_FIDELITY	GOBP_REGULATION_OF_TRANSLATIONAL_FIDELITY		18	-0.33775234	-0.81241256	0.7329843	1.0	1.0	9221	tags=28%, list=25%, signal=37%	
GOBP_REGULATION_OF_FEEDING_BEHAVIOR	GOBP_REGULATION_OF_FEEDING_BEHAVIOR		39	-0.2897799	-0.81224656	0.79616725	1.0	1.0	5191	tags=18%, list=14%, signal=21%	
GOBP_AROMATIC_AMINO_ACID_FAMILY_CATABOLIC_PROCESS	GOBP_AROMATIC_AMINO_ACID_FAMILY_CATABOLIC_PROCESS		21	-0.31994852	-0.81212765	0.73417723	1.0	1.0	6814	tags=33%, list=18%, signal=41%	
GOBP_PROTEIN_LOCALIZATION_TO_PHAGOPHORE_ASSEMBLY_SITE	GOBP_PROTEIN_LOCALIZATION_TO_PHAGOPHORE_ASSEMBLY_SITE		17	-0.34938	-0.81089807	0.7466919	1.0	1.0	24048	tags=100%, list=65%, signal=286%	
GOBP_REGULATION_OF_MICROTUBULE_BASED_MOVEMENT	GOBP_REGULATION_OF_MICROTUBULE_BASED_MOVEMENT		57	-0.26592997	-0.81005687	0.8083736	1.0	1.0	7093	tags=26%, list=19%, signal=33%	
GOBP_NEGATIVE_REGULATION_OF_HUMORAL_IMMUNE_RESPONSE	GOBP_NEGATIVE_REGULATION_OF_HUMORAL_IMMUNE_RESPONSE		16	-0.35054857	-0.81005466	0.7306338	1.0	1.0	5724	tags=31%, list=15%, signal=37%	
GOBP_CELLULAR_RESPONSE_TO_EXOGENOUS_DSRNA	GOBP_CELLULAR_RESPONSE_TO_EXOGENOUS_DSRNA		22	-0.32034668	-0.8100263	0.7582038	1.0	1.0	9293	tags=36%, list=25%, signal=49%	
GOBP_MEIOTIC_CHROMOSOME_SEGREGATION	GOBP_MEIOTIC_CHROMOSOME_SEGREGATION		106	-0.2489849	-0.809393	0.8831776	1.0	1.0	9101	tags=29%, list=25%, signal=39%	
GOBP_NEGATIVE_REGULATION_OF_BLOOD_PRESSURE	GOBP_NEGATIVE_REGULATION_OF_BLOOD_PRESSURE		65	-0.26285854	-0.8091452	0.83709675	1.0	1.0	6254	tags=18%, list=17%, signal=22%	
GOBP_NOREPINEPHRINE_SECRETION	GOBP_NOREPINEPHRINE_SECRETION		22	-0.32155865	-0.8072502	0.76648843	1.0	1.0	5698	tags=18%, list=15%, signal=21%	
GOBP_B_CELL_APOPTOTIC_PROCESS	GOBP_B_CELL_APOPTOTIC_PROCESS		26	-0.31534111	-0.8066677	0.7791519	1.0	1.0	5441	tags=12%, list=15%, signal=14%	
GOBP_MITOTIC_INTRA_S_DNA_DAMAGE_CHECKPOINT_SIGNALING	GOBP_MITOTIC_INTRA_S_DNA_DAMAGE_CHECKPOINT_SIGNALING		17	-0.3395822	-0.8063879	0.7350877	1.0	1.0	902	tags=6%, list=2%, signal=6%	
GOBP_REGULATION_OF_GLIAL_CELL_MIGRATION	GOBP_REGULATION_OF_GLIAL_CELL_MIGRATION		23	-0.31969452	-0.80626	0.7661142	1.0	1.0	8927	tags=39%, list=24%, signal=52%	
GOBP_REGULATION_OF_PROTEIN_FOLDING	GOBP_REGULATION_OF_PROTEIN_FOLDING		15	-0.35339507	-0.8060125	0.7234849	1.0	1.0	23899	tags=100%, list=65%, signal=283%	
GOBP_REGULATION_OF_REPRODUCTIVE_PROCESS	GOBP_REGULATION_OF_REPRODUCTIVE_PROCESS		185	-0.23157012	-0.8054246	0.9391069	1.0	1.0	7212	tags=21%, list=20%, signal=25%	
GOBP_SMAD_PROTEIN_SIGNAL_TRANSDUCTION	GOBP_SMAD_PROTEIN_SIGNAL_TRANSDUCTION		86	-0.25457966	-0.80540705	0.8496835	1.0	1.0	5435	tags=8%, list=15%, signal=10%	
GOBP_REGULATION_OF_NEURON_PROJECTION_REGENERATION	GOBP_REGULATION_OF_NEURON_PROJECTION_REGENERATION		45	-0.28047886	-0.8053262	0.7942122	1.0	1.0	8719	tags=20%, list=24%, signal=26%	
GOBP_REGULATION_OF_LONG_TERM_SYNAPTIC_POTENTIATION	GOBP_REGULATION_OF_LONG_TERM_SYNAPTIC_POTENTIATION		55	-0.27249417	-0.8035196	0.8267091	1.0	1.0	9066	tags=25%, list=25%, signal=34%	
GOBP_POSITIVE_REGULATION_OF_CD4_POSITIVE_ALPHA_BETA_T_CELL_DIFFERENTIATION	GOBP_POSITIVE_REGULATION_OF_CD4_POSITIVE_ALPHA_BETA_T_CELL_DIFFERENTIATION		34	-0.29458362	-0.80320334	0.7864407	1.0	1.0	5933	tags=15%, list=16%, signal=18%	
GOBP_MITOCHONDRIAL_FISSION	GOBP_MITOCHONDRIAL_FISSION		52	-0.27499613	-0.8031501	0.8161889	1.0	1.0	91	tags=2%, list=0%, signal=2%	
GOBP_REGULATION_OF_CILIUM_BEAT_FREQUENCY	GOBP_REGULATION_OF_CILIUM_BEAT_FREQUENCY		16	-0.34318593	-0.80288297	0.75268817	1.0	1.0	9026	tags=44%, list=24%, signal=58%	
GOBP_N_TERMINAL_PROTEIN_AMINO_ACID_MODIFICATION	GOBP_N_TERMINAL_PROTEIN_AMINO_ACID_MODIFICATION		17	-0.33926332	-0.8021384	0.73406196	1.0	1.0	5800	tags=12%, list=16%, signal=14%	
GOBP_POSITIVE_THYMIC_T_CELL_SELECTION	GOBP_POSITIVE_THYMIC_T_CELL_SELECTION		17	-0.33476555	-0.8010712	0.7373188	1.0	1.0	1961	tags=12%, list=5%, signal=12%	
GOBP_MITOCHONDRIAL_DNA_METABOLIC_PROCESS	GOBP_MITOCHONDRIAL_DNA_METABOLIC_PROCESS		26	-0.3056145	-0.8000853	0.7938671	1.0	1.0	8460	tags=23%, list=23%, signal=30%	
GOBP_DENDRITE_ARBORIZATION	GOBP_DENDRITE_ARBORIZATION		16	-0.3407621	-0.7983147	0.73493975	1.0	1.0	5582	tags=19%, list=15%, signal=22%	
GOBP_POSITIVE_REGULATION_OF_INTERLEUKIN_8_PRODUCTION	GOBP_POSITIVE_REGULATION_OF_INTERLEUKIN_8_PRODUCTION		61	-0.26419237	-0.7978789	0.86026937	1.0	1.0	9293	tags=31%, list=25%, signal=42%	
GOBP_POSITIVE_REGULATION_OF_MONOCYTE_CHEMOTACTIC_PROTEIN_1_PRODUCTION	GOBP_POSITIVE_REGULATION_OF_MONOCYTE_CHEMOTACTIC_PROTEIN_1_PRODUCTION		21	-0.322879	-0.7971448	0.7544803	1.0	1.0	8435	tags=29%, list=23%, signal=37%	
GOBP_ANTIGEN_PROCESSING_AND_PRESENTATION_OF_EXOGENOUS_PEPTIDE_ANTIGEN	GOBP_ANTIGEN_PROCESSING_AND_PRESENTATION_OF_EXOGENOUS_PEPTIDE_ANTIGEN		30	-0.29592794	-0.797101	0.7811448	1.0	1.0	8530	tags=33%, list=23%, signal=43%	
GOBP_REGULATION_OF_MONOCYTE_DIFFERENTIATION	GOBP_REGULATION_OF_MONOCYTE_DIFFERENTIATION		17	-0.33493286	-0.7940217	0.7678245	1.0	1.0	8747	tags=24%, list=24%, signal=31%	
GOBP_NECROPTOTIC_PROCESS	GOBP_NECROPTOTIC_PROCESS		36	-0.2861936	-0.79339474	0.8366337	1.0	1.0	9293	tags=25%, list=25%, signal=33%	
GOBP_GLUTAMATERGIC_NEURON_DIFFERENTIATION	GOBP_GLUTAMATERGIC_NEURON_DIFFERENTIATION		26	-0.30476195	-0.7928249	0.8067797	1.0	1.0	7756	tags=38%, list=21%, signal=49%	
GOBP_PROTEIN_LOCALIZATION_TO_ENDOPLASMIC_RETICULUM	GOBP_PROTEIN_LOCALIZATION_TO_ENDOPLASMIC_RETICULUM		33	-0.2928111	-0.79158497	0.8017699	1.0	1.0	26142	tags=100%, list=71%, signal=342%	
GOBP_MATURE_B_CELL_DIFFERENTIATION	GOBP_MATURE_B_CELL_DIFFERENTIATION		42	-0.28288645	-0.7906913	0.83361346	1.0	1.0	7304	tags=17%, list=20%, signal=21%	
GOBP_PIGMENT_GRANULE_LOCALIZATION	GOBP_PIGMENT_GRANULE_LOCALIZATION		20	-0.32220775	-0.7905959	0.7769911	1.0	1.0	7693	tags=15%, list=21%, signal=19%	
GOBP_CELLULAR_RESPONSE_TO_CADMIUM_ION	GOBP_CELLULAR_RESPONSE_TO_CADMIUM_ION		23	-0.31497428	-0.79053384	0.7594255	1.0	1.0	7400	tags=26%, list=20%, signal=33%	
GOBP_POSITIVE_REGULATION_OF_INTERLEUKIN_1_PRODUCTION	GOBP_POSITIVE_REGULATION_OF_INTERLEUKIN_1_PRODUCTION		71	-0.25622395	-0.79009646	0.8507692	1.0	1.0	9188	tags=31%, list=25%, signal=41%	
GOBP_NEGATIVE_REGULATION_OF_ANTIGEN_RECEPTOR_MEDIATED_SIGNALING_PATHWAY	GOBP_NEGATIVE_REGULATION_OF_ANTIGEN_RECEPTOR_MEDIATED_SIGNALING_PATHWAY		48	-0.27297136	-0.78990346	0.8494078	1.0	1.0	9397	tags=35%, list=25%, signal=47%	
GOBP_LYMPH_VESSEL_DEVELOPMENT	GOBP_LYMPH_VESSEL_DEVELOPMENT		32	-0.28907725	-0.78974897	0.8222591	1.0	1.0	9143	tags=22%, list=25%, signal=29%	
GOBP_CELL_KILLING	GOBP_CELL_KILLING		254	-0.22047603	-0.78659934	0.97699594	1.0	1.0	5648	tags=15%, list=15%, signal=17%	
GOBP_ECTODERMAL_PLACODE_DEVELOPMENT	GOBP_ECTODERMAL_PLACODE_DEVELOPMENT		17	-0.33509627	-0.7865974	0.7609489	1.0	1.0	6304	tags=18%, list=17%, signal=21%	
GOBP_MULTICELLULAR_ORGANISMAL_LEVEL_WATER_HOMEOSTASIS	GOBP_MULTICELLULAR_ORGANISMAL_LEVEL_WATER_HOMEOSTASIS		26	-0.30100474	-0.78594005	0.79663867	1.0	1.0	3428	tags=8%, list=9%, signal=8%	
GOBP_POSITIVE_REGULATION_OF_REPRODUCTIVE_PROCESS	GOBP_POSITIVE_REGULATION_OF_REPRODUCTIVE_PROCESS		94	-0.24277504	-0.78576964	0.91058123	1.0	1.0	6030	tags=17%, list=16%, signal=20%	
GOBP_POSITIVE_REGULATION_OF_B_CELL_DIFFERENTIATION	GOBP_POSITIVE_REGULATION_OF_B_CELL_DIFFERENTIATION		20	-0.31718373	-0.78546584	0.78711987	1.0	1.0	7803	tags=20%, list=21%, signal=25%	
GOBP_HOST_MEDIATED_PERTURBATION_OF_VIRAL_TRANSCRIPTION	GOBP_HOST_MEDIATED_PERTURBATION_OF_VIRAL_TRANSCRIPTION		27	-0.29994044	-0.7853372	0.81128746	1.0	1.0	25877	tags=100%, list=70%, signal=333%	
GOBP_NEGATIVE_REGULATION_OF_DNA_RECOMBINATION	GOBP_NEGATIVE_REGULATION_OF_DNA_RECOMBINATION		54	-0.2659354	-0.78436613	0.84491116	1.0	1.0	357	tags=4%, list=1%, signal=4%	
GOBP_NEGATIVE_REGULATION_OF_LIPID_STORAGE	GOBP_NEGATIVE_REGULATION_OF_LIPID_STORAGE		20	-0.31987044	-0.78424627	0.78860295	1.0	1.0	9248	tags=35%, list=25%, signal=47%	
GOBP_POSITIVE_REGULATION_OF_SYNAPTIC_TRANSMISSION	GOBP_POSITIVE_REGULATION_OF_SYNAPTIC_TRANSMISSION		212	-0.22069626	-0.780841	0.9820442	1.0	1.0	6085	tags=14%, list=16%, signal=16%	
GOBP_BILE_ACID_METABOLIC_PROCESS	GOBP_BILE_ACID_METABOLIC_PROCESS		47	-0.27013764	-0.780575	0.85433716	1.0	1.0	5974	tags=17%, list=16%, signal=20%	
GOBP_DETECTION_OF_MECHANICAL_STIMULUS_INVOLVED_IN_SENSORY_PERCEPTION	GOBP_DETECTION_OF_MECHANICAL_STIMULUS_INVOLVED_IN_SENSORY_PERCEPTION		50	-0.26596	-0.780413	0.86934674	1.0	1.0	6304	tags=18%, list=17%, signal=22%	
GOBP_POSITIVE_REGULATION_OF_MYOBLAST_DIFFERENTIATION	GOBP_POSITIVE_REGULATION_OF_MYOBLAST_DIFFERENTIATION		49	-0.26456717	-0.78001344	0.8682927	1.0	1.0	9270	tags=24%, list=25%, signal=33%	
GOBP_INTERLEUKIN_8_PRODUCTION	GOBP_INTERLEUKIN_8_PRODUCTION		78	-0.24901627	-0.77967423	0.887987	1.0	1.0	9293	tags=28%, list=25%, signal=38%	
GOBP_SENSORY_PERCEPTION_OF_MECHANICAL_STIMULUS	GOBP_SENSORY_PERCEPTION_OF_MECHANICAL_STIMULUS		222	-0.21871625	-0.7789107	0.9763231	1.0	1.0	7736	tags=21%, list=21%, signal=27%	
GOBP_LUTEINIZATION	GOBP_LUTEINIZATION		15	-0.33453065	-0.7786812	0.8120438	1.0	1.0	6517	tags=27%, list=18%, signal=32%	
GOBP_SALIVA_SECRETION	GOBP_SALIVA_SECRETION		15	-0.33710232	-0.7786418	0.7648148	1.0	1.0	6747	tags=40%, list=18%, signal=49%	
GOBP_REGULATION_OF_T_CELL_CHEMOTAXIS	GOBP_REGULATION_OF_T_CELL_CHEMOTAXIS		15	-0.33569935	-0.77853113	0.798893	1.0	1.0	8490	tags=33%, list=23%, signal=43%	
GOBP_NUCLEAR_TRANSCRIBED_MRNA_CATABOLIC_PROCESS	GOBP_NUCLEAR_TRANSCRIBED_MRNA_CATABOLIC_PROCESS		130	-0.22937998	-0.778086	0.948605	1.0	1.0	28506	tags=100%, list=77%, signal=436%	
GOBP_POSITIVE_REGULATION_OF_AUTOPHAGY_OF_MITOCHONDRION	GOBP_POSITIVE_REGULATION_OF_AUTOPHAGY_OF_MITOCHONDRION		30	-0.29175863	-0.7780263	0.81358886	1.0	1.0	23129	tags=97%, list=63%, signal=258%	
GOBP_DENDRITIC_CELL_CHEMOTAXIS	GOBP_DENDRITIC_CELL_CHEMOTAXIS		15	-0.33078873	-0.77728105	0.7877095	1.0	1.0	5933	tags=20%, list=16%, signal=24%	
GOBP_REGULATION_OF_NMDA_RECEPTOR_ACTIVITY	GOBP_REGULATION_OF_NMDA_RECEPTOR_ACTIVITY		15	-0.32897177	-0.77669114	0.7867133	1.0	1.0	6900	tags=33%, list=19%, signal=41%	
GOBP_NEGATIVE_REGULATION_OF_REGULATED_SECRETORY_PATHWAY	GOBP_NEGATIVE_REGULATION_OF_REGULATED_SECRETORY_PATHWAY		27	-0.28917474	-0.7749228	0.8177258	1.0	1.0	8757	tags=22%, list=24%, signal=29%	
GOBP_SHORT_CHAIN_FATTY_ACID_METABOLIC_PROCESS	GOBP_SHORT_CHAIN_FATTY_ACID_METABOLIC_PROCESS		17	-0.32183242	-0.77487	0.8037037	1.0	1.0	6680	tags=18%, list=18%, signal=22%	
GOBP_CORPUS_CALLOSUM_DEVELOPMENT	GOBP_CORPUS_CALLOSUM_DEVELOPMENT		31	-0.29058364	-0.77466947	0.8119658	1.0	1.0	9010	tags=23%, list=24%, signal=30%	
GOBP_XENOBIOTIC_CATABOLIC_PROCESS	GOBP_XENOBIOTIC_CATABOLIC_PROCESS		36	-0.2819606	-0.77428675	0.84683096	1.0	1.0	726	tags=8%, list=2%, signal=8%	
GOBP_RESPONSE_TO_TESTOSTERONE	GOBP_RESPONSE_TO_TESTOSTERONE		39	-0.2719763	-0.77412856	0.85141903	1.0	1.0	8120	tags=31%, list=22%, signal=39%	
GOBP_RESPONSE_TO_NERVE_GROWTH_FACTOR	GOBP_RESPONSE_TO_NERVE_GROWTH_FACTOR		54	-0.25531873	-0.77367026	0.89123374	1.0	1.0	4973	tags=7%, list=13%, signal=9%	
GOBP_REGULATION_OF_RESPIRATORY_GASEOUS_EXCHANGE	GOBP_REGULATION_OF_RESPIRATORY_GASEOUS_EXCHANGE		23	-0.30744267	-0.7728755	0.8067797	1.0	1.0	8606	tags=35%, list=23%, signal=45%	
GOBP_BEHAVIORAL_RESPONSE_TO_PAIN	GOBP_BEHAVIORAL_RESPONSE_TO_PAIN		28	-0.29288304	-0.7723743	0.8318739	1.0	1.0	9138	tags=39%, list=25%, signal=52%	
GOBP_ANTIGEN_PROCESSING_AND_PRESENTATION_OF_EXOGENOUS_ANTIGEN	GOBP_ANTIGEN_PROCESSING_AND_PRESENTATION_OF_EXOGENOUS_ANTIGEN		37	-0.27432376	-0.77176946	0.8459069	1.0	1.0	8530	tags=30%, list=23%, signal=39%	
GOBP_POSITIVE_REGULATION_OF_CELL_GROWTH	GOBP_POSITIVE_REGULATION_OF_CELL_GROWTH		191	-0.22234705	-0.77155536	0.9568733	1.0	1.0	9276	tags=21%, list=25%, signal=28%	
GOBP_VASCULAR_WOUND_HEALING	GOBP_VASCULAR_WOUND_HEALING		20	-0.31667042	-0.77153033	0.8010753	1.0	1.0	8138	tags=25%, list=22%, signal=32%	
GOBP_REGULATION_OF_HUMORAL_IMMUNE_RESPONSE	GOBP_REGULATION_OF_HUMORAL_IMMUNE_RESPONSE		48	-0.26700756	-0.771495	0.898527	1.0	1.0	6321	tags=21%, list=17%, signal=25%	
GOBP_TOLL_LIKE_RECEPTOR_2_SIGNALING_PATHWAY	GOBP_TOLL_LIKE_RECEPTOR_2_SIGNALING_PATHWAY		17	-0.32512596	-0.77134734	0.79891306	1.0	1.0	8857	tags=29%, list=24%, signal=39%	
GOBP_POSITIVE_REGULATION_OF_CYTOKINESIS	GOBP_POSITIVE_REGULATION_OF_CYTOKINESIS		42	-0.27081612	-0.7712635	0.8604269	1.0	1.0	405	tags=2%, list=1%, signal=2%	
GOBP_FEMALE_SEX_DIFFERENTIATION	GOBP_FEMALE_SEX_DIFFERENTIATION		150	-0.227021	-0.77106386	0.95555556	1.0	1.0	9080	tags=23%, list=25%, signal=31%	
GOBP_REGULATION_OF_CIRCADIAN_SLEEP_WAKE_CYCLE	GOBP_REGULATION_OF_CIRCADIAN_SLEEP_WAKE_CYCLE		29	-0.2868538	-0.770131	0.81881535	1.0	1.0	8922	tags=41%, list=24%, signal=55%	
GOBP_REGULATION_OF_PEPTIDYL_THREONINE_PHOSPHORYLATION	GOBP_REGULATION_OF_PEPTIDYL_THREONINE_PHOSPHORYLATION		29	-0.2850861	-0.76981795	0.8251748	1.0	1.0	9082	tags=21%, list=25%, signal=27%	
GOBP_REGULATION_OF_CELLULAR_PH	GOBP_REGULATION_OF_CELLULAR_PH		91	-0.24046858	-0.76980895	0.91540784	1.0	1.0	4073	tags=8%, list=11%, signal=9%	
GOBP_MAINTENANCE_OF_PROTEIN_LOCATION_IN_NUCLEUS	GOBP_MAINTENANCE_OF_PROTEIN_LOCATION_IN_NUCLEUS		25	-0.29571334	-0.76954883	0.81403506	1.0	1.0	21928	tags=96%, list=59%, signal=236%	
GOBP_NUCLEOSOME_ORGANIZATION	GOBP_NUCLEOSOME_ORGANIZATION		81	-0.24477774	-0.76928586	0.8963964	1.0	1.0	357	tags=2%, list=1%, signal=2%	
GOBP_NUCLEAR_TRANSCRIBED_MRNA_CATABOLIC_PROCESS_DEADENYLATION_DEPENDENT_DECAY	GOBP_NUCLEAR_TRANSCRIBED_MRNA_CATABOLIC_PROCESS_DEADENYLATION_DEPENDENT_DECAY		54	-0.25755483	-0.76871794	0.8960396	1.0	1.0	27449	tags=100%, list=74%, signal=388%	
GOBP_SPERM_EGG_RECOGNITION	GOBP_SPERM_EGG_RECOGNITION		53	-0.26193926	-0.76869446	0.90547264	1.0	1.0	2086	tags=6%, list=6%, signal=6%	
GOBP_LEUKOCYTE_CELL_CELL_ADHESION	GOBP_LEUKOCYTE_CELL_CELL_ADHESION		410	-0.20550366	-0.76774627	0.99877	1.0	1.0	9124	tags=23%, list=25%, signal=30%	
GOBP_NEGATIVE_REGULATION_OF_CELL_CYCLE_G1_S_PHASE_TRANSITION	GOBP_NEGATIVE_REGULATION_OF_CELL_CYCLE_G1_S_PHASE_TRANSITION		65	-0.25248066	-0.76756185	0.9116203	1.0	1.0	9062	tags=20%, list=25%, signal=26%	
GOBP_NEGATIVE_REGULATION_OF_EXCITATORY_POSTSYNAPTIC_POTENTIAL	GOBP_NEGATIVE_REGULATION_OF_EXCITATORY_POSTSYNAPTIC_POTENTIAL		18	-0.3146987	-0.7666826	0.8077601	1.0	1.0	6390	tags=17%, list=17%, signal=20%	
GOBP_DEVELOPMENT_OF_PRIMARY_FEMALE_SEXUAL_CHARACTERISTICS	GOBP_DEVELOPMENT_OF_PRIMARY_FEMALE_SEXUAL_CHARACTERISTICS		135	-0.22746082	-0.7665838	0.9576271	1.0	1.0	9080	tags=24%, list=25%, signal=32%	
GOBP_RENAL_SYSTEM_PROCESS_INVOLVED_IN_REGULATION_OF_BLOOD_VOLUME	GOBP_RENAL_SYSTEM_PROCESS_INVOLVED_IN_REGULATION_OF_BLOOD_VOLUME		16	-0.32657638	-0.7665757	0.80244756	1.0	1.0	659	tags=6%, list=2%, signal=6%	
GOBP_LONG_TERM_SYNAPTIC_DEPRESSION	GOBP_LONG_TERM_SYNAPTIC_DEPRESSION		42	-0.26737508	-0.76412416	0.864726	1.0	1.0	4473	tags=12%, list=12%, signal=14%	
GOBP_REGULATION_OF_T_CELL_ACTIVATION	GOBP_REGULATION_OF_T_CELL_ACTIVATION		375	-0.20562564	-0.76366204	1.0	1.0	1.0	9124	tags=22%, list=25%, signal=29%	
GOBP_HEPATOCYTE_APOPTOTIC_PROCESS	GOBP_HEPATOCYTE_APOPTOTIC_PROCESS		25	-0.29634944	-0.7631762	0.82711864	1.0	1.0	26009	tags=100%, list=70%, signal=337%	
GOBP_POSITIVE_REGULATION_OF_UBIQUITIN_DEPENDENT_PROTEIN_CATABOLIC_PROCESS	GOBP_POSITIVE_REGULATION_OF_UBIQUITIN_DEPENDENT_PROTEIN_CATABOLIC_PROCESS		104	-0.23288225	-0.76260483	0.94976455	1.0	1.0	2532	tags=3%, list=7%, signal=3%	
GOBP_POSITIVE_REGULATION_OF_NEUROTRANSMITTER_SECRETION	GOBP_POSITIVE_REGULATION_OF_NEUROTRANSMITTER_SECRETION		26	-0.28965858	-0.7618748	0.8256228	1.0	1.0	2123	tags=8%, list=6%, signal=8%	
GOBP_NEGATIVE_REGULATION_OF_TOR_SIGNALING	GOBP_NEGATIVE_REGULATION_OF_TOR_SIGNALING		87	-0.2364095	-0.7618325	0.92391306	1.0	1.0	28237	tags=100%, list=76%, signal=423%	
GOBP_GLUTAMATE_SECRETION	GOBP_GLUTAMATE_SECRETION		43	-0.26935858	-0.7614596	0.866782	1.0	1.0	5980	tags=14%, list=16%, signal=17%	
GOBP_ARP2_3_COMPLEX_MEDIATED_ACTIN_NUCLEATION	GOBP_ARP2_3_COMPLEX_MEDIATED_ACTIN_NUCLEATION		43	-0.26343882	-0.76123905	0.8771044	1.0	1.0	27229	tags=100%, list=74%, signal=380%	
GOBP_AXONEMAL_DYNEIN_COMPLEX_ASSEMBLY	GOBP_AXONEMAL_DYNEIN_COMPLEX_ASSEMBLY		38	-0.27343062	-0.7608617	0.8490566	1.0	1.0	6582	tags=34%, list=18%, signal=42%	
GOBP_EATING_BEHAVIOR	GOBP_EATING_BEHAVIOR		54	-0.25669214	-0.76026535	0.8845554	1.0	1.0	4885	tags=19%, list=13%, signal=21%	
GOBP_NEURAL_RETINA_DEVELOPMENT	GOBP_NEURAL_RETINA_DEVELOPMENT		80	-0.24210899	-0.75967646	0.91955835	1.0	1.0	8600	tags=31%, list=23%, signal=41%	
GOBP_POSITIVE_REGULATION_OF_ALPHA_BETA_T_CELL_PROLIFERATION	GOBP_POSITIVE_REGULATION_OF_ALPHA_BETA_T_CELL_PROLIFERATION		23	-0.3012049	-0.75930655	0.8353553	1.0	1.0	8490	tags=30%, list=23%, signal=39%	
GOBP_CAMP_METABOLIC_PROCESS	GOBP_CAMP_METABOLIC_PROCESS		29	-0.28234413	-0.75923187	0.8597663	1.0	1.0	8742	tags=28%, list=24%, signal=36%	
GOBP_CELLULAR_PROCESS_INVOLVED_IN_REPRODUCTION_IN_MULTICELLULAR_ORGANISM	GOBP_CELLULAR_PROCESS_INVOLVED_IN_REPRODUCTION_IN_MULTICELLULAR_ORGANISM		456	-0.20328261	-0.75909567	0.9987654	1.0	1.0	6216	tags=14%, list=17%, signal=17%	
GOBP_POSITIVE_REGULATION_OF_DNA_TEMPLATED_TRANSCRIPTION_ELONGATION	GOBP_POSITIVE_REGULATION_OF_DNA_TEMPLATED_TRANSCRIPTION_ELONGATION		64	-0.24987122	-0.7587956	0.9212598	1.0	1.0	27735	tags=100%, list=75%, signal=400%	
GOBP_INTRACILIARY_TRANSPORT	GOBP_INTRACILIARY_TRANSPORT		51	-0.25548154	-0.758306	0.9122807	1.0	1.0	8862	tags=25%, list=24%, signal=33%	
GOBP_CELLULAR_RESPONSE_TO_GAMMA_RADIATION	GOBP_CELLULAR_RESPONSE_TO_GAMMA_RADIATION		29	-0.28755245	-0.7570869	0.84786326	1.0	1.0	13866	tags=38%, list=38%, signal=61%	
GOBP_POSITIVE_REGULATION_OF_LEUKOCYTE_CELL_CELL_ADHESION	GOBP_POSITIVE_REGULATION_OF_LEUKOCYTE_CELL_CELL_ADHESION		265	-0.21066055	-0.75605285	0.99224806	1.0	1.0	8809	tags=20%, list=24%, signal=27%	
GOBP_REGULATION_OF_RESPIRATORY_SYSTEM_PROCESS	GOBP_REGULATION_OF_RESPIRATORY_SYSTEM_PROCESS		15	-0.32962492	-0.75571585	0.81060606	1.0	1.0	8606	tags=40%, list=23%, signal=52%	
GOBP_REGULATION_OF_ERAD_PATHWAY	GOBP_REGULATION_OF_ERAD_PATHWAY		23	-0.29852685	-0.7546695	0.828125	1.0	1.0	25928	tags=100%, list=70%, signal=335%	
GOBP_POSITIVE_REGULATION_OF_MEMBRANE_DEPOLARIZATION	GOBP_POSITIVE_REGULATION_OF_MEMBRANE_DEPOLARIZATION		18	-0.3122114	-0.754589	0.81602913	1.0	1.0	8138	tags=33%, list=22%, signal=43%	
GOBP_REGULATION_OF_B_CELL_DIFFERENTIATION	GOBP_REGULATION_OF_B_CELL_DIFFERENTIATION		36	-0.2715815	-0.75450224	0.87085515	1.0	1.0	7803	tags=22%, list=21%, signal=28%	
GOBP_T_CELL_ACTIVATION_INVOLVED_IN_IMMUNE_RESPONSE	GOBP_T_CELL_ACTIVATION_INVOLVED_IN_IMMUNE_RESPONSE		126	-0.22572497	-0.75360227	0.9766764	1.0	1.0	8757	tags=24%, list=24%, signal=31%	
GOBP_POSITIVE_REGULATION_OF_FATTY_ACID_METABOLIC_PROCESS	GOBP_POSITIVE_REGULATION_OF_FATTY_ACID_METABOLIC_PROCESS		52	-0.25486428	-0.752808	0.89661014	1.0	1.0	6522	tags=19%, list=18%, signal=23%	
GOBP_PROTEIN_ACETYLATION	GOBP_PROTEIN_ACETYLATION		51	-0.25841388	-0.75265205	0.9136808	1.0	1.0	3768	tags=6%, list=10%, signal=7%	
GOBP_DOPAMINE_TRANSPORT	GOBP_DOPAMINE_TRANSPORT		52	-0.25668457	-0.7520118	0.9025974	1.0	1.0	4214	tags=15%, list=11%, signal=17%	
GOBP_TRANSMISSION_OF_NERVE_IMPULSE	GOBP_TRANSMISSION_OF_NERVE_IMPULSE		98	-0.23103978	-0.7506891	0.9586524	1.0	1.0	7736	tags=31%, list=21%, signal=39%	
GOBP_DENDRITIC_TRANSPORT	GOBP_DENDRITIC_TRANSPORT		22	-0.3000029	-0.7501253	0.8559177	1.0	1.0	5745	tags=14%, list=16%, signal=16%	
GOBP_HYPERSENSITIVITY	GOBP_HYPERSENSITIVITY		16	-0.32354373	-0.7492834	0.8250429	1.0	1.0	382	tags=6%, list=1%, signal=6%	
GOBP_FATTY_ACID_TRANSMEMBRANE_TRANSPORT	GOBP_FATTY_ACID_TRANSMEMBRANE_TRANSPORT		20	-0.3041818	-0.74868476	0.84013605	1.0	1.0	9280	tags=25%, list=25%, signal=33%	
GOBP_NEGATIVE_REGULATION_OF_AMINE_TRANSPORT	GOBP_NEGATIVE_REGULATION_OF_AMINE_TRANSPORT		35	-0.27559513	-0.7478067	0.8932874	1.0	1.0	5647	tags=17%, list=15%, signal=20%	
GOBP_RECEPTOR_METABOLIC_PROCESS	GOBP_RECEPTOR_METABOLIC_PROCESS		94	-0.22949147	-0.74748516	0.94359756	1.0	1.0	3339	tags=4%, list=9%, signal=5%	
GOBP_POSITIVE_REGULATION_OF_NUCLEOTIDE_CATABOLIC_PROCESS	GOBP_POSITIVE_REGULATION_OF_NUCLEOTIDE_CATABOLIC_PROCESS		26	-0.28423187	-0.7474769	0.87068963	1.0	1.0	9023	tags=31%, list=24%, signal=41%	
GOBP_TRICARBOXYLIC_ACID_METABOLIC_PROCESS	GOBP_TRICARBOXYLIC_ACID_METABOLIC_PROCESS		19	-0.30481106	-0.7473616	0.8318264	1.0	1.0	6985	tags=16%, list=19%, signal=19%	
GOBP_PROTEIN_IMPORT_INTO_MITOCHONDRIAL_MATRIX	GOBP_PROTEIN_IMPORT_INTO_MITOCHONDRIAL_MATRIX		22	-0.30193073	-0.7467704	0.83729434	1.0	1.0	25802	tags=100%, list=70%, signal=331%	
GOBP_ASSOCIATIVE_LEARNING	GOBP_ASSOCIATIVE_LEARNING		127	-0.22525916	-0.74661154	0.9667149	1.0	1.0	8809	tags=20%, list=24%, signal=27%	
GOBP_ACIDIC_AMINO_ACID_TRANSPORT	GOBP_ACIDIC_AMINO_ACID_TRANSPORT		93	-0.2323978	-0.74510384	0.95827127	1.0	1.0	5980	tags=13%, list=16%, signal=15%	
GOBP_POSITIVE_REGULATION_OF_T_CELL_PROLIFERATION	GOBP_POSITIVE_REGULATION_OF_T_CELL_PROLIFERATION		100	-0.23194075	-0.7446015	0.96822995	1.0	1.0	9124	tags=25%, list=25%, signal=33%	
GOBP_MACROPHAGE_ACTIVATION	GOBP_MACROPHAGE_ACTIVATION		115	-0.22482973	-0.74452436	0.96257484	1.0	1.0	9075	tags=28%, list=25%, signal=37%	
GOBP_INNER_EAR_RECEPTOR_CELL_DEVELOPMENT	GOBP_INNER_EAR_RECEPTOR_CELL_DEVELOPMENT		64	-0.24556397	-0.74427575	0.9059561	1.0	1.0	8834	tags=27%, list=24%, signal=35%	
GOBP_NEGATIVE_REGULATION_OF_HIPPO_SIGNALING	GOBP_NEGATIVE_REGULATION_OF_HIPPO_SIGNALING		25	-0.2930442	-0.74357194	0.8402662	1.0	1.0	23240	tags=96%, list=63%, signal=259%	
GOBP_DOUBLE_STRAND_BREAK_REPAIR_VIA_NONHOMOLOGOUS_END_JOINING	GOBP_DOUBLE_STRAND_BREAK_REPAIR_VIA_NONHOMOLOGOUS_END_JOINING		78	-0.23667479	-0.7435492	0.9323077	1.0	1.0	26588	tags=99%, list=72%, signal=351%	
GOBP_CIRCADIAN_SLEEP_WAKE_CYCLE_PROCESS	GOBP_CIRCADIAN_SLEEP_WAKE_CYCLE_PROCESS		31	-0.27697092	-0.74349445	0.8763066	1.0	1.0	8922	tags=39%, list=24%, signal=51%	
GOBP_REFLEX	GOBP_REFLEX		27	-0.28701934	-0.7432239	0.8573798	1.0	1.0	657	tags=7%, list=2%, signal=8%	
GOBP_T_HELPER_1_CELL_DIFFERENTIATION	GOBP_T_HELPER_1_CELL_DIFFERENTIATION		31	-0.27714467	-0.7431726	0.89708406	1.0	1.0	8490	tags=32%, list=23%, signal=42%	
GOBP_NUCLEAR_TRANSCRIBED_MRNA_POLY_A_TAIL_SHORTENING	GOBP_NUCLEAR_TRANSCRIBED_MRNA_POLY_A_TAIL_SHORTENING		28	-0.2810985	-0.7428754	0.8634064	1.0	1.0	26573	tags=100%, list=72%, signal=356%	
GOBP_REGULATION_OF_FERTILIZATION	GOBP_REGULATION_OF_FERTILIZATION		16	-0.31449208	-0.7421945	0.83712786	1.0	1.0	6701	tags=25%, list=18%, signal=31%	
GOBP_AMINE_CATABOLIC_PROCESS	GOBP_AMINE_CATABOLIC_PROCESS		15	-0.321384	-0.7413323	0.8485401	1.0	1.0	1706	tags=7%, list=5%, signal=7%	
GOBP_RESPONSE_TO_INTERFERON_ALPHA	GOBP_RESPONSE_TO_INTERFERON_ALPHA		34	-0.27103418	-0.74019736	0.8642857	1.0	1.0	5466	tags=12%, list=15%, signal=14%	
GOBP_MAINTENANCE_OF_PROTEIN_LOCALIZATION_IN_ORGANELLE	GOBP_MAINTENANCE_OF_PROTEIN_LOCALIZATION_IN_ORGANELLE		45	-0.2540999	-0.7395698	0.897479	1.0	1.0	9026	tags=20%, list=24%, signal=26%	
GOBP_MEIOTIC_CELL_CYCLE	GOBP_MEIOTIC_CELL_CYCLE		314	-0.20274733	-0.73929477	0.99874055	1.0	1.0	6779	tags=14%, list=18%, signal=17%	
GOBP_POSTSYNAPTIC_MODULATION_OF_CHEMICAL_SYNAPTIC_TRANSMISSION	GOBP_POSTSYNAPTIC_MODULATION_OF_CHEMICAL_SYNAPTIC_TRANSMISSION		43	-0.2595385	-0.73921937	0.9098229	1.0	1.0	1927	tags=5%, list=5%, signal=5%	
GOBP_NATURAL_KILLER_CELL_ACTIVATION	GOBP_NATURAL_KILLER_CELL_ACTIVATION		88	-0.23168333	-0.73910046	0.96879643	1.0	1.0	5111	tags=10%, list=14%, signal=12%	
GOBP_LYMPHOCYTE_MEDIATED_IMMUNITY	GOBP_LYMPHOCYTE_MEDIATED_IMMUNITY		332	-0.20132963	-0.7384621	0.99874055	1.0	1.0	6111	tags=13%, list=17%, signal=15%	
GOBP_NERVOUS_SYSTEM_PROCESS_INVOLVED_IN_REGULATION_OF_SYSTEMIC_ARTERIAL_BLOOD_PRESSURE	GOBP_NERVOUS_SYSTEM_PROCESS_INVOLVED_IN_REGULATION_OF_SYSTEMIC_ARTERIAL_BLOOD_PRESSURE		22	-0.29216102	-0.7383891	0.8537477	1.0	1.0	5451	tags=14%, list=15%, signal=16%	
GOBP_RETINA_DEVELOPMENT_IN_CAMERA_TYPE_EYE	GOBP_RETINA_DEVELOPMENT_IN_CAMERA_TYPE_EYE		186	-0.21078888	-0.7373863	0.99191374	1.0	1.0	7524	tags=20%, list=20%, signal=25%	
GOBP_MONOSACCHARIDE_CATABOLIC_PROCESS	GOBP_MONOSACCHARIDE_CATABOLIC_PROCESS		53	-0.25148708	-0.7372311	0.93620414	1.0	1.0	5019	tags=8%, list=14%, signal=9%	
GOBP_RRNA_MODIFICATION	GOBP_RRNA_MODIFICATION		33	-0.2762609	-0.7368907	0.86868685	1.0	1.0	26753	tags=100%, list=72%, signal=362%	
GOBP_ACUTE_INFLAMMATORY_RESPONSE	GOBP_ACUTE_INFLAMMATORY_RESPONSE		104	-0.2215182	-0.7367711	0.9714715	1.0	1.0	4666	tags=11%, list=13%, signal=12%	
GOBP_CILIUM_ORGANIZATION	GOBP_CILIUM_ORGANIZATION		440	-0.19642292	-0.7365575	1.0	1.0	1.0	9194	tags=21%, list=25%, signal=28%	
GOBP_POSITIVE_REGULATION_OF_TUMOR_NECROSIS_FACTOR_MEDIATED_SIGNALING_PATHWAY	GOBP_POSITIVE_REGULATION_OF_TUMOR_NECROSIS_FACTOR_MEDIATED_SIGNALING_PATHWAY		15	-0.32894275	-0.7359198	0.84869564	1.0	1.0	1815	tags=7%, list=5%, signal=7%	
GOBP_HOST_MEDIATED_ACTIVATION_OF_VIRAL_PROCESS	GOBP_HOST_MEDIATED_ACTIVATION_OF_VIRAL_PROCESS		35	-0.26681373	-0.7355774	0.90301	1.0	1.0	23899	tags=97%, list=65%, signal=275%	
GOBP_RESPONSE_TO_DEXAMETHASONE	GOBP_RESPONSE_TO_DEXAMETHASONE		47	-0.2531073	-0.7355706	0.9166667	1.0	1.0	8721	tags=26%, list=24%, signal=33%	
GOBP_EPITHELIAL_CELL_CELL_ADHESION	GOBP_EPITHELIAL_CELL_CELL_ADHESION		16	-0.31571835	-0.73543227	0.8670412	1.0	1.0	3030	tags=6%, list=8%, signal=7%	
GOBP_REGULATION_OF_ESTABLISHMENT_OF_CELL_POLARITY	GOBP_REGULATION_OF_ESTABLISHMENT_OF_CELL_POLARITY		22	-0.29637954	-0.7352358	0.8420139	1.0	1.0	26007	tags=100%, list=70%, signal=337%	
GOBP_TRANSCRIPTION_BY_RNA_POLYMERASE_III	GOBP_TRANSCRIPTION_BY_RNA_POLYMERASE_III		56	-0.24455889	-0.7350057	0.9300477	1.0	1.0	27929	tags=100%, list=76%, signal=409%	
GOBP_REGULATION_OF_TRANSCRIPTION_BY_RNA_POLYMERASE_I	GOBP_REGULATION_OF_TRANSCRIPTION_BY_RNA_POLYMERASE_I		45	-0.25697717	-0.7333593	0.92671007	1.0	1.0	27468	tags=100%, list=74%, signal=389%	
GOBP_OOCYTE_DIFFERENTIATION	GOBP_OOCYTE_DIFFERENTIATION		67	-0.24210006	-0.73331064	0.9394435	1.0	1.0	8462	tags=28%, list=23%, signal=37%	
GOBP_INNER_EAR_RECEPTOR_CELL_STEREOCILIUM_ORGANIZATION	GOBP_INNER_EAR_RECEPTOR_CELL_STEREOCILIUM_ORGANIZATION		48	-0.2503332	-0.73327297	0.9247863	1.0	1.0	6318	tags=15%, list=17%, signal=18%	
GOBP_NEGATIVE_REGULATION_OF_REPRODUCTIVE_PROCESS	GOBP_NEGATIVE_REGULATION_OF_REPRODUCTIVE_PROCESS		68	-0.23758255	-0.73311245	0.9413735	1.0	1.0	8271	tags=26%, list=22%, signal=34%	
GOBP_REGULATION_OF_HETEROTYPIC_CELL_CELL_ADHESION	GOBP_REGULATION_OF_HETEROTYPIC_CELL_CELL_ADHESION		23	-0.28858495	-0.7324884	0.8743363	1.0	1.0	5178	tags=13%, list=14%, signal=15%	
GOBP_V_D_J_RECOMBINATION	GOBP_V_D_J_RECOMBINATION		21	-0.2907934	-0.73167586	0.8815331	1.0	1.0	26213	tags=100%, list=71%, signal=344%	
GOBP_POSITIVE_REGULATION_OF_CELL_ACTIVATION	GOBP_POSITIVE_REGULATION_OF_CELL_ACTIVATION		382	-0.19835983	-0.73165	1.0	1.0	1.0	9177	tags=24%, list=25%, signal=31%	
GOBP_RESPONSE_TO_AMINO_ACID_STARVATION	GOBP_RESPONSE_TO_AMINO_ACID_STARVATION		71	-0.23630694	-0.73162717	0.9485179	1.0	1.0	28237	tags=100%, list=76%, signal=423%	
GOBP_PYROPTOTIC_INFLAMMATORY_RESPONSE	GOBP_PYROPTOTIC_INFLAMMATORY_RESPONSE		53	-0.25027105	-0.7294923	0.9339934	1.0	1.0	6181	tags=19%, list=17%, signal=23%	
GOBP_RESPONSE_TO_FOOD	GOBP_RESPONSE_TO_FOOD		51	-0.24620336	-0.72937626	0.91856676	1.0	1.0	3604	tags=8%, list=10%, signal=9%	
GOBP_REGULATION_OF_PLATELET_ACTIVATION	GOBP_REGULATION_OF_PLATELET_ACTIVATION		51	-0.24828047	-0.72933465	0.93739426	1.0	1.0	8757	tags=27%, list=24%, signal=36%	
GOBP_PROTEIN_HYDROXYLATION	GOBP_PROTEIN_HYDROXYLATION		24	-0.2843854	-0.7289053	0.88286716	1.0	1.0	3092	tags=4%, list=8%, signal=5%	
GOBP_REGULATION_OF_RAS_PROTEIN_SIGNAL_TRANSDUCTION	GOBP_REGULATION_OF_RAS_PROTEIN_SIGNAL_TRANSDUCTION		55	-0.24316362	-0.7283641	0.93460923	1.0	1.0	67	tags=2%, list=0%, signal=2%	
GOBP_RESPONSE_TO_DIETARY_EXCESS	GOBP_RESPONSE_TO_DIETARY_EXCESS		40	-0.26086098	-0.7267359	0.9267462	1.0	1.0	7830	tags=28%, list=21%, signal=35%	
GOBP_REGULATION_OF_MONOCYTE_CHEMOTAXIS	GOBP_REGULATION_OF_MONOCYTE_CHEMOTAXIS		30	-0.27003157	-0.72622573	0.8991453	1.0	1.0	4027	tags=10%, list=11%, signal=11%	
GOBP_CELLULAR_RESPONSE_TO_INTERLEUKIN_18	GOBP_CELLULAR_RESPONSE_TO_INTERLEUKIN_18		15	-0.31450644	-0.7258833	0.833652	1.0	1.0	8912	tags=27%, list=24%, signal=35%	
GOBP_LIPID_DROPLET_ORGANIZATION	GOBP_LIPID_DROPLET_ORGANIZATION		44	-0.2541514	-0.7256132	0.9255663	1.0	1.0	2758	tags=5%, list=7%, signal=5%	
GOBP_POSITIVE_REGULATION_OF_HUMORAL_IMMUNE_RESPONSE	GOBP_POSITIVE_REGULATION_OF_HUMORAL_IMMUNE_RESPONSE		21	-0.29286358	-0.72539794	0.8747885	1.0	1.0	6321	tags=24%, list=17%, signal=29%	
GOBP_LYMPH_NODE_DEVELOPMENT	GOBP_LYMPH_NODE_DEVELOPMENT		31	-0.26964638	-0.7253818	0.9118644	1.0	1.0	6589	tags=16%, list=18%, signal=20%	
GOBP_AUDITORY_RECEPTOR_CELL_DEVELOPMENT	GOBP_AUDITORY_RECEPTOR_CELL_DEVELOPMENT		35	-0.26476374	-0.7247167	0.8914186	1.0	1.0	8600	tags=26%, list=23%, signal=33%	
GOBP_LIPID_LOCALIZATION	GOBP_LIPID_LOCALIZATION		461	-0.19274685	-0.7243843	0.99877	1.0	1.0	8874	tags=21%, list=24%, signal=28%	
GOBP_REGULATION_OF_EARLY_ENDOSOME_TO_LATE_ENDOSOME_TRANSPORT	GOBP_REGULATION_OF_EARLY_ENDOSOME_TO_LATE_ENDOSOME_TRANSPORT		20	-0.2952804	-0.7240998	0.86919105	1.0	1.0	26047	tags=100%, list=70%, signal=339%	
GOBP_POSITIVE_REGULATION_OF_LIPID_TRANSPORT	GOBP_POSITIVE_REGULATION_OF_LIPID_TRANSPORT		95	-0.22340876	-0.7239089	0.976489	1.0	1.0	8463	tags=21%, list=23%, signal=27%	
GOBP_NEGATIVE_REGULATION_OF_VASOCONSTRICTION	GOBP_NEGATIVE_REGULATION_OF_VASOCONSTRICTION		17	-0.3038663	-0.7238156	0.8666667	1.0	1.0	22149	tags=94%, list=60%, signal=235%	
GOBP_POSITIVE_REGULATION_OF_CHEMOKINE_PRODUCTION	GOBP_POSITIVE_REGULATION_OF_CHEMOKINE_PRODUCTION		81	-0.22801162	-0.72375023	0.97492164	1.0	1.0	9293	tags=31%, list=25%, signal=41%	
GOBP_BILE_ACID_BIOSYNTHETIC_PROCESS	GOBP_BILE_ACID_BIOSYNTHETIC_PROCESS		29	-0.27082506	-0.7230675	0.89982426	1.0	1.0	7924	tags=28%, list=21%, signal=35%	
GOBP_NADPLUS_BIOSYNTHETIC_PROCESS	GOBP_NADPLUS_BIOSYNTHETIC_PROCESS		17	-0.30261654	-0.72259206	0.85714287	1.0	1.0	1122	tags=6%, list=3%, signal=6%	
GOBP_NEGATIVE_REGULATION_OF_AMYLOID_PRECURSOR_PROTEIN_CATABOLIC_PROCESS	GOBP_NEGATIVE_REGULATION_OF_AMYLOID_PRECURSOR_PROTEIN_CATABOLIC_PROCESS		21	-0.29859227	-0.72202414	0.8763441	1.0	1.0	4473	tags=10%, list=12%, signal=11%	
GOBP_LABYRINTHINE_LAYER_BLOOD_VESSEL_DEVELOPMENT	GOBP_LABYRINTHINE_LAYER_BLOOD_VESSEL_DEVELOPMENT		27	-0.2760492	-0.7219668	0.8846816	1.0	1.0	855	tags=4%, list=2%, signal=4%	
GOBP_TRANSLATIONAL_ELONGATION	GOBP_TRANSLATIONAL_ELONGATION		79	-0.22987632	-0.7214982	0.9643411	1.0	1.0	28476	tags=100%, list=77%, signal=435%	
GOBP_NEGATIVE_REGULATION_OF_TORC1_SIGNALING	GOBP_NEGATIVE_REGULATION_OF_TORC1_SIGNALING		65	-0.2362685	-0.7208424	0.9657321	1.0	1.0	28237	tags=100%, list=76%, signal=423%	
GOBP_ICOSANOID_TRANSPORT	GOBP_ICOSANOID_TRANSPORT		64	-0.23398666	-0.7207938	0.95679015	1.0	1.0	8874	tags=28%, list=24%, signal=37%	
GOBP_POSITIVE_REGULATION_OF_LYMPHOCYTE_ACTIVATION	GOBP_POSITIVE_REGULATION_OF_LYMPHOCYTE_ACTIVATION		319	-0.19665818	-0.7206304	1.0	1.0	1.0	9177	tags=22%, list=25%, signal=29%	
GOBP_RRNA_METABOLIC_PROCESS	GOBP_RRNA_METABOLIC_PROCESS		262	-0.19956611	-0.72051233	1.0	1.0	1.0	28163	tags=99%, list=76%, signal=414%	
GOBP_PROGRAMMED_NECROTIC_CELL_DEATH	GOBP_PROGRAMMED_NECROTIC_CELL_DEATH		54	-0.24155568	-0.7204162	0.9447236	1.0	1.0	9293	tags=22%, list=25%, signal=30%	
GOBP_3_UTR_MEDIATED_MRNA_DESTABILIZATION	GOBP_3_UTR_MEDIATED_MRNA_DESTABILIZATION		22	-0.28476265	-0.71862894	0.8724955	1.0	1.0	26436	tags=100%, list=72%, signal=351%	
GOBP_REGULATION_OF_RECEPTOR_CATABOLIC_PROCESS	GOBP_REGULATION_OF_RECEPTOR_CATABOLIC_PROCESS		15	-0.3152937	-0.7180457	0.8465704	1.0	1.0	6686	tags=20%, list=18%, signal=24%	
GOBP_RESPIRATORY_BURST	GOBP_RESPIRATORY_BURST		30	-0.26721367	-0.71732813	0.9063545	1.0	1.0	6602	tags=20%, list=18%, signal=24%	
GOBP_POSITIVE_REGULATION_OF_NUCLEOTIDE_BIOSYNTHETIC_PROCESS	GOBP_POSITIVE_REGULATION_OF_NUCLEOTIDE_BIOSYNTHETIC_PROCESS		18	-0.2986522	-0.71667147	0.8734622	1.0	1.0	7737	tags=22%, list=21%, signal=28%	
GOBP_NOREPINEPHRINE_TRANSPORT	GOBP_NOREPINEPHRINE_TRANSPORT		31	-0.26597476	-0.71640587	0.9190141	1.0	1.0	1798	tags=6%, list=5%, signal=7%	
GOBP_DETECTION_OF_TEMPERATURE_STIMULUS	GOBP_DETECTION_OF_TEMPERATURE_STIMULUS		32	-0.26535785	-0.7161275	0.9063032	1.0	1.0	8949	tags=34%, list=24%, signal=45%	
GOBP_RIBOSOME_DISASSEMBLY	GOBP_RIBOSOME_DISASSEMBLY		47	-0.25070453	-0.7158556	0.94380164	1.0	1.0	27700	tags=100%, list=75%, signal=399%	
GOBP_POSTSYNAPTIC_ENDOCYTOSIS	GOBP_POSTSYNAPTIC_ENDOCYTOSIS		56	-0.23444912	-0.71488845	0.9604863	1.0	1.0	28302	tags=100%, list=77%, signal=427%	
GOBP_POSITIVE_REGULATION_OF_TRANSCRIPTION_BY_RNA_POLYMERASE_I	GOBP_POSITIVE_REGULATION_OF_TRANSCRIPTION_BY_RNA_POLYMERASE_I		35	-0.25690758	-0.71427065	0.9226891	1.0	1.0	27468	tags=100%, list=74%, signal=389%	
GOBP_CELLULAR_RESPONSE_TO_INTERFERON_ALPHA	GOBP_CELLULAR_RESPONSE_TO_INTERFERON_ALPHA		22	-0.27992755	-0.7135508	0.8966132	1.0	1.0	8203	tags=23%, list=22%, signal=29%	
GOBP_AMINOGLYCAN_CATABOLIC_PROCESS	GOBP_AMINOGLYCAN_CATABOLIC_PROCESS		33	-0.25913298	-0.71343195	0.90592337	1.0	1.0	9201	tags=27%, list=25%, signal=36%	
GOBP_MIDBRAIN_DEVELOPMENT	GOBP_MIDBRAIN_DEVELOPMENT		48	-0.24751754	-0.71328	0.94956523	1.0	1.0	3571	tags=8%, list=10%, signal=9%	
GOBP_DENDRITIC_CELL_MIGRATION	GOBP_DENDRITIC_CELL_MIGRATION		24	-0.2776995	-0.71310586	0.9259897	1.0	1.0	5933	tags=17%, list=16%, signal=20%	
GOBP_MYELOID_DENDRITIC_CELL_ACTIVATION	GOBP_MYELOID_DENDRITIC_CELL_ACTIVATION		35	-0.25750786	-0.7130905	0.90789473	1.0	1.0	7773	tags=20%, list=21%, signal=25%	
GOBP_EPITHELIAL_STRUCTURE_MAINTENANCE	GOBP_EPITHELIAL_STRUCTURE_MAINTENANCE		40	-0.25700974	-0.7129755	0.9269103	1.0	1.0	3164	tags=8%, list=9%, signal=8%	
GOBP_REGULATION_OF_CELLULAR_RESPONSE_TO_HYPOXIA	GOBP_REGULATION_OF_CELLULAR_RESPONSE_TO_HYPOXIA		26	-0.2754178	-0.71280295	0.8809947	1.0	1.0	2263	tags=4%, list=6%, signal=4%	
GOBP_MICROTUBULE_BASED_MOVEMENT	GOBP_MICROTUBULE_BASED_MOVEMENT		494	-0.18934631	-0.7125365	1.0	1.0	1.0	7693	tags=20%, list=21%, signal=25%	
GOBP_REGULATION_OF_P38MAPK_CASCADE	GOBP_REGULATION_OF_P38MAPK_CASCADE		45	-0.24696815	-0.71245176	0.9355372	1.0	1.0	8933	tags=29%, list=24%, signal=38%	
GOBP_THYMIC_T_CELL_SELECTION	GOBP_THYMIC_T_CELL_SELECTION		28	-0.26988876	-0.71204984	0.92529714	1.0	1.0	1961	tags=7%, list=5%, signal=8%	
GOBP_MEIOTIC_CELL_CYCLE_PROCESS	GOBP_MEIOTIC_CELL_CYCLE_PROCESS		245	-0.19749929	-0.71170497	1.0	1.0	1.0	6399	tags=15%, list=17%, signal=18%	
GOBP_RESPONSE_TO_MUSCLE_ACTIVITY	GOBP_RESPONSE_TO_MUSCLE_ACTIVITY		34	-0.264139	-0.71164805	0.90893763	1.0	1.0	17	tags=3%, list=0%, signal=3%	
GOBP_PLATELET_AGGREGATION	GOBP_PLATELET_AGGREGATION		65	-0.2305011	-0.7111821	0.9639344	1.0	1.0	8927	tags=22%, list=24%, signal=28%	
GOBP_PHOSPHATIDYLGLYCEROL_METABOLIC_PROCESS	GOBP_PHOSPHATIDYLGLYCEROL_METABOLIC_PROCESS		26	-0.27264875	-0.71085036	0.8916084	1.0	1.0	7073	tags=19%, list=19%, signal=24%	
GOBP_ENTRAINMENT_OF_CIRCADIAN_CLOCK	GOBP_ENTRAINMENT_OF_CIRCADIAN_CLOCK		25	-0.2736503	-0.7103649	0.891844	1.0	1.0	8922	tags=20%, list=24%, signal=26%	
GOBP_MITOCHONDRIAL_DNA_REPLICATION	GOBP_MITOCHONDRIAL_DNA_REPLICATION		17	-0.29991338	-0.7093121	0.8708487	1.0	1.0	25875	tags=100%, list=70%, signal=333%	
GOBP_NEGATIVE_REGULATION_OF_ANOIKIS	GOBP_NEGATIVE_REGULATION_OF_ANOIKIS		15	-0.3132675	-0.70922756	0.87971276	1.0	1.0	8953	tags=20%, list=24%, signal=26%	
GOBP_RESPONSE_TO_VITAMIN_D	GOBP_RESPONSE_TO_VITAMIN_D		33	-0.25792676	-0.7087981	0.93448275	1.0	1.0	91	tags=3%, list=0%, signal=3%	
GOBP_NEGATIVE_REGULATION_OF_LEUKOCYTE_MEDIATED_IMMUNITY	GOBP_NEGATIVE_REGULATION_OF_LEUKOCYTE_MEDIATED_IMMUNITY		84	-0.22291993	-0.70828843	0.96860284	1.0	1.0	6093	tags=13%, list=16%, signal=16%	
GOBP_ADULT_WALKING_BEHAVIOR	GOBP_ADULT_WALKING_BEHAVIOR		46	-0.24882758	-0.70713204	0.9390445	1.0	1.0	8809	tags=22%, list=24%, signal=29%	
GOBP_TRNA_WOBBLE_BASE_MODIFICATION	GOBP_TRNA_WOBBLE_BASE_MODIFICATION		28	-0.2685589	-0.70694184	0.9172414	1.0	1.0	27036	tags=100%, list=73%, signal=372%	
GOBP_NICOTINAMIDE_NUCLEOTIDE_BIOSYNTHETIC_PROCESS	GOBP_NICOTINAMIDE_NUCLEOTIDE_BIOSYNTHETIC_PROCESS		21	-0.28324863	-0.7067448	0.90877795	1.0	1.0	1122	tags=5%, list=3%, signal=5%	
GOBP_GLUTAMATE_RECEPTOR_SIGNALING_PATHWAY	GOBP_GLUTAMATE_RECEPTOR_SIGNALING_PATHWAY		60	-0.2335271	-0.7061748	0.9603804	1.0	1.0	7858	tags=25%, list=21%, signal=32%	
GOBP_NEGATIVE_REGULATION_OF_CYTOKINE_PRODUCTION_INVOLVED_IN_INFLAMMATORY_RESPONSE	GOBP_NEGATIVE_REGULATION_OF_CYTOKINE_PRODUCTION_INVOLVED_IN_INFLAMMATORY_RESPONSE		37	-0.2562806	-0.7061663	0.93157893	1.0	1.0	8835	tags=27%, list=24%, signal=35%	
GOBP_NEGATIVE_REGULATION_OF_SECRETION	GOBP_NEGATIVE_REGULATION_OF_SECRETION		195	-0.20396382	-0.7059495	0.99724895	1.0	1.0	8757	tags=23%, list=24%, signal=29%	
GOBP_POSITIVE_REGULATION_OF_SIGNAL_TRANSDUCTION_BY_P53_CLASS_MEDIATOR	GOBP_POSITIVE_REGULATION_OF_SIGNAL_TRANSDUCTION_BY_P53_CLASS_MEDIATOR		37	-0.2500677	-0.7057697	0.9312602	1.0	1.0	27721	tags=100%, list=75%, signal=400%	
GOBP_RESPONSE_TO_PAIN	GOBP_RESPONSE_TO_PAIN		45	-0.24485955	-0.7053475	0.9465154	1.0	1.0	7686	tags=29%, list=21%, signal=36%	
GOBP_MICROGLIA_DIFFERENTIATION	GOBP_MICROGLIA_DIFFERENTIATION		19	-0.2918574	-0.70521253	0.8866907	1.0	1.0	8285	tags=26%, list=22%, signal=34%	
GOBP_RRNA_METHYLATION	GOBP_RRNA_METHYLATION		22	-0.27677435	-0.7051612	0.91214955	1.0	1.0	26731	tags=100%, list=72%, signal=361%	
GOBP_NEGATIVE_REGULATION_OF_LEUKOCYTE_CHEMOTAXIS	GOBP_NEGATIVE_REGULATION_OF_LEUKOCYTE_CHEMOTAXIS		19	-0.289338	-0.70488554	0.8805704	1.0	1.0	3030	tags=11%, list=8%, signal=11%	
GOBP_POSITIVE_REGULATION_OF_ERAD_PATHWAY	GOBP_POSITIVE_REGULATION_OF_ERAD_PATHWAY		16	-0.2984703	-0.7040622	0.8818011	1.0	1.0	25928	tags=100%, list=70%, signal=335%	
GOBP_RESPONSE_TO_LIPOPROTEIN_PARTICLE	GOBP_RESPONSE_TO_LIPOPROTEIN_PARTICLE		33	-0.2565617	-0.7023295	0.9141914	1.0	1.0	6590	tags=15%, list=18%, signal=18%	
GOBP_REGULATION_OF_BICELLULAR_TIGHT_JUNCTION_ASSEMBLY	GOBP_REGULATION_OF_BICELLULAR_TIGHT_JUNCTION_ASSEMBLY		25	-0.27157176	-0.7014755	0.9087657	1.0	1.0	7373	tags=20%, list=20%, signal=25%	
GOBP_NEUTROPHIL_DEGRANULATION	GOBP_NEUTROPHIL_DEGRANULATION		16	-0.30220658	-0.70120955	0.88682747	1.0	1.0	25790	tags=100%, list=70%, signal=331%	
GOBP_NEGATIVE_REGULATION_OF_CELL_ACTIVATION	GOBP_NEGATIVE_REGULATION_OF_CELL_ACTIVATION		223	-0.19597399	-0.70068234	1.0	1.0	1.0	8636	tags=23%, list=23%, signal=30%	
GOBP_RIBONUCLEOSIDE_MONOPHOSPHATE_BIOSYNTHETIC_PROCESS	GOBP_RIBONUCLEOSIDE_MONOPHOSPHATE_BIOSYNTHETIC_PROCESS		38	-0.24766873	-0.6997476	0.95158595	1.0	1.0	8875	tags=24%, list=24%, signal=31%	
GOBP_RESCUE_OF_STALLED_RIBOSOME	GOBP_RESCUE_OF_STALLED_RIBOSOME		37	-0.2506366	-0.69927144	0.9299674	1.0	1.0	27700	tags=100%, list=75%, signal=399%	
GOBP_MITOCHONDRIAL_LARGE_RIBOSOMAL_SUBUNIT_ASSEMBLY	GOBP_MITOCHONDRIAL_LARGE_RIBOSOMAL_SUBUNIT_ASSEMBLY		15	-0.3004386	-0.6990558	0.8822464	1.0	1.0	25855	tags=100%, list=70%, signal=333%	
GOBP_ATRIAL_CARDIAC_MUSCLE_CELL_TO_AV_NODE_CELL_COMMUNICATION	GOBP_ATRIAL_CARDIAC_MUSCLE_CELL_TO_AV_NODE_CELL_COMMUNICATION		15	-0.30722198	-0.69901735	0.8863636	1.0	1.0	3237	tags=13%, list=9%, signal=15%	
GOBP_REGULATION_OF_ENDOTHELIAL_CELL_DIFFERENTIATION	GOBP_REGULATION_OF_ENDOTHELIAL_CELL_DIFFERENTIATION		41	-0.24581414	-0.6974994	0.96039605	1.0	1.0	27879	tags=100%, list=75%, signal=407%	
GOBP_POSITIVE_REGULATION_OF_AMINO_ACID_TRANSPORT	GOBP_POSITIVE_REGULATION_OF_AMINO_ACID_TRANSPORT		33	-0.25691187	-0.69749194	0.93699515	1.0	1.0	2778	tags=9%, list=8%, signal=10%	
GOBP_STEROL_TRANSPORT	GOBP_STEROL_TRANSPORT		118	-0.20844603	-0.6973045	0.99405646	1.0	1.0	2782	tags=4%, list=8%, signal=5%	
GOBP_NEGATIVE_REGULATION_OF_ASTROCYTE_DIFFERENTIATION	GOBP_NEGATIVE_REGULATION_OF_ASTROCYTE_DIFFERENTIATION		18	-0.2934894	-0.6972834	0.906422	1.0	1.0	6111	tags=17%, list=17%, signal=20%	
GOBP_TEMPERATURE_HOMEOSTASIS	GOBP_TEMPERATURE_HOMEOSTASIS		193	-0.19973119	-0.69714695	0.998672	1.0	1.0	8506	tags=20%, list=23%, signal=26%	
GOBP_RESPONSE_TO_NITRIC_OXIDE	GOBP_RESPONSE_TO_NITRIC_OXIDE		22	-0.27707884	-0.6959637	0.920434	1.0	1.0	8370	tags=27%, list=23%, signal=35%	
GOBP_DORSAL_SPINAL_CORD_DEVELOPMENT	GOBP_DORSAL_SPINAL_CORD_DEVELOPMENT		18	-0.2901739	-0.6954412	0.90235084	1.0	1.0	4057	tags=17%, list=11%, signal=19%	
GOBP_REGULATION_OF_LYMPHOCYTE_MEDIATED_IMMUNITY	GOBP_REGULATION_OF_LYMPHOCYTE_MEDIATED_IMMUNITY		213	-0.1958593	-0.695375	1.0	1.0	1.0	9024	tags=25%, list=24%, signal=33%	
GOBP_GOLGI_TO_PLASMA_MEMBRANE_TRANSPORT	GOBP_GOLGI_TO_PLASMA_MEMBRANE_TRANSPORT		71	-0.22664379	-0.69485915	0.9824	1.0	1.0	26757	tags=99%, list=72%, signal=357%	
GOBP_DEVELOPMENT_OF_PRIMARY_SEXUAL_CHARACTERISTICS	GOBP_DEVELOPMENT_OF_PRIMARY_SEXUAL_CHARACTERISTICS		269	-0.19286057	-0.694643	0.9986649	1.0	1.0	8775	tags=22%, list=24%, signal=28%	
GOBP_TELOMERE_CAPPING	GOBP_TELOMERE_CAPPING		28	-0.25699428	-0.6939166	0.9345955	1.0	1.0	27463	tags=100%, list=74%, signal=389%	
GOBP_NUCLEOLAR_LARGE_RRNA_TRANSCRIPTION_BY_RNA_POLYMERASE_I	GOBP_NUCLEOLAR_LARGE_RRNA_TRANSCRIPTION_BY_RNA_POLYMERASE_I		33	-0.25689366	-0.6937639	0.9248252	1.0	1.0	27468	tags=100%, list=74%, signal=389%	
GOBP_LOCOMOTOR_RHYTHM	GOBP_LOCOMOTOR_RHYTHM		23	-0.27303392	-0.6933189	0.91150445	1.0	1.0	3292	tags=9%, list=9%, signal=10%	
GOBP_POSITIVE_REGULATION_OF_MRNA_PROCESSING	GOBP_POSITIVE_REGULATION_OF_MRNA_PROCESSING		35	-0.2506501	-0.69309247	0.9261745	1.0	1.0	27699	tags=100%, list=75%, signal=399%	
GOBP_OOGENESIS	GOBP_OOGENESIS		117	-0.20796344	-0.6928851	0.9954614	1.0	1.0	8775	tags=26%, list=24%, signal=35%	
GOBP_REGULATION_OF_ENDOTHELIAL_CELL_DEVELOPMENT	GOBP_REGULATION_OF_ENDOTHELIAL_CELL_DEVELOPMENT		19	-0.28086755	-0.6924284	0.8819444	1.0	1.0	26579	tags=100%, list=72%, signal=356%	
GOBP_MYELOID_DENDRITIC_CELL_DIFFERENTIATION	GOBP_MYELOID_DENDRITIC_CELL_DIFFERENTIATION		23	-0.2759368	-0.69241107	0.9142857	1.0	1.0	7112	tags=17%, list=19%, signal=22%	
GOBP_LEUKOCYTE_AGGREGATION	GOBP_LEUKOCYTE_AGGREGATION		17	-0.29304466	-0.6916851	0.8884892	1.0	1.0	8080	tags=35%, list=22%, signal=45%	
GOBP_POSITIVE_REGULATION_OF_HEMOPOIESIS	GOBP_POSITIVE_REGULATION_OF_HEMOPOIESIS		202	-0.19777556	-0.69119525	1.0	1.0	1.0	8654	tags=18%, list=23%, signal=23%	
GOBP_HISTONE_MRNA_CATABOLIC_PROCESS	GOBP_HISTONE_MRNA_CATABOLIC_PROCESS		15	-0.30238792	-0.6901847	0.899635	1.0	1.0	25783	tags=100%, list=70%, signal=331%	
GOBP_SPERMATID_NUCLEUS_DIFFERENTIATION	GOBP_SPERMATID_NUCLEUS_DIFFERENTIATION		32	-0.25661922	-0.68988675	0.9226891	1.0	1.0	5885	tags=13%, list=16%, signal=15%	
GOBP_EXPLORATION_BEHAVIOR	GOBP_EXPLORATION_BEHAVIOR		49	-0.2343624	-0.6897052	0.96633	1.0	1.0	8809	tags=24%, list=24%, signal=32%	
GOBP_T_HELPER_2_CELL_DIFFERENTIATION	GOBP_T_HELPER_2_CELL_DIFFERENTIATION		19	-0.27816206	-0.6896502	0.90086955	1.0	1.0	4666	tags=11%, list=13%, signal=12%	
GOBP_NEGATIVE_REGULATION_OF_SYNAPTIC_TRANSMISSION	GOBP_NEGATIVE_REGULATION_OF_SYNAPTIC_TRANSMISSION		73	-0.22115149	-0.6894986	0.98883575	1.0	1.0	8230	tags=23%, list=22%, signal=30%	
GOBP_REGULATION_OF_ARP2_3_COMPLEX_MEDIATED_ACTIN_NUCLEATION	GOBP_REGULATION_OF_ARP2_3_COMPLEX_MEDIATED_ACTIN_NUCLEATION		28	-0.2633318	-0.68895537	0.9431616	1.0	1.0	27229	tags=100%, list=74%, signal=380%	
GOBP_POSITIVE_REGULATION_OF_LYMPHOCYTE_MIGRATION	GOBP_POSITIVE_REGULATION_OF_LYMPHOCYTE_MIGRATION		44	-0.24095255	-0.688861	0.97044337	1.0	1.0	9070	tags=32%, list=25%, signal=42%	
GOBP_POSITIVE_REGULATION_OF_RESPONSE_TO_CYTOKINE_STIMULUS	GOBP_POSITIVE_REGULATION_OF_RESPONSE_TO_CYTOKINE_STIMULUS		71	-0.22318019	-0.68809104	0.97448164	1.0	1.0	8913	tags=24%, list=24%, signal=31%	
GOBP_ALPHA_BETA_T_CELL_ACTIVATION	GOBP_ALPHA_BETA_T_CELL_ACTIVATION		207	-0.19586787	-0.68677074	1.0	1.0	1.0	8510	tags=23%, list=23%, signal=30%	
GOBP_NEGATIVE_REGULATION_OF_ESTABLISHMENT_OF_PROTEIN_LOCALIZATION	GOBP_NEGATIVE_REGULATION_OF_ESTABLISHMENT_OF_PROTEIN_LOCALIZATION		148	-0.20151137	-0.68662125	0.9943343	1.0	1.0	3075	tags=5%, list=8%, signal=5%	
GOBP_NEGATIVE_REGULATION_OF_INFLAMMATORY_RESPONSE_TO_ANTIGENIC_STIMULUS	GOBP_NEGATIVE_REGULATION_OF_INFLAMMATORY_RESPONSE_TO_ANTIGENIC_STIMULUS		17	-0.29328355	-0.6859704	0.9144385	1.0	1.0	6111	tags=18%, list=17%, signal=21%	
GOBP_RESPONSE_TO_STEROL	GOBP_RESPONSE_TO_STEROL		35	-0.25426802	-0.6839898	0.9395973	1.0	1.0	8329	tags=23%, list=23%, signal=29%	
GOBP_ADULT_BEHAVIOR	GOBP_ADULT_BEHAVIOR		185	-0.19682068	-0.68392146	1.0	1.0	1.0	7830	tags=20%, list=21%, signal=25%	
GOBP_GLYCOSYL_COMPOUND_BIOSYNTHETIC_PROCESS	GOBP_GLYCOSYL_COMPOUND_BIOSYNTHETIC_PROCESS		23	-0.2661395	-0.68365926	0.92105263	1.0	1.0	27124	tags=100%, list=73%, signal=376%	
GOBP_RESPONSE_TO_MAGNESIUM_ION	GOBP_RESPONSE_TO_MAGNESIUM_ION		21	-0.27379566	-0.68335986	0.9181495	1.0	1.0	7141	tags=33%, list=19%, signal=41%	
GOBP_HEME_METABOLIC_PROCESS	GOBP_HEME_METABOLIC_PROCESS		41	-0.24092689	-0.68259275	0.9546248	1.0	1.0	8557	tags=17%, list=23%, signal=22%	
GOBP_REGULATION_OF_PROTEIN_ACETYLATION	GOBP_REGULATION_OF_PROTEIN_ACETYLATION		16	-0.28745094	-0.68228525	0.91818184	1.0	1.0	26335	tags=100%, list=71%, signal=348%	
GOBP_REGULATION_OF_ENDOCRINE_PROCESS	GOBP_REGULATION_OF_ENDOCRINE_PROCESS		56	-0.22705755	-0.6820603	0.96351576	1.0	1.0	8537	tags=30%, list=23%, signal=39%	
GOBP_NEGATIVE_REGULATION_OF_NEURON_PROJECTION_REGENERATION	GOBP_NEGATIVE_REGULATION_OF_NEURON_PROJECTION_REGENERATION		22	-0.2669331	-0.6819536	0.9209139	1.0	1.0	23847	tags=95%, list=65%, signal=269%	
GOBP_RESPONSE_TO_TUMOR_NECROSIS_FACTOR	GOBP_RESPONSE_TO_TUMOR_NECROSIS_FACTOR		221	-0.19232398	-0.6818736	1.0	1.0	1.0	9248	tags=19%, list=25%, signal=26%	
GOBP_REGULATION_OF_NUCLEOTIDE_EXCISION_REPAIR	GOBP_REGULATION_OF_NUCLEOTIDE_EXCISION_REPAIR		28	-0.2561898	-0.68183434	0.92691624	1.0	1.0	23977	tags=96%, list=65%, signal=274%	
GOBP_POSITIVE_REGULATION_OF_DEVELOPMENTAL_GROWTH	GOBP_POSITIVE_REGULATION_OF_DEVELOPMENTAL_GROWTH		211	-0.19355644	-0.6815509	1.0	1.0	1.0	6177	tags=11%, list=17%, signal=14%	
GOBP_NEURON_PROJECTION_ARBORIZATION	GOBP_NEURON_PROJECTION_ARBORIZATION		39	-0.24107178	-0.6813498	0.94892913	1.0	1.0	5795	tags=13%, list=16%, signal=15%	
GOBP_POSITIVE_REGULATION_OF_INTRACELLULAR_STEROID_HORMONE_RECEPTOR_SIGNALING_PATHWAY	GOBP_POSITIVE_REGULATION_OF_INTRACELLULAR_STEROID_HORMONE_RECEPTOR_SIGNALING_PATHWAY		21	-0.27725428	-0.6812356	0.9110738	1.0	1.0	26713	tags=100%, list=72%, signal=361%	
GOBP_POSITIVE_REGULATION_OF_RECEPTOR_RECYCLING	GOBP_POSITIVE_REGULATION_OF_RECEPTOR_RECYCLING		16	-0.29524842	-0.6810155	0.87636364	1.0	1.0	26047	tags=100%, list=70%, signal=339%	
GOBP_INNER_MITOCHONDRIAL_MEMBRANE_ORGANIZATION	GOBP_INNER_MITOCHONDRIAL_MEMBRANE_ORGANIZATION		42	-0.23937252	-0.68084	0.959596	1.0	1.0	28117	tags=100%, list=76%, signal=418%	
GOBP_CELLULAR_RESPONSE_TO_SALT_STRESS	GOBP_CELLULAR_RESPONSE_TO_SALT_STRESS		18	-0.2810194	-0.68076783	0.9102334	1.0	1.0	9096	tags=39%, list=25%, signal=52%	
GOBP_NATURAL_KILLER_CELL_ACTIVATION_INVOLVED_IN_IMMUNE_RESPONSE	GOBP_NATURAL_KILLER_CELL_ACTIVATION_INVOLVED_IN_IMMUNE_RESPONSE		17	-0.28469473	-0.6804656	0.9007353	1.0	1.0	8407	tags=35%, list=23%, signal=46%	
GOBP_MACROMOLECULE_DEACYLATION	GOBP_MACROMOLECULE_DEACYLATION		55	-0.2254445	-0.6801334	0.96737355	1.0	1.0	28634	tags=100%, list=77%, signal=444%	
GOBP_MOTOR_NEURON_APOPTOTIC_PROCESS	GOBP_MOTOR_NEURON_APOPTOTIC_PROCESS		15	-0.2952675	-0.67927456	0.90203327	1.0	1.0	26046	tags=100%, list=70%, signal=339%	
GOBP_GLIAL_CELL_ACTIVATION	GOBP_GLIAL_CELL_ACTIVATION		58	-0.22602935	-0.67923635	0.97364086	1.0	1.0	9293	tags=31%, list=25%, signal=41%	
GOBP_PROTEIN_LOCALIZATION_TO_SITE_OF_DOUBLE_STRAND_BREAK	GOBP_PROTEIN_LOCALIZATION_TO_SITE_OF_DOUBLE_STRAND_BREAK		26	-0.26616114	-0.6788263	0.9440678	1.0	1.0	27124	tags=100%, list=73%, signal=376%	
GOBP_REGULATION_OF_NEURON_MIGRATION	GOBP_REGULATION_OF_NEURON_MIGRATION		56	-0.22477949	-0.67865473	0.9726248	1.0	1.0	5603	tags=13%, list=15%, signal=15%	
GOBP_MEMBRANE_FISSION	GOBP_MEMBRANE_FISSION		32	-0.25195697	-0.6783546	0.962069	1.0	1.0	27650	tags=100%, list=75%, signal=397%	
GOBP_MITOCHONDRION_DISTRIBUTION	GOBP_MITOCHONDRION_DISTRIBUTION		26	-0.2587136	-0.6772486	0.9482143	1.0	1.0	27399	tags=100%, list=74%, signal=387%	
GOBP_PLASMA_MEMBRANE_TUBULATION	GOBP_PLASMA_MEMBRANE_TUBULATION		20	-0.27239987	-0.6772152	0.9138241	1.0	1.0	26892	tags=100%, list=73%, signal=367%	
GOBP_NUCLEAR_TRANSCRIBED_MRNA_CATABOLIC_PROCESS_NONSENSE_MEDIATED_DECAY	GOBP_NUCLEAR_TRANSCRIBED_MRNA_CATABOLIC_PROCESS_NONSENSE_MEDIATED_DECAY		48	-0.22887027	-0.67714846	0.9643436	1.0	1.0	28506	tags=100%, list=77%, signal=437%	
GOBP_POSITIVE_REGULATION_OF_LEUKOCYTE_MEDIATED_IMMUNITY	GOBP_POSITIVE_REGULATION_OF_LEUKOCYTE_MEDIATED_IMMUNITY		169	-0.19644134	-0.6759569	1.0	1.0	1.0	8448	tags=21%, list=23%, signal=27%	
GOBP_CYTOCHROME_COMPLEX_ASSEMBLY	GOBP_CYTOCHROME_COMPLEX_ASSEMBLY		41	-0.23936602	-0.67496276	0.9713805	1.0	1.0	28117	tags=100%, list=76%, signal=418%	
GOBP_REGULATION_OF_POSTSYNAPTIC_NEUROTRANSMITTER_RECEPTOR_INTERNALIZATION	GOBP_REGULATION_OF_POSTSYNAPTIC_NEUROTRANSMITTER_RECEPTOR_INTERNALIZATION		44	-0.23437288	-0.67490035	0.96198344	1.0	1.0	28302	tags=100%, list=77%, signal=427%	
GOBP_REGULATION_OF_ERYTHROCYTE_DIFFERENTIATION	GOBP_REGULATION_OF_ERYTHROCYTE_DIFFERENTIATION		50	-0.23167394	-0.6743636	0.9686985	1.0	1.0	28403	tags=100%, list=77%, signal=432%	
GOBP_NEGATIVE_REGULATION_OF_CARDIAC_MUSCLE_CELL_PROLIFERATION	GOBP_NEGATIVE_REGULATION_OF_CARDIAC_MUSCLE_CELL_PROLIFERATION		17	-0.28393725	-0.6741108	0.9094203	1.0	1.0	12283	tags=29%, list=33%, signal=44%	
GOBP_UBIQUITIN_DEPENDENT_PROTEIN_CATABOLIC_PROCESS_VIA_THE_MULTIVESICULAR_BODY_SORTING_PATHWAY	GOBP_UBIQUITIN_DEPENDENT_PROTEIN_CATABOLIC_PROCESS_VIA_THE_MULTIVESICULAR_BODY_SORTING_PATHWAY		31	-0.25195017	-0.67396754	0.94623655	1.0	1.0	27650	tags=100%, list=75%, signal=397%	
GOBP_POSITIVE_REGULATION_OF_RAC_PROTEIN_SIGNAL_TRANSDUCTION	GOBP_POSITIVE_REGULATION_OF_RAC_PROTEIN_SIGNAL_TRANSDUCTION		22	-0.26997754	-0.6737045	0.93504274	1.0	1.0	26982	tags=100%, list=73%, signal=370%	
GOBP_POSITIVE_REGULATION_OF_LIPID_METABOLIC_PROCESS	GOBP_POSITIVE_REGULATION_OF_LIPID_METABOLIC_PROCESS		159	-0.19503395	-0.6736671	0.9986053	1.0	1.0	9112	tags=23%, list=25%, signal=30%	
GOBP_AMINO_SUGAR_CATABOLIC_PROCESS	GOBP_AMINO_SUGAR_CATABOLIC_PROCESS		16	-0.28478837	-0.6734846	0.9	1.0	1.0	7153	tags=31%, list=19%, signal=39%	
GOBP_REGULATION_OF_REGULATORY_T_CELL_DIFFERENTIATION	GOBP_REGULATION_OF_REGULATORY_T_CELL_DIFFERENTIATION		37	-0.24049897	-0.6732835	0.9587459	1.0	1.0	6461	tags=22%, list=17%, signal=26%	
GOBP_T_CELL_MEDIATED_IMMUNITY	GOBP_T_CELL_MEDIATED_IMMUNITY		143	-0.19856639	-0.6730282	0.99852073	1.0	1.0	9024	tags=27%, list=24%, signal=36%	
GOBP_SYNAPTIC_VESICLE_ENDOSOMAL_PROCESSING	GOBP_SYNAPTIC_VESICLE_ENDOSOMAL_PROCESSING		18	-0.2868979	-0.67217886	0.8933824	1.0	1.0	26356	tags=100%, list=71%, signal=349%	
GOBP_NEGATIVE_REGULATION_OF_MEIOTIC_CELL_CYCLE	GOBP_NEGATIVE_REGULATION_OF_MEIOTIC_CELL_CYCLE		26	-0.26490393	-0.67171353	0.9211909	1.0	1.0	8826	tags=31%, list=24%, signal=40%	
GOBP_NEGATIVE_REGULATION_OF_MIRNA_METABOLIC_PROCESS	GOBP_NEGATIVE_REGULATION_OF_MIRNA_METABOLIC_PROCESS		32	-0.24575421	-0.6710781	0.9543147	1.0	1.0	27879	tags=100%, list=75%, signal=407%	
GOBP_VIRION_ASSEMBLY	GOBP_VIRION_ASSEMBLY		30	-0.25194335	-0.67081636	0.95364237	1.0	1.0	27650	tags=100%, list=75%, signal=397%	
GOBP_MONOCYTE_DIFFERENTIATION	GOBP_MONOCYTE_DIFFERENTIATION		34	-0.24576753	-0.6708113	0.95213675	1.0	1.0	27879	tags=100%, list=75%, signal=407%	
GOBP_NUCLEOBASE_BIOSYNTHETIC_PROCESS	GOBP_NUCLEOBASE_BIOSYNTHETIC_PROCESS		17	-0.28158337	-0.67072755	0.9189189	1.0	1.0	26552	tags=100%, list=72%, signal=355%	
GOBP_REGULATION_OF_INTRINSIC_APOPTOTIC_SIGNALING_PATHWAY_IN_RESPONSE_TO_DNA_DAMAGE	GOBP_REGULATION_OF_INTRINSIC_APOPTOTIC_SIGNALING_PATHWAY_IN_RESPONSE_TO_DNA_DAMAGE		38	-0.23736896	-0.6703654	0.9493243	1.0	1.0	28190	tags=100%, list=76%, signal=421%	
GOBP_NEGATIVE_REGULATION_OF_IMMUNE_RESPONSE	GOBP_NEGATIVE_REGULATION_OF_IMMUNE_RESPONSE		220	-0.18811555	-0.66952866	1.0	1.0	1.0	6149	tags=12%, list=17%, signal=14%	
GOBP_RAC_PROTEIN_SIGNAL_TRANSDUCTION	GOBP_RAC_PROTEIN_SIGNAL_TRANSDUCTION		62	-0.22128984	-0.66944605	0.9797823	1.0	1.0	439	tags=2%, list=1%, signal=2%	
GOBP_POSITIVE_REGULATION_OF_TRANSCRIPTION_BY_RNA_POLYMERASE_III	GOBP_POSITIVE_REGULATION_OF_TRANSCRIPTION_BY_RNA_POLYMERASE_III		21	-0.26651484	-0.66887766	0.9097345	1.0	1.0	8918	tags=19%, list=24%, signal=25%	
GOBP_FEMALE_GAMETE_GENERATION	GOBP_FEMALE_GAMETE_GENERATION		178	-0.19043252	-0.66855747	1.0	1.0	1.0	9301	tags=28%, list=25%, signal=37%	
GOBP_NEGATIVE_REGULATION_OF_MUSCLE_CONTRACTION	GOBP_NEGATIVE_REGULATION_OF_MUSCLE_CONTRACTION		32	-0.24585621	-0.6685108	0.959596	1.0	1.0	8928	tags=34%, list=24%, signal=45%	
GOBP_POSITIVE_REGULATION_OF_RNA_SPLICING	GOBP_POSITIVE_REGULATION_OF_RNA_SPLICING		47	-0.2316551	-0.6684447	0.9647651	1.0	1.0	28403	tags=100%, list=77%, signal=432%	
GOBP_CYTOKINE_PRODUCTION_INVOLVED_IN_IMMUNE_RESPONSE	GOBP_CYTOKINE_PRODUCTION_INVOLVED_IN_IMMUNE_RESPONSE		103	-0.20422561	-0.668227	0.99408287	1.0	1.0	9293	tags=27%, list=25%, signal=36%	
GOBP_POSITIVE_REGULATION_OF_FIBROBLAST_PROLIFERATION	GOBP_POSITIVE_REGULATION_OF_FIBROBLAST_PROLIFERATION		69	-0.21542864	-0.668098	0.98888886	1.0	1.0	9117	tags=20%, list=25%, signal=27%	
GOBP_T_CELL_RECEPTOR_SIGNALING_PATHWAY	GOBP_T_CELL_RECEPTOR_SIGNALING_PATHWAY		151	-0.19570506	-0.66803086	0.99857956	1.0	1.0	8757	tags=23%, list=24%, signal=29%	
GOBP_PHAGOSOME_MATURATION	GOBP_PHAGOSOME_MATURATION		30	-0.25076523	-0.66775167	0.9486726	1.0	1.0	569	tags=3%, list=2%, signal=3%	
GOBP_NEGATIVE_REGULATION_OF_STRESS_FIBER_ASSEMBLY	GOBP_NEGATIVE_REGULATION_OF_STRESS_FIBER_ASSEMBLY		34	-0.24204804	-0.6676689	0.95819396	1.0	1.0	3118	tags=6%, list=8%, signal=6%	
GOBP_NUCLEOTIDE_SALVAGE	GOBP_NUCLEOTIDE_SALVAGE		33	-0.24580248	-0.6676108	0.96106195	1.0	1.0	9118	tags=27%, list=25%, signal=36%	
GOBP_INTERLEUKIN_1_PRODUCTION	GOBP_INTERLEUKIN_1_PRODUCTION		115	-0.20299414	-0.6675764	0.99850297	1.0	1.0	9188	tags=30%, list=25%, signal=40%	
GOBP_CELL_PROLIFERATION_IN_FOREBRAIN	GOBP_CELL_PROLIFERATION_IN_FOREBRAIN		38	-0.23744021	-0.66756904	0.9549249	1.0	1.0	6070	tags=16%, list=16%, signal=19%	
GOBP_EYELID_DEVELOPMENT_IN_CAMERA_TYPE_EYE	GOBP_EYELID_DEVELOPMENT_IN_CAMERA_TYPE_EYE		16	-0.2904935	-0.66641587	0.906087	1.0	1.0	9117	tags=25%, list=25%, signal=33%	
GOBP_ERK1_AND_ERK2_CASCADE	GOBP_ERK1_AND_ERK2_CASCADE		332	-0.18012749	-0.66558844	1.0	1.0	1.0	8857	tags=22%, list=24%, signal=29%	
GOBP_RESPONSE_TO_LEUKEMIA_INHIBITORY_FACTOR	GOBP_RESPONSE_TO_LEUKEMIA_INHIBITORY_FACTOR		156	-0.19234467	-0.6648778	1.0	1.0	1.0	3270	tags=5%, list=9%, signal=6%	
GOBP_LEUKOCYTE_MEDIATED_CYTOTOXICITY	GOBP_LEUKOCYTE_MEDIATED_CYTOTOXICITY		164	-0.1932362	-0.664325	1.0	1.0	1.0	6093	tags=13%, list=16%, signal=16%	
GOBP_TRNA_WOBBLE_URIDINE_MODIFICATION	GOBP_TRNA_WOBBLE_URIDINE_MODIFICATION		19	-0.26849344	-0.6642997	0.9355401	1.0	1.0	27036	tags=100%, list=73%, signal=372%	
GOBP_SULFUR_COMPOUND_CATABOLIC_PROCESS	GOBP_SULFUR_COMPOUND_CATABOLIC_PROCESS		27	-0.2569634	-0.66347	0.96153843	1.0	1.0	7828	tags=19%, list=21%, signal=23%	
GOBP_NEGATIVE_REGULATION_OF_COLLAGEN_METABOLIC_PROCESS	GOBP_NEGATIVE_REGULATION_OF_COLLAGEN_METABOLIC_PROCESS		19	-0.2731132	-0.66258556	0.9400749	1.0	1.0	7924	tags=21%, list=21%, signal=27%	
GOBP_LABYRINTHINE_LAYER_DEVELOPMENT	GOBP_LABYRINTHINE_LAYER_DEVELOPMENT		61	-0.21780294	-0.66178066	0.9906103	1.0	1.0	8706	tags=18%, list=24%, signal=24%	
GOBP_PROTEIN_LOCALIZATION_TO_VACUOLE	GOBP_PROTEIN_LOCALIZATION_TO_VACUOLE		98	-0.20446186	-0.6617647	0.99691355	1.0	1.0	23899	tags=97%, list=65%, signal=274%	
GOBP_SECONDARY_METABOLIC_PROCESS	GOBP_SECONDARY_METABOLIC_PROCESS		57	-0.22042432	-0.6616993	0.9794872	1.0	1.0	8195	tags=28%, list=22%, signal=36%	
GOBP_POSITIVE_REGULATION_OF_MUSCLE_HYPERTROPHY	GOBP_POSITIVE_REGULATION_OF_MUSCLE_HYPERTROPHY		49	-0.22556052	-0.66154414	0.9807074	1.0	1.0	6177	tags=12%, list=17%, signal=15%	
GOBP_NEGATIVE_REGULATION_OF_AMIDE_METABOLIC_PROCESS	GOBP_NEGATIVE_REGULATION_OF_AMIDE_METABOLIC_PROCESS		26	-0.25521398	-0.6608623	0.9575221	1.0	1.0	7622	tags=15%, list=21%, signal=19%	
GOBP_DETECTION_OF_STIMULUS_INVOLVED_IN_SENSORY_PERCEPTION_OF_PAIN	GOBP_DETECTION_OF_STIMULUS_INVOLVED_IN_SENSORY_PERCEPTION_OF_PAIN		39	-0.23479551	-0.6602668	0.95364237	1.0	1.0	8949	tags=31%, list=24%, signal=41%	
GOBP_TUMOR_NECROSIS_FACTOR_MEDIATED_SIGNALING_PATHWAY	GOBP_TUMOR_NECROSIS_FACTOR_MEDIATED_SIGNALING_PATHWAY		113	-0.19763696	-0.6600068	1.0	1.0	1.0	5718	tags=7%, list=15%, signal=8%	
GOBP_COMPLEMENT_ACTIVATION_ALTERNATIVE_PATHWAY	GOBP_COMPLEMENT_ACTIVATION_ALTERNATIVE_PATHWAY		15	-0.28766367	-0.65967774	0.92362344	1.0	1.0	5182	tags=27%, list=14%, signal=31%	
GOBP_PIGMENT_GRANULE_ORGANIZATION	GOBP_PIGMENT_GRANULE_ORGANIZATION		39	-0.23596394	-0.6594785	0.9529412	1.0	1.0	9310	tags=23%, list=25%, signal=31%	
GOBP_REGULATION_OF_NERVOUS_SYSTEM_PROCESS	GOBP_REGULATION_OF_NERVOUS_SYSTEM_PROCESS		152	-0.19221857	-0.6593506	1.0	1.0	1.0	7446	tags=21%, list=20%, signal=26%	
GOBP_REGULATION_OF_SIGNAL_TRANSDUCTION_BY_P53_CLASS_MEDIATOR	GOBP_REGULATION_OF_SIGNAL_TRANSDUCTION_BY_P53_CLASS_MEDIATOR		99	-0.2024954	-0.65896505	0.9953052	1.0	1.0	23129	tags=94%, list=63%, signal=250%	
GOBP_MELANOSOME_ASSEMBLY	GOBP_MELANOSOME_ASSEMBLY		19	-0.26643562	-0.6588384	0.93582886	1.0	1.0	27112	tags=100%, list=73%, signal=375%	
GOBP_CAMP_PKA_SIGNAL_TRANSDUCTION	GOBP_CAMP_PKA_SIGNAL_TRANSDUCTION		77	-0.21003382	-0.6584693	0.99228394	1.0	1.0	9130	tags=35%, list=25%, signal=46%	
GOBP_POLYAMINE_TRANSPORT	GOBP_POLYAMINE_TRANSPORT		18	-0.27128524	-0.65785223	0.92832166	1.0	1.0	5438	tags=17%, list=15%, signal=20%	
GOBP_T_CELL_PROLIFERATION	GOBP_T_CELL_PROLIFERATION		220	-0.18461058	-0.65716946	1.0	1.0	1.0	9177	tags=22%, list=25%, signal=29%	
GOBP_POSITIVE_REGULATION_OF_ALPHA_BETA_T_CELL_DIFFERENTIATION	GOBP_POSITIVE_REGULATION_OF_ALPHA_BETA_T_CELL_DIFFERENTIATION		52	-0.22344173	-0.6570571	0.97727275	1.0	1.0	6517	tags=12%, list=18%, signal=14%	
GOBP_NEGATIVE_REGULATION_OF_INTERLEUKIN_8_PRODUCTION	GOBP_NEGATIVE_REGULATION_OF_INTERLEUKIN_8_PRODUCTION		15	-0.28764305	-0.6568409	0.92748094	1.0	1.0	1329	tags=7%, list=4%, signal=7%	
GOBP_AMYLOID_FIBRIL_FORMATION	GOBP_AMYLOID_FIBRIL_FORMATION		34	-0.2383184	-0.6558006	0.9543919	1.0	1.0	28154	tags=100%, list=76%, signal=420%	
GOBP_VESICLE_BUDDING_FROM_MEMBRANE	GOBP_VESICLE_BUDDING_FROM_MEMBRANE		88	-0.20429713	-0.6547555	0.99843013	1.0	1.0	6174	tags=6%, list=17%, signal=7%	
GOBP_VIRAL_TRANSCRIPTION	GOBP_VIRAL_TRANSCRIPTION		28	-0.2485812	-0.6544246	0.9445378	1.0	1.0	6774	tags=11%, list=18%, signal=13%	
GOBP_NEGATIVE_REGULATION_OF_INNATE_IMMUNE_RESPONSE	GOBP_NEGATIVE_REGULATION_OF_INNATE_IMMUNE_RESPONSE		113	-0.1972707	-0.6540438	1.0	1.0	1.0	9275	tags=21%, list=25%, signal=28%	
GOBP_POSITIVE_REGULATION_OF_SMAD_PROTEIN_SIGNAL_TRANSDUCTION	GOBP_POSITIVE_REGULATION_OF_SMAD_PROTEIN_SIGNAL_TRANSDUCTION		41	-0.22729725	-0.6540426	0.96964586	1.0	1.0	243	tags=2%, list=1%, signal=2%	
GOBP_PYRIDINE_CONTAINING_COMPOUND_BIOSYNTHETIC_PROCESS	GOBP_PYRIDINE_CONTAINING_COMPOUND_BIOSYNTHETIC_PROCESS		25	-0.25480545	-0.65381294	0.94630873	1.0	1.0	7757	tags=20%, list=21%, signal=25%	
GOBP_POSTSYNAPTIC_ACTIN_CYTOSKELETON_ORGANIZATION	GOBP_POSTSYNAPTIC_ACTIN_CYTOSKELETON_ORGANIZATION		28	-0.2484395	-0.6537378	0.9561551	1.0	1.0	858	tags=4%, list=2%, signal=4%	
GOBP_INNER_DYNEIN_ARM_ASSEMBLY	GOBP_INNER_DYNEIN_ARM_ASSEMBLY		18	-0.26936328	-0.6537063	0.9193858	1.0	1.0	6582	tags=33%, list=18%, signal=41%	
GOBP_NEGATIVE_REGULATION_OF_CELLULAR_SENESCENCE	GOBP_NEGATIVE_REGULATION_OF_CELLULAR_SENESCENCE		25	-0.2539403	-0.6531443	0.95667243	1.0	1.0	27575	tags=100%, list=75%, signal=394%	
GOBP_PROSTANOID_BIOSYNTHETIC_PROCESS	GOBP_PROSTANOID_BIOSYNTHETIC_PROCESS		34	-0.23914652	-0.652743	0.964467	1.0	1.0	6522	tags=18%, list=18%, signal=21%	
GOBP_PINOCYTOSIS	GOBP_PINOCYTOSIS		25	-0.2525321	-0.6521566	0.94584835	1.0	1.0	27627	tags=100%, list=75%, signal=396%	
GOBP_LEUKOCYTE_ACTIVATION_INVOLVED_IN_INFLAMMATORY_RESPONSE	GOBP_LEUKOCYTE_ACTIVATION_INVOLVED_IN_INFLAMMATORY_RESPONSE		48	-0.22422254	-0.65213543	0.9742351	1.0	1.0	9293	tags=31%, list=25%, signal=42%	
GOBP_NEGATIVE_REGULATION_OF_MACROAUTOPHAGY	GOBP_NEGATIVE_REGULATION_OF_MACROAUTOPHAGY		36	-0.23036706	-0.6513464	0.9788961	1.0	1.0	28448	tags=100%, list=77%, signal=434%	
GOBP_INTERLEUKIN_1_BETA_PRODUCTION	GOBP_INTERLEUKIN_1_BETA_PRODUCTION		94	-0.20200369	-0.6511092	0.994012	1.0	1.0	9188	tags=31%, list=25%, signal=41%	
GOBP_RESPONSE_TO_INTERLEUKIN_18	GOBP_RESPONSE_TO_INTERLEUKIN_18		19	-0.2668157	-0.6507235	0.93973637	1.0	1.0	8912	tags=26%, list=24%, signal=35%	
GOBP_SERTOLI_CELL_DIFFERENTIATION	GOBP_SERTOLI_CELL_DIFFERENTIATION		35	-0.2358286	-0.65049946	0.95600677	1.0	1.0	8730	tags=26%, list=24%, signal=34%	
GOBP_CELLULAR_RESPONSE_TO_NUTRIENT	GOBP_CELLULAR_RESPONSE_TO_NUTRIENT		50	-0.21964918	-0.6492473	0.9865546	1.0	1.0	91	tags=2%, list=0%, signal=2%	
GOBP_MITOCHONDRIAL_RIBOSOME_ASSEMBLY	GOBP_MITOCHONDRIAL_RIBOSOME_ASSEMBLY		26	-0.25004742	-0.6491026	0.9524618	1.0	1.0	27719	tags=100%, list=75%, signal=400%	
GOBP_REGULATORY_NCRNA_PROCESSING	GOBP_REGULATORY_NCRNA_PROCESSING		69	-0.20637655	-0.6490301	0.9888179	1.0	1.0	8173	tags=19%, list=22%, signal=24%	
GOBP_RESPIRATORY_CHAIN_COMPLEX_IV_ASSEMBLY	GOBP_RESPIRATORY_CHAIN_COMPLEX_IV_ASSEMBLY		29	-0.24044552	-0.64897674	0.95637	1.0	1.0	2436	tags=3%, list=7%, signal=4%	
GOBP_SEX_DIFFERENTIATION	GOBP_SEX_DIFFERENTIATION		316	-0.17665716	-0.648904	1.0	1.0	1.0	8775	tags=20%, list=24%, signal=26%	
GOBP_NEUROINFLAMMATORY_RESPONSE	GOBP_NEUROINFLAMMATORY_RESPONSE		93	-0.20196551	-0.64839095	0.9955224	1.0	1.0	9293	tags=27%, list=25%, signal=36%	
GOBP_POSITIVE_REGULATION_OF_GROWTH	GOBP_POSITIVE_REGULATION_OF_GROWTH		298	-0.17806254	-0.6483697	1.0	1.0	1.0	9276	tags=21%, list=25%, signal=28%	
GOBP_FACULTATIVE_HETEROCHROMATIN_FORMATION	GOBP_FACULTATIVE_HETEROCHROMATIN_FORMATION		18	-0.27495736	-0.64800304	0.9247312	1.0	1.0	26797	tags=100%, list=73%, signal=364%	
GOBP_NEGATIVE_REGULATION_OF_PEPTIDYL_SERINE_PHOSPHORYLATION	GOBP_NEGATIVE_REGULATION_OF_PEPTIDYL_SERINE_PHOSPHORYLATION		16	-0.27473667	-0.6477998	0.93157893	1.0	1.0	7718	tags=25%, list=21%, signal=32%	
GOBP_NEUROTRANSMITTER_RECEPTOR_TRANSPORT	GOBP_NEUROTRANSMITTER_RECEPTOR_TRANSPORT		28	-0.24371244	-0.6474108	0.9589041	1.0	1.0	6451	tags=14%, list=17%, signal=17%	
GOBP_REGULATION_OF_TRANSCRIPTION_BY_RNA_POLYMERASE_III	GOBP_REGULATION_OF_TRANSCRIPTION_BY_RNA_POLYMERASE_III		28	-0.24808384	-0.64713305	0.94880545	1.0	1.0	27792	tags=100%, list=75%, signal=403%	
GOBP_T_CELL_DIFFERENTIATION_INVOLVED_IN_IMMUNE_RESPONSE	GOBP_T_CELL_DIFFERENTIATION_INVOLVED_IN_IMMUNE_RESPONSE		94	-0.20425503	-0.6465696	0.99699247	1.0	1.0	5933	tags=15%, list=16%, signal=18%	
GOBP_POSITIVE_REGULATION_OF_T_CELL_CYTOKINE_PRODUCTION	GOBP_POSITIVE_REGULATION_OF_T_CELL_CYTOKINE_PRODUCTION		28	-0.2439781	-0.6464227	0.9611486	1.0	1.0	8009	tags=21%, list=22%, signal=27%	
GOBP_REGULATION_OF_TRANSLATIONAL_ELONGATION	GOBP_REGULATION_OF_TRANSLATIONAL_ELONGATION		15	-0.28386942	-0.6463429	0.9221239	1.0	1.0	26467	tags=100%, list=72%, signal=352%	
GOBP_RESPONSE_TO_DSRNA	GOBP_RESPONSE_TO_DSRNA		52	-0.22013548	-0.6463317	0.9767442	1.0	1.0	13579	tags=37%, list=37%, signal=58%	
GOBP_GLYCEROL_METABOLIC_PROCESS	GOBP_GLYCEROL_METABOLIC_PROCESS		20	-0.26306897	-0.6462149	0.9339623	1.0	1.0	6573	tags=20%, list=18%, signal=24%	
GOBP_MITOTIC_DNA_REPLICATION	GOBP_MITOTIC_DNA_REPLICATION		19	-0.2661107	-0.6455595	0.930192	1.0	1.0	27124	tags=100%, list=73%, signal=376%	
GOBP_VIRAL_RELEASE_FROM_HOST_CELL	GOBP_VIRAL_RELEASE_FROM_HOST_CELL		24	-0.2519024	-0.64440805	0.933213	1.0	1.0	27650	tags=100%, list=75%, signal=397%	
GOBP_CELLULAR_RESPONSE_TO_REACTIVE_NITROGEN_SPECIES	GOBP_CELLULAR_RESPONSE_TO_REACTIVE_NITROGEN_SPECIES		20	-0.26376215	-0.64436054	0.9373882	1.0	1.0	27211	tags=100%, list=74%, signal=379%	
GOBP_NEGATIVE_REGULATION_OF_LEUKOCYTE_CELL_CELL_ADHESION	GOBP_NEGATIVE_REGULATION_OF_LEUKOCYTE_CELL_CELL_ADHESION		152	-0.18963107	-0.6443288	1.0	1.0	1.0	9248	tags=24%, list=25%, signal=32%	
GOBP_CELLULAR_RESPONSE_TO_ESTRADIOL_STIMULUS	GOBP_CELLULAR_RESPONSE_TO_ESTRADIOL_STIMULUS		32	-0.23830013	-0.6441021	0.9705882	1.0	1.0	7618	tags=22%, list=21%, signal=28%	
GOBP_AMYLOID_BETA_FORMATION	GOBP_AMYLOID_BETA_FORMATION		48	-0.22135073	-0.6440076	0.98376626	1.0	1.0	7622	tags=13%, list=21%, signal=16%	
GOBP_MESENCHYMAL_CELL_APOPTOTIC_PROCESS	GOBP_MESENCHYMAL_CELL_APOPTOTIC_PROCESS		17	-0.27237433	-0.64377743	0.913884	1.0	1.0	8804	tags=35%, list=24%, signal=46%	
GOBP_MITOTIC_G2_M_TRANSITION_CHECKPOINT	GOBP_MITOTIC_G2_M_TRANSITION_CHECKPOINT		59	-0.21262881	-0.6431563	0.9842022	1.0	1.0	24743	tags=95%, list=67%, signal=287%	
GOBP_POSITIVE_REGULATION_OF_IMMUNE_EFFECTOR_PROCESS	GOBP_POSITIVE_REGULATION_OF_IMMUNE_EFFECTOR_PROCESS		270	-0.17790967	-0.64314413	1.0	1.0	1.0	8490	tags=20%, list=23%, signal=26%	
GOBP_POSITIVE_REGULATION_OF_OSTEOCLAST_DIFFERENTIATION	GOBP_POSITIVE_REGULATION_OF_OSTEOCLAST_DIFFERENTIATION		38	-0.22828105	-0.6428372	0.9661017	1.0	1.0	204	tags=3%, list=1%, signal=3%	
GOBP_HIPPO_SIGNALING	GOBP_HIPPO_SIGNALING		63	-0.20995568	-0.6426229	0.9892802	1.0	1.0	23887	tags=95%, list=65%, signal=269%	
GOBP_MICROTUBULE_NUCLEATION	GOBP_MICROTUBULE_NUCLEATION		38	-0.23159863	-0.6418432	0.96569467	1.0	1.0	28403	tags=100%, list=77%, signal=432%	
GOBP_RESPONSE_TO_LIGHT_STIMULUS	GOBP_RESPONSE_TO_LIGHT_STIMULUS		332	-0.17390613	-0.6418188	1.0	1.0	1.0	9117	tags=19%, list=25%, signal=25%	
GOBP_MONOCYTE_CHEMOTACTIC_PROTEIN_1_PRODUCTION	GOBP_MONOCYTE_CHEMOTACTIC_PROTEIN_1_PRODUCTION		32	-0.23464887	-0.64173204	0.9644128	1.0	1.0	8435	tags=25%, list=23%, signal=32%	
GOBP_MAGNESIUM_ION_TRANSPORT	GOBP_MAGNESIUM_ION_TRANSPORT		21	-0.2582724	-0.6413918	0.94055945	1.0	1.0	27414	tags=100%, list=74%, signal=387%	
GOBP_PROTEIN_TRANSPORT_ALONG_MICROTUBULE	GOBP_PROTEIN_TRANSPORT_ALONG_MICROTUBULE		15	-0.2743312	-0.6403311	0.93559927	1.0	1.0	5745	tags=20%, list=16%, signal=24%	
GOBP_POSITIVE_REGULATION_OF_FATTY_ACID_OXIDATION	GOBP_POSITIVE_REGULATION_OF_FATTY_ACID_OXIDATION		22	-0.25363114	-0.63949186	0.94555354	1.0	1.0	5886	tags=18%, list=16%, signal=22%	
GOBP_REGULATION_OF_TOLL_LIKE_RECEPTOR_SIGNALING_PATHWAY	GOBP_REGULATION_OF_TOLL_LIKE_RECEPTOR_SIGNALING_PATHWAY		38	-0.23212811	-0.6390873	0.964527	1.0	1.0	6091	tags=13%, list=16%, signal=16%	
GOBP_REGULATION_OF_ANOIKIS	GOBP_REGULATION_OF_ANOIKIS		21	-0.25402114	-0.63905656	0.95555556	1.0	1.0	27571	tags=100%, list=75%, signal=394%	
GOBP_RHYTHMIC_PROCESS	GOBP_RHYTHMIC_PROCESS		328	-0.17491436	-0.63887817	1.0	1.0	1.0	7100	tags=14%, list=19%, signal=17%	
GOBP_POSITIVE_REGULATION_OF_ERK1_AND_ERK2_CASCADE	GOBP_POSITIVE_REGULATION_OF_ERK1_AND_ERK2_CASCADE		205	-0.18137477	-0.63880146	1.0	1.0	1.0	8538	tags=20%, list=23%, signal=26%	
GOBP_MITOCHONDRIAL_RESPIRATORY_CHAIN_COMPLEX_ASSEMBLY	GOBP_MITOCHONDRIAL_RESPIRATORY_CHAIN_COMPLEX_ASSEMBLY		97	-0.19856732	-0.6376298	0.9941003	1.0	1.0	29634	tags=100%, list=80%, signal=504%	
GOBP_PROTEIN_TARGETING_TO_VACUOLE_INVOLVED_IN_AUTOPHAGY	GOBP_PROTEIN_TARGETING_TO_VACUOLE_INVOLVED_IN_AUTOPHAGY		16	-0.27058348	-0.63729227	0.94404334	1.0	1.0	26958	tags=100%, list=73%, signal=370%	
GOBP_NEGATIVE_REGULATION_OF_CELL_CELL_ADHESION	GOBP_NEGATIVE_REGULATION_OF_CELL_CELL_ADHESION		210	-0.17996828	-0.63661385	1.0	1.0	1.0	9013	tags=23%, list=24%, signal=30%	
GOBP_REGULATION_OF_CD4_POSITIVE_ALPHA_BETA_T_CELL_ACTIVATION	GOBP_REGULATION_OF_CD4_POSITIVE_ALPHA_BETA_T_CELL_ACTIVATION		76	-0.2039086	-0.6363607	0.992236	1.0	1.0	8636	tags=22%, list=23%, signal=29%	
GOBP_NUCLEOTIDE_TRANSMEMBRANE_TRANSPORT	GOBP_NUCLEOTIDE_TRANSMEMBRANE_TRANSPORT		26	-0.24603124	-0.6360302	0.9677419	1.0	1.0	6270	tags=15%, list=17%, signal=19%	
GOBP_CELLULAR_RESPONSE_TO_CHOLESTEROL	GOBP_CELLULAR_RESPONSE_TO_CHOLESTEROL		18	-0.26522285	-0.6349038	0.9404332	1.0	1.0	8329	tags=22%, list=23%, signal=29%	
GOBP_CD8_POSITIVE_ALPHA_BETA_T_CELL_DIFFERENTIATION	GOBP_CD8_POSITIVE_ALPHA_BETA_T_CELL_DIFFERENTIATION		18	-0.26523772	-0.6348156	0.9490909	1.0	1.0	8510	tags=33%, list=23%, signal=43%	
GOBP_NEGATIVE_REGULATION_OF_AXON_REGENERATION	GOBP_NEGATIVE_REGULATION_OF_AXON_REGENERATION		18	-0.26290852	-0.6346232	0.9388112	1.0	1.0	27242	tags=100%, list=74%, signal=380%	
GOBP_REGULATION_OF_GLYCOLYTIC_PROCESS	GOBP_REGULATION_OF_GLYCOLYTIC_PROCESS		57	-0.21244971	-0.63411635	0.9920128	1.0	1.0	8148	tags=21%, list=22%, signal=27%	
GOBP_ANGIOGENESIS_INVOLVED_IN_WOUND_HEALING	GOBP_ANGIOGENESIS_INVOLVED_IN_WOUND_HEALING		27	-0.24602039	-0.6334981	0.9559322	1.0	1.0	8138	tags=19%, list=22%, signal=24%	
GOBP_PHOSPHOLIPID_TRANSPORT	GOBP_PHOSPHOLIPID_TRANSPORT		107	-0.19540429	-0.63338745	0.9969419	1.0	1.0	8384	tags=20%, list=23%, signal=25%	
GOBP_GMP_METABOLIC_PROCESS	GOBP_GMP_METABOLIC_PROCESS		23	-0.24867457	-0.63205284	0.964539	1.0	1.0	8875	tags=30%, list=24%, signal=40%	
GOBP_POSITIVE_REGULATION_OF_DNA_TEMPLATED_DNA_REPLICATION	GOBP_POSITIVE_REGULATION_OF_DNA_TEMPLATED_DNA_REPLICATION		15	-0.26805827	-0.6319741	0.94962686	1.0	1.0	27051	tags=100%, list=73%, signal=373%	
GOBP_MULTICELLULAR_ORGANISMAL_RESPONSE_TO_STRESS	GOBP_MULTICELLULAR_ORGANISMAL_RESPONSE_TO_STRESS		114	-0.1910892	-0.6318017	1.0	1.0	1.0	8538	tags=24%, list=23%, signal=31%	
GOBP_POSITIVE_CHEMOTAXIS	GOBP_POSITIVE_CHEMOTAXIS		66	-0.20668264	-0.6305088	0.998452	1.0	1.0	8377	tags=24%, list=23%, signal=31%	
GOBP_NEGATIVE_REGULATION_OF_RECEPTOR_MEDIATED_ENDOCYTOSIS	GOBP_NEGATIVE_REGULATION_OF_RECEPTOR_MEDIATED_ENDOCYTOSIS		29	-0.23751938	-0.6298604	0.97879857	1.0	1.0	8621	tags=28%, list=23%, signal=36%	
GOBP_ENDOSOME_TO_LYSOSOME_TRANSPORT	GOBP_ENDOSOME_TO_LYSOSOME_TRANSPORT		68	-0.20364594	-0.62945753	0.9916667	1.0	1.0	27708	tags=99%, list=75%, signal=393%	
GOBP_LATE_ENDOSOME_TO_LYSOSOME_TRANSPORT	GOBP_LATE_ENDOSOME_TO_LYSOSOME_TRANSPORT		22	-0.25188875	-0.62925047	0.95863307	1.0	1.0	27650	tags=100%, list=75%, signal=397%	
GOBP_BRANCHING_INVOLVED_IN_SALIVARY_GLAND_MORPHOGENESIS	GOBP_BRANCHING_INVOLVED_IN_SALIVARY_GLAND_MORPHOGENESIS		27	-0.24103564	-0.6290695	0.96581197	1.0	1.0	28052	tags=100%, list=76%, signal=415%	
GOBP_PRODUCTION_OF_MOLECULAR_MEDIATOR_INVOLVED_IN_INFLAMMATORY_RESPONSE	GOBP_PRODUCTION_OF_MOLECULAR_MEDIATOR_INVOLVED_IN_INFLAMMATORY_RESPONSE		108	-0.19125837	-0.62836874	0.99846154	1.0	1.0	8835	tags=20%, list=24%, signal=27%	
GOBP_PROTEIN_LIPID_COMPLEX_ORGANIZATION	GOBP_PROTEIN_LIPID_COMPLEX_ORGANIZATION		55	-0.21312127	-0.6281863	0.9902439	1.0	1.0	5728	tags=11%, list=16%, signal=13%	
GOBP_NEGATIVE_REGULATION_OF_ACTIVIN_RECEPTOR_SIGNALING_PATHWAY	GOBP_NEGATIVE_REGULATION_OF_ACTIVIN_RECEPTOR_SIGNALING_PATHWAY		15	-0.27241716	-0.6281735	0.939781	1.0	1.0	26890	tags=100%, list=73%, signal=367%	
GOBP_NUCLEOSIDE_BIOSYNTHETIC_PROCESS	GOBP_NUCLEOSIDE_BIOSYNTHETIC_PROCESS		18	-0.2661035	-0.62815434	0.9559083	1.0	1.0	27124	tags=100%, list=73%, signal=376%	
GOBP_TRANSCRIPTION_BY_RNA_POLYMERASE_I	GOBP_TRANSCRIPTION_BY_RNA_POLYMERASE_I		73	-0.2004176	-0.6276091	0.9969512	1.0	1.0	29561	tags=100%, list=80%, signal=499%	
GOBP_ORGANIC_HYDROXY_COMPOUND_TRANSPORT	GOBP_ORGANIC_HYDROXY_COMPOUND_TRANSPORT		291	-0.17358541	-0.6276004	1.0	1.0	1.0	8960	tags=21%, list=24%, signal=28%	
GOBP_ENDOSOME_ORGANIZATION	GOBP_ENDOSOME_ORGANIZATION		79	-0.19990778	-0.62705564	1.0	1.0	1.0	29581	tags=100%, list=80%, signal=500%	
GOBP_ANIMAL_ORGAN_MATURATION	GOBP_ANIMAL_ORGAN_MATURATION		35	-0.22399145	-0.6266639	0.9828179	1.0	1.0	6994	tags=20%, list=19%, signal=25%	
GOBP_BLASTOCYST_FORMATION	GOBP_BLASTOCYST_FORMATION		57	-0.20907255	-0.62481177	1.0	1.0	1.0	382	tags=2%, list=1%, signal=2%	
GOBP_LYMPHOID_PROGENITOR_CELL_DIFFERENTIATION	GOBP_LYMPHOID_PROGENITOR_CELL_DIFFERENTIATION		23	-0.24569432	-0.62466305	0.9684015	1.0	1.0	27879	tags=100%, list=75%, signal=407%	
GOBP_POSITIVE_REGULATION_OF_T_CELL_MIGRATION	GOBP_POSITIVE_REGULATION_OF_T_CELL_MIGRATION		36	-0.22773042	-0.6244197	0.989899	1.0	1.0	9070	tags=31%, list=25%, signal=40%	
GOBP_REGULATION_OF_CLATHRIN_DEPENDENT_ENDOCYTOSIS	GOBP_REGULATION_OF_CLATHRIN_DEPENDENT_ENDOCYTOSIS		19	-0.2562678	-0.62431514	0.9406308	1.0	1.0	6318	tags=16%, list=17%, signal=19%	
GOBP_MAST_CELL_MIGRATION	GOBP_MAST_CELL_MIGRATION		15	-0.27006727	-0.6242673	0.9459459	1.0	1.0	7949	tags=33%, list=22%, signal=42%	
GOBP_NEGATIVE_REGULATION_OF_CELL_CYCLE_G2_M_PHASE_TRANSITION	GOBP_NEGATIVE_REGULATION_OF_CELL_CYCLE_G2_M_PHASE_TRANSITION		77	-0.19794378	-0.62408495	0.9969278	1.0	1.0	9187	tags=18%, list=25%, signal=24%	
GOBP_TRNA_METABOLIC_PROCESS	GOBP_TRNA_METABOLIC_PROCESS		195	-0.1782022	-0.6239064	1.0	1.0	1.0	30402	tags=100%, list=82%, signal=561%	
GOBP_POSITIVE_REGULATION_OF_CELL_CELL_ADHESION	GOBP_POSITIVE_REGULATION_OF_CELL_CELL_ADHESION		321	-0.17166938	-0.6238776	1.0	1.0	1.0	8809	tags=20%, list=24%, signal=26%	
GOBP_PEPTIDYL_LYSINE_METHYLATION	GOBP_PEPTIDYL_LYSINE_METHYLATION		20	-0.25664076	-0.6238312	0.9597902	1.0	1.0	27474	tags=100%, list=74%, signal=390%	
GOBP_MAINTENANCE_OF_PROTEIN_LOCATION_IN_CELL	GOBP_MAINTENANCE_OF_PROTEIN_LOCATION_IN_CELL		61	-0.2072777	-0.62345207	0.9967159	1.0	1.0	9026	tags=18%, list=24%, signal=24%	
GOBP_REGULATION_OF_PEPTIDYL_SERINE_PHOSPHORYLATION	GOBP_REGULATION_OF_PEPTIDYL_SERINE_PHOSPHORYLATION		61	-0.20616113	-0.62322646	0.9966887	1.0	1.0	8343	tags=20%, list=23%, signal=25%	
GOBP_CELLULAR_RESPONSE_TO_UV_B	GOBP_CELLULAR_RESPONSE_TO_UV_B		15	-0.2704217	-0.6230496	0.92998207	1.0	1.0	9080	tags=33%, list=25%, signal=44%	
GOBP_MITOCHONDRIAL_CALCIUM_ION_HOMEOSTASIS	GOBP_MITOCHONDRIAL_CALCIUM_ION_HOMEOSTASIS		27	-0.23794238	-0.6226992	0.97404844	1.0	1.0	4315	tags=7%, list=12%, signal=8%	
GOBP_CONVERGENT_EXTENSION	GOBP_CONVERGENT_EXTENSION		17	-0.26375097	-0.62242436	0.94669116	1.0	1.0	6047	tags=18%, list=16%, signal=21%	
GOBP_T_HELPER_17_CELL_LINEAGE_COMMITMENT	GOBP_T_HELPER_17_CELL_LINEAGE_COMMITMENT		21	-0.24819423	-0.6213711	0.9566787	1.0	1.0	5111	tags=14%, list=14%, signal=17%	
GOBP_POSITIVE_REGULATION_OF_DENDRITE_DEVELOPMENT	GOBP_POSITIVE_REGULATION_OF_DENDRITE_DEVELOPMENT		21	-0.24979691	-0.61966187	0.95271456	1.0	1.0	27727	tags=100%, list=75%, signal=400%	
GOBP_REGULATION_OF_NON_CANONICAL_NF_KAPPAB_SIGNAL_TRANSDUCTION	GOBP_REGULATION_OF_NON_CANONICAL_NF_KAPPAB_SIGNAL_TRANSDUCTION		94	-0.19116575	-0.6188366	0.9985316	1.0	1.0	3045	tags=4%, list=8%, signal=5%	
GOBP_NEGATIVE_REGULATION_OF_INTRINSIC_APOPTOTIC_SIGNALING_PATHWAY_IN_RESPONSE_TO_DNA_DAMAGE	GOBP_NEGATIVE_REGULATION_OF_INTRINSIC_APOPTOTIC_SIGNALING_PATHWAY_IN_RESPONSE_TO_DNA_DAMAGE		26	-0.23729181	-0.6181499	0.95532644	1.0	1.0	28190	tags=100%, list=76%, signal=421%	
GOBP_DNA_REPLICATION_INITIATION	GOBP_DNA_REPLICATION_INITIATION		31	-0.2304713	-0.61704254	0.97470486	1.0	1.0	28443	tags=100%, list=77%, signal=434%	
GOBP_REGULATION_OF_AMYLOID_PRECURSOR_PROTEIN_CATABOLIC_PROCESS	GOBP_REGULATION_OF_AMYLOID_PRECURSOR_PROTEIN_CATABOLIC_PROCESS		45	-0.21443486	-0.616954	0.99356914	1.0	1.0	7622	tags=13%, list=21%, signal=17%	
GOBP_HETEROCHROMATIN_ORGANIZATION	GOBP_HETEROCHROMATIN_ORGANIZATION		173	-0.17771587	-0.6167006	1.0	1.0	1.0	7157	tags=8%, list=19%, signal=10%	
GOBP_REGULATION_OF_NUCLEOBASE_CONTAINING_COMPOUND_TRANSPORT	GOBP_REGULATION_OF_NUCLEOBASE_CONTAINING_COMPOUND_TRANSPORT		19	-0.25089353	-0.61616486	0.96187174	1.0	1.0	27686	tags=100%, list=75%, signal=399%	
GOBP_INFLAMMASOME_MEDIATED_SIGNALING_PATHWAY	GOBP_INFLAMMASOME_MEDIATED_SIGNALING_PATHWAY		77	-0.19709937	-0.6156839	0.9968652	1.0	1.0	8959	tags=16%, list=24%, signal=21%	
GOBP_POSITIVE_REGULATION_OF_ERYTHROCYTE_DIFFERENTIATION	GOBP_POSITIVE_REGULATION_OF_ERYTHROCYTE_DIFFERENTIATION		31	-0.23155472	-0.6154074	0.97098976	1.0	1.0	28403	tags=100%, list=77%, signal=432%	
GOBP_MATURATION_OF_5_8S_RRNA_FROM_TRICISTRONIC_RRNA_TRANSCRIPT_SSU_RRNA_5_8S_RRNA_LSU_RRNA	GOBP_MATURATION_OF_5_8S_RRNA_FROM_TRICISTRONIC_RRNA_TRANSCRIPT_SSU_RRNA_5_8S_RRNA_LSU_RRNA		24	-0.23801012	-0.6148283	0.98389983	1.0	1.0	28163	tags=100%, list=76%, signal=420%	
GOBP_POSITIVE_REGULATION_OF_LYMPHOCYTE_CHEMOTAXIS	GOBP_POSITIVE_REGULATION_OF_LYMPHOCYTE_CHEMOTAXIS		19	-0.2515877	-0.6141916	0.96880734	1.0	1.0	8490	tags=32%, list=23%, signal=41%	
GOBP_INTRACILIARY_ANTEROGRADE_TRANSPORT	GOBP_INTRACILIARY_ANTEROGRADE_TRANSPORT		19	-0.25370952	-0.61386937	0.96532845	1.0	1.0	27582	tags=100%, list=75%, signal=394%	
GOBP_MITOCHONDRIAL_ELECTRON_TRANSPORT_CYTOCHROME_C_TO_OXYGEN	GOBP_MITOCHONDRIAL_ELECTRON_TRANSPORT_CYTOCHROME_C_TO_OXYGEN		16	-0.26053378	-0.61259955	0.95143884	1.0	1.0	1970	tags=6%, list=5%, signal=7%	
GOBP_RESPONSE_TO_CORTICOSTERONE	GOBP_RESPONSE_TO_CORTICOSTERONE		25	-0.23879142	-0.6125941	0.96533793	1.0	1.0	2524	tags=8%, list=7%, signal=9%	
GOBP_AXONAL_TRANSPORT_OF_MITOCHONDRION	GOBP_AXONAL_TRANSPORT_OF_MITOCHONDRION		19	-0.2545567	-0.6120305	0.96836555	1.0	1.0	7616	tags=26%, list=21%, signal=33%	
GOBP_NEGATIVE_REGULATION_OF_VASCULAR_PERMEABILITY	GOBP_NEGATIVE_REGULATION_OF_VASCULAR_PERMEABILITY		20	-0.250088	-0.6112907	0.9643494	1.0	1.0	27716	tags=100%, list=75%, signal=400%	
GOBP_ORGANELLE_INHERITANCE	GOBP_ORGANELLE_INHERITANCE		15	-0.26608187	-0.611124	0.95298374	1.0	1.0	27124	tags=100%, list=73%, signal=376%	
GOBP_REGULATION_OF_ORGANIC_ACID_TRANSPORT	GOBP_REGULATION_OF_ORGANIC_ACID_TRANSPORT		95	-0.18974045	-0.6102661	1.0	1.0	1.0	7583	tags=17%, list=21%, signal=21%	
GOBP_RESPONSE_TO_STEROL_DEPLETION	GOBP_RESPONSE_TO_STEROL_DEPLETION		21	-0.2402383	-0.60995436	0.96953404	1.0	1.0	28080	tags=100%, list=76%, signal=416%	
GOBP_NEGATIVE_REGULATION_OF_CHEMOKINE_PRODUCTION	GOBP_NEGATIVE_REGULATION_OF_CHEMOKINE_PRODUCTION		31	-0.2240966	-0.60968447	0.9819672	1.0	1.0	4666	tags=13%, list=13%, signal=15%	
GOBP_REGULATION_OF_GLUCOSE_METABOLIC_PROCESS	GOBP_REGULATION_OF_GLUCOSE_METABOLIC_PROCESS		115	-0.1868962	-0.6093807	1.0	1.0	1.0	5886	tags=10%, list=16%, signal=11%	
GOBP_POSITIVE_REGULATION_OF_INTERLEUKIN_6_PRODUCTION	GOBP_POSITIVE_REGULATION_OF_INTERLEUKIN_6_PRODUCTION		106	-0.18752247	-0.60936373	1.0	1.0	1.0	9070	tags=25%, list=25%, signal=34%	
GOBP_REGULATION_OF_ADENYLATE_CYCLASE_ACTIVITY	GOBP_REGULATION_OF_ADENYLATE_CYCLASE_ACTIVITY		30	-0.22519077	-0.6091661	0.9818182	1.0	1.0	6527	tags=17%, list=18%, signal=20%	
GOBP_CELLULAR_RESPONSE_TO_INTERLEUKIN_1	GOBP_CELLULAR_RESPONSE_TO_INTERLEUKIN_1		92	-0.18789841	-0.6088159	0.9968799	1.0	1.0	7218	tags=11%, list=20%, signal=13%	
GOBP_PLASMA_MEMBRANE_REPAIR	GOBP_PLASMA_MEMBRANE_REPAIR		35	-0.22250463	-0.6087154	0.9913194	1.0	1.0	5156	tags=11%, list=14%, signal=13%	
GOBP_NEGATIVE_REGULATION_OF_LYMPHOCYTE_ACTIVATION	GOBP_NEGATIVE_REGULATION_OF_LYMPHOCYTE_ACTIVATION		175	-0.17636862	-0.6085701	1.0	1.0	1.0	9124	tags=23%, list=25%, signal=30%	
GOBP_POSITIVE_REGULATION_OF_INTERLEUKIN_13_PRODUCTION	GOBP_POSITIVE_REGULATION_OF_INTERLEUKIN_13_PRODUCTION		15	-0.25804093	-0.608031	0.95204264	1.0	1.0	27421	tags=100%, list=74%, signal=388%	
GOBP_ANTIVIRAL_INNATE_IMMUNE_RESPONSE	GOBP_ANTIVIRAL_INNATE_IMMUNE_RESPONSE		83	-0.19128665	-0.6075007	0.996875	1.0	1.0	8203	tags=14%, list=22%, signal=19%	
GOBP_MATURE_B_CELL_DIFFERENTIATION_INVOLVED_IN_IMMUNE_RESPONSE	GOBP_MATURE_B_CELL_DIFFERENTIATION_INVOLVED_IN_IMMUNE_RESPONSE		35	-0.22049814	-0.607063	0.97590363	1.0	1.0	7304	tags=17%, list=20%, signal=21%	
GOBP_SPONGIOTROPHOBLAST_LAYER_DEVELOPMENT	GOBP_SPONGIOTROPHOBLAST_LAYER_DEVELOPMENT		17	-0.2575134	-0.607034	0.94755876	1.0	1.0	27441	tags=100%, list=74%, signal=388%	
GOBP_ADULT_LOCOMOTORY_BEHAVIOR	GOBP_ADULT_LOCOMOTORY_BEHAVIOR		107	-0.1859305	-0.6054755	1.0	1.0	1.0	8809	tags=21%, list=24%, signal=28%	
GOBP_REGULATION_OF_AMYLOID_FIBRIL_FORMATION	GOBP_REGULATION_OF_AMYLOID_FIBRIL_FORMATION		16	-0.2596907	-0.6053329	0.9630314	1.0	1.0	7124	tags=19%, list=19%, signal=23%	
GOBP_RESPONSE_TO_L_GLUTAMATE	GOBP_RESPONSE_TO_L_GLUTAMATE		17	-0.25572643	-0.6049435	0.95009243	1.0	1.0	27507	tags=100%, list=74%, signal=391%	
GOBP_PROTEIN_LOCALIZATION_TO_CILIUM	GOBP_PROTEIN_LOCALIZATION_TO_CILIUM		78	-0.19131668	-0.6049182	0.9953125	1.0	1.0	9423	tags=22%, list=26%, signal=29%	
GOBP_NEGATIVE_REGULATION_OF_GLYCOPROTEIN_METABOLIC_PROCESS	GOBP_NEGATIVE_REGULATION_OF_GLYCOPROTEIN_METABOLIC_PROCESS		17	-0.24941789	-0.6044948	0.9679715	1.0	1.0	27740	tags=100%, list=75%, signal=401%	
GOBP_NEGATIVE_REGULATION_OF_GENE_EXPRESSION_VIA_CHROMOSOMAL_CPG_ISLAND_METHYLATION	GOBP_NEGATIVE_REGULATION_OF_GENE_EXPRESSION_VIA_CHROMOSOMAL_CPG_ISLAND_METHYLATION		19	-0.2453428	-0.60144174	0.96791446	1.0	1.0	27891	tags=100%, list=75%, signal=408%	
GOBP_REGULATION_OF_MACROPHAGE_CHEMOTAXIS	GOBP_REGULATION_OF_MACROPHAGE_CHEMOTAXIS		32	-0.22215118	-0.60039556	0.9749104	1.0	1.0	7426	tags=19%, list=20%, signal=23%	
GOBP_NEGATIVE_REGULATION_OF_ERK1_AND_ERK2_CASCADE	GOBP_NEGATIVE_REGULATION_OF_ERK1_AND_ERK2_CASCADE		78	-0.18967947	-0.5995845	0.9984756	1.0	1.0	8826	tags=21%, list=24%, signal=27%	
GOBP_ATP_TRANSPORT	GOBP_ATP_TRANSPORT		21	-0.23685351	-0.5994148	0.9769912	1.0	1.0	28205	tags=100%, list=76%, signal=422%	
GOBP_GLUTAMINE_METABOLIC_PROCESS	GOBP_GLUTAMINE_METABOLIC_PROCESS		19	-0.24582215	-0.5989207	0.9705341	1.0	1.0	2758	tags=5%, list=7%, signal=6%	
GOBP_REGULATION_OF_SPHINGOLIPID_BIOSYNTHETIC_PROCESS	GOBP_REGULATION_OF_SPHINGOLIPID_BIOSYNTHETIC_PROCESS		15	-0.25774312	-0.59868616	0.95567375	1.0	1.0	27432	tags=100%, list=74%, signal=388%	
GOBP_CELLULAR_RESPONSE_TO_HYPOXIA	GOBP_CELLULAR_RESPONSE_TO_HYPOXIA		153	-0.17481983	-0.59830713	1.0	1.0	1.0	7919	tags=16%, list=21%, signal=20%	
GOBP_REGULATION_OF_MITOTIC_SPINDLE_ASSEMBLY	GOBP_REGULATION_OF_MITOTIC_SPINDLE_ASSEMBLY		24	-0.23151082	-0.5978247	0.97830015	1.0	1.0	28403	tags=100%, list=77%, signal=432%	
GOBP_REGULATION_OF_TELOMERE_CAPPING	GOBP_REGULATION_OF_TELOMERE_CAPPING		15	-0.25690383	-0.59684914	0.952919	1.0	1.0	27463	tags=100%, list=74%, signal=389%	
GOBP_REGULATION_OF_ORGAN_GROWTH	GOBP_REGULATION_OF_ORGAN_GROWTH		123	-0.17761157	-0.5964911	1.0	1.0	1.0	6177	tags=11%, list=17%, signal=13%	
GOBP_PROTEIN_DESTABILIZATION	GOBP_PROTEIN_DESTABILIZATION		64	-0.19483829	-0.5961354	0.996748	1.0	1.0	29765	tags=100%, list=81%, signal=513%	
GOBP_REGULATION_OF_FATTY_ACID_OXIDATION	GOBP_REGULATION_OF_FATTY_ACID_OXIDATION		42	-0.20760678	-0.5959257	0.987931	1.0	1.0	8835	tags=21%, list=24%, signal=28%	
GOBP_POSITIVE_REGULATION_OF_LYMPHOCYTE_APOPTOTIC_PROCESS	GOBP_POSITIVE_REGULATION_OF_LYMPHOCYTE_APOPTOTIC_PROCESS		20	-0.24314755	-0.59580415	0.9717514	1.0	1.0	9276	tags=25%, list=25%, signal=33%	
GOBP_MITOCHONDRIAL_RNA_PROCESSING	GOBP_MITOCHONDRIAL_RNA_PROCESSING		25	-0.23487516	-0.59562105	0.994614	1.0	1.0	28279	tags=100%, list=77%, signal=426%	
GOBP_MODIFIED_AMINO_ACID_TRANSPORT	GOBP_MODIFIED_AMINO_ACID_TRANSPORT		42	-0.20856047	-0.5950094	0.99502486	1.0	1.0	668	tags=2%, list=2%, signal=2%	
GOBP_LIPID_EXPORT_FROM_CELL	GOBP_LIPID_EXPORT_FROM_CELL		62	-0.19491254	-0.59495836	0.99844235	1.0	1.0	8537	tags=24%, list=23%, signal=31%	
GOBP_REGULATION_OF_TUMOR_NECROSIS_FACTOR_MEDIATED_SIGNALING_PATHWAY	GOBP_REGULATION_OF_TUMOR_NECROSIS_FACTOR_MEDIATED_SIGNALING_PATHWAY		58	-0.19503376	-0.59466344	0.99510604	1.0	1.0	3325	tags=5%, list=9%, signal=6%	
GOBP_POSITIVE_REGULATION_OF_PEPTIDYL_TYROSINE_PHOSPHORYLATION	GOBP_POSITIVE_REGULATION_OF_PEPTIDYL_TYROSINE_PHOSPHORYLATION		95	-0.18282227	-0.5942386	1.0	1.0	1.0	9224	tags=28%, list=25%, signal=38%	
GOBP_NEGATIVE_REGULATION_OF_INTERFERON_BETA_PRODUCTION	GOBP_NEGATIVE_REGULATION_OF_INTERFERON_BETA_PRODUCTION		16	-0.25247055	-0.5941353	0.9776248	1.0	1.0	27627	tags=100%, list=75%, signal=396%	
GOBP_REGULATION_OF_TRANSCRIPTION_OF_NUCLEOLAR_LARGE_RRNA_BY_RNA_POLYMERASE_I	GOBP_REGULATION_OF_TRANSCRIPTION_OF_NUCLEOLAR_LARGE_RRNA_BY_RNA_POLYMERASE_I		15	-0.25676847	-0.5938874	0.96268654	1.0	1.0	27468	tags=100%, list=74%, signal=389%	
GOBP_PROTEIN_HOMOOLIGOMERIZATION	GOBP_PROTEIN_HOMOOLIGOMERIZATION		209	-0.16868815	-0.59320444	1.0	1.0	1.0	6567	tags=12%, list=18%, signal=14%	
GOBP_REGULATION_OF_TOR_SIGNALING	GOBP_REGULATION_OF_TOR_SIGNALING		159	-0.17221016	-0.5929071	1.0	1.0	1.0	28237	tags=99%, list=76%, signal=420%	
GOBP_LENS_FIBER_CELL_DEVELOPMENT	GOBP_LENS_FIBER_CELL_DEVELOPMENT		15	-0.25702482	-0.59088653	0.9640832	1.0	1.0	8699	tags=33%, list=24%, signal=44%	
GOBP_PROTEOGLYCAN_CATABOLIC_PROCESS	GOBP_PROTEOGLYCAN_CATABOLIC_PROCESS		21	-0.23913775	-0.5897726	0.9777778	1.0	1.0	9123	tags=24%, list=25%, signal=32%	
GOBP_TRANSLATIONAL_TERMINATION	GOBP_TRANSLATIONAL_TERMINATION		17	-0.2505009	-0.58950156	0.9678571	1.0	1.0	27700	tags=100%, list=75%, signal=399%	
GOBP_PEPTIDYL_L_CYSTEINE_S_PALMITOYLATION	GOBP_PEPTIDYL_L_CYSTEINE_S_PALMITOYLATION		15	-0.2582846	-0.5893667	0.96103895	1.0	1.0	27412	tags=100%, list=74%, signal=387%	
GOBP_REGULATION_OF_CARBOHYDRATE_CATABOLIC_PROCESS	GOBP_REGULATION_OF_CARBOHYDRATE_CATABOLIC_PROCESS		75	-0.18536088	-0.58896214	0.9968652	1.0	1.0	9187	tags=21%, list=25%, signal=28%	
GOBP_NEGATIVE_REGULATION_OF_BONE_MINERALIZATION	GOBP_NEGATIVE_REGULATION_OF_BONE_MINERALIZATION		18	-0.24182692	-0.588843	0.97727275	1.0	1.0	4788	tags=11%, list=13%, signal=13%	
GOBP_T_CELL_CHEMOTAXIS	GOBP_T_CELL_CHEMOTAXIS		23	-0.23492108	-0.5885382	0.973822	1.0	1.0	8490	tags=26%, list=23%, signal=34%	
GOBP_PLACENTA_BLOOD_VESSEL_DEVELOPMENT	GOBP_PLACENTA_BLOOD_VESSEL_DEVELOPMENT		40	-0.20688018	-0.5876997	0.9853181	1.0	1.0	855	tags=3%, list=2%, signal=3%	
GOBP_LYMPHOCYTE_ACTIVATION_INVOLVED_IN_IMMUNE_RESPONSE	GOBP_LYMPHOCYTE_ACTIVATION_INVOLVED_IN_IMMUNE_RESPONSE		218	-0.16544187	-0.5874394	1.0	1.0	1.0	9013	tags=23%, list=24%, signal=30%	
GOBP_NEGATIVE_REGULATION_OF_LIPID_LOCALIZATION	GOBP_NEGATIVE_REGULATION_OF_LIPID_LOCALIZATION		51	-0.20021245	-0.5865271	0.9983389	1.0	1.0	9598	tags=29%, list=26%, signal=40%	
GOBP_REGULATION_OF_MACROPHAGE_MIGRATION	GOBP_REGULATION_OF_MACROPHAGE_MIGRATION		45	-0.20423213	-0.586427	0.99151105	1.0	1.0	7803	tags=20%, list=21%, signal=25%	
GOBP_REGULATION_OF_STEROL_TRANSPORT	GOBP_REGULATION_OF_STEROL_TRANSPORT		61	-0.1929781	-0.58578223	1.0	1.0	1.0	6686	tags=11%, list=18%, signal=14%	
GOBP_NODAL_SIGNALING_PATHWAY	GOBP_NODAL_SIGNALING_PATHWAY		16	-0.25346962	-0.58567524	0.9692029	1.0	1.0	6904	tags=25%, list=19%, signal=31%	
GOBP_POSITIVE_REGULATION_OF_STRIATED_MUSCLE_CELL_APOPTOTIC_PROCESS	GOBP_POSITIVE_REGULATION_OF_STRIATED_MUSCLE_CELL_APOPTOTIC_PROCESS		29	-0.22078659	-0.5847738	0.99140894	1.0	1.0	8494	tags=21%, list=23%, signal=27%	
GOBP_T_HELPER_CELL_LINEAGE_COMMITMENT	GOBP_T_HELPER_CELL_LINEAGE_COMMITMENT		25	-0.22915138	-0.5847254	0.98204666	1.0	1.0	5111	tags=12%, list=14%, signal=14%	
GOBP_RESPONSE_TO_LITHIUM_ION	GOBP_RESPONSE_TO_LITHIUM_ION		19	-0.24027608	-0.5839494	0.9682243	1.0	1.0	7133	tags=21%, list=19%, signal=26%	
GOBP_POSITIVE_REGULATION_OF_LIPID_LOCALIZATION	GOBP_POSITIVE_REGULATION_OF_LIPID_LOCALIZATION		113	-0.17774513	-0.5837921	1.0	1.0	1.0	8463	tags=19%, list=23%, signal=25%	
GOBP_REGULATION_OF_APOPTOTIC_PROCESS_INVOLVED_IN_DEVELOPMENT	GOBP_REGULATION_OF_APOPTOTIC_PROCESS_INVOLVED_IN_DEVELOPMENT		17	-0.24923262	-0.5834365	0.982699	1.0	1.0	12921	tags=47%, list=35%, signal=72%	
GOBP_REGULATION_OF_GLUCONEOGENESIS	GOBP_REGULATION_OF_GLUCONEOGENESIS		59	-0.19314764	-0.5832163	0.99488926	1.0	1.0	5886	tags=12%, list=16%, signal=14%	
GOBP_REGULATION_OF_FATTY_ACID_BETA_OXIDATION	GOBP_REGULATION_OF_FATTY_ACID_BETA_OXIDATION		22	-0.233511	-0.58309984	0.9765494	1.0	1.0	4214	tags=9%, list=11%, signal=10%	
GOBP_REGULATION_OF_LEUKOCYTE_PROLIFERATION	GOBP_REGULATION_OF_LEUKOCYTE_PROLIFERATION		256	-0.16280037	-0.58171386	1.0	1.0	1.0	9177	tags=23%, list=25%, signal=31%	
GOBP_REGULATION_OF_COLLAGEN_METABOLIC_PROCESS	GOBP_REGULATION_OF_COLLAGEN_METABOLIC_PROCESS		64	-0.19265296	-0.5812155	0.9984733	1.0	1.0	8055	tags=20%, list=22%, signal=26%	
GOBP_ENDOTHELIAL_CELL_CHEMOTAXIS	GOBP_ENDOTHELIAL_CELL_CHEMOTAXIS		29	-0.2202464	-0.5808336	0.9825784	1.0	1.0	8730	tags=21%, list=24%, signal=27%	
GOBP_NEGATIVE_REGULATION_OF_MUSCLE_ORGAN_DEVELOPMENT	GOBP_NEGATIVE_REGULATION_OF_MUSCLE_ORGAN_DEVELOPMENT		20	-0.23966995	-0.57994014	0.98477155	1.0	1.0	4670	tags=10%, list=13%, signal=11%	
GOBP_SPHINGOSINE_1_PHOSPHATE_RECEPTOR_SIGNALING_PATHWAY	GOBP_SPHINGOSINE_1_PHOSPHATE_RECEPTOR_SIGNALING_PATHWAY		17	-0.24366689	-0.5789467	0.97619045	1.0	1.0	8933	tags=29%, list=24%, signal=39%	
GOBP_EMBRYONIC_BRAIN_DEVELOPMENT	GOBP_EMBRYONIC_BRAIN_DEVELOPMENT		23	-0.23213355	-0.57873297	0.9797048	1.0	1.0	5582	tags=9%, list=15%, signal=10%	
GOBP_AMYLOID_BETA_METABOLIC_PROCESS	GOBP_AMYLOID_BETA_METABOLIC_PROCESS		62	-0.19003557	-0.578107	0.9984871	1.0	1.0	6686	tags=10%, list=18%, signal=12%	
GOBP_REGULATION_OF_DNA_DAMAGE_CHECKPOINT	GOBP_REGULATION_OF_DNA_DAMAGE_CHECKPOINT		22	-0.23087546	-0.57762665	0.97508895	1.0	1.0	28426	tags=100%, list=77%, signal=433%	
GOBP_PROTEIN_LOCALIZATION_TO_MICROTUBULE	GOBP_PROTEIN_LOCALIZATION_TO_MICROTUBULE		20	-0.2352766	-0.5764044	0.97750866	1.0	1.0	28263	tags=100%, list=76%, signal=425%	
GOBP_INTRACILIARY_RETROGRADE_TRANSPORT	GOBP_INTRACILIARY_RETROGRADE_TRANSPORT		15	-0.2508393	-0.57623947	0.95848376	1.0	1.0	27687	tags=100%, list=75%, signal=399%	
GOBP_REGULATION_OF_INSULIN_LIKE_GROWTH_FACTOR_RECEPTOR_SIGNALING_PATHWAY	GOBP_REGULATION_OF_INSULIN_LIKE_GROWTH_FACTOR_RECEPTOR_SIGNALING_PATHWAY		24	-0.22816096	-0.5754962	0.9704348	1.0	1.0	6030	tags=17%, list=16%, signal=20%	
GOBP_MYELOID_LEUKOCYTE_DIFFERENTIATION	GOBP_MYELOID_LEUKOCYTE_DIFFERENTIATION		272	-0.15813911	-0.5741894	1.0	1.0	1.0	8846	tags=18%, list=24%, signal=24%	
GOBP_CLATHRIN_DEPENDENT_ENDOCYTOSIS	GOBP_CLATHRIN_DEPENDENT_ENDOCYTOSIS		50	-0.1969445	-0.57416934	0.9904306	1.0	1.0	6318	tags=10%, list=17%, signal=12%	
GOBP_POSITIVE_REGULATION_OF_HEART_GROWTH	GOBP_POSITIVE_REGULATION_OF_HEART_GROWTH		52	-0.19589227	-0.57378995	0.99658704	1.0	1.0	8686	tags=23%, list=24%, signal=30%	
GOBP_NEGATIVE_REGULATION_OF_ADENYLATE_CYCLASE_ACTIVATING_G_PROTEIN_COUPLED_RECEPTOR_SIGNALING_PATHWAY	GOBP_NEGATIVE_REGULATION_OF_ADENYLATE_CYCLASE_ACTIVATING_G_PROTEIN_COUPLED_RECEPTOR_SIGNALING_PATHWAY		20	-0.23141897	-0.5735657	0.9766187	1.0	1.0	8155	tags=35%, list=22%, signal=45%	
GOBP_LYMPHOCYTE_COSTIMULATION	GOBP_LYMPHOCYTE_COSTIMULATION		32	-0.21399535	-0.5724343	0.9913644	1.0	1.0	9124	tags=34%, list=25%, signal=46%	
GOBP_NEGATIVE_REGULATION_OF_RELEASE_OF_CYTOCHROME_C_FROM_MITOCHONDRIA	GOBP_NEGATIVE_REGULATION_OF_RELEASE_OF_CYTOCHROME_C_FROM_MITOCHONDRIA		21	-0.22970599	-0.5719521	0.97913045	1.0	1.0	3869	tags=5%, list=10%, signal=5%	
GOBP_NEGATIVE_REGULATION_OF_PLATELET_ACTIVATION	GOBP_NEGATIVE_REGULATION_OF_PLATELET_ACTIVATION		16	-0.24617104	-0.57154316	0.9809359	1.0	1.0	8757	tags=38%, list=24%, signal=49%	
GOBP_REGULATION_OF_INTRACELLULAR_STEROID_HORMONE_RECEPTOR_SIGNALING_PATHWAY	GOBP_REGULATION_OF_INTRACELLULAR_STEROID_HORMONE_RECEPTOR_SIGNALING_PATHWAY		83	-0.18107527	-0.57138723	1.0	1.0	1.0	8537	tags=12%, list=23%, signal=16%	
GOBP_LEUKOCYTE_PROLIFERATION	GOBP_LEUKOCYTE_PROLIFERATION		339	-0.15624627	-0.571198	1.0	1.0	1.0	9177	tags=22%, list=25%, signal=28%	
GOBP_PROTEASOME_ASSEMBLY	GOBP_PROTEASOME_ASSEMBLY		16	-0.24488968	-0.5706847	0.96892136	1.0	1.0	27907	tags=100%, list=76%, signal=408%	
GOBP_NEGATIVE_REGULATION_OF_BINDING	GOBP_NEGATIVE_REGULATION_OF_BINDING		15	-0.24626382	-0.56974864	0.97748595	1.0	1.0	27856	tags=100%, list=75%, signal=406%	
GOBP_NEGATIVE_REGULATION_OF_LEUKOCYTE_PROLIFERATION	GOBP_NEGATIVE_REGULATION_OF_LEUKOCYTE_PROLIFERATION		91	-0.17670636	-0.5692358	1.0	1.0	1.0	8757	tags=24%, list=24%, signal=32%	
GOBP_UNSATURATED_FATTY_ACID_BIOSYNTHETIC_PROCESS	GOBP_UNSATURATED_FATTY_ACID_BIOSYNTHETIC_PROCESS		59	-0.18805249	-0.5687246	1.0	1.0	1.0	7034	tags=17%, list=19%, signal=21%	
GOBP_REGULATION_OF_INTEGRIN_ACTIVATION	GOBP_REGULATION_OF_INTEGRIN_ACTIVATION		18	-0.23913574	-0.56859213	0.98194945	1.0	1.0	28120	tags=100%, list=76%, signal=418%	
GOBP_POSITIVE_REGULATION_OF_G1_S_TRANSITION_OF_MITOTIC_CELL_CYCLE	GOBP_POSITIVE_REGULATION_OF_G1_S_TRANSITION_OF_MITOTIC_CELL_CYCLE		47	-0.19597301	-0.5674428	0.99822694	1.0	1.0	9270	tags=23%, list=25%, signal=31%	
GOBP_LOW_DENSITY_LIPOPROTEIN_PARTICLE_CLEARANCE	GOBP_LOW_DENSITY_LIPOPROTEIN_PARTICLE_CLEARANCE		28	-0.21541643	-0.56693375	0.9842382	1.0	1.0	3340	tags=7%, list=9%, signal=8%	
GOBP_HYDROGEN_PEROXIDE_BIOSYNTHETIC_PROCESS	GOBP_HYDROGEN_PEROXIDE_BIOSYNTHETIC_PROCESS		20	-0.23059277	-0.5668249	0.9649123	1.0	1.0	4336	tags=10%, list=12%, signal=11%	
GOBP_CEREBELLAR_GRANULAR_LAYER_DEVELOPMENT	GOBP_CEREBELLAR_GRANULAR_LAYER_DEVELOPMENT		17	-0.23854943	-0.5665029	0.9815838	1.0	1.0	5812	tags=18%, list=16%, signal=21%	
GOBP_DNA_RECOMBINATION	GOBP_DNA_RECOMBINATION		339	-0.15252614	-0.5663694	1.0	1.0	1.0	8462	tags=14%, list=23%, signal=17%	
GOBP_ESTABLISHMENT_OF_MITOCHONDRION_LOCALIZATION_MICROTUBULE_MEDIATED	GOBP_ESTABLISHMENT_OF_MITOCHONDRION_LOCALIZATION_MICROTUBULE_MEDIATED		29	-0.21123719	-0.5660918	0.9930556	1.0	1.0	8097	tags=21%, list=22%, signal=26%	
GOBP_POSITIVE_REGULATION_OF_PROTEIN_TYROSINE_KINASE_ACTIVITY	GOBP_POSITIVE_REGULATION_OF_PROTEIN_TYROSINE_KINASE_ACTIVITY		15	-0.24233527	-0.5659808	0.9676259	1.0	1.0	4490	tags=13%, list=12%, signal=15%	
GOBP_POSITIVE_REGULATION_OF_REGULATORY_T_CELL_DIFFERENTIATION	GOBP_POSITIVE_REGULATION_OF_REGULATORY_T_CELL_DIFFERENTIATION		20	-0.22952081	-0.5658577	0.98372513	1.0	1.0	5724	tags=15%, list=15%, signal=18%	
GOBP_NEGATIVE_REGULATION_OF_EPITHELIAL_CELL_DIFFERENTIATION	GOBP_NEGATIVE_REGULATION_OF_EPITHELIAL_CELL_DIFFERENTIATION		47	-0.1951008	-0.5656975	0.99834985	1.0	1.0	29752	tags=100%, list=81%, signal=513%	
GOBP_PROTEIN_CATABOLIC_PROCESS_IN_THE_VACUOLE	GOBP_PROTEIN_CATABOLIC_PROCESS_IN_THE_VACUOLE		27	-0.21131898	-0.564656	0.9893993	1.0	1.0	23855	tags=96%, list=65%, signal=272%	
GOBP_ANTIGEN_RECEPTOR_MEDIATED_SIGNALING_PATHWAY	GOBP_ANTIGEN_RECEPTOR_MEDIATED_SIGNALING_PATHWAY		195	-0.1621276	-0.5645318	1.0	1.0	1.0	8620	tags=21%, list=23%, signal=27%	
GOBP_CHEMOKINE_C_X_C_MOTIF_LIGAND_2_PRODUCTION	GOBP_CHEMOKINE_C_X_C_MOTIF_LIGAND_2_PRODUCTION		27	-0.21549891	-0.5642399	0.99482757	1.0	1.0	8857	tags=26%, list=24%, signal=34%	
GOBP_CHEMOKINE_PRODUCTION	GOBP_CHEMOKINE_PRODUCTION		110	-0.17150813	-0.5630159	1.0	1.0	1.0	8435	tags=24%, list=23%, signal=31%	
GOBP_REGULATION_OF_NEUROINFLAMMATORY_RESPONSE	GOBP_REGULATION_OF_NEUROINFLAMMATORY_RESPONSE		38	-0.20178181	-0.56301546	0.99499166	1.0	1.0	8933	tags=26%, list=24%, signal=35%	
GOBP_PLATELET_ACTIVATION	GOBP_PLATELET_ACTIVATION		104	-0.17064176	-0.56274104	1.0	1.0	1.0	8927	tags=20%, list=24%, signal=27%	
GOBP_REGULATION_OF_CELLULAR_SENESCENCE	GOBP_REGULATION_OF_CELLULAR_SENESCENCE		47	-0.19249946	-0.5625126	1.0	1.0	1.0	29848	tags=100%, list=81%, signal=520%	
GOBP_POSITIVE_REGULATION_OF_B_CELL_MEDIATED_IMMUNITY	GOBP_POSITIVE_REGULATION_OF_B_CELL_MEDIATED_IMMUNITY		44	-0.19498543	-0.5618411	0.9966887	1.0	1.0	8448	tags=20%, list=23%, signal=26%	
GOBP_NEGATIVE_REGULATION_OF_GENE_EXPRESSION_EPIGENETIC	GOBP_NEGATIVE_REGULATION_OF_GENE_EXPRESSION_EPIGENETIC		198	-0.15883727	-0.5611575	1.0	1.0	1.0	5771	tags=6%, list=16%, signal=7%	
GOBP_REGULATION_OF_MICROGLIAL_CELL_ACTIVATION	GOBP_REGULATION_OF_MICROGLIAL_CELL_ACTIVATION		18	-0.23598379	-0.5599613	0.98542804	1.0	1.0	8933	tags=33%, list=24%, signal=44%	
GOBP_CENTRIOLE_ASSEMBLY	GOBP_CENTRIOLE_ASSEMBLY		51	-0.19125256	-0.55892384	0.99837136	1.0	1.0	572	tags=2%, list=2%, signal=2%	
GOBP_CERAMIDE_TRANSPORT	GOBP_CERAMIDE_TRANSPORT		16	-0.24591851	-0.5581941	0.985348	1.0	1.0	27869	tags=100%, list=75%, signal=407%	
GOBP_POSITIVE_REGULATION_OF_LEUKOCYTE_PROLIFERATION	GOBP_POSITIVE_REGULATION_OF_LEUKOCYTE_PROLIFERATION		156	-0.16292283	-0.55798763	1.0	1.0	1.0	9177	tags=24%, list=25%, signal=31%	
GOBP_CELL_REDOX_HOMEOSTASIS	GOBP_CELL_REDOX_HOMEOSTASIS		36	-0.20081817	-0.55652267	0.99833333	1.0	1.0	4666	tags=6%, list=13%, signal=6%	
GOBP_POSITIVE_REGULATION_OF_CYTOPLASMIC_TRANSLATION	GOBP_POSITIVE_REGULATION_OF_CYTOPLASMIC_TRANSLATION		16	-0.23787735	-0.5564369	0.9851577	1.0	1.0	28166	tags=100%, list=76%, signal=420%	
GOBP_POSITIVE_REGULATION_OF_COLLAGEN_METABOLIC_PROCESS	GOBP_POSITIVE_REGULATION_OF_COLLAGEN_METABOLIC_PROCESS		41	-0.19443813	-0.55592656	0.9897436	1.0	1.0	8055	tags=22%, list=22%, signal=28%	
GOBP_CEREBELLAR_PURKINJE_CELL_LAYER_DEVELOPMENT	GOBP_CEREBELLAR_PURKINJE_CELL_LAYER_DEVELOPMENT		37	-0.20219474	-0.5556421	0.9951691	1.0	1.0	7046	tags=16%, list=19%, signal=20%	
GOBP_P38MAPK_CASCADE	GOBP_P38MAPK_CASCADE		70	-0.17838418	-0.5552311	1.0	1.0	1.0	8959	tags=23%, list=24%, signal=30%	
GOBP_POSITIVE_REGULATION_OF_LEUKOCYTE_MIGRATION	GOBP_POSITIVE_REGULATION_OF_LEUKOCYTE_MIGRATION		155	-0.15922515	-0.5545067	1.0	1.0	1.0	9191	tags=26%, list=25%, signal=35%	
GOBP_REGULATION_OF_ACTIN_NUCLEATION	GOBP_REGULATION_OF_ACTIN_NUCLEATION		37	-0.19928792	-0.5539064	0.9914676	1.0	1.0	8869	tags=14%, list=24%, signal=18%	
GOBP_CERAMIDE_BIOSYNTHETIC_PROCESS	GOBP_CERAMIDE_BIOSYNTHETIC_PROCESS		76	-0.17681356	-0.55308187	0.9984277	1.0	1.0	8933	tags=20%, list=24%, signal=26%	
GOBP_BENZENE_CONTAINING_COMPOUND_METABOLIC_PROCESS	GOBP_BENZENE_CONTAINING_COMPOUND_METABOLIC_PROCESS		25	-0.21550587	-0.55277264	0.9927798	1.0	1.0	686	tags=4%, list=2%, signal=4%	
GOBP_PEPTIDYL_LYSINE_ACETYLATION	GOBP_PEPTIDYL_LYSINE_ACETYLATION		26	-0.2160817	-0.5525911	0.99159664	1.0	1.0	2961	tags=4%, list=8%, signal=4%	
GOBP_INTRACELLULAR_MRNA_LOCALIZATION	GOBP_INTRACELLULAR_MRNA_LOCALIZATION		18	-0.22868438	-0.5525182	0.9843478	1.0	1.0	28506	tags=100%, list=77%, signal=437%	
GOBP_NEGATIVE_REGULATION_OF_CELL_KILLING	GOBP_NEGATIVE_REGULATION_OF_CELL_KILLING		42	-0.19352894	-0.5525026	0.99657536	1.0	1.0	2489	tags=5%, list=7%, signal=5%	
GOBP_REGULATION_OF_PLATELET_DERIVED_GROWTH_FACTOR_RECEPTOR_SIGNALING_PATHWAY	GOBP_REGULATION_OF_PLATELET_DERIVED_GROWTH_FACTOR_RECEPTOR_SIGNALING_PATHWAY		30	-0.20840502	-0.55241215	0.99501663	1.0	1.0	9248	tags=23%, list=25%, signal=31%	
GOBP_CHOLESTEROL_IMPORT	GOBP_CHOLESTEROL_IMPORT		16	-0.23558679	-0.5521324	0.98188406	1.0	1.0	2782	tags=6%, list=8%, signal=7%	
GOBP_REGULATION_OF_GENERATION_OF_PRECURSOR_METABOLITES_AND_ENERGY	GOBP_REGULATION_OF_GENERATION_OF_PRECURSOR_METABOLITES_AND_ENERGY		150	-0.16310994	-0.5520864	1.0	1.0	1.0	8203	tags=13%, list=22%, signal=17%	
GOBP_REGULATION_OF_NUCLEOTIDE_METABOLIC_PROCESS	GOBP_REGULATION_OF_NUCLEOTIDE_METABOLIC_PROCESS		94	-0.1697408	-0.55084795	1.0	1.0	1.0	8148	tags=17%, list=22%, signal=22%	
GOBP_CELL_VOLUME_HOMEOSTASIS	GOBP_CELL_VOLUME_HOMEOSTASIS		38	-0.19885205	-0.55027413	0.99836063	1.0	1.0	7602	tags=13%, list=21%, signal=17%	
GOBP_INTERMEMBRANE_LIPID_TRANSFER	GOBP_INTERMEMBRANE_LIPID_TRANSFER		41	-0.19509344	-0.5480915	0.995114	1.0	1.0	5793	tags=10%, list=16%, signal=12%	
GOBP_GROWTH_HORMONE_SECRETION	GOBP_GROWTH_HORMONE_SECRETION		19	-0.22733673	-0.5478217	0.98880595	1.0	1.0	28556	tags=100%, list=77%, signal=440%	
GOBP_RESPONSE_TO_INTERLEUKIN_17	GOBP_RESPONSE_TO_INTERLEUKIN_17		24	-0.21462303	-0.5465871	0.9846678	1.0	1.0	13537	tags=46%, list=37%, signal=72%	
GOBP_ERBB2_SIGNALING_PATHWAY	GOBP_ERBB2_SIGNALING_PATHWAY		23	-0.21433017	-0.5464517	0.9814815	1.0	1.0	5789	tags=17%, list=16%, signal=21%	
GOBP_SPHINGOLIPID_MEDIATED_SIGNALING_PATHWAY	GOBP_SPHINGOLIPID_MEDIATED_SIGNALING_PATHWAY		21	-0.223079	-0.54626215	0.99325466	1.0	1.0	8933	tags=29%, list=24%, signal=38%	
GOBP_RESPONSE_TO_ACTIVITY	GOBP_RESPONSE_TO_ACTIVITY		85	-0.17180036	-0.545999	1.0	1.0	1.0	8953	tags=24%, list=24%, signal=31%	
GOBP_GLYCOLYTIC_PROCESS_THROUGH_FRUCTOSE_6_PHOSPHATE	GOBP_GLYCOLYTIC_PROCESS_THROUGH_FRUCTOSE_6_PHOSPHATE		31	-0.20413582	-0.54599667	0.9928952	1.0	1.0	2239	tags=3%, list=6%, signal=3%	
GOBP_SISTER_CHROMATID_COHESION	GOBP_SISTER_CHROMATID_COHESION		58	-0.18209317	-0.54455674	0.9984326	1.0	1.0	7286	tags=12%, list=20%, signal=15%	
GOBP_GLUTAMATE_METABOLIC_PROCESS	GOBP_GLUTAMATE_METABOLIC_PROCESS		34	-0.20000364	-0.5443867	0.9934102	1.0	1.0	8374	tags=24%, list=23%, signal=30%	
GOBP_GOLGI_TO_PLASMA_MEMBRANE_PROTEIN_TRANSPORT	GOBP_GOLGI_TO_PLASMA_MEMBRANE_PROTEIN_TRANSPORT		45	-0.19010459	-0.5441631	0.9982699	1.0	1.0	29936	tags=100%, list=81%, signal=526%	
GOBP_PENTOSE_PHOSPHATE_SHUNT	GOBP_PENTOSE_PHOSPHATE_SHUNT		22	-0.21505171	-0.5434905	0.9964349	1.0	1.0	8104	tags=14%, list=22%, signal=17%	
GOBP_RESPONSE_TO_GROWTH_HORMONE	GOBP_RESPONSE_TO_GROWTH_HORMONE		34	-0.19798467	-0.5433158	1.0	1.0	1.0	29643	tags=100%, list=80%, signal=505%	
GOBP_PROTEIN_IMPORT	GOBP_PROTEIN_IMPORT		15	-0.2340167	-0.5423735	0.980322	1.0	1.0	4269	tags=13%, list=12%, signal=15%	
GOBP_AMINO_ACID_ACTIVATION	GOBP_AMINO_ACID_ACTIVATION		45	-0.1847396	-0.54154146	1.0	1.0	1.0	30134	tags=100%, list=82%, signal=541%	
GOBP_MACROMOLECULE_DEPALMITOYLATION	GOBP_MACROMOLECULE_DEPALMITOYLATION		15	-0.23524475	-0.54127103	0.9856115	1.0	1.0	28263	tags=100%, list=76%, signal=425%	
GOBP_ADRENERGIC_RECEPTOR_SIGNALING_PATHWAY	GOBP_ADRENERGIC_RECEPTOR_SIGNALING_PATHWAY		29	-0.2026229	-0.54061365	0.9933993	1.0	1.0	3668	tags=7%, list=10%, signal=8%	
GOBP_BLOOD_VESSEL_REMODELING	GOBP_BLOOD_VESSEL_REMODELING		61	-0.17811377	-0.54016924	1.0	1.0	1.0	8757	tags=23%, list=24%, signal=30%	
GOBP_PROTEIN_DNA_COMPLEX_ORGANIZATION	GOBP_PROTEIN_DNA_COMPLEX_ORGANIZATION		170	-0.15594365	-0.5393674	1.0	1.0	1.0	4978	tags=4%, list=13%, signal=5%	
GOBP_POSITIVE_REGULATION_OF_LEUKOCYTE_APOPTOTIC_PROCESS	GOBP_POSITIVE_REGULATION_OF_LEUKOCYTE_APOPTOTIC_PROCESS		32	-0.19853608	-0.5390765	0.9931153	1.0	1.0	8195	tags=16%, list=22%, signal=20%	
GOBP_RESPONSE_TO_AMYLOID_BETA	GOBP_RESPONSE_TO_AMYLOID_BETA		49	-0.18593246	-0.53842753	1.0	1.0	1.0	8971	tags=24%, list=24%, signal=32%	
GOBP_PTERIDINE_CONTAINING_COMPOUND_BIOSYNTHETIC_PROCESS	GOBP_PTERIDINE_CONTAINING_COMPOUND_BIOSYNTHETIC_PROCESS		15	-0.23131904	-0.53838444	0.98395723	1.0	1.0	28408	tags=100%, list=77%, signal=432%	
GOBP_REGULATION_OF_LIPID_TRANSPORT	GOBP_REGULATION_OF_LIPID_TRANSPORT		148	-0.15818177	-0.5382397	1.0	1.0	1.0	8851	tags=20%, list=24%, signal=27%	
GOBP_REGULATION_OF_RECEPTOR_RECYCLING	GOBP_REGULATION_OF_RECEPTOR_RECYCLING		27	-0.20571016	-0.5382007	0.9808028	1.0	1.0	2004	tags=4%, list=5%, signal=4%	
GOBP_INTERLEUKIN_6_MEDIATED_SIGNALING_PATHWAY	GOBP_INTERLEUKIN_6_MEDIATED_SIGNALING_PATHWAY		21	-0.219308	-0.53801924	0.9913345	1.0	1.0	4666	tags=10%, list=13%, signal=11%	
GOBP_CELL_DIFFERENTIATION_INVOLVED_IN_EMBRYONIC_PLACENTA_DEVELOPMENT	GOBP_CELL_DIFFERENTIATION_INVOLVED_IN_EMBRYONIC_PLACENTA_DEVELOPMENT		30	-0.20181479	-0.5374618	0.9982669	1.0	1.0	6230	tags=10%, list=17%, signal=12%	
GOBP_NON_CANONICAL_NF_KAPPAB_SIGNAL_TRANSDUCTION	GOBP_NON_CANONICAL_NF_KAPPAB_SIGNAL_TRANSDUCTION		125	-0.16029276	-0.5360818	1.0	1.0	1.0	3045	tags=3%, list=8%, signal=3%	
GOBP_NEGATIVE_REGULATION_OF_TYPE_I_INTERFERON_PRODUCTION	GOBP_NEGATIVE_REGULATION_OF_TYPE_I_INTERFERON_PRODUCTION		49	-0.18535581	-0.53570586	1.0	1.0	1.0	30112	tags=100%, list=81%, signal=540%	
GOBP_PEPTIDYL_TYROSINE_MODIFICATION	GOBP_PEPTIDYL_TYROSINE_MODIFICATION		211	-0.15315534	-0.53551996	1.0	1.0	1.0	9248	tags=23%, list=25%, signal=31%	
GOBP_BLASTODERM_SEGMENTATION	GOBP_BLASTODERM_SEGMENTATION		26	-0.20726036	-0.5332209	0.99469966	1.0	1.0	8441	tags=31%, list=23%, signal=40%	
GOBP_REGULATION_OF_DOUBLE_STRAND_BREAK_REPAIR_VIA_NONHOMOLOGOUS_END_JOINING	GOBP_REGULATION_OF_DOUBLE_STRAND_BREAK_REPAIR_VIA_NONHOMOLOGOUS_END_JOINING		30	-0.1994258	-0.53256786	0.9896194	1.0	1.0	29589	tags=100%, list=80%, signal=502%	
GOBP_COLUMNAR_CUBOIDAL_EPITHELIAL_CELL_DEVELOPMENT	GOBP_COLUMNAR_CUBOIDAL_EPITHELIAL_CELL_DEVELOPMENT		23	-0.20662512	-0.53208274	0.99257886	1.0	1.0	5735	tags=13%, list=16%, signal=15%	
GOBP_REGULATION_OF_ESTABLISHMENT_OR_MAINTENANCE_OF_CELL_POLARITY	GOBP_REGULATION_OF_ESTABLISHMENT_OR_MAINTENANCE_OF_CELL_POLARITY		27	-0.20092623	-0.5296458	0.9948186	1.0	1.0	29533	tags=100%, list=80%, signal=498%	
GOBP_PYRIDINE_CONTAINING_COMPOUND_METABOLIC_PROCESS	GOBP_PYRIDINE_CONTAINING_COMPOUND_METABOLIC_PROCESS		201	-0.1500749	-0.529638	1.0	1.0	1.0	8232	tags=14%, list=22%, signal=18%	
GOBP_ENAMEL_MINERALIZATION	GOBP_ENAMEL_MINERALIZATION		22	-0.21038374	-0.5295808	0.9965096	1.0	1.0	8429	tags=27%, list=23%, signal=35%	
GOBP_PYRIMIDINE_NUCLEOBASE_METABOLIC_PROCESS	GOBP_PYRIMIDINE_NUCLEOBASE_METABOLIC_PROCESS		20	-0.2175837	-0.52937925	0.99134946	1.0	1.0	7192	tags=20%, list=19%, signal=25%	
GOBP_REGULATION_OF_ASTROCYTE_DIFFERENTIATION	GOBP_REGULATION_OF_ASTROCYTE_DIFFERENTIATION		36	-0.1907323	-0.5292904	0.99836063	1.0	1.0	8271	tags=22%, list=22%, signal=29%	
GOBP_MYOBLAST_PROLIFERATION	GOBP_MYOBLAST_PROLIFERATION		26	-0.20314024	-0.5284255	0.9964413	1.0	1.0	4670	tags=12%, list=13%, signal=13%	
GOBP_GLYCOSPHINGOLIPID_METABOLIC_PROCESS	GOBP_GLYCOSPHINGOLIPID_METABOLIC_PROCESS		57	-0.17471716	-0.52832544	1.0	1.0	1.0	8263	tags=23%, list=22%, signal=29%	
GOBP_REGULATION_OF_STRIATED_MUSCLE_CELL_DIFFERENTIATION	GOBP_REGULATION_OF_STRIATED_MUSCLE_CELL_DIFFERENTIATION		106	-0.16036595	-0.52713335	1.0	1.0	1.0	8937	tags=22%, list=24%, signal=29%	
GOBP_POSITIVE_REGULATION_OF_CYTOKINE_PRODUCTION_INVOLVED_IN_INFLAMMATORY_RESPONSE	GOBP_POSITIVE_REGULATION_OF_CYTOKINE_PRODUCTION_INVOLVED_IN_INFLAMMATORY_RESPONSE		31	-0.19499207	-0.52652925	0.9966159	1.0	1.0	13604	tags=45%, list=37%, signal=71%	
GOBP_POSITIVE_REGULATION_OF_RESPONSE_TO_BIOTIC_STIMULUS	GOBP_POSITIVE_REGULATION_OF_RESPONSE_TO_BIOTIC_STIMULUS		463	-0.14071065	-0.52644783	1.0	1.0	1.0	8980	tags=17%, list=24%, signal=23%	
GOBP_NEGATIVE_REGULATION_OF_CANONICAL_NF_KAPPAB_SIGNAL_TRANSDUCTION	GOBP_NEGATIVE_REGULATION_OF_CANONICAL_NF_KAPPAB_SIGNAL_TRANSDUCTION		97	-0.16194272	-0.52642006	1.0	1.0	1.0	6111	tags=8%, list=17%, signal=10%	
GOBP_APOPTOTIC_PROCESS_INVOLVED_IN_MORPHOGENESIS	GOBP_APOPTOTIC_PROCESS_INVOLVED_IN_MORPHOGENESIS		32	-0.19293588	-0.5252566	0.9966443	1.0	1.0	29829	tags=100%, list=81%, signal=518%	
GOBP_UBIQUITIN_DEPENDENT_PROTEIN_CATABOLIC_PROCESS_VIA_THE_C_END_DEGRON_RULE_PATHWAY	GOBP_UBIQUITIN_DEPENDENT_PROTEIN_CATABOLIC_PROCESS_VIA_THE_C_END_DEGRON_RULE_PATHWAY		18	-0.21626633	-0.52407044	0.9910873	1.0	1.0	4325	tags=6%, list=12%, signal=6%	
GOBP_G_PROTEIN_COUPLED_DOPAMINE_RECEPTOR_SIGNALING_PATHWAY	GOBP_G_PROTEIN_COUPLED_DOPAMINE_RECEPTOR_SIGNALING_PATHWAY		32	-0.19374847	-0.52372104	0.99517685	1.0	1.0	29799	tags=100%, list=81%, signal=516%	
GOBP_POSITIVE_REGULATION_OF_PROTEOLYSIS_INVOLVED_IN_PROTEIN_CATABOLIC_PROCESS	GOBP_POSITIVE_REGULATION_OF_PROTEOLYSIS_INVOLVED_IN_PROTEIN_CATABOLIC_PROCESS		131	-0.15532507	-0.52322453	1.0	1.0	1.0	9243	tags=14%, list=25%, signal=18%	
GOBP_RESPONSE_TO_RADIATION	GOBP_RESPONSE_TO_RADIATION		452	-0.13887192	-0.5230042	1.0	1.0	1.0	9117	tags=17%, list=25%, signal=23%	
GOBP_POSITIVE_REGULATION_OF_CELL_MATRIX_ADHESION	GOBP_POSITIVE_REGULATION_OF_CELL_MATRIX_ADHESION		69	-0.17042242	-0.5213866	1.0	1.0	1.0	8869	tags=16%, list=24%, signal=21%	
GOBP_AMYLOID_PRECURSOR_PROTEIN_METABOLIC_PROCESS	GOBP_AMYLOID_PRECURSOR_PROTEIN_METABOLIC_PROCESS		76	-0.16783501	-0.5207561	1.0	1.0	1.0	7622	tags=12%, list=21%, signal=15%	
GOBP_CYTOKINE_PRODUCTION_INVOLVED_IN_INFLAMMATORY_RESPONSE	GOBP_CYTOKINE_PRODUCTION_INVOLVED_IN_INFLAMMATORY_RESPONSE		72	-0.16897534	-0.5205403	1.0	1.0	1.0	9495	tags=22%, list=26%, signal=30%	
GOBP_DICARBOXYLIC_ACID_METABOLIC_PROCESS	GOBP_DICARBOXYLIC_ACID_METABOLIC_PROCESS		98	-0.1608263	-0.51979196	1.0	1.0	1.0	7006	tags=12%, list=19%, signal=15%	
GOBP_POSITIVE_REGULATION_OF_TOR_SIGNALING	GOBP_POSITIVE_REGULATION_OF_TOR_SIGNALING		92	-0.16112496	-0.51970345	1.0	1.0	1.0	23667	tags=96%, list=64%, signal=265%	
GOBP_TOR_SIGNALING	GOBP_TOR_SIGNALING		190	-0.14825453	-0.5193083	1.0	1.0	1.0	28237	tags=99%, list=76%, signal=417%	
GOBP_RENAL_SYSTEM_VASCULATURE_DEVELOPMENT	GOBP_RENAL_SYSTEM_VASCULATURE_DEVELOPMENT		33	-0.19120163	-0.5182838	0.9948007	1.0	1.0	8441	tags=27%, list=23%, signal=35%	
GOBP_REGULATION_OF_NUCLEAR_TRANSCRIBED_MRNA_CATABOLIC_PROCESS_NONSENSE_MEDIATED_DECAY	GOBP_REGULATION_OF_NUCLEAR_TRANSCRIBED_MRNA_CATABOLIC_PROCESS_NONSENSE_MEDIATED_DECAY		15	-0.22866581	-0.5175226	0.98141265	1.0	1.0	28506	tags=100%, list=77%, signal=437%	
GOBP_ENSHEATHMENT_OF_NEURONS	GOBP_ENSHEATHMENT_OF_NEURONS		180	-0.14782998	-0.517318	1.0	1.0	1.0	6825	tags=14%, list=18%, signal=18%	
GOBP_REGULATION_OF_CYTOKINESIS	GOBP_REGULATION_OF_CYTOKINESIS		87	-0.15968949	-0.5160473	1.0	1.0	1.0	9062	tags=15%, list=25%, signal=20%	
GOBP_CELLULAR_RESPONSE_TO_STEROID_HORMONE_STIMULUS	GOBP_CELLULAR_RESPONSE_TO_STEROID_HORMONE_STIMULUS		207	-0.14643472	-0.5157637	1.0	1.0	1.0	8925	tags=17%, list=24%, signal=22%	
GOBP_GLOMERULAR_EPITHELIUM_DEVELOPMENT	GOBP_GLOMERULAR_EPITHELIUM_DEVELOPMENT		27	-0.1962951	-0.5157502	0.9983165	1.0	1.0	29704	tags=100%, list=80%, signal=510%	
GOBP_REGULATION_OF_SHORT_TERM_NEURONAL_SYNAPTIC_PLASTICITY	GOBP_REGULATION_OF_SHORT_TERM_NEURONAL_SYNAPTIC_PLASTICITY		20	-0.21302608	-0.5148336	0.98720294	1.0	1.0	5722	tags=15%, list=15%, signal=18%	
GOBP_POSITIVE_REGULATION_OF_PHOSPHATIDYLINOSITOL_3_KINASE_PROTEIN_KINASE_B_SIGNAL_TRANSDUCTION	GOBP_POSITIVE_REGULATION_OF_PHOSPHATIDYLINOSITOL_3_KINASE_PROTEIN_KINASE_B_SIGNAL_TRANSDUCTION		209	-0.14600949	-0.51389277	1.0	1.0	1.0	9281	tags=20%, list=25%, signal=26%	
GOBP_INFLAMMATORY_CELL_APOPTOTIC_PROCESS	GOBP_INFLAMMATORY_CELL_APOPTOTIC_PROCESS		24	-0.19961004	-0.5136342	0.9947461	1.0	1.0	29581	tags=100%, list=80%, signal=501%	
GOBP_NEUTRAL_LIPID_BIOSYNTHETIC_PROCESS	GOBP_NEUTRAL_LIPID_BIOSYNTHETIC_PROCESS		56	-0.17204073	-0.5131793	1.0	1.0	1.0	13	tags=2%, list=0%, signal=2%	
GOBP_EXTRACELLULAR_MATRIX_CONSTITUENT_SECRETION	GOBP_EXTRACELLULAR_MATRIX_CONSTITUENT_SECRETION		16	-0.22344661	-0.5127307	0.9894737	1.0	1.0	28699	tags=100%, list=78%, signal=448%	
GOBP_CELLULAR_RESPONSE_TO_GROWTH_HORMONE_STIMULUS	GOBP_CELLULAR_RESPONSE_TO_GROWTH_HORMONE_STIMULUS		23	-0.20090446	-0.5126351	0.9879518	1.0	1.0	29533	tags=100%, list=80%, signal=498%	
GOBP_REGULATION_OF_CARTILAGE_DEVELOPMENT	GOBP_REGULATION_OF_CARTILAGE_DEVELOPMENT		74	-0.1639719	-0.5121672	1.0	1.0	1.0	9276	tags=30%, list=25%, signal=40%	
GOBP_PROTEIN_REFOLDING	GOBP_PROTEIN_REFOLDING		27	-0.19266602	-0.510392	0.99648505	1.0	1.0	29838	tags=100%, list=81%, signal=519%	
GOBP_REGULATION_OF_HIPPO_SIGNALING	GOBP_REGULATION_OF_HIPPO_SIGNALING		48	-0.1729506	-0.51007485	0.9966942	1.0	1.0	23240	tags=96%, list=63%, signal=258%	
GOBP_GOLGI_ORGANIZATION	GOBP_GOLGI_ORGANIZATION		133	-0.14934532	-0.5098448	1.0	1.0	1.0	29211	tags=99%, list=79%, signal=472%	
GOBP_VASCULAR_ENDOTHELIAL_CELL_PROLIFERATION	GOBP_VASCULAR_ENDOTHELIAL_CELL_PROLIFERATION		26	-0.19840217	-0.5091779	0.98696464	1.0	1.0	29626	tags=100%, list=80%, signal=504%	
GOBP_ETHER_LIPID_METABOLIC_PROCESS	GOBP_ETHER_LIPID_METABOLIC_PROCESS		23	-0.20014623	-0.5085957	0.995	1.0	1.0	29561	tags=100%, list=80%, signal=500%	
GOBP_REGULATION_OF_MUSCLE_HYPERTROPHY	GOBP_REGULATION_OF_MUSCLE_HYPERTROPHY		88	-0.15844704	-0.50822544	1.0	1.0	1.0	6177	tags=10%, list=17%, signal=12%	
GOBP_REGULATION_OF_EXTRINSIC_APOPTOTIC_SIGNALING_PATHWAY	GOBP_REGULATION_OF_EXTRINSIC_APOPTOTIC_SIGNALING_PATHWAY		179	-0.14630252	-0.5081058	1.0	1.0	1.0	9276	tags=20%, list=25%, signal=26%	
GOBP_RESPONSE_TO_CADMIUM_ION	GOBP_RESPONSE_TO_CADMIUM_ION		46	-0.17712457	-0.5074487	0.99837136	1.0	1.0	8587	tags=20%, list=23%, signal=25%	
GOBP_PYRUVATE_METABOLIC_PROCESS	GOBP_PYRUVATE_METABOLIC_PROCESS		145	-0.14830245	-0.5072602	1.0	1.0	1.0	8148	tags=14%, list=22%, signal=19%	
GOBP_PROTEIN_DEUBIQUITINATION	GOBP_PROTEIN_DEUBIQUITINATION		106	-0.15388478	-0.5071591	1.0	1.0	1.0	6245	tags=7%, list=17%, signal=8%	
GOBP_GAMMA_DELTA_T_CELL_ACTIVATION	GOBP_GAMMA_DELTA_T_CELL_ACTIVATION		22	-0.20616318	-0.50669056	0.9891501	1.0	1.0	9063	tags=41%, list=25%, signal=54%	
GOBP_ESTABLISHMENT_OF_MITOCHONDRION_LOCALIZATION	GOBP_ESTABLISHMENT_OF_MITOCHONDRION_LOCALIZATION		38	-0.1802062	-0.50667197	1.0	1.0	1.0	8097	tags=18%, list=22%, signal=24%	
GOBP_PROTEIN_MODIFICATION_BY_SMALL_PROTEIN_REMOVAL	GOBP_PROTEIN_MODIFICATION_BY_SMALL_PROTEIN_REMOVAL		129	-0.14870808	-0.5062794	1.0	1.0	1.0	6245	tags=6%, list=17%, signal=7%	
GOBP_POSTSYNAPTIC_CYTOSKELETON_ORGANIZATION	GOBP_POSTSYNAPTIC_CYTOSKELETON_ORGANIZATION		34	-0.18424046	-0.5060113	0.99502486	1.0	1.0	858	tags=3%, list=2%, signal=3%	
GOBP_AMYLOID_PRECURSOR_PROTEIN_CATABOLIC_PROCESS	GOBP_AMYLOID_PRECURSOR_PROTEIN_CATABOLIC_PROCESS		60	-0.16490147	-0.5058028	1.0	1.0	1.0	6686	tags=8%, list=18%, signal=10%	
GOBP_SPHINGOMYELIN_METABOLIC_PROCESS	GOBP_SPHINGOMYELIN_METABOLIC_PROCESS		21	-0.20173301	-0.50470096	0.9914383	1.0	1.0	29502	tags=100%, list=80%, signal=496%	
GOBP_AXO_DENDRITIC_TRANSPORT	GOBP_AXO_DENDRITIC_TRANSPORT		101	-0.1561836	-0.5044315	1.0	1.0	1.0	8461	tags=15%, list=23%, signal=19%	
GOBP_REGULATION_OF_PHOSPHOLIPID_BIOSYNTHETIC_PROCESS	GOBP_REGULATION_OF_PHOSPHOLIPID_BIOSYNTHETIC_PROCESS		19	-0.20658848	-0.50373566	0.98526704	1.0	1.0	9112	tags=26%, list=25%, signal=35%	
GOBP_NEGATIVE_REGULATION_OF_ORGAN_GROWTH	GOBP_NEGATIVE_REGULATION_OF_ORGAN_GROWTH		43	-0.17814665	-0.5030806	0.99835527	1.0	1.0	5886	tags=7%, list=16%, signal=8%	
GOBP_GLYCERALDEHYDE_3_PHOSPHATE_METABOLIC_PROCESS	GOBP_GLYCERALDEHYDE_3_PHOSPHATE_METABOLIC_PROCESS		19	-0.20506728	-0.50222784	0.9877193	1.0	1.0	8139	tags=16%, list=22%, signal=20%	
GOBP_METANEPHRIC_EPITHELIUM_DEVELOPMENT	GOBP_METANEPHRIC_EPITHELIUM_DEVELOPMENT		28	-0.19052608	-0.5016922	0.99647886	1.0	1.0	8615	tags=29%, list=23%, signal=37%	
GOBP_RIG_I_SIGNALING_PATHWAY	GOBP_RIG_I_SIGNALING_PATHWAY		26	-0.19450237	-0.501187	0.9949324	1.0	1.0	29770	tags=100%, list=81%, signal=514%	
GOBP_POSITIVE_REGULATION_OF_PEPTIDYL_SERINE_PHOSPHORYLATION	GOBP_POSITIVE_REGULATION_OF_PEPTIDYL_SERINE_PHOSPHORYLATION		41	-0.17808956	-0.50111747	1.0	1.0	1.0	9117	tags=20%, list=25%, signal=26%	
GOBP_MORPHOGENESIS_OF_A_BRANCHING_STRUCTURE	GOBP_MORPHOGENESIS_OF_A_BRANCHING_STRUCTURE		249	-0.1399589	-0.50092643	1.0	1.0	1.0	8195	tags=16%, list=22%, signal=20%	
GOBP_MACROPHAGE_CHEMOTAXIS	GOBP_MACROPHAGE_CHEMOTAXIS		46	-0.1735684	-0.5006815	1.0	1.0	1.0	569	tags=2%, list=2%, signal=2%	
GOBP_REGULATION_OF_AMIDE_METABOLIC_PROCESS	GOBP_REGULATION_OF_AMIDE_METABOLIC_PROCESS		72	-0.1587716	-0.5002264	1.0	1.0	1.0	7622	tags=11%, list=21%, signal=14%	
GOBP_GENERATION_OF_PRECURSOR_METABOLITES_AND_ENERGY	GOBP_GENERATION_OF_PRECURSOR_METABOLITES_AND_ENERGY		483	-0.13247411	-0.49922407	1.0	1.0	1.0	9023	tags=13%, list=24%, signal=17%	
GOBP_POSITIVE_REGULATION_OF_GLYCOGEN_METABOLIC_PROCESS	GOBP_POSITIVE_REGULATION_OF_GLYCOGEN_METABOLIC_PROCESS		25	-0.1963342	-0.4989793	0.9965157	1.0	1.0	5598	tags=12%, list=15%, signal=14%	
GOBP_CARBOHYDRATE_DERIVATIVE_CATABOLIC_PROCESS	GOBP_CARBOHYDRATE_DERIVATIVE_CATABOLIC_PROCESS		261	-0.13828059	-0.4989562	1.0	1.0	1.0	9201	tags=21%, list=25%, signal=27%	
GOBP_CELLULAR_RESPONSE_TO_GLUCOSE_STARVATION	GOBP_CELLULAR_RESPONSE_TO_GLUCOSE_STARVATION		52	-0.17078334	-0.49848545	1.0	1.0	1.0	27882	tags=98%, list=75%, signal=399%	
GOBP_NEGATIVE_REGULATION_OF_PROTEIN_LOCALIZATION	GOBP_NEGATIVE_REGULATION_OF_PROTEIN_LOCALIZATION		235	-0.1379596	-0.498313	1.0	1.0	1.0	3075	tags=3%, list=8%, signal=3%	
GOBP_GLOMERULAR_EPITHELIAL_CELL_DIFFERENTIATION	GOBP_GLOMERULAR_EPITHELIAL_CELL_DIFFERENTIATION		23	-0.19627383	-0.49787393	0.99819493	1.0	1.0	29704	tags=100%, list=80%, signal=510%	
GOBP_RESPONSE_TO_MURAMYL_DIPEPTIDE	GOBP_RESPONSE_TO_MURAMYL_DIPEPTIDE		22	-0.1949958	-0.4978635	0.99640936	1.0	1.0	29751	tags=100%, list=81%, signal=513%	
GOBP_NEGATIVE_REGULATION_OF_D_GLUCOSE_IMPORT	GOBP_NEGATIVE_REGULATION_OF_D_GLUCOSE_IMPORT		21	-0.1974005	-0.4975938	1.0	1.0	1.0	29662	tags=100%, list=80%, signal=507%	
GOBP_POSITIVE_REGULATION_OF_AMIDE_METABOLIC_PROCESS	GOBP_POSITIVE_REGULATION_OF_AMIDE_METABOLIC_PROCESS		29	-0.18577	-0.49692628	0.9982206	1.0	1.0	30093	tags=100%, list=81%, signal=538%	
GOBP_REGULATION_OF_BINDING	GOBP_REGULATION_OF_BINDING		40	-0.17748097	-0.49482322	1.0	1.0	1.0	30401	tags=100%, list=82%, signal=564%	
GOBP_HEMATOPOIETIC_STEM_CELL_HOMEOSTASIS	GOBP_HEMATOPOIETIC_STEM_CELL_HOMEOSTASIS		31	-0.18427245	-0.4930783	0.9932432	1.0	1.0	6186	tags=10%, list=17%, signal=12%	
GOBP_POSITIVE_REGULATION_OF_AMYLOID_BETA_FORMATION	GOBP_POSITIVE_REGULATION_OF_AMYLOID_BETA_FORMATION		18	-0.20619377	-0.49298173	0.9869159	1.0	1.0	6686	tags=17%, list=18%, signal=20%	
GOBP_PROTEIN_K48_LINKED_DEUBIQUITINATION	GOBP_PROTEIN_K48_LINKED_DEUBIQUITINATION		28	-0.18500663	-0.49290568	1.0	1.0	1.0	30121	tags=100%, list=82%, signal=541%	
GOBP_POSITIVE_REGULATION_OF_PROTEIN_TARGETING_TO_MEMBRANE	GOBP_POSITIVE_REGULATION_OF_PROTEIN_TARGETING_TO_MEMBRANE		32	-0.18218409	-0.4923697	1.0	1.0	1.0	8443	tags=19%, list=23%, signal=24%	
GOBP_RIBONUCLEOTIDE_CATABOLIC_PROCESS	GOBP_RIBONUCLEOTIDE_CATABOLIC_PROCESS		155	-0.14327826	-0.49172446	1.0	1.0	1.0	8576	tags=19%, list=23%, signal=24%	
GOBP_NONRIBOSOMAL_PEPTIDE_BIOSYNTHETIC_PROCESS	GOBP_NONRIBOSOMAL_PEPTIDE_BIOSYNTHETIC_PROCESS		17	-0.20625111	-0.4916301	0.9907919	1.0	1.0	8374	tags=24%, list=23%, signal=30%	
GOBP_POSITIVE_REGULATION_OF_CELL_CYCLE_G1_S_PHASE_TRANSITION	GOBP_POSITIVE_REGULATION_OF_CELL_CYCLE_G1_S_PHASE_TRANSITION		59	-0.16192016	-0.4914837	1.0	1.0	1.0	9270	tags=22%, list=25%, signal=29%	
GOBP_REGULATION_OF_LEUKOCYTE_APOPTOTIC_PROCESS	GOBP_REGULATION_OF_LEUKOCYTE_APOPTOTIC_PROCESS		92	-0.15171403	-0.4912859	1.0	1.0	1.0	9276	tags=20%, list=25%, signal=26%	
GOBP_REGULATION_OF_ACTIVATED_T_CELL_PROLIFERATION	GOBP_REGULATION_OF_ACTIVATED_T_CELL_PROLIFERATION		40	-0.17512894	-0.490935	1.0	1.0	1.0	9124	tags=30%, list=25%, signal=40%	
GOBP_PEPTIDYL_CYSTEINE_MODIFICATION	GOBP_PEPTIDYL_CYSTEINE_MODIFICATION		29	-0.18341681	-0.4903791	1.0	1.0	1.0	6015	tags=10%, list=16%, signal=12%	
GOBP_EPITHELIAL_TUBE_BRANCHING_INVOLVED_IN_LUNG_MORPHOGENESIS	GOBP_EPITHELIAL_TUBE_BRANCHING_INVOLVED_IN_LUNG_MORPHOGENESIS		40	-0.17449379	-0.4899722	1.0	1.0	1.0	830	tags=3%, list=2%, signal=3%	
GOBP_POSITIVE_REGULATION_OF_CHEMOTAXIS	GOBP_POSITIVE_REGULATION_OF_CHEMOTAXIS		145	-0.14337249	-0.48870945	1.0	1.0	1.0	9191	tags=23%, list=25%, signal=30%	
GOBP_NEGATIVE_REGULATION_OF_FIBROBLAST_GROWTH_FACTOR_RECEPTOR_SIGNALING_PATHWAY	GOBP_NEGATIVE_REGULATION_OF_FIBROBLAST_GROWTH_FACTOR_RECEPTOR_SIGNALING_PATHWAY		19	-0.20041129	-0.48837	0.99656355	1.0	1.0	8195	tags=32%, list=22%, signal=41%	
GOBP_NEGATIVE_REGULATION_OF_ENDOTHELIAL_CELL_APOPTOTIC_PROCESS	GOBP_NEGATIVE_REGULATION_OF_ENDOTHELIAL_CELL_APOPTOTIC_PROCESS		33	-0.17643264	-0.48726967	1.0	1.0	1.0	8992	tags=24%, list=24%, signal=32%	
GOBP_POSITIVE_REGULATION_OF_CILIUM_ASSEMBLY	GOBP_POSITIVE_REGULATION_OF_CILIUM_ASSEMBLY		37	-0.17587972	-0.48708534	1.0	1.0	1.0	9026	tags=16%, list=24%, signal=21%	
GOBP_PROTEIN_LOCALIZATION_TO_LYSOSOME	GOBP_PROTEIN_LOCALIZATION_TO_LYSOSOME		67	-0.1578996	-0.48446572	1.0	1.0	1.0	23899	tags=96%, list=65%, signal=270%	
GOBP_SYNAPTIC_VESICLE_PRIMING	GOBP_SYNAPTIC_VESICLE_PRIMING		32	-0.17740463	-0.48371238	1.0	1.0	1.0	9152	tags=22%, list=25%, signal=29%	
GOBP_COENZYME_A_METABOLIC_PROCESS	GOBP_COENZYME_A_METABOLIC_PROCESS		20	-0.19739515	-0.4829549	0.9929453	1.0	1.0	29662	tags=100%, list=80%, signal=507%	
GOBP_NEGATIVE_REGULATION_OF_MYOTUBE_DIFFERENTIATION	GOBP_NEGATIVE_REGULATION_OF_MYOTUBE_DIFFERENTIATION		17	-0.19977006	-0.48218092	0.99424183	1.0	1.0	5156	tags=12%, list=14%, signal=14%	
GOBP_PROTEIN_K63_LINKED_DEUBIQUITINATION	GOBP_PROTEIN_K63_LINKED_DEUBIQUITINATION		27	-0.1877099	-0.48214978	0.9948365	1.0	1.0	30021	tags=100%, list=81%, signal=533%	
GOBP_RESPONSE_TO_TYPE_I_INTERFERON	GOBP_RESPONSE_TO_TYPE_I_INTERFERON		84	-0.15200554	-0.48130852	1.0	1.0	1.0	9248	tags=14%, list=25%, signal=19%	
GOBP_NEGATIVE_REGULATION_OF_COLD_INDUCED_THERMOGENESIS	GOBP_NEGATIVE_REGULATION_OF_COLD_INDUCED_THERMOGENESIS		48	-0.16531055	-0.48129866	1.0	1.0	1.0	8891	tags=21%, list=24%, signal=27%	
GOBP_REGULATION_OF_SMALL_MOLECULE_METABOLIC_PROCESS	GOBP_REGULATION_OF_SMALL_MOLECULE_METABOLIC_PROCESS		380	-0.13043748	-0.4811795	1.0	1.0	1.0	9281	tags=18%, list=25%, signal=24%	
GOBP_CELLULAR_PIGMENTATION	GOBP_CELLULAR_PIGMENTATION		58	-0.1602517	-0.4809666	1.0	1.0	1.0	9310	tags=17%, list=25%, signal=23%	
GOBP_LEUKOCYTE_APOPTOTIC_PROCESS	GOBP_LEUKOCYTE_APOPTOTIC_PROCESS		119	-0.14376502	-0.4800297	1.0	1.0	1.0	9276	tags=18%, list=25%, signal=23%	
GOBP_CELLULAR_RESPONSE_TO_OXYGEN_LEVELS	GOBP_CELLULAR_RESPONSE_TO_OXYGEN_LEVELS		180	-0.13630866	-0.4790695	1.0	1.0	1.0	7919	tags=13%, list=21%, signal=17%	
GOBP_GLUCOSE_6_PHOSPHATE_METABOLIC_PROCESS	GOBP_GLUCOSE_6_PHOSPHATE_METABOLIC_PROCESS		31	-0.17922966	-0.47886583	0.9965035	1.0	1.0	5467	tags=10%, list=15%, signal=11%	
GOBP_REGULATION_OF_STEROID_HORMONE_BIOSYNTHETIC_PROCESS	GOBP_REGULATION_OF_STEROID_HORMONE_BIOSYNTHETIC_PROCESS		20	-0.19452493	-0.47782314	0.9947461	1.0	1.0	29768	tags=100%, list=81%, signal=514%	
GOBP_POSITIVE_REGULATION_OF_VASCULAR_ENDOTHELIAL_CELL_PROLIFERATION	GOBP_POSITIVE_REGULATION_OF_VASCULAR_ENDOTHELIAL_CELL_PROLIFERATION		17	-0.20087183	-0.47759274	0.9981132	1.0	1.0	29533	tags=100%, list=80%, signal=498%	
GOBP_REGULATION_OF_GLYCOPROTEIN_METABOLIC_PROCESS	GOBP_REGULATION_OF_GLYCOPROTEIN_METABOLIC_PROCESS		47	-0.1677461	-0.4771612	1.0	1.0	1.0	6686	tags=13%, list=18%, signal=16%	
GOBP_NUCLEOSIDE_PHOSPHATE_CATABOLIC_PROCESS	GOBP_NUCLEOSIDE_PHOSPHATE_CATABOLIC_PROCESS		197	-0.13533317	-0.47677222	1.0	1.0	1.0	9242	tags=21%, list=25%, signal=28%	
GOBP_REGULATION_OF_MITOCHONDRIAL_FUSION	GOBP_REGULATION_OF_MITOCHONDRIAL_FUSION		16	-0.19875458	-0.47647154	0.98895025	1.0	1.0	29611	tags=100%, list=80%, signal=503%	
GOBP_PROTEIN_TARGETING	GOBP_PROTEIN_TARGETING		272	-0.13252819	-0.47560176	1.0	1.0	1.0	1342	tags=1%, list=4%, signal=2%	
GOBP_DNA_DOUBLE_STRAND_BREAK_PROCESSING	GOBP_DNA_DOUBLE_STRAND_BREAK_PROCESSING		25	-0.1845583	-0.47400713	0.9965157	1.0	1.0	30137	tags=100%, list=82%, signal=542%	
GOBP_MITOTIC_G2_DNA_DAMAGE_CHECKPOINT_SIGNALING	GOBP_MITOTIC_G2_DNA_DAMAGE_CHECKPOINT_SIGNALING		41	-0.1659483	-0.47394657	0.99833053	1.0	1.0	24743	tags=95%, list=67%, signal=288%	
GOBP_ENDOSOME_TO_PLASMA_MEMBRANE_PROTEIN_TRANSPORT	GOBP_ENDOSOME_TO_PLASMA_MEMBRANE_PROTEIN_TRANSPORT		23	-0.18762343	-0.47362822	0.9948542	1.0	1.0	6504	tags=17%, list=18%, signal=21%	
GOBP_MAMMARY_GLAND_EPITHELIAL_CELL_DIFFERENTIATION	GOBP_MAMMARY_GLAND_EPITHELIAL_CELL_DIFFERENTIATION		17	-0.20038448	-0.47273508	0.99264705	1.0	1.0	29551	tags=100%, list=80%, signal=499%	
GOBP_PROTEIN_K6_LINKED_UBIQUITINATION	GOBP_PROTEIN_K6_LINKED_UBIQUITINATION		26	-0.18060797	-0.47214758	0.9982669	1.0	1.0	23129	tags=96%, list=63%, signal=257%	
GOBP_POSITIVE_REGULATION_OF_MAP_KINASE_ACTIVITY	GOBP_POSITIVE_REGULATION_OF_MAP_KINASE_ACTIVITY		70	-0.15200979	-0.4714842	1.0	1.0	1.0	9170	tags=16%, list=25%, signal=21%	
GOBP_PYRIMIDINE_NUCLEOSIDE_TRIPHOSPHATE_METABOLIC_PROCESS	GOBP_PYRIMIDINE_NUCLEOSIDE_TRIPHOSPHATE_METABOLIC_PROCESS		20	-0.18827002	-0.4714318	0.9962963	1.0	1.0	29999	tags=100%, list=81%, signal=531%	
GOBP_CELLULAR_RESPONSE_TO_DEXAMETHASONE_STIMULUS	GOBP_CELLULAR_RESPONSE_TO_DEXAMETHASONE_STIMULUS		34	-0.17348675	-0.47142547	0.9982935	1.0	1.0	8721	tags=24%, list=24%, signal=31%	
GOBP_REGULATION_OF_MYOBLAST_DIFFERENTIATION	GOBP_REGULATION_OF_MYOBLAST_DIFFERENTIATION		85	-0.14818884	-0.47135457	1.0	1.0	1.0	8898	tags=20%, list=24%, signal=26%	
GOBP_POSITIVE_REGULATION_OF_SMALL_MOLECULE_METABOLIC_PROCESS	GOBP_POSITIVE_REGULATION_OF_SMALL_MOLECULE_METABOLIC_PROCESS		195	-0.13482338	-0.4705861	1.0	1.0	1.0	9023	tags=19%, list=24%, signal=25%	
GOBP_EMBRYONIC_PLACENTA_DEVELOPMENT	GOBP_EMBRYONIC_PLACENTA_DEVELOPMENT		117	-0.14128745	-0.4701906	1.0	1.0	1.0	8706	tags=14%, list=24%, signal=18%	
GOBP_POSITIVE_REGULATION_OF_B_CELL_PROLIFERATION	GOBP_POSITIVE_REGULATION_OF_B_CELL_PROLIFERATION		47	-0.16457695	-0.46995926	1.0	1.0	1.0	9177	tags=28%, list=25%, signal=37%	
GOBP_REGULATION_OF_RIG_I_SIGNALING_PATHWAY	GOBP_REGULATION_OF_RIG_I_SIGNALING_PATHWAY		18	-0.19446024	-0.4693036	0.99292034	1.0	1.0	29770	tags=100%, list=81%, signal=514%	
GOBP_REGULATION_OF_CIRCADIAN_RHYTHM	GOBP_REGULATION_OF_CIRCADIAN_RHYTHM		120	-0.14037767	-0.468987	1.0	1.0	1.0	8983	tags=21%, list=24%, signal=27%	
GOBP_INTERLEUKIN_13_PRODUCTION	GOBP_INTERLEUKIN_13_PRODUCTION		20	-0.19438441	-0.46828544	0.9944954	1.0	1.0	8440	tags=20%, list=23%, signal=26%	
GOBP_RESPONSE_TO_STEROID_HORMONE	GOBP_RESPONSE_TO_STEROID_HORMONE		334	-0.1272281	-0.46822342	1.0	1.0	1.0	9075	tags=18%, list=25%, signal=24%	
GOBP_PROTEIN_ACYLATION	GOBP_PROTEIN_ACYLATION		83	-0.14748839	-0.4681732	1.0	1.0	1.0	3768	tags=4%, list=10%, signal=4%	
GOBP_CERAMIDE_METABOLIC_PROCESS	GOBP_CERAMIDE_METABOLIC_PROCESS		107	-0.14299794	-0.46712676	1.0	1.0	1.0	8933	tags=19%, list=24%, signal=25%	
GOBP_HINDBRAIN_RADIAL_GLIA_GUIDED_CELL_MIGRATION	GOBP_HINDBRAIN_RADIAL_GLIA_GUIDED_CELL_MIGRATION		15	-0.20206632	-0.4666577	0.9960861	1.0	1.0	4127	tags=7%, list=11%, signal=8%	
GOBP_PURINE_NUCLEOTIDE_TRANSPORT	GOBP_PURINE_NUCLEOTIDE_TRANSPORT		37	-0.164559	-0.46570933	1.0	1.0	1.0	6270	tags=11%, list=17%, signal=13%	
GOBP_POSITIVE_REGULATION_OF_MONONUCLEAR_CELL_MIGRATION	GOBP_POSITIVE_REGULATION_OF_MONONUCLEAR_CELL_MIGRATION		93	-0.14484486	-0.46561873	1.0	1.0	1.0	9070	tags=24%, list=25%, signal=31%	
GOBP_PURINE_NUCLEOSIDE_DIPHOSPHATE_METABOLIC_PROCESS	GOBP_PURINE_NUCLEOSIDE_DIPHOSPHATE_METABOLIC_PROCESS		128	-0.13876286	-0.46474433	1.0	1.0	1.0	8148	tags=15%, list=22%, signal=19%	
GOBP_SMOOTH_MUSCLE_CELL_APOPTOTIC_PROCESS	GOBP_SMOOTH_MUSCLE_CELL_APOPTOTIC_PROCESS		35	-0.16806002	-0.46453658	1.0	1.0	1.0	7231	tags=17%, list=20%, signal=21%	
GOBP_EPIGENETIC_REGULATION_OF_GENE_EXPRESSION	GOBP_EPIGENETIC_REGULATION_OF_GENE_EXPRESSION		290	-0.12779622	-0.4632032	1.0	1.0	1.0	5846	tags=5%, list=16%, signal=6%	
GOBP_TETRAHYDROFOLATE_INTERCONVERSION	GOBP_TETRAHYDROFOLATE_INTERCONVERSION		15	-0.20126706	-0.46253705	0.9981343	1.0	1.0	29518	tags=100%, list=80%, signal=497%	
GOBP_NLRP3_INFLAMMASOME_COMPLEX_ASSEMBLY	GOBP_NLRP3_INFLAMMASOME_COMPLEX_ASSEMBLY		60	-0.15009163	-0.4592904	1.0	1.0	1.0	28161	tags=98%, list=76%, signal=413%	
GOBP_POSITIVE_REGULATION_OF_AMYLOID_PRECURSOR_PROTEIN_CATABOLIC_PROCESS	GOBP_POSITIVE_REGULATION_OF_AMYLOID_PRECURSOR_PROTEIN_CATABOLIC_PROCESS		24	-0.17810816	-0.45917934	0.99475527	1.0	1.0	30375	tags=100%, list=82%, signal=562%	
GOBP_NEGATIVE_REGULATION_OF_PROTEIN_CATABOLIC_PROCESS	GOBP_NEGATIVE_REGULATION_OF_PROTEIN_CATABOLIC_PROCESS		129	-0.13769887	-0.45876285	1.0	1.0	1.0	5930	tags=6%, list=16%, signal=7%	
GOBP_POSITIVE_REGULATION_OF_SYNCYTIUM_FORMATION_BY_PLASMA_MEMBRANE_FUSION	GOBP_POSITIVE_REGULATION_OF_SYNCYTIUM_FORMATION_BY_PLASMA_MEMBRANE_FUSION		25	-0.17709087	-0.45711994	1.0	1.0	1.0	7208	tags=20%, list=20%, signal=25%	
GOBP_HAIR_FOLLICLE_MATURATION	GOBP_HAIR_FOLLICLE_MATURATION		16	-0.19821309	-0.45619696	0.9907579	1.0	1.0	29631	tags=100%, list=80%, signal=505%	
GOBP_CELLULAR_RESPIRATION	GOBP_CELLULAR_RESPIRATION		342	-0.12320775	-0.45601442	1.0	1.0	1.0	9023	tags=12%, list=24%, signal=16%	
GOBP_REGULATION_OF_CELL_PROJECTION_ASSEMBLY	GOBP_REGULATION_OF_CELL_PROJECTION_ASSEMBLY		219	-0.12828872	-0.4557922	1.0	1.0	1.0	9244	tags=15%, list=25%, signal=20%	
GOBP_RAS_PROTEIN_SIGNAL_TRANSDUCTION	GOBP_RAS_PROTEIN_SIGNAL_TRANSDUCTION		110	-0.1379362	-0.45571452	1.0	1.0	1.0	1951	tags=2%, list=5%, signal=2%	
GOBP_LIVER_REGENERATION	GOBP_LIVER_REGENERATION		35	-0.16426419	-0.45498374	1.0	1.0	1.0	4666	tags=9%, list=13%, signal=10%	
GOBP_REGULATION_OF_NUCLEOTIDE_BIOSYNTHETIC_PROCESS	GOBP_REGULATION_OF_NUCLEOTIDE_BIOSYNTHETIC_PROCESS		27	-0.17319275	-0.45342588	1.0	1.0	1.0	7737	tags=15%, list=21%, signal=19%	
GOBP_REGULATION_OF_SPINDLE_ORGANIZATION	GOBP_REGULATION_OF_SPINDLE_ORGANIZATION		47	-0.1539382	-0.4524171	1.0	1.0	1.0	8931	tags=15%, list=24%, signal=20%	
GOBP_POSITIVE_REGULATION_OF_CELLULAR_EXTRAVASATION	GOBP_POSITIVE_REGULATION_OF_CELLULAR_EXTRAVASATION		22	-0.17901377	-0.45203632	0.99813086	1.0	1.0	8654	tags=27%, list=23%, signal=36%	
GOBP_POSITIVE_REGULATION_OF_MYOBLAST_FUSION	GOBP_POSITIVE_REGULATION_OF_MYOBLAST_FUSION		16	-0.19548126	-0.45182088	0.99319726	1.0	1.0	8563	tags=25%, list=23%, signal=33%	
GOBP_POSITIVE_REGULATION_OF_B_CELL_ACTIVATION	GOBP_POSITIVE_REGULATION_OF_B_CELL_ACTIVATION		88	-0.14039993	-0.4510234	1.0	1.0	1.0	9177	tags=22%, list=25%, signal=29%	
GOBP_POST_GOLGI_VESICLE_MEDIATED_TRANSPORT	GOBP_POST_GOLGI_VESICLE_MEDIATED_TRANSPORT		117	-0.13522553	-0.4501239	1.0	1.0	1.0	27570	tags=97%, list=75%, signal=383%	
GOBP_SOMATIC_STEM_CELL_DIVISION	GOBP_SOMATIC_STEM_CELL_DIVISION		15	-0.19495341	-0.44920233	0.99458486	1.0	1.0	9276	tags=27%, list=25%, signal=36%	
GOBP_PROGRAMMED_CELL_DEATH_INVOLVED_IN_CELL_DEVELOPMENT	GOBP_PROGRAMMED_CELL_DEATH_INVOLVED_IN_CELL_DEVELOPMENT		17	-0.19012718	-0.4480445	0.994614	1.0	1.0	12827	tags=47%, list=35%, signal=72%	
GOBP_POSITIVE_REGULATION_OF_REACTIVE_OXYGEN_SPECIES_METABOLIC_PROCESS	GOBP_POSITIVE_REGULATION_OF_REACTIVE_OXYGEN_SPECIES_METABOLIC_PROCESS		79	-0.14250205	-0.44784296	1.0	1.0	1.0	9117	tags=20%, list=25%, signal=27%	
GOBP_REGULATION_OF_PROTEIN_TYROSINE_KINASE_ACTIVITY	GOBP_REGULATION_OF_PROTEIN_TYROSINE_KINASE_ACTIVITY		29	-0.16786651	-0.4461529	1.0	1.0	1.0	9125	tags=21%, list=25%, signal=27%	
GOBP_AXONAL_TRANSPORT	GOBP_AXONAL_TRANSPORT		74	-0.1418992	-0.4437943	1.0	1.0	1.0	8461	tags=16%, list=23%, signal=21%	
GOBP_REGULATION_OF_UBIQUITIN_DEPENDENT_PROTEIN_CATABOLIC_PROCESS	GOBP_REGULATION_OF_UBIQUITIN_DEPENDENT_PROTEIN_CATABOLIC_PROCESS		179	-0.12787972	-0.44349805	1.0	1.0	1.0	2532	tags=2%, list=7%, signal=2%	
GOBP_SPHINGOLIPID_CATABOLIC_PROCESS	GOBP_SPHINGOLIPID_CATABOLIC_PROCESS		32	-0.16326667	-0.4430961	1.0	1.0	1.0	5551	tags=6%, list=15%, signal=7%	
GOBP_PYRIMIDINE_NUCLEOSIDE_TRIPHOSPHATE_BIOSYNTHETIC_PROCESS	GOBP_PYRIMIDINE_NUCLEOSIDE_TRIPHOSPHATE_BIOSYNTHETIC_PROCESS		16	-0.18824963	-0.44237494	0.99630994	1.0	1.0	29999	tags=100%, list=81%, signal=531%	
GOBP_GLYCOSAMINOGLYCAN_CATABOLIC_PROCESS	GOBP_GLYCOSAMINOGLYCAN_CATABOLIC_PROCESS		25	-0.16924435	-0.44180167	0.99824256	1.0	1.0	4389	tags=8%, list=12%, signal=9%	
GOBP_B_CELL_DIFFERENTIATION	GOBP_B_CELL_DIFFERENTIATION		149	-0.12823187	-0.43921456	1.0	1.0	1.0	8891	tags=17%, list=24%, signal=23%	
GOBP_REGULATION_OF_CELL_CYCLE_G1_S_PHASE_TRANSITION	GOBP_REGULATION_OF_CELL_CYCLE_G1_S_PHASE_TRANSITION		182	-0.12675294	-0.43918678	1.0	1.0	1.0	9270	tags=16%, list=25%, signal=22%	
GOBP_POSITIVE_REGULATION_OF_LYASE_ACTIVITY	GOBP_POSITIVE_REGULATION_OF_LYASE_ACTIVITY		24	-0.17328455	-0.4386824	0.9927928	1.0	1.0	8742	tags=33%, list=24%, signal=44%	
GOBP_REGULATION_OF_INFLAMMASOME_MEDIATED_SIGNALING_PATHWAY	GOBP_REGULATION_OF_INFLAMMASOME_MEDIATED_SIGNALING_PATHWAY		58	-0.14499137	-0.43766984	1.0	1.0	1.0	28161	tags=98%, list=76%, signal=412%	
GOBP_PROTEIN_STABILIZATION	GOBP_PROTEIN_STABILIZATION		234	-0.1224902	-0.43733764	1.0	1.0	1.0	1342	tags=1%, list=4%, signal=1%	
GOBP_VASCULAR_ENDOTHELIAL_GROWTH_FACTOR_RECEPTOR_SIGNALING_PATHWAY	GOBP_VASCULAR_ENDOTHELIAL_GROWTH_FACTOR_RECEPTOR_SIGNALING_PATHWAY		52	-0.14724049	-0.43669015	1.0	1.0	1.0	8138	tags=15%, list=22%, signal=20%	
GOBP_ESTABLISHMENT_OF_MITOTIC_SPINDLE_LOCALIZATION	GOBP_ESTABLISHMENT_OF_MITOTIC_SPINDLE_LOCALIZATION		42	-0.15429841	-0.43652213	1.0	1.0	1.0	31257	tags=100%, list=85%, signal=648%	
GOBP_MAINTENANCE_OF_PROTEIN_LOCATION	GOBP_MAINTENANCE_OF_PROTEIN_LOCATION		74	-0.14163283	-0.4363778	1.0	1.0	1.0	9026	tags=19%, list=24%, signal=25%	
GOBP_POSITIVE_REGULATION_OF_LAMELLIPODIUM_ASSEMBLY	GOBP_POSITIVE_REGULATION_OF_LAMELLIPODIUM_ASSEMBLY		29	-0.16371696	-0.43619636	1.0	1.0	1.0	7978	tags=10%, list=22%, signal=13%	
GOBP_REGULATION_OF_SMOOTHENED_SIGNALING_PATHWAY	GOBP_REGULATION_OF_SMOOTHENED_SIGNALING_PATHWAY		100	-0.13441323	-0.436071	1.0	1.0	1.0	8298	tags=12%, list=22%, signal=15%	
GOBP_POSITIVE_REGULATION_OF_TYPE_I_INTERFERON_MEDIATED_SIGNALING_PATHWAY	GOBP_POSITIVE_REGULATION_OF_TYPE_I_INTERFERON_MEDIATED_SIGNALING_PATHWAY		20	-0.17755903	-0.43515345	0.99638987	1.0	1.0	8913	tags=25%, list=24%, signal=33%	
GOBP_CARBOHYDRATE_CATABOLIC_PROCESS	GOBP_CARBOHYDRATE_CATABOLIC_PROCESS		188	-0.12392675	-0.43251595	1.0	1.0	1.0	8494	tags=13%, list=23%, signal=17%	
GOBP_NUCLEOSIDE_DIPHOSPHATE_METABOLIC_PROCESS	GOBP_NUCLEOSIDE_DIPHOSPHATE_METABOLIC_PROCESS		146	-0.126688	-0.43206662	1.0	1.0	1.0	8148	tags=15%, list=22%, signal=19%	
GOBP_MONOSACCHARIDE_BIOSYNTHETIC_PROCESS	GOBP_MONOSACCHARIDE_BIOSYNTHETIC_PROCESS		107	-0.13187194	-0.43180045	1.0	1.0	1.0	8537	tags=16%, list=23%, signal=21%	
GOBP_PHOSPHATIDYLINOSITOL_3_KINASE_PROTEIN_KINASE_B_SIGNAL_TRANSDUCTION	GOBP_PHOSPHATIDYLINOSITOL_3_KINASE_PROTEIN_KINASE_B_SIGNAL_TRANSDUCTION		343	-0.11618744	-0.42875353	1.0	1.0	1.0	9281	tags=19%, list=25%, signal=25%	
GOBP_RESPONSE_TO_INTERLEUKIN_1	GOBP_RESPONSE_TO_INTERLEUKIN_1		111	-0.13023396	-0.42841536	1.0	1.0	1.0	9270	tags=15%, list=25%, signal=20%	
GOBP_METABOLIC_COMPOUND_SALVAGE	GOBP_METABOLIC_COMPOUND_SALVAGE		51	-0.14506868	-0.424884	1.0	1.0	1.0	9118	tags=25%, list=25%, signal=34%	
GOBP_ANTEROGRADE_AXONAL_TRANSPORT	GOBP_ANTEROGRADE_AXONAL_TRANSPORT		49	-0.14658065	-0.4229782	1.0	1.0	1.0	8461	tags=18%, list=23%, signal=24%	
GOBP_NEGATIVE_REGULATION_OF_PHOSPHATIDYLINOSITOL_3_KINASE_PROTEIN_KINASE_B_SIGNAL_TRANSDUCTION	GOBP_NEGATIVE_REGULATION_OF_PHOSPHATIDYLINOSITOL_3_KINASE_PROTEIN_KINASE_B_SIGNAL_TRANSDUCTION		72	-0.13607745	-0.4215278	1.0	1.0	1.0	9062	tags=18%, list=25%, signal=24%	
GOBP_CELLULAR_RESPONSE_TO_TYPE_II_INTERFERON	GOBP_CELLULAR_RESPONSE_TO_TYPE_II_INTERFERON		114	-0.12694573	-0.41923642	1.0	1.0	1.0	9248	tags=21%, list=25%, signal=28%	
GOBP_REGULATION_OF_LAMELLIPODIUM_ASSEMBLY	GOBP_REGULATION_OF_LAMELLIPODIUM_ASSEMBLY		40	-0.1443946	-0.4147324	1.0	1.0	1.0	9244	tags=18%, list=25%, signal=23%	
GOBP_SERTOLI_CELL_DEVELOPMENT	GOBP_SERTOLI_CELL_DEVELOPMENT		28	-0.1557968	-0.41370904	1.0	1.0	1.0	8730	tags=25%, list=24%, signal=33%	
GOBP_AEROBIC_ELECTRON_TRANSPORT_CHAIN	GOBP_AEROBIC_ELECTRON_TRANSPORT_CHAIN		64	-0.13342758	-0.40973926	1.0	1.0	1.0	1970	tags=2%, list=5%, signal=2%	
GOBP_PLATELET_DERIVED_GROWTH_FACTOR_RECEPTOR_SIGNALING_PATHWAY	GOBP_PLATELET_DERIVED_GROWTH_FACTOR_RECEPTOR_SIGNALING_PATHWAY		69	-0.13041294	-0.4085219	1.0	1.0	1.0	9308	tags=20%, list=25%, signal=27%	
GOBP_RESPONSE_TO_STARVATION	GOBP_RESPONSE_TO_STARVATION		240	-0.1144562	-0.40811548	1.0	1.0	1.0	9140	tags=13%, list=25%, signal=17%	
GOBP_TROPHECTODERMAL_CELL_DIFFERENTIATION	GOBP_TROPHECTODERMAL_CELL_DIFFERENTIATION		23	-0.16020364	-0.4074289	1.0	1.0	1.0	31036	tags=100%, list=84%, signal=624%	
GOBP_LIPOSACCHARIDE_METABOLIC_PROCESS	GOBP_LIPOSACCHARIDE_METABOLIC_PROCESS		103	-0.12581296	-0.40731692	1.0	1.0	1.0	8553	tags=17%, list=23%, signal=21%	
GOBP_POSITIVE_REGULATION_OF_EXTRACELLULAR_MATRIX_ORGANIZATION	GOBP_POSITIVE_REGULATION_OF_EXTRACELLULAR_MATRIX_ORGANIZATION		29	-0.15375656	-0.40618947	1.0	1.0	1.0	31275	tags=100%, list=85%, signal=650%	
GOBP_POLYSACCHARIDE_CATABOLIC_PROCESS	GOBP_POLYSACCHARIDE_CATABOLIC_PROCESS		40	-0.14314571	-0.40566397	1.0	1.0	1.0	9294	tags=20%, list=25%, signal=27%	
GOBP_NEGATIVE_REGULATION_OF_TRANSLATION	GOBP_NEGATIVE_REGULATION_OF_TRANSLATION		160	-0.11935095	-0.40550253	1.0	1.0	1.0	6824	tags=7%, list=18%, signal=8%	
GOBP_METANEPHRIC_GLOMERULUS_DEVELOPMENT	GOBP_METANEPHRIC_GLOMERULUS_DEVELOPMENT		16	-0.17319362	-0.40350452	0.99624765	1.0	1.0	7470	tags=25%, list=20%, signal=31%	
GOBP_DOUBLE_STRAND_BREAK_REPAIR	GOBP_DOUBLE_STRAND_BREAK_REPAIR		320	-0.11015252	-0.40283412	1.0	1.0	1.0	9250	tags=13%, list=25%, signal=17%	
GOBP_NEGATIVE_REGULATION_OF_MITOTIC_CELL_CYCLE_PHASE_TRANSITION	GOBP_NEGATIVE_REGULATION_OF_MITOTIC_CELL_CYCLE_PHASE_TRANSITION		182	-0.115045965	-0.4026297	1.0	1.0	1.0	9187	tags=18%, list=25%, signal=23%	
GOBP_DNA_INTEGRITY_CHECKPOINT_SIGNALING	GOBP_DNA_INTEGRITY_CHECKPOINT_SIGNALING		123	-0.12073896	-0.40207702	1.0	1.0	1.0	27358	tags=97%, list=74%, signal=371%	
GOBP_LAMELLIPODIUM_ORGANIZATION	GOBP_LAMELLIPODIUM_ORGANIZATION		95	-0.12502714	-0.40034583	1.0	1.0	1.0	32344	tags=100%, list=88%, signal=800%	
GOBP_NEUTROPHIL_HOMEOSTASIS	GOBP_NEUTROPHIL_HOMEOSTASIS		29	-0.1521857	-0.4002607	1.0	1.0	1.0	31333	tags=100%, list=85%, signal=657%	
GOBP_SMALL_GTPASE_MEDIATED_SIGNAL_TRANSDUCTION	GOBP_SMALL_GTPASE_MEDIATED_SIGNAL_TRANSDUCTION		454	-0.10608722	-0.40010282	1.0	1.0	1.0	9276	tags=13%, list=25%, signal=18%	
GOBP_RECEPTOR_RECYCLING	GOBP_RECEPTOR_RECYCLING		64	-0.13081832	-0.3991372	1.0	1.0	1.0	3339	tags=3%, list=9%, signal=3%	
GOBP_RRNA_CATABOLIC_PROCESS	GOBP_RRNA_CATABOLIC_PROCESS		19	-0.16514134	-0.39864898	1.0	1.0	1.0	30853	tags=100%, list=83%, signal=606%	
GOBP_NEGATIVE_REGULATION_OF_INTRACELLULAR_PROTEIN_TRANSPORT	GOBP_NEGATIVE_REGULATION_OF_INTRACELLULAR_PROTEIN_TRANSPORT		41	-0.14021178	-0.3983831	1.0	1.0	1.0	2782	tags=2%, list=8%, signal=3%	
GOBP_FATTY_ACID_BETA_OXIDATION	GOBP_FATTY_ACID_BETA_OXIDATION		78	-0.12457878	-0.3949552	1.0	1.0	1.0	9315	tags=17%, list=25%, signal=22%	
GOBP_AMIDE_BIOSYNTHETIC_PROCESS	GOBP_AMIDE_BIOSYNTHETIC_PROCESS		172	-0.11412224	-0.39402515	1.0	1.0	1.0	8933	tags=15%, list=24%, signal=19%	
GOBP_NEGATIVE_REGULATION_OF_SMOOTH_MUSCLE_CELL_APOPTOTIC_PROCESS	GOBP_NEGATIVE_REGULATION_OF_SMOOTH_MUSCLE_CELL_APOPTOTIC_PROCESS		18	-0.16364735	-0.39389026	0.99822694	1.0	1.0	6177	tags=17%, list=17%, signal=20%	
GOBP_REGULATION_OF_MEMBRANE_PERMEABILITY	GOBP_REGULATION_OF_MEMBRANE_PERMEABILITY		74	-0.12657812	-0.39353228	1.0	1.0	1.0	8376	tags=15%, list=23%, signal=19%	
GOBP_CARBOHYDRATE_PHOSPHORYLATION	GOBP_CARBOHYDRATE_PHOSPHORYLATION		24	-0.15021528	-0.39321414	1.0	1.0	1.0	31405	tags=100%, list=85%, signal=666%	
GOBP_LAMELLIPODIUM_ASSEMBLY	GOBP_LAMELLIPODIUM_ASSEMBLY		73	-0.12495254	-0.39094174	1.0	1.0	1.0	32344	tags=100%, list=88%, signal=800%	
GOBP_MITOTIC_DNA_INTEGRITY_CHECKPOINT_SIGNALING	GOBP_MITOTIC_DNA_INTEGRITY_CHECKPOINT_SIGNALING		79	-0.12417624	-0.39013004	1.0	1.0	1.0	902	tags=1%, list=2%, signal=1%	
GOBP_NEGATIVE_REGULATION_OF_EXOCYTOSIS	GOBP_NEGATIVE_REGULATION_OF_EXOCYTOSIS		39	-0.13975622	-0.38999027	1.0	1.0	1.0	3940	tags=5%, list=11%, signal=6%	
GOBP_POSTSYNAPSE_TO_NUCLEUS_SIGNALING_PATHWAY	GOBP_POSTSYNAPSE_TO_NUCLEUS_SIGNALING_PATHWAY		16	-0.1691079	-0.38877472	0.99824256	1.0	1.0	30706	tags=100%, list=83%, signal=591%	
GOBP_RESPONSE_TO_INTERLEUKIN_7	GOBP_RESPONSE_TO_INTERLEUKIN_7		25	-0.14919026	-0.38739672	0.99825174	1.0	1.0	31443	tags=100%, list=85%, signal=670%	
GOBP_REGULATION_OF_TYPE_I_INTERFERON_MEDIATED_SIGNALING_PATHWAY	GOBP_REGULATION_OF_TYPE_I_INTERFERON_MEDIATED_SIGNALING_PATHWAY		46	-0.13373809	-0.38573766	1.0	1.0	1.0	9248	tags=20%, list=25%, signal=26%	
GOBP_CYTOKINESIS	GOBP_CYTOKINESIS		179	-0.11012652	-0.3854173	1.0	1.0	1.0	29903	tags=98%, list=81%, signal=513%	
GOBP_RECOMBINATIONAL_REPAIR	GOBP_RECOMBINATIONAL_REPAIR		190	-0.10897189	-0.3817092	1.0	1.0	1.0	8462	tags=11%, list=23%, signal=14%	
GOBP_NUCLEOTIDE_TRANSPORT	GOBP_NUCLEOTIDE_TRANSPORT		43	-0.13544776	-0.380768	1.0	1.0	1.0	6270	tags=9%, list=17%, signal=11%	
GOBP_REGULATION_OF_MAP_KINASE_ACTIVITY	GOBP_REGULATION_OF_MAP_KINASE_ACTIVITY		114	-0.11567674	-0.38040835	1.0	1.0	1.0	8857	tags=14%, list=24%, signal=18%	
GOBP_ACTIN_CROSSLINK_FORMATION	GOBP_ACTIN_CROSSLINK_FORMATION		15	-0.16009988	-0.37629595	1.0	1.0	1.0	13332	tags=47%, list=36%, signal=73%	
GOBP_CELL_CYCLE_G1_S_PHASE_TRANSITION	GOBP_CELL_CYCLE_G1_S_PHASE_TRANSITION		247	-0.10416641	-0.37471917	1.0	1.0	1.0	9117	tags=14%, list=25%, signal=19%	
GOBP_POSITIVE_REGULATION_OF_PROTEASOMAL_PROTEIN_CATABOLIC_PROCESS	GOBP_POSITIVE_REGULATION_OF_PROTEASOMAL_PROTEIN_CATABOLIC_PROCESS		109	-0.11286913	-0.37201026	1.0	1.0	1.0	9062	tags=13%, list=25%, signal=17%	
GOBP_POSITIVE_REGULATION_OF_CELL_DIVISION	GOBP_POSITIVE_REGULATION_OF_CELL_DIVISION		85	-0.11601497	-0.37080425	1.0	1.0	1.0	405	tags=1%, list=1%, signal=1%	
GOBP_REGULATION_OF_GTPASE_ACTIVITY	GOBP_REGULATION_OF_GTPASE_ACTIVITY		149	-0.10755172	-0.36914068	1.0	1.0	1.0	28556	tags=99%, list=77%, signal=432%	
GOBP_HEMOGLOBIN_METABOLIC_PROCESS	GOBP_HEMOGLOBIN_METABOLIC_PROCESS		21	-0.14990523	-0.3688915	1.0	1.0	1.0	31416	tags=100%, list=85%, signal=667%	
GOBP_MITOTIC_RECOMBINATION	GOBP_MITOTIC_RECOMBINATION		27	-0.14183824	-0.36883247	1.0	1.0	1.0	8762	tags=19%, list=24%, signal=24%	
GOBP_POSITIVE_REGULATION_OF_PROTEIN_SERINE_THREONINE_KINASE_ACTIVITY	GOBP_POSITIVE_REGULATION_OF_PROTEIN_SERINE_THREONINE_KINASE_ACTIVITY		100	-0.11334483	-0.36806178	1.0	1.0	1.0	9170	tags=15%, list=25%, signal=20%	
GOBP_REGULATION_OF_CYCLIN_DEPENDENT_PROTEIN_SERINE_THREONINE_KINASE_ACTIVITY	GOBP_REGULATION_OF_CYCLIN_DEPENDENT_PROTEIN_SERINE_THREONINE_KINASE_ACTIVITY		27	-0.13940643	-0.366974	1.0	1.0	1.0	8609	tags=15%, list=23%, signal=19%	
GOBP_STEROID_HORMONE_RECEPTOR_SIGNALING_PATHWAY	GOBP_STEROID_HORMONE_RECEPTOR_SIGNALING_PATHWAY		130	-0.10918902	-0.36392048	1.0	1.0	1.0	8537	tags=12%, list=23%, signal=15%	
GOBP_GERMINAL_CENTER_FORMATION	GOBP_GERMINAL_CENTER_FORMATION		16	-0.15437932	-0.3623045	1.0	1.0	1.0	31250	tags=100%, list=85%, signal=648%	
GOBP_NEGATIVE_REGULATION_OF_CYTOPLASMIC_PATTERN_RECOGNITION_RECEPTOR_SIGNALING_PATHWAY	GOBP_NEGATIVE_REGULATION_OF_CYTOPLASMIC_PATTERN_RECOGNITION_RECEPTOR_SIGNALING_PATHWAY		63	-0.11801585	-0.3621295	1.0	1.0	1.0	27576	tags=97%, list=75%, signal=381%	
GOBP_REGULATION_OF_MEMBRANE_PROTEIN_ECTODOMAIN_PROTEOLYSIS	GOBP_REGULATION_OF_MEMBRANE_PROTEIN_ECTODOMAIN_PROTEOLYSIS		25	-0.13562259	-0.3566879	1.0	1.0	1.0	31944	tags=100%, list=86%, signal=737%	
GOBP_NUCLEUS_ORGANIZATION	GOBP_NUCLEUS_ORGANIZATION		155	-0.103730895	-0.35632083	1.0	1.0	1.0	5885	tags=5%, list=16%, signal=5%	
GOBP_TROPHOBLAST_GIANT_CELL_DIFFERENTIATION	GOBP_TROPHOBLAST_GIANT_CELL_DIFFERENTIATION		17	-0.14764175	-0.34827706	1.0	1.0	1.0	31499	tags=100%, list=85%, signal=677%	
GOBP_RESPONSE_TO_GAMMA_RADIATION	GOBP_RESPONSE_TO_GAMMA_RADIATION		58	-0.113817506	-0.34041822	1.0	1.0	1.0	8959	tags=16%, list=24%, signal=20%	
GOBP_MODIFICATION_OF_SYNAPTIC_STRUCTURE	GOBP_MODIFICATION_OF_SYNAPTIC_STRUCTURE		61	-0.112550825	-0.34038553	1.0	1.0	1.0	32800	tags=100%, list=89%, signal=889%	
GOBP_NEGATIVE_REGULATION_OF_TYPE_I_INTERFERON_MEDIATED_SIGNALING_PATHWAY	GOBP_NEGATIVE_REGULATION_OF_TYPE_I_INTERFERON_MEDIATED_SIGNALING_PATHWAY		27	-0.12487813	-0.32971808	1.0	1.0	1.0	32341	tags=100%, list=88%, signal=801%	
GOBP_VACUOLAR_TRANSPORT	GOBP_VACUOLAR_TRANSPORT		180	-0.09388186	-0.32747543	1.0	1.0	1.0	27708	tags=97%, list=75%, signal=387%	
GOBP_SIGNAL_TRANSDUCTION_IN_RESPONSE_TO_DNA_DAMAGE	GOBP_SIGNAL_TRANSDUCTION_IN_RESPONSE_TO_DNA_DAMAGE		194	-0.092650466	-0.32184923	1.0	1.0	1.0	9221	tags=15%, list=25%, signal=20%	
GOBP_NUCLEAR_RECEPTOR_MEDIATED_CORTICOSTEROID_SIGNALING_PATHWAY	GOBP_NUCLEAR_RECEPTOR_MEDIATED_CORTICOSTEROID_SIGNALING_PATHWAY		19	-0.12736923	-0.31059158	1.0	1.0	1.0	32248	tags=100%, list=87%, signal=785%	
GOBP_SIGNAL_TRANSDUCTION_BY_P53_CLASS_MEDIATOR	GOBP_SIGNAL_TRANSDUCTION_BY_P53_CLASS_MEDIATOR		174	-0.087360464	-0.30471972	1.0	1.0	1.0	9304	tags=17%, list=25%, signal=22%	
GOBP_REGULATION_OF_CELL_CYCLE_G2_M_PHASE_TRANSITION	GOBP_REGULATION_OF_CELL_CYCLE_G2_M_PHASE_TRANSITION		121	-0.090720505	-0.3000131	1.0	1.0	1.0	9187	tags=16%, list=25%, signal=21%	
GOBP_LYSOSOMAL_TRANSPORT	GOBP_LYSOSOMAL_TRANSPORT		128	-0.0881413	-0.29637608	1.0	1.0	1.0	28403	tags=98%, list=77%, signal=421%	
GOBP_POSITIVE_REGULATION_OF_PROTEIN_CATABOLIC_PROCESS	GOBP_POSITIVE_REGULATION_OF_PROTEIN_CATABOLIC_PROCESS		198	-0.08237381	-0.29103974	1.0	1.0	1.0	2275	tags=2%, list=6%, signal=2%	
GOBP_POSITIVE_REGULATION_OF_PROTEASOMAL_UBIQUITIN_DEPENDENT_PROTEIN_CATABOLIC_PROCESS	GOBP_POSITIVE_REGULATION_OF_PROTEASOMAL_UBIQUITIN_DEPENDENT_PROTEIN_CATABOLIC_PROCESS		81	-0.06889201	-0.21938196	1.0	1.0	1.0	2275	tags=1%, list=6%, signal=1%	
