NAME	GS<br> follow link to MSigDB	GS DETAILS	SIZE	ES	NES	NOM p-val	FDR q-val	FWER p-val	RANK AT MAX	LEADING EDGE	
GOBP_KERATINOCYTE_DIFFERENTIATION	GOBP_KERATINOCYTE_DIFFERENTIATION	Details ...	151	0.6044527	2.2940607	0.0	0.0	0.0	4355	tags=22%, list=12%, signal=25%	
GOBP_KERATINIZATION	GOBP_KERATINIZATION	Details ...	55	0.6987576	2.2312994	0.0	0.0	0.0	4355	tags=42%, list=12%, signal=47%	
GOBP_ACTIN_MYOSIN_FILAMENT_SLIDING	GOBP_ACTIN_MYOSIN_FILAMENT_SLIDING	Details ...	16	0.85277295	2.0759897	0.0	0.0018374928	0.003	1736	tags=38%, list=5%, signal=39%	
GOBP_INTERMEDIATE_FILAMENT_BASED_PROCESS	GOBP_INTERMEDIATE_FILAMENT_BASED_PROCESS	Details ...	76	0.5998847	2.058759	0.0	0.004573714	0.01	4515	tags=24%, list=12%, signal=27%	
GOBP_EPIDERMAL_CELL_DIFFERENTIATION	GOBP_EPIDERMAL_CELL_DIFFERENTIATION	Details ...	238	0.52023554	2.0378966	0.0	0.005532976	0.015	4355	tags=16%, list=12%, signal=18%	
GOBP_INTERMEDIATE_FILAMENT_ORGANIZATION	GOBP_INTERMEDIATE_FILAMENT_ORGANIZATION	Details ...	56	0.6231649	2.0145469	0.0	0.008931952	0.028	4515	tags=32%, list=12%, signal=37%	
GOBP_SARCOPLASMIC_RETICULUM_CALCIUM_ION_TRANSPORT	GOBP_SARCOPLASMIC_RETICULUM_CALCIUM_ION_TRANSPORT	Details ...	38	0.6627136	2.0126312	0.0	0.008174535	0.03	7243	tags=34%, list=20%, signal=43%	
GOBP_ACTIN_MEDIATED_CELL_CONTRACTION	GOBP_ACTIN_MEDIATED_CELL_CONTRACTION	Details ...	109	0.5542797	1.9993625	0.0	0.0087387245	0.037	2656	tags=15%, list=7%, signal=16%	
GOBP_REGULATION_OF_ACTIN_FILAMENT_BASED_MOVEMENT	GOBP_REGULATION_OF_ACTIN_FILAMENT_BASED_MOVEMENT	Details ...	51	0.61217624	1.9428227	0.0	0.024354376	0.111	723	tags=12%, list=2%, signal=12%	
GOBP_RELEASE_OF_SEQUESTERED_CALCIUM_ION_INTO_CYTOSOL_BY_ENDOPLASMIC_RETICULUM	GOBP_RELEASE_OF_SEQUESTERED_CALCIUM_ION_INTO_CYTOSOL_BY_ENDOPLASMIC_RETICULUM	Details ...	34	0.6583756	1.9402777	0.0	0.022104805	0.112	7371	tags=35%, list=20%, signal=44%	
GOBP_CARDIAC_MUSCLE_ADAPTATION	GOBP_CARDIAC_MUSCLE_ADAPTATION	Details ...	33	0.6638369	1.9399177	0.0	0.020095278	0.112	2421	tags=21%, list=7%, signal=23%	
GOBP_EPIDERMIS_DEVELOPMENT	GOBP_EPIDERMIS_DEVELOPMENT	Details ...	374	0.4683638	1.9309031	0.0	0.022271598	0.134	5440	tags=15%, list=15%, signal=18%	
GOBP_PROTEIN_HETEROTETRAMERIZATION	GOBP_PROTEIN_HETEROTETRAMERIZATION	Details ...	15	0.7797211	1.9275776	0.0023255814	0.02127173	0.137	2145	tags=20%, list=6%, signal=21%	
GOBP_ESTABLISHMENT_OF_SKIN_BARRIER	GOBP_ESTABLISHMENT_OF_SKIN_BARRIER	Details ...	42	0.6352285	1.9214717	0.0	0.022097982	0.155	1928	tags=12%, list=5%, signal=13%	
GOBP_REGULATION_OF_CARDIAC_MUSCLE_CELL_CONTRACTION	GOBP_REGULATION_OF_CARDIAC_MUSCLE_CELL_CONTRACTION	Details ...	41	0.6265145	1.9143715	0.0	0.023672277	0.174	723	tags=12%, list=2%, signal=12%	
GOBP_SARCOMERE_ORGANIZATION	GOBP_SARCOMERE_ORGANIZATION	Details ...	56	0.5903004	1.8936889	0.0	0.03361892	0.251	4056	tags=23%, list=11%, signal=26%	
GOBP_STRIATED_MUSCLE_CONTRACTION	GOBP_STRIATED_MUSCLE_CONTRACTION	Details ...	230	0.48190188	1.8868324	0.0	0.035095446	0.271	2656	tags=11%, list=7%, signal=12%	
GOBP_VENTRICULAR_CARDIAC_MUSCLE_CELL_ACTION_POTENTIAL	GOBP_VENTRICULAR_CARDIAC_MUSCLE_CELL_ACTION_POTENTIAL	Details ...	32	0.6652573	1.8868052	0.0	0.033145696	0.271	3773	tags=25%, list=10%, signal=28%	
GOBP_VENTRICULAR_CARDIAC_MUSCLE_TISSUE_DEVELOPMENT	GOBP_VENTRICULAR_CARDIAC_MUSCLE_TISSUE_DEVELOPMENT	Details ...	68	0.5602417	1.8849249	0.0	0.03353717	0.286	2430	tags=15%, list=7%, signal=16%	
GOBP_SKIN_DEVELOPMENT	GOBP_SKIN_DEVELOPMENT	Details ...	321	0.4633489	1.8794123	0.0	0.037034273	0.326	4623	tags=14%, list=13%, signal=16%	
GOBP_MYOFIBRIL_ASSEMBLY	GOBP_MYOFIBRIL_ASSEMBLY		79	0.55609095	1.8786794	0.0	0.035796966	0.329	5646	tags=27%, list=15%, signal=31%	
GOBP_ACTIN_FILAMENT_BASED_MOVEMENT	GOBP_ACTIN_FILAMENT_BASED_MOVEMENT		133	0.51214856	1.8746542	0.0	0.037108853	0.353	5587	tags=17%, list=15%, signal=20%	
GOBP_REGULATION_OF_ACTION_POTENTIAL	GOBP_REGULATION_OF_ACTION_POTENTIAL		73	0.56267244	1.8682818	0.0	0.03910398	0.382	4135	tags=19%, list=11%, signal=22%	
GOBP_REGULATION_OF_RELEASE_OF_SEQUESTERED_CALCIUM_ION_INTO_CYTOSOL_BY_SARCOPLASMIC_RETICULUM	GOBP_REGULATION_OF_RELEASE_OF_SEQUESTERED_CALCIUM_ION_INTO_CYTOSOL_BY_SARCOPLASMIC_RETICULUM		28	0.6689744	1.8438635	0.0	0.053917885	0.499	7243	tags=32%, list=20%, signal=40%	
GOBP_VENTRICULAR_CARDIAC_MUSCLE_CELL_MEMBRANE_REPOLARIZATION	GOBP_VENTRICULAR_CARDIAC_MUSCLE_CELL_MEMBRANE_REPOLARIZATION		27	0.6607741	1.8431556	0.0	0.052278135	0.503	3773	tags=26%, list=10%, signal=29%	
GOBP_TRABECULA_FORMATION	GOBP_TRABECULA_FORMATION		29	0.6408171	1.8348105	0.0	0.05887461	0.554	4073	tags=24%, list=11%, signal=27%	
GOBP_CARDIAC_MUSCLE_CONTRACTION	GOBP_CARDIAC_MUSCLE_CONTRACTION		137	0.5005083	1.8333528	0.0	0.057778522	0.56	2656	tags=14%, list=7%, signal=15%	
GOBP_POSITIVE_REGULATION_OF_EPIDERMIS_DEVELOPMENT	GOBP_POSITIVE_REGULATION_OF_EPIDERMIS_DEVELOPMENT		29	0.6501441	1.832537	0.004514673	0.056575067	0.568	3010	tags=21%, list=8%, signal=23%	
GOBP_VENTRICULAR_CARDIAC_MUSCLE_TISSUE_MORPHOGENESIS	GOBP_VENTRICULAR_CARDIAC_MUSCLE_TISSUE_MORPHOGENESIS		55	0.5663552	1.8172274	0.0	0.06959534	0.658	2430	tags=16%, list=7%, signal=17%	
GOBP_REGULATION_OF_DEPHOSPHORYLATION	GOBP_REGULATION_OF_DEPHOSPHORYLATION		26	0.6635117	1.811145	0.0	0.07448032	0.692	1173	tags=12%, list=3%, signal=12%	
GOBP_DESMOSOME_ORGANIZATION	GOBP_DESMOSOME_ORGANIZATION		15	0.7554485	1.7974222	0.0042643924	0.08778325	0.768	1756	tags=20%, list=5%, signal=21%	
GOBP_POSITIVE_REGULATION_OF_EPIDERMAL_CELL_DIFFERENTIATION	GOBP_POSITIVE_REGULATION_OF_EPIDERMAL_CELL_DIFFERENTIATION		24	0.660818	1.7966142	0.0	0.085850425	0.775	3010	tags=21%, list=8%, signal=23%	
GOBP_CARDIAC_MUSCLE_TISSUE_MORPHOGENESIS	GOBP_CARDIAC_MUSCLE_TISSUE_MORPHOGENESIS		70	0.53436315	1.7906927	0.0	0.090559766	0.799	7343	tags=27%, list=20%, signal=34%	
GOBP_CARDIAC_MUSCLE_CELL_ACTION_POTENTIAL	GOBP_CARDIAC_MUSCLE_CELL_ACTION_POTENTIAL		61	0.54312235	1.7794533	0.0	0.10237323	0.848	5552	tags=23%, list=15%, signal=27%	
GOBP_POSITIVE_REGULATION_OF_KERATINOCYTE_DIFFERENTIATION	GOBP_POSITIVE_REGULATION_OF_KERATINOCYTE_DIFFERENTIATION		16	0.72708243	1.7677802	0.0	0.11645333	0.896	3010	tags=25%, list=8%, signal=27%	
GOBP_STRIATED_MUSCLE_ADAPTATION	GOBP_STRIATED_MUSCLE_ADAPTATION		56	0.5509935	1.760578	0.0	0.1252313	0.912	4329	tags=21%, list=12%, signal=24%	
GOBP_REGULATION_OF_PHOSPHATASE_ACTIVITY	GOBP_REGULATION_OF_PHOSPHATASE_ACTIVITY		15	0.76390326	1.759791	0.0	0.12298828	0.913	1173	tags=20%, list=3%, signal=21%	
GOBP_POSITIVE_REGULATION_OF_EPITHELIAL_CELL_DIFFERENTIATION	GOBP_POSITIVE_REGULATION_OF_EPITHELIAL_CELL_DIFFERENTIATION		58	0.537195	1.7532074	0.0	0.13020194	0.934	3133	tags=16%, list=8%, signal=17%	
GOBP_REGULATION_OF_EPIDERMIS_DEVELOPMENT	GOBP_REGULATION_OF_EPIDERMIS_DEVELOPMENT		63	0.53066295	1.7455221	0.0	0.1410967	0.951	3010	tags=13%, list=8%, signal=14%	
GOBP_POSITIVE_REGULATION_OF_METAPHASE_ANAPHASE_TRANSITION_OF_CELL_CYCLE	GOBP_POSITIVE_REGULATION_OF_METAPHASE_ANAPHASE_TRANSITION_OF_CELL_CYCLE		19	0.69381803	1.7414593	0.007352941	0.14448348	0.959	3919	tags=21%, list=11%, signal=24%	
GOBP_NEGATIVE_REGULATION_OF_ATP_DEPENDENT_ACTIVITY	GOBP_NEGATIVE_REGULATION_OF_ATP_DEPENDENT_ACTIVITY		17	0.694348	1.7369735	0.004464286	0.14904654	0.965	3703	tags=24%, list=10%, signal=26%	
GOBP_REGULATION_OF_ATP_DEPENDENT_ACTIVITY	GOBP_REGULATION_OF_ATP_DEPENDENT_ACTIVITY		43	0.56928986	1.7303513	0.0	0.15713757	0.972	5535	tags=19%, list=15%, signal=22%	
GOBP_HEART_PROCESS	GOBP_HEART_PROCESS		249	0.4414254	1.7303282	0.0	0.15356626	0.972	5071	tags=17%, list=14%, signal=19%	
GOBP_REGULATION_OF_CARDIAC_MUSCLE_CELL_ACTION_POTENTIAL	GOBP_REGULATION_OF_CARDIAC_MUSCLE_CELL_ACTION_POTENTIAL		28	0.6283231	1.7268711	0.0022727272	0.15733287	0.976	5552	tags=21%, list=15%, signal=25%	
GOBP_MEMBRANE_REPOLARIZATION	GOBP_MEMBRANE_REPOLARIZATION		51	0.5384844	1.7215606	0.0	0.16456033	0.981	2656	tags=22%, list=7%, signal=23%	
GOBP_PEPTIDE_BIOSYNTHETIC_PROCESS	GOBP_PEPTIDE_BIOSYNTHETIC_PROCESS		29	0.6034203	1.7187005	0.004796163	0.1669545	0.984	1752	tags=17%, list=5%, signal=18%	
GOBP_CARDIAC_VENTRICLE_MORPHOGENESIS	GOBP_CARDIAC_VENTRICLE_MORPHOGENESIS		81	0.50041395	1.706923	0.0	0.18712288	0.995	2430	tags=14%, list=7%, signal=15%	
GOBP_MUSCLE_ORGAN_MORPHOGENESIS	GOBP_MUSCLE_ORGAN_MORPHOGENESIS		93	0.48832572	1.7055019	0.0	0.18629469	0.995	7343	tags=25%, list=20%, signal=31%	
GOBP_PEPTIDE_CROSS_LINKING	GOBP_PEPTIDE_CROSS_LINKING		25	0.63074076	1.7024971	0.009070295	0.18892898	0.996	868	tags=20%, list=2%, signal=20%	
GOBP_MUSCLE_CONTRACTION	GOBP_MUSCLE_CONTRACTION		370	0.41392478	1.7016824	0.0	0.1866994	0.996	5552	tags=16%, list=15%, signal=18%	
GOBP_POSITIVE_REGULATION_OF_MITOTIC_SISTER_CHROMATID_SEPARATION	GOBP_POSITIVE_REGULATION_OF_MITOTIC_SISTER_CHROMATID_SEPARATION		22	0.641181	1.6917671	0.004608295	0.20422858	0.999	3855	tags=18%, list=10%, signal=20%	
GOBP_CARDIAC_MUSCLE_CELL_CONTRACTION	GOBP_CARDIAC_MUSCLE_CELL_CONTRACTION		73	0.50543743	1.6882257	0.0	0.20809694	0.999	5552	tags=21%, list=15%, signal=24%	
GOBP_NEGATIVE_REGULATION_OF_CALCIUM_ION_TRANSMEMBRANE_TRANSPORT	GOBP_NEGATIVE_REGULATION_OF_CALCIUM_ION_TRANSMEMBRANE_TRANSPORT		48	0.53360224	1.682465	0.0025974025	0.2196968	1.0	3703	tags=13%, list=10%, signal=14%	
GOBP_REGULATION_OF_CARDIAC_MUSCLE_CONTRACTION_BY_REGULATION_OF_THE_RELEASE_OF_SEQUESTERED_CALCIUM_ION	GOBP_REGULATION_OF_CARDIAC_MUSCLE_CONTRACTION_BY_REGULATION_OF_THE_RELEASE_OF_SEQUESTERED_CALCIUM_ION		16	0.6902066	1.6806873	0.004237288	0.21917683	1.0	6839	tags=25%, list=19%, signal=31%	
GOBP_EPIDERMIS_MORPHOGENESIS	GOBP_EPIDERMIS_MORPHOGENESIS		41	0.55628866	1.6767223	0.002444988	0.22465397	1.0	10444	tags=51%, list=28%, signal=71%	
GOBP_CELL_CELL_JUNCTION_MAINTENANCE	GOBP_CELL_CELL_JUNCTION_MAINTENANCE		23	0.6211859	1.6750507	0.013215859	0.225183	1.0	270	tags=9%, list=1%, signal=9%	
GOBP_REGULATION_OF_CARDIAC_MUSCLE_CONTRACTION_BY_CALCIUM_ION_SIGNALING	GOBP_REGULATION_OF_CARDIAC_MUSCLE_CONTRACTION_BY_CALCIUM_ION_SIGNALING		21	0.6376859	1.6702582	0.0045871558	0.23431648	1.0	7445	tags=24%, list=20%, signal=30%	
GOBP_REGULATION_OF_CARDIAC_MUSCLE_CELL_MEMBRANE_REPOLARIZATION	GOBP_REGULATION_OF_CARDIAC_MUSCLE_CELL_MEMBRANE_REPOLARIZATION		27	0.61186963	1.6686425	0.014669927	0.23417814	1.0	3773	tags=26%, list=10%, signal=29%	
GOBP_CARDIAC_MUSCLE_CELL_MEMBRANE_REPOLARIZATION	GOBP_CARDIAC_MUSCLE_CELL_MEMBRANE_REPOLARIZATION		34	0.55937296	1.6663357	0.0099502485	0.23639826	1.0	4935	tags=26%, list=13%, signal=31%	
GOBP_BONE_TRABECULA_MORPHOGENESIS	GOBP_BONE_TRABECULA_MORPHOGENESIS		17	0.67555416	1.6647476	0.006437768	0.23704892	1.0	7290	tags=35%, list=20%, signal=44%	
GOBP_NEGATIVE_REGULATION_OF_CALCIUM_ION_TRANSMEMBRANE_TRANSPORTER_ACTIVITY	GOBP_NEGATIVE_REGULATION_OF_CALCIUM_ION_TRANSMEMBRANE_TRANSPORTER_ACTIVITY		19	0.6551325	1.6638399	0.008928572	0.23548242	1.0	3703	tags=21%, list=10%, signal=23%	
GOBP_NEGATIVE_REGULATION_OF_INTERLEUKIN_17_PRODUCTION	GOBP_NEGATIVE_REGULATION_OF_INTERLEUKIN_17_PRODUCTION		17	0.66334444	1.6618055	0.008714597	0.23641767	1.0	1605	tags=24%, list=4%, signal=25%	
GOBP_POSITIVE_REGULATION_OF_PROTEIN_LOCALIZATION_TO_PLASMA_MEMBRANE	GOBP_POSITIVE_REGULATION_OF_PROTEIN_LOCALIZATION_TO_PLASMA_MEMBRANE		67	0.50223625	1.6589568	0.0	0.23914354	1.0	6246	tags=18%, list=17%, signal=22%	
GOBP_SOMATIC_DIVERSIFICATION_OF_IMMUNE_RECEPTORS_VIA_SOMATIC_MUTATION	GOBP_SOMATIC_DIVERSIFICATION_OF_IMMUNE_RECEPTORS_VIA_SOMATIC_MUTATION		17	0.683559	1.656436	0.006756757	0.24184586	1.0	1049	tags=12%, list=3%, signal=12%	
GOBP_RESPONSE_TO_HEAT	GOBP_RESPONSE_TO_HEAT		95	0.47241807	1.6561573	0.0	0.23880738	1.0	2668	tags=9%, list=7%, signal=10%	
GOBP_CELL_PROLIFERATION_INVOLVED_IN_HEART_MORPHOGENESIS	GOBP_CELL_PROLIFERATION_INVOLVED_IN_HEART_MORPHOGENESIS		20	0.6513695	1.6440871	0.020594966	0.26619044	1.0	4003	tags=25%, list=11%, signal=28%	
GOBP_NEURON_FATE_SPECIFICATION	GOBP_NEURON_FATE_SPECIFICATION		33	0.5550957	1.6281095	0.010025063	0.31130666	1.0	4289	tags=36%, list=12%, signal=41%	
GOBP_PROTEIN_HETEROOLIGOMERIZATION	GOBP_PROTEIN_HETEROOLIGOMERIZATION		32	0.56394655	1.6219	0.00877193	0.3275011	1.0	2145	tags=13%, list=6%, signal=13%	
GOBP_REGULATION_OF_KERATINOCYTE_DIFFERENTIATION	GOBP_REGULATION_OF_KERATINOCYTE_DIFFERENTIATION		34	0.5640135	1.6218349	0.009852217	0.32286245	1.0	3010	tags=15%, list=8%, signal=16%	
GOBP_SKELETAL_MUSCLE_CONTRACTION	GOBP_SKELETAL_MUSCLE_CONTRACTION		50	0.50962585	1.6201587	0.0054347827	0.32362905	1.0	5842	tags=26%, list=16%, signal=31%	
GOBP_CARDIAC_MUSCLE_CELL_ACTION_POTENTIAL_INVOLVED_IN_CONTRACTION	GOBP_CARDIAC_MUSCLE_CELL_ACTION_POTENTIAL_INVOLVED_IN_CONTRACTION		43	0.5305004	1.6187826	0.0027027028	0.3230207	1.0	5552	tags=23%, list=15%, signal=27%	
GOBP_CYTOPLASMIC_TRANSLATIONAL_INITIATION	GOBP_CYTOPLASMIC_TRANSLATIONAL_INITIATION		49	0.51688623	1.6107887	0.0099502485	0.3440438	1.0	1272	tags=4%, list=3%, signal=4%	
GOBP_CARDIAC_LEFT_VENTRICLE_MORPHOGENESIS	GOBP_CARDIAC_LEFT_VENTRICLE_MORPHOGENESIS		22	0.6127105	1.610489	0.01750547	0.3403909	1.0	2072	tags=18%, list=6%, signal=19%	
GOBP_REGULATION_OF_SPINDLE_CHECKPOINT	GOBP_REGULATION_OF_SPINDLE_CHECKPOINT		25	0.6048251	1.60639	0.016470589	0.3497643	1.0	6922	tags=24%, list=19%, signal=30%	
GOBP_CELLULAR_RESPONSE_TO_ALKALOID	GOBP_CELLULAR_RESPONSE_TO_ALKALOID		38	0.54417163	1.6032968	0.004576659	0.35483292	1.0	7174	tags=29%, list=19%, signal=36%	
GOBP_ACTION_POTENTIAL	GOBP_ACTION_POTENTIAL		178	0.41805854	1.6006361	0.0	0.35884565	1.0	4202	tags=19%, list=11%, signal=21%	
GOBP_RESPONSE_TO_X_RAY	GOBP_RESPONSE_TO_X_RAY		29	0.5739142	1.5997815	0.014492754	0.35710996	1.0	5140	tags=17%, list=14%, signal=20%	
GOBP_CARDIAC_ATRIUM_MORPHOGENESIS	GOBP_CARDIAC_ATRIUM_MORPHOGENESIS		33	0.55394363	1.5986776	0.009411764	0.3570159	1.0	10577	tags=45%, list=29%, signal=64%	
GOBP_VITAMIN_BIOSYNTHETIC_PROCESS	GOBP_VITAMIN_BIOSYNTHETIC_PROCESS		26	0.5940254	1.598021	0.014962593	0.3550121	1.0	5978	tags=23%, list=16%, signal=28%	
GOBP_RESPONSE_TO_CAFFEINE	GOBP_RESPONSE_TO_CAFFEINE		17	0.65609187	1.5966897	0.024830699	0.35462806	1.0	6839	tags=35%, list=19%, signal=43%	
GOBP_REGULATION_OF_CELL_COMMUNICATION_BY_ELECTRICAL_COUPLING	GOBP_REGULATION_OF_CELL_COMMUNICATION_BY_ELECTRICAL_COUPLING		16	0.64307624	1.596166	0.02183406	0.3520473	1.0	1296	tags=13%, list=4%, signal=13%	
GOBP_REGULATION_OF_ANGIOTENSIN_LEVELS_IN_BLOOD	GOBP_REGULATION_OF_ANGIOTENSIN_LEVELS_IN_BLOOD		15	0.666333	1.5959078	0.011709602	0.34876946	1.0	3767	tags=27%, list=10%, signal=30%	
GOBP_ATRIAL_CARDIAC_MUSCLE_TISSUE_DEVELOPMENT	GOBP_ATRIAL_CARDIAC_MUSCLE_TISSUE_DEVELOPMENT		19	0.62184805	1.593994	0.019002376	0.35077196	1.0	9494	tags=53%, list=26%, signal=71%	
GOBP_TYPE_B_PANCREATIC_CELL_APOPTOTIC_PROCESS	GOBP_TYPE_B_PANCREATIC_CELL_APOPTOTIC_PROCESS		16	0.6499236	1.5935408	0.020179372	0.3483037	1.0	5552	tags=25%, list=15%, signal=29%	
GOBP_MULTICELLULAR_ORGANISMAL_MOVEMENT	GOBP_MULTICELLULAR_ORGANISMAL_MOVEMENT		70	0.4722685	1.5915536	0.0028571428	0.35009703	1.0	5842	tags=21%, list=16%, signal=25%	
GOBP_MUSCLE_CELL_DEVELOPMENT	GOBP_MUSCLE_CELL_DEVELOPMENT		237	0.40463644	1.588435	0.0	0.35553724	1.0	10187	tags=29%, list=28%, signal=39%	
GOBP_SEQUESTERING_OF_CALCIUM_ION	GOBP_SEQUESTERING_OF_CALCIUM_ION		125	0.43472397	1.5836828	0.0	0.3683555	1.0	7371	tags=22%, list=20%, signal=27%	
GOBP_TRABECULA_MORPHOGENESIS	GOBP_TRABECULA_MORPHOGENESIS		53	0.48735645	1.580117	0.005235602	0.37695265	1.0	4073	tags=13%, list=11%, signal=15%	
GOBP_POSITIVE_REGULATION_OF_CHROMOSOME_SEPARATION	GOBP_POSITIVE_REGULATION_OF_CHROMOSOME_SEPARATION		33	0.5540566	1.5801132	0.015228426	0.37273815	1.0	6935	tags=21%, list=19%, signal=26%	
GOBP_AUTONOMIC_NERVOUS_SYSTEM_DEVELOPMENT	GOBP_AUTONOMIC_NERVOUS_SYSTEM_DEVELOPMENT		49	0.5048406	1.5797205	0.011142061	0.37030485	1.0	3441	tags=14%, list=9%, signal=16%	
GOBP_HEART_TRABECULA_FORMATION	GOBP_HEART_TRABECULA_FORMATION		15	0.6653589	1.578222	0.019148936	0.37151185	1.0	2421	tags=20%, list=7%, signal=21%	
GOBP_CELLULAR_COMPONENT_ASSEMBLY_INVOLVED_IN_MORPHOGENESIS	GOBP_CELLULAR_COMPONENT_ASSEMBLY_INVOLVED_IN_MORPHOGENESIS		147	0.42651904	1.5770344	0.0	0.37164572	1.0	4117	tags=15%, list=11%, signal=17%	
GOBP_REGULATION_OF_VOLTAGE_GATED_CALCIUM_CHANNEL_ACTIVITY	GOBP_REGULATION_OF_VOLTAGE_GATED_CALCIUM_CHANNEL_ACTIVITY		26	0.56801426	1.5716059	0.017977528	0.38580948	1.0	2435	tags=19%, list=7%, signal=21%	
GOBP_ENTERIC_NERVOUS_SYSTEM_DEVELOPMENT	GOBP_ENTERIC_NERVOUS_SYSTEM_DEVELOPMENT		16	0.6621279	1.5706447	0.01746725	0.3848065	1.0	3441	tags=25%, list=9%, signal=28%	
GOBP_REGULATION_OF_SYSTEMIC_ARTERIAL_BLOOD_PRESSURE_BY_CIRCULATORY_RENIN_ANGIOTENSIN	GOBP_REGULATION_OF_SYSTEMIC_ARTERIAL_BLOOD_PRESSURE_BY_CIRCULATORY_RENIN_ANGIOTENSIN		25	0.5867988	1.5694641	0.018604651	0.384773	1.0	5346	tags=24%, list=14%, signal=28%	
GOBP_ISOTYPE_SWITCHING_TO_IGG_ISOTYPES	GOBP_ISOTYPE_SWITCHING_TO_IGG_ISOTYPES		16	0.6496128	1.5683289	0.01590909	0.38477635	1.0	3535	tags=19%, list=10%, signal=21%	
GOBP_VITAMIN_TRANSPORT	GOBP_VITAMIN_TRANSPORT		54	0.4887747	1.5646793	0.0072815535	0.39361528	1.0	11072	tags=43%, list=30%, signal=61%	
GOBP_CALCIUM_DEPENDENT_CELL_CELL_ADHESION	GOBP_CALCIUM_DEPENDENT_CELL_CELL_ADHESION		33	0.5450646	1.5645721	0.020179372	0.38997275	1.0	3412	tags=18%, list=9%, signal=20%	
GOBP_REGULATION_OF_MEMBRANE_REPOLARIZATION	GOBP_REGULATION_OF_MEMBRANE_REPOLARIZATION		36	0.52600795	1.5611469	0.017977528	0.3977858	1.0	3773	tags=19%, list=10%, signal=22%	
GOBP_CARDIAC_CHAMBER_MORPHOGENESIS	GOBP_CARDIAC_CHAMBER_MORPHOGENESIS		143	0.42339864	1.5603448	0.0	0.3966106	1.0	10187	tags=24%, list=28%, signal=34%	
GOBP_MUSCLE_SYSTEM_PROCESS	GOBP_MUSCLE_SYSTEM_PROCESS		496	0.37286264	1.5568304	0.0	0.4054016	1.0	5609	tags=14%, list=15%, signal=16%	
GOBP_POSITIVE_REGULATION_OF_CELL_SIZE	GOBP_POSITIVE_REGULATION_OF_CELL_SIZE		22	0.58125764	1.5509288	0.018604651	0.4226192	1.0	5626	tags=18%, list=15%, signal=21%	
GOBP_FC_RECEPTOR_SIGNALING_PATHWAY	GOBP_FC_RECEPTOR_SIGNALING_PATHWAY		21	0.60504496	1.5505931	0.02232143	0.41964436	1.0	880	tags=19%, list=2%, signal=20%	
GOBP_POSITIVE_REGULATION_OF_TRANSLATIONAL_INITIATION	GOBP_POSITIVE_REGULATION_OF_TRANSLATIONAL_INITIATION		49	0.50178707	1.5499696	0.017766498	0.4178986	1.0	6	tags=2%, list=0%, signal=2%	
GOBP_URATE_METABOLIC_PROCESS	GOBP_URATE_METABOLIC_PROCESS		18	0.60828155	1.5498924	0.033333335	0.4142337	1.0	3941	tags=33%, list=11%, signal=37%	
GOBP_MEMBRANE_REPOLARIZATION_DURING_ACTION_POTENTIAL	GOBP_MEMBRANE_REPOLARIZATION_DURING_ACTION_POTENTIAL		24	0.5639927	1.5463365	0.023866348	0.42259252	1.0	4935	tags=33%, list=13%, signal=38%	
GOBP_NEGATIVE_REGULATION_OF_MONOATOMIC_ION_TRANSMEMBRANE_TRANSPORT	GOBP_NEGATIVE_REGULATION_OF_MONOATOMIC_ION_TRANSMEMBRANE_TRANSPORT		91	0.4423742	1.5452805	0.0	0.42212254	1.0	4608	tags=14%, list=12%, signal=16%	
GOBP_REGULATION_OF_HEART_RATE_BY_CARDIAC_CONDUCTION	GOBP_REGULATION_OF_HEART_RATE_BY_CARDIAC_CONDUCTION		38	0.51947045	1.5442979	0.015075377	0.4219871	1.0	4935	tags=21%, list=13%, signal=24%	
GOBP_GANGLION_DEVELOPMENT	GOBP_GANGLION_DEVELOPMENT		15	0.6415338	1.5409372	0.025641026	0.42942026	1.0	3441	tags=20%, list=9%, signal=22%	
GOBP_MEIOTIC_SPINDLE_ASSEMBLY	GOBP_MEIOTIC_SPINDLE_ASSEMBLY		18	0.62216306	1.5359694	0.03131524	0.44324717	1.0	2439	tags=17%, list=7%, signal=18%	
GOBP_VOCALIZATION_BEHAVIOR	GOBP_VOCALIZATION_BEHAVIOR		20	0.5872491	1.535413	0.03160271	0.4412093	1.0	8592	tags=45%, list=23%, signal=59%	
GOBP_CALCIUM_ION_TRANSMEMBRANE_IMPORT_INTO_CYTOSOL	GOBP_CALCIUM_ION_TRANSMEMBRANE_IMPORT_INTO_CYTOSOL		181	0.4032225	1.5352199	0.0	0.43805835	1.0	7387	tags=23%, list=20%, signal=29%	
GOBP_COCHLEA_MORPHOGENESIS	GOBP_COCHLEA_MORPHOGENESIS		28	0.54177827	1.5337261	0.032183908	0.4400592	1.0	5449	tags=25%, list=15%, signal=29%	
GOBP_CALCIUM_ION_IMPORT	GOBP_CALCIUM_ION_IMPORT		84	0.4420935	1.5319641	0.0027247956	0.44253904	1.0	7558	tags=27%, list=20%, signal=34%	
GOBP_NEGATIVE_REGULATION_OF_T_HELPER_17_TYPE_IMMUNE_RESPONSE	GOBP_NEGATIVE_REGULATION_OF_T_HELPER_17_TYPE_IMMUNE_RESPONSE		18	0.5995385	1.5304239	0.037037037	0.44445443	1.0	3535	tags=28%, list=10%, signal=31%	
GOBP_CARDIAC_VENTRICLE_DEVELOPMENT	GOBP_CARDIAC_VENTRICLE_DEVELOPMENT		146	0.41305834	1.5282999	0.0	0.44884366	1.0	5552	tags=14%, list=15%, signal=16%	
GOBP_CELLULAR_RESPONSE_TO_ETHANOL	GOBP_CELLULAR_RESPONSE_TO_ETHANOL		21	0.5806699	1.5238496	0.027088037	0.46243125	1.0	10544	tags=48%, list=29%, signal=67%	
GOBP_REGULATION_OF_HEART_CONTRACTION	GOBP_REGULATION_OF_HEART_CONTRACTION		202	0.39719185	1.5230108	0.0	0.4616797	1.0	5071	tags=17%, list=14%, signal=19%	
GOBP_FORMATION_OF_CYTOPLASMIC_TRANSLATION_INITIATION_COMPLEX	GOBP_FORMATION_OF_CYTOPLASMIC_TRANSLATION_INITIATION_COMPLEX		15	0.63717026	1.5214045	0.036117382	0.46434197	1.0	1272	tags=7%, list=3%, signal=7%	
GOBP_NEGATIVE_REGULATION_OF_MONOATOMIC_ION_TRANSPORT	GOBP_NEGATIVE_REGULATION_OF_MONOATOMIC_ION_TRANSPORT		133	0.40780073	1.5210111	0.0	0.4617193	1.0	2656	tags=12%, list=7%, signal=13%	
GOBP_NEGATIVE_REGULATION_OF_CALCIUM_ION_TRANSPORT	GOBP_NEGATIVE_REGULATION_OF_CALCIUM_ION_TRANSPORT		65	0.45524114	1.5181859	0.010666667	0.46806547	1.0	3703	tags=12%, list=10%, signal=14%	
GOBP_REGULATION_OF_T_HELPER_17_TYPE_IMMUNE_RESPONSE	GOBP_REGULATION_OF_T_HELPER_17_TYPE_IMMUNE_RESPONSE		41	0.5023759	1.5084369	0.014705882	0.50279486	1.0	4313	tags=20%, list=12%, signal=22%	
GOBP_NEGATIVE_REGULATION_OF_POTASSIUM_ION_TRANSPORT	GOBP_NEGATIVE_REGULATION_OF_POTASSIUM_ION_TRANSPORT		37	0.5040488	1.5076791	0.023696683	0.50194955	1.0	2656	tags=16%, list=7%, signal=17%	
GOBP_REGULATION_OF_RELEASE_OF_SEQUESTERED_CALCIUM_ION_INTO_CYTOSOL	GOBP_REGULATION_OF_RELEASE_OF_SEQUESTERED_CALCIUM_ION_INTO_CYTOSOL		77	0.43984628	1.5072495	0.0027472528	0.49991563	1.0	7243	tags=21%, list=20%, signal=26%	
GOBP_SKIN_EPIDERMIS_DEVELOPMENT	GOBP_SKIN_EPIDERMIS_DEVELOPMENT		149	0.4041404	1.5069067	0.003322259	0.49728927	1.0	10331	tags=26%, list=28%, signal=36%	
GOBP_REGULATION_OF_CALCIUM_ION_TRANSPORT	GOBP_REGULATION_OF_CALCIUM_ION_TRANSPORT		258	0.38348928	1.5061009	0.0	0.49703866	1.0	7558	tags=21%, list=20%, signal=26%	
GOBP_VITAMIN_METABOLIC_PROCESS	GOBP_VITAMIN_METABOLIC_PROCESS		46	0.4857696	1.5025944	0.017994858	0.5084289	1.0	6594	tags=22%, list=18%, signal=26%	
GOBP_SHORT_TERM_MEMORY	GOBP_SHORT_TERM_MEMORY		17	0.6090223	1.4970953	0.029953917	0.52671516	1.0	10295	tags=53%, list=28%, signal=73%	
GOBP_ACTOMYOSIN_STRUCTURE_ORGANIZATION	GOBP_ACTOMYOSIN_STRUCTURE_ORGANIZATION		222	0.3822684	1.4965975	0.0	0.52480614	1.0	5650	tags=12%, list=15%, signal=14%	
GOBP_ENDOPLASMIC_RETICULUM_MEMBRANE_ORGANIZATION	GOBP_ENDOPLASMIC_RETICULUM_MEMBRANE_ORGANIZATION		17	0.6073131	1.4950218	0.044247787	0.5273692	1.0	304	tags=6%, list=1%, signal=6%	
GOBP_SODIUM_INDEPENDENT_ORGANIC_ANION_TRANSPORT	GOBP_SODIUM_INDEPENDENT_ORGANIC_ANION_TRANSPORT		16	0.6099432	1.4932123	0.04831933	0.5309765	1.0	3906	tags=31%, list=11%, signal=35%	
GOBP_REGULATION_OF_PEROXISOME_PROLIFERATOR_ACTIVATED_RECEPTOR_SIGNALING_PATHWAY	GOBP_REGULATION_OF_PEROXISOME_PROLIFERATOR_ACTIVATED_RECEPTOR_SIGNALING_PATHWAY		17	0.5941735	1.4913914	0.016746411	0.53507864	1.0	2824	tags=18%, list=8%, signal=19%	
GOBP_INTRACELLULAR_PROTEIN_TRANSMEMBRANE_TRANSPORT	GOBP_INTRACELLULAR_PROTEIN_TRANSMEMBRANE_TRANSPORT		33	0.50974697	1.4885409	0.029126214	0.5425849	1.0	17	tags=3%, list=0%, signal=3%	
GOBP_SPINAL_CORD_MOTOR_NEURON_DIFFERENTIATION	GOBP_SPINAL_CORD_MOTOR_NEURON_DIFFERENTIATION		35	0.50121695	1.4870056	0.027431421	0.54514444	1.0	4289	tags=20%, list=12%, signal=23%	
GOBP_POST_TRANSLATIONAL_PROTEIN_TARGETING_TO_ENDOPLASMIC_RETICULUM_MEMBRANE	GOBP_POST_TRANSLATIONAL_PROTEIN_TARGETING_TO_ENDOPLASMIC_RETICULUM_MEMBRANE		18	0.5977891	1.4849002	0.046875	0.5492447	1.0	4661	tags=11%, list=13%, signal=13%	
GOBP_ANGIOTENSIN_ACTIVATED_SIGNALING_PATHWAY	GOBP_ANGIOTENSIN_ACTIVATED_SIGNALING_PATHWAY		23	0.5556639	1.4845884	0.04288939	0.5465594	1.0	14377	tags=65%, list=39%, signal=107%	
GOBP_REGULATION_OF_CARDIAC_MUSCLE_CONTRACTION	GOBP_REGULATION_OF_CARDIAC_MUSCLE_CONTRACTION		77	0.44121438	1.48313	0.014326648	0.5497549	1.0	5552	tags=16%, list=15%, signal=18%	
GOBP_NEGATIVE_REGULATION_OF_HYDROLASE_ACTIVITY	GOBP_NEGATIVE_REGULATION_OF_HYDROLASE_ACTIVITY		72	0.44199532	1.4819369	0.010638298	0.55044293	1.0	1571	tags=10%, list=4%, signal=10%	
GOBP_PEPTIDE_METABOLIC_PROCESS	GOBP_PEPTIDE_METABOLIC_PROCESS		60	0.45233598	1.481645	0.01994302	0.54780835	1.0	7187	tags=20%, list=19%, signal=25%	
GOBP_MEMBRANE_REPOLARIZATION_DURING_CARDIAC_MUSCLE_CELL_ACTION_POTENTIAL	GOBP_MEMBRANE_REPOLARIZATION_DURING_CARDIAC_MUSCLE_CELL_ACTION_POTENTIAL		19	0.5777884	1.4743636	0.050458714	0.5740687	1.0	4935	tags=37%, list=13%, signal=42%	
GOBP_REGULATION_OF_STRIATED_MUSCLE_CONTRACTION	GOBP_REGULATION_OF_STRIATED_MUSCLE_CONTRACTION		96	0.42437816	1.4743629	0.0029850747	0.5699973	1.0	898	tags=8%, list=2%, signal=9%	
GOBP_CELL_FATE_SPECIFICATION	GOBP_CELL_FATE_SPECIFICATION		109	0.40753093	1.4694872	0.012307692	0.5869558	1.0	6824	tags=24%, list=18%, signal=29%	
GOBP_CAMKK_AMPK_SIGNALING_CASCADE	GOBP_CAMKK_AMPK_SIGNALING_CASCADE		15	0.6297363	1.4687982	0.0372807	0.58562607	1.0	111	tags=7%, list=0%, signal=7%	
GOBP_REGULATION_OF_HEART_RATE	GOBP_REGULATION_OF_HEART_RATE		113	0.40927237	1.465109	0.0028409092	0.5981891	1.0	4935	tags=19%, list=13%, signal=22%	
GOBP_MEMBRANE_DEPOLARIZATION_DURING_ACTION_POTENTIAL	GOBP_MEMBRANE_DEPOLARIZATION_DURING_ACTION_POTENTIAL		28	0.5267136	1.4647816	0.04028436	0.5956706	1.0	5071	tags=21%, list=14%, signal=25%	
GOBP_POSITIVE_REGULATION_OF_PROTEIN_DEPOLYMERIZATION	GOBP_POSITIVE_REGULATION_OF_PROTEIN_DEPOLYMERIZATION		19	0.5652837	1.4635903	0.066508316	0.59680784	1.0	5587	tags=26%, list=15%, signal=31%	
GOBP_CHOLESTEROL_BIOSYNTHETIC_PROCESS_VIA_LATHOSTEROL	GOBP_CHOLESTEROL_BIOSYNTHETIC_PROCESS_VIA_LATHOSTEROL		21	0.56189203	1.4634982	0.047146402	0.59313744	1.0	10707	tags=48%, list=29%, signal=67%	
GOBP_ADULT_HEART_DEVELOPMENT	GOBP_ADULT_HEART_DEVELOPMENT		18	0.5797052	1.4627172	0.044843048	0.5926866	1.0	5199	tags=28%, list=14%, signal=32%	
GOBP_CARDIAC_ATRIUM_DEVELOPMENT	GOBP_CARDIAC_ATRIUM_DEVELOPMENT		40	0.49335408	1.4627146	0.027707808	0.58870876	1.0	11080	tags=40%, list=30%, signal=57%	
GOBP_REGULATION_OF_COLLATERAL_SPROUTING	GOBP_REGULATION_OF_COLLATERAL_SPROUTING		24	0.5477773	1.4621983	0.05940594	0.5870711	1.0	7293	tags=29%, list=20%, signal=36%	
GOBP_POSITIVE_REGULATION_OF_PROTEIN_LOCALIZATION_TO_CELL_PERIPHERY	GOBP_POSITIVE_REGULATION_OF_PROTEIN_LOCALIZATION_TO_CELL_PERIPHERY		79	0.4225519	1.4607024	0.008720931	0.5896723	1.0	6246	tags=15%, list=17%, signal=18%	
GOBP_REGULATION_OF_CALCIUM_ION_TRANSMEMBRANE_TRANSPORT	GOBP_REGULATION_OF_CALCIUM_ION_TRANSMEMBRANE_TRANSPORT		160	0.39167565	1.4606862	0.0	0.5858773	1.0	5552	tags=17%, list=15%, signal=20%	
GOBP_CELL_JUNCTION_MAINTENANCE	GOBP_CELL_JUNCTION_MAINTENANCE		79	0.4233195	1.4600468	0.008333334	0.5850344	1.0	5002	tags=16%, list=14%, signal=19%	
GOBP_HETEROPHILIC_CELL_CELL_ADHESION	GOBP_HETEROPHILIC_CELL_CELL_ADHESION		50	0.45893195	1.4550629	0.032786883	0.60365784	1.0	10911	tags=46%, list=30%, signal=65%	
GOBP_CALCIUM_ION_HOMEOSTASIS	GOBP_CALCIUM_ION_HOMEOSTASIS		338	0.35887757	1.4521757	0.0	0.6124455	1.0	7445	tags=20%, list=20%, signal=25%	
GOBP_CALCIUM_ION_TRANSMEMBRANE_TRANSPORT	GOBP_CALCIUM_ION_TRANSMEMBRANE_TRANSPORT		327	0.35457185	1.4496253	0.0	0.6203174	1.0	7445	tags=22%, list=20%, signal=27%	
GOBP_REGULATION_OF_TRANSLATION_IN_RESPONSE_TO_STRESS	GOBP_REGULATION_OF_TRANSLATION_IN_RESPONSE_TO_STRESS		23	0.54522693	1.4473392	0.051044084	0.6260291	1.0	20	tags=4%, list=0%, signal=4%	
GOBP_VENTRAL_SPINAL_CORD_DEVELOPMENT	GOBP_VENTRAL_SPINAL_CORD_DEVELOPMENT		50	0.46152028	1.4462692	0.02356021	0.6270247	1.0	4289	tags=20%, list=12%, signal=23%	
GOBP_L_AMINO_ACID_BIOSYNTHETIC_PROCESS	GOBP_L_AMINO_ACID_BIOSYNTHETIC_PROCESS		47	0.4619272	1.4433594	0.03241895	0.6367092	1.0	14881	tags=53%, list=40%, signal=89%	
GOBP_CALCIUM_ION_TRANSPORT	GOBP_CALCIUM_ION_TRANSPORT		439	0.34896368	1.4431134	0.0	0.63380283	1.0	7445	tags=22%, list=20%, signal=27%	
GOBP_POSITIVE_REGULATION_OF_TRANSPORTER_ACTIVITY	GOBP_POSITIVE_REGULATION_OF_TRANSPORTER_ACTIVITY		77	0.42856154	1.4423025	0.017595308	0.6332929	1.0	4608	tags=17%, list=12%, signal=19%	
GOBP_POSITIVE_REGULATION_OF_CHROMOSOME_SEGREGATION	GOBP_POSITIVE_REGULATION_OF_CHROMOSOME_SEGREGATION		31	0.5025296	1.4404116	0.03712297	0.6380873	1.0	6935	tags=16%, list=19%, signal=20%	
GOBP_ASYMMETRIC_CELL_DIVISION	GOBP_ASYMMETRIC_CELL_DIVISION		20	0.5578618	1.4401768	0.05543237	0.63532573	1.0	1721	tags=10%, list=5%, signal=10%	
GOBP_REGULATION_OF_SYSTEMIC_ARTERIAL_BLOOD_PRESSURE_BY_HORMONE	GOBP_REGULATION_OF_SYSTEMIC_ARTERIAL_BLOOD_PRESSURE_BY_HORMONE		50	0.4595574	1.4390904	0.02849741	0.63626117	1.0	6528	tags=26%, list=18%, signal=32%	
GOBP_REGULATION_OF_TRIGLYCERIDE_BIOSYNTHETIC_PROCESS	GOBP_REGULATION_OF_TRIGLYCERIDE_BIOSYNTHETIC_PROCESS		25	0.5317511	1.437254	0.048780486	0.64087754	1.0	11024	tags=44%, list=30%, signal=63%	
GOBP_NEGATIVE_REGULATION_OF_EPITHELIAL_CELL_PROLIFERATION	GOBP_NEGATIVE_REGULATION_OF_EPITHELIAL_CELL_PROLIFERATION		148	0.3854641	1.4337956	0.0	0.6526701	1.0	4770	tags=10%, list=13%, signal=12%	
GOBP_INTERLEUKIN_17_PRODUCTION	GOBP_INTERLEUKIN_17_PRODUCTION		42	0.469132	1.4336364	0.033854168	0.6495915	1.0	1605	tags=12%, list=4%, signal=12%	
GOBP_CARDIAC_CHAMBER_DEVELOPMENT	GOBP_CARDIAC_CHAMBER_DEVELOPMENT		193	0.37557253	1.4309891	0.0	0.6586963	1.0	7343	tags=15%, list=20%, signal=18%	
GOBP_CARDIAC_VASCULAR_SMOOTH_MUSCLE_CELL_DIFFERENTIATION	GOBP_CARDIAC_VASCULAR_SMOOTH_MUSCLE_CELL_DIFFERENTIATION		17	0.5768002	1.4302474	0.06423983	0.658143	1.0	3228	tags=24%, list=9%, signal=26%	
GOBP_RENAL_SODIUM_ION_TRANSPORT	GOBP_RENAL_SODIUM_ION_TRANSPORT		19	0.56311697	1.4297026	0.056306306	0.6570262	1.0	1916	tags=16%, list=5%, signal=17%	
GOBP_POSITIVE_REGULATION_OF_CATION_CHANNEL_ACTIVITY	GOBP_POSITIVE_REGULATION_OF_CATION_CHANNEL_ACTIVITY		47	0.45828566	1.4290849	0.033591732	0.6557915	1.0	3398	tags=15%, list=9%, signal=16%	
GOBP_REGULATION_OF_BLOOD_CIRCULATION	GOBP_REGULATION_OF_BLOOD_CIRCULATION		270	0.36190662	1.4289557	0.0	0.6526433	1.0	5552	tags=16%, list=15%, signal=19%	
GOBP_VITAMIN_D_METABOLIC_PROCESS	GOBP_VITAMIN_D_METABOLIC_PROCESS		17	0.5798887	1.4258424	0.06382979	0.6635511	1.0	7290	tags=41%, list=20%, signal=51%	
GOBP_REGULATION_OF_EPITHELIAL_CELL_DIFFERENTIATION	GOBP_REGULATION_OF_EPITHELIAL_CELL_DIFFERENTIATION		160	0.37880203	1.4227067	0.0032258064	0.6749485	1.0	3703	tags=9%, list=10%, signal=10%	
GOBP_POSITIVE_REGULATION_OF_CHROMOSOME_ORGANIZATION	GOBP_POSITIVE_REGULATION_OF_CHROMOSOME_ORGANIZATION		107	0.39214912	1.4168887	0.0062695923	0.6994535	1.0	15630	tags=39%, list=42%, signal=68%	
GOBP_POSITIVE_REGULATION_OF_MEIOTIC_CELL_CYCLE	GOBP_POSITIVE_REGULATION_OF_MEIOTIC_CELL_CYCLE		31	0.49428433	1.4151514	0.04488778	0.70358074	1.0	11017	tags=39%, list=30%, signal=55%	
GOBP_RESPONSE_TO_ATP	GOBP_RESPONSE_TO_ATP		34	0.48070303	1.4120119	0.055263158	0.71573526	1.0	7387	tags=32%, list=20%, signal=40%	
GOBP_REGULATION_OF_SYSTEMIC_ARTERIAL_BLOOD_PRESSURE_BY_RENIN_ANGIOTENSIN	GOBP_REGULATION_OF_SYSTEMIC_ARTERIAL_BLOOD_PRESSURE_BY_RENIN_ANGIOTENSIN		37	0.4770741	1.4116942	0.032258064	0.7132568	1.0	3767	tags=19%, list=10%, signal=21%	
GOBP_PARASYMPATHETIC_NERVOUS_SYSTEM_DEVELOPMENT	GOBP_PARASYMPATHETIC_NERVOUS_SYSTEM_DEVELOPMENT		22	0.53266525	1.411117	0.08045977	0.7123518	1.0	6567	tags=27%, list=18%, signal=33%	
GOBP_EPITHELIAL_CELL_MATURATION	GOBP_EPITHELIAL_CELL_MATURATION		16	0.5952001	1.4109681	0.065645516	0.7091065	1.0	837	tags=13%, list=2%, signal=13%	
GOBP_POSITIVE_REGULATION_OF_TRIGLYCERIDE_BIOSYNTHETIC_PROCESS	GOBP_POSITIVE_REGULATION_OF_TRIGLYCERIDE_BIOSYNTHETIC_PROCESS		19	0.56255394	1.4102863	0.07913669	0.7085741	1.0	10963	tags=42%, list=30%, signal=60%	
GOBP_SULFATE_TRANSMEMBRANE_TRANSPORT	GOBP_SULFATE_TRANSMEMBRANE_TRANSPORT		16	0.5653169	1.4091119	0.06363636	0.71070385	1.0	5778	tags=31%, list=16%, signal=37%	
GOBP_NEGATIVE_REGULATION_OF_ENDOTHELIAL_CELL_PROLIFERATION	GOBP_NEGATIVE_REGULATION_OF_ENDOTHELIAL_CELL_PROLIFERATION		43	0.45670962	1.4087164	0.04556962	0.7089282	1.0	3630	tags=14%, list=10%, signal=15%	
GOBP_REGULATION_OF_MONOATOMIC_ION_TRANSMEMBRANE_TRANSPORT	GOBP_REGULATION_OF_MONOATOMIC_ION_TRANSMEMBRANE_TRANSPORT		327	0.3455325	1.4082532	0.0	0.70751137	1.0	5703	tags=16%, list=15%, signal=19%	
GOBP_HYDROGEN_PEROXIDE_CATABOLIC_PROCESS	GOBP_HYDROGEN_PEROXIDE_CATABOLIC_PROCESS		19	0.54778844	1.4067086	0.07589286	0.7109303	1.0	4609	tags=16%, list=12%, signal=18%	
GOBP_CELL_AGGREGATION	GOBP_CELL_AGGREGATION		20	0.5517641	1.4066539	0.064665124	0.70730716	1.0	4924	tags=25%, list=13%, signal=29%	
GOBP_POSITIVE_REGULATION_OF_NUCLEAR_DIVISION	GOBP_POSITIVE_REGULATION_OF_NUCLEAR_DIVISION		68	0.41787642	1.4065558	0.029069768	0.70394814	1.0	3606	tags=12%, list=10%, signal=13%	
GOBP_CELLULAR_RESPONSE_TO_RETINOIC_ACID	GOBP_CELLULAR_RESPONSE_TO_RETINOIC_ACID		53	0.44159815	1.4047426	0.03183024	0.70932096	1.0	4876	tags=13%, list=13%, signal=15%	
GOBP_CELL_FATE_DETERMINATION	GOBP_CELL_FATE_DETERMINATION		37	0.4671384	1.4046283	0.029776676	0.7060456	1.0	9073	tags=32%, list=25%, signal=43%	
GOBP_MONOATOMIC_ANION_HOMEOSTASIS	GOBP_MONOATOMIC_ANION_HOMEOSTASIS		26	0.50880295	1.4008633	0.0787037	0.7219418	1.0	7371	tags=31%, list=20%, signal=38%	
GOBP_NEUTRAL_LIPID_CATABOLIC_PROCESS	GOBP_NEUTRAL_LIPID_CATABOLIC_PROCESS		46	0.4594258	1.399693	0.05191257	0.72439253	1.0	10926	tags=39%, list=30%, signal=55%	
GOBP_NEUROPEPTIDE_SIGNALING_PATHWAY	GOBP_NEUROPEPTIDE_SIGNALING_PATHWAY		85	0.40792695	1.3990606	0.02259887	0.7236088	1.0	5384	tags=28%, list=15%, signal=33%	
GOBP_REGULATION_OF_PEPTIDASE_ACTIVITY	GOBP_REGULATION_OF_PEPTIDASE_ACTIVITY		39	0.45994666	1.3974344	0.046116505	0.7281872	1.0	1962	tags=13%, list=5%, signal=14%	
GOBP_COLLAGEN_ACTIVATED_SIGNALING_PATHWAY	GOBP_COLLAGEN_ACTIVATED_SIGNALING_PATHWAY		17	0.55781466	1.3972894	0.0862069	0.7252409	1.0	7290	tags=29%, list=20%, signal=37%	
GOBP_POSITIVE_REGULATION_OF_ATP_DEPENDENT_ACTIVITY	GOBP_POSITIVE_REGULATION_OF_ATP_DEPENDENT_ACTIVITY		23	0.5227755	1.3971264	0.086448595	0.7224672	1.0	10443	tags=30%, list=28%, signal=42%	
GOBP_REGULATION_OF_ALTERNATIVE_MRNA_SPLICING_VIA_SPLICEOSOME	GOBP_REGULATION_OF_ALTERNATIVE_MRNA_SPLICING_VIA_SPLICEOSOME		73	0.41168898	1.3949251	0.023684211	0.7299196	1.0	3555	tags=8%, list=10%, signal=9%	
GOBP_REGULATION_OF_RESPONSE_TO_TYPE_II_INTERFERON	GOBP_REGULATION_OF_RESPONSE_TO_TYPE_II_INTERFERON		15	0.5852008	1.3941723	0.09468822	0.7300982	1.0	5536	tags=27%, list=15%, signal=31%	
GOBP_C21_STEROID_HORMONE_BIOSYNTHETIC_PROCESS	GOBP_C21_STEROID_HORMONE_BIOSYNTHETIC_PROCESS		22	0.5222225	1.3927637	0.07783019	0.7336481	1.0	2738	tags=14%, list=7%, signal=15%	
GOBP_RESPONSE_TO_ANGIOTENSIN	GOBP_RESPONSE_TO_ANGIOTENSIN		49	0.43757188	1.3922366	0.046875	0.7325673	1.0	9939	tags=27%, list=27%, signal=36%	
GOBP_HEART_MORPHOGENESIS	GOBP_HEART_MORPHOGENESIS		285	0.34490535	1.3869046	0.0042918455	0.75566393	1.0	10187	tags=21%, list=28%, signal=29%	
GOBP_CORONARY_VASCULATURE_MORPHOGENESIS	GOBP_CORONARY_VASCULATURE_MORPHOGENESIS		30	0.48801476	1.3852924	0.07801419	0.76066744	1.0	5393	tags=20%, list=15%, signal=23%	
GOBP_REGULATION_OF_BLOOD_VESSEL_ENDOTHELIAL_CELL_PROLIFERATION_INVOLVED_IN_SPROUTING_ANGIOGENESIS	GOBP_REGULATION_OF_BLOOD_VESSEL_ENDOTHELIAL_CELL_PROLIFERATION_INVOLVED_IN_SPROUTING_ANGIOGENESIS		16	0.56882614	1.3846419	0.10373444	0.7602353	1.0	7390	tags=31%, list=20%, signal=39%	
GOBP_REGULATION_OF_SKELETAL_MUSCLE_TISSUE_DEVELOPMENT	GOBP_REGULATION_OF_SKELETAL_MUSCLE_TISSUE_DEVELOPMENT		28	0.50359625	1.3844466	0.07236842	0.7574462	1.0	7844	tags=25%, list=21%, signal=32%	
GOBP_CALCIUM_MEDIATED_SIGNALING	GOBP_CALCIUM_MEDIATED_SIGNALING		231	0.35482964	1.3838394	0.0040816325	0.75663805	1.0	7445	tags=18%, list=20%, signal=23%	
GOBP_EXTRACELLULAR_MATRIX_DISASSEMBLY	GOBP_EXTRACELLULAR_MATRIX_DISASSEMBLY		39	0.45918745	1.383627	0.05867347	0.7540117	1.0	5677	tags=21%, list=15%, signal=24%	
GOBP_REGULATION_OF_MONOATOMIC_ION_TRANSPORT	GOBP_REGULATION_OF_MONOATOMIC_ION_TRANSPORT		480	0.3322551	1.3829987	0.0	0.75344175	1.0	5552	tags=15%, list=15%, signal=18%	
GOBP_POTASSIUM_ION_EXPORT_ACROSS_PLASMA_MEMBRANE	GOBP_POTASSIUM_ION_EXPORT_ACROSS_PLASMA_MEMBRANE		24	0.514289	1.3823202	0.08715596	0.753136	1.0	5016	tags=29%, list=14%, signal=34%	
GOBP_POSITIVE_REGULATION_OF_PROTEIN_MATURATION	GOBP_POSITIVE_REGULATION_OF_PROTEIN_MATURATION		25	0.5099988	1.3815973	0.0804878	0.75310165	1.0	5677	tags=20%, list=15%, signal=24%	
GOBP_NEUROBLAST_DIVISION	GOBP_NEUROBLAST_DIVISION		15	0.5829033	1.3810617	0.06695464	0.7522338	1.0	1721	tags=13%, list=5%, signal=14%	
GOBP_CALCIUM_ION_TRANSMEMBRANE_TRANSPORT_VIA_HIGH_VOLTAGE_GATED_CALCIUM_CHANNEL	GOBP_CALCIUM_ION_TRANSMEMBRANE_TRANSPORT_VIA_HIGH_VOLTAGE_GATED_CALCIUM_CHANNEL		18	0.55493116	1.3807942	0.09110629	0.75012326	1.0	5421	tags=17%, list=15%, signal=20%	
GOBP_AUTOPHAGOSOME_LYSOSOME_FUSION	GOBP_AUTOPHAGOSOME_LYSOSOME_FUSION		19	0.53204215	1.3799437	0.0724299	0.750539	1.0	5622	tags=16%, list=15%, signal=19%	
GOBP_PULMONARY_VALVE_MORPHOGENESIS	GOBP_PULMONARY_VALVE_MORPHOGENESIS		20	0.52647793	1.3788978	0.07038835	0.75232357	1.0	9597	tags=35%, list=26%, signal=47%	
GOBP_NEURAL_CREST_CELL_DIFFERENTIATION	GOBP_NEURAL_CREST_CELL_DIFFERENTIATION		97	0.39113665	1.3763072	0.01577287	0.76227826	1.0	4003	tags=10%, list=11%, signal=12%	
GOBP_REGULATION_OF_SKELETAL_MUSCLE_CONTRACTION	GOBP_REGULATION_OF_SKELETAL_MUSCLE_CONTRACTION		20	0.5256691	1.3761343	0.07974138	0.75987154	1.0	898	tags=15%, list=2%, signal=15%	
GOBP_CELL_DIFFERENTIATION_IN_SPINAL_CORD	GOBP_CELL_DIFFERENTIATION_IN_SPINAL_CORD		52	0.43674016	1.3758729	0.060941827	0.75769347	1.0	7333	tags=31%, list=20%, signal=38%	
GOBP_PHOSPHATE_ION_HOMEOSTASIS	GOBP_PHOSPHATE_ION_HOMEOSTASIS		18	0.54367054	1.3743116	0.102783725	0.7620715	1.0	8795	tags=50%, list=24%, signal=66%	
GOBP_REGULATION_OF_TRIGLYCERIDE_METABOLIC_PROCESS	GOBP_REGULATION_OF_TRIGLYCERIDE_METABOLIC_PROCESS		55	0.42600477	1.3738856	0.04556962	0.76077914	1.0	11024	tags=38%, list=30%, signal=54%	
GOBP_NEGATIVE_REGULATION_OF_LYMPHOCYTE_MIGRATION	GOBP_NEGATIVE_REGULATION_OF_LYMPHOCYTE_MIGRATION		15	0.5644943	1.3736794	0.10250569	0.75818795	1.0	4677	tags=33%, list=13%, signal=38%	
GOBP_DETOXIFICATION_OF_INORGANIC_COMPOUND	GOBP_DETOXIFICATION_OF_INORGANIC_COMPOUND		17	0.55510145	1.3733734	0.099352054	0.7563018	1.0	6865	tags=35%, list=19%, signal=43%	
GOBP_INTRACELLULAR_MONOATOMIC_ANION_HOMEOSTASIS	GOBP_INTRACELLULAR_MONOATOMIC_ANION_HOMEOSTASIS		16	0.566123	1.3712379	0.10619469	0.76381946	1.0	7371	tags=38%, list=20%, signal=47%	
GOBP_PRESYNAPTIC_MODULATION_OF_CHEMICAL_SYNAPTIC_TRANSMISSION	GOBP_PRESYNAPTIC_MODULATION_OF_CHEMICAL_SYNAPTIC_TRANSMISSION		60	0.419828	1.3685575	0.04011461	0.77393574	1.0	4704	tags=20%, list=13%, signal=23%	
GOBP_POSITIVE_REGULATION_OF_PROTEIN_LOCALIZATION_TO_MEMBRANE	GOBP_POSITIVE_REGULATION_OF_PROTEIN_LOCALIZATION_TO_MEMBRANE		99	0.3883397	1.3674748	0.029498525	0.7762222	1.0	2435	tags=8%, list=7%, signal=9%	
GOBP_ENDOTHELIAL_CELL_MORPHOGENESIS	GOBP_ENDOTHELIAL_CELL_MORPHOGENESIS		17	0.5524298	1.3655727	0.10869565	0.7828445	1.0	501	tags=6%, list=1%, signal=6%	
GOBP_COCHLEA_DEVELOPMENT	GOBP_COCHLEA_DEVELOPMENT		59	0.4206404	1.3654672	0.040650405	0.7799402	1.0	5449	tags=17%, list=15%, signal=20%	
GOBP_L_AMINO_ACID_TRANSPORT	GOBP_L_AMINO_ACID_TRANSPORT		98	0.39100835	1.3653985	0.022792023	0.7767285	1.0	11163	tags=36%, list=30%, signal=51%	
GOBP_REGULATION_OF_METAL_ION_TRANSPORT	GOBP_REGULATION_OF_METAL_ION_TRANSPORT		396	0.32962885	1.3635392	0.0	0.7827674	1.0	5552	tags=15%, list=15%, signal=17%	
GOBP_NEGATIVE_REGULATION_OF_NEURON_DIFFERENTIATION	GOBP_NEGATIVE_REGULATION_OF_NEURON_DIFFERENTIATION		83	0.40149122	1.3635026	0.028328612	0.7795058	1.0	3747	tags=14%, list=10%, signal=16%	
GOBP_MICROTUBULE_ANCHORING	GOBP_MICROTUBULE_ANCHORING		25	0.5075562	1.3633571	0.06888361	0.7767892	1.0	913	tags=4%, list=2%, signal=4%	
GOBP_BLOOD_VESSEL_ENDOTHELIAL_CELL_PROLIFERATION_INVOLVED_IN_SPROUTING_ANGIOGENESIS	GOBP_BLOOD_VESSEL_ENDOTHELIAL_CELL_PROLIFERATION_INVOLVED_IN_SPROUTING_ANGIOGENESIS		22	0.5117695	1.3625553	0.094527364	0.7774073	1.0	10096	tags=36%, list=27%, signal=50%	
GOBP_NEURON_FATE_COMMITMENT	GOBP_NEURON_FATE_COMMITMENT		72	0.4012274	1.3622212	0.023622047	0.775592	1.0	4289	tags=22%, list=12%, signal=25%	
GOBP_HORMONE_CATABOLIC_PROCESS	GOBP_HORMONE_CATABOLIC_PROCESS		15	0.5684175	1.3620391	0.10609481	0.7733045	1.0	6695	tags=33%, list=18%, signal=41%	
GOBP_MYOTUBE_CELL_DEVELOPMENT	GOBP_MYOTUBE_CELL_DEVELOPMENT		48	0.43686894	1.3606559	0.057788946	0.77691793	1.0	10187	tags=35%, list=28%, signal=49%	
GOBP_ENDOPLASMIC_RETICULUM_TO_GOLGI_VESICLE_MEDIATED_TRANSPORT	GOBP_ENDOPLASMIC_RETICULUM_TO_GOLGI_VESICLE_MEDIATED_TRANSPORT		128	0.3697419	1.3606384	0.022435898	0.773686	1.0	17912	tags=57%, list=48%, signal=110%	
GOBP_SKELETAL_MUSCLE_ADAPTATION	GOBP_SKELETAL_MUSCLE_ADAPTATION		24	0.50655407	1.3599645	0.09576838	0.7736759	1.0	7844	tags=33%, list=21%, signal=42%	
GOBP_RIBOSOME_LOCALIZATION	GOBP_RIBOSOME_LOCALIZATION		15	0.5602504	1.3569894	0.11231101	0.7850678	1.0	4014	tags=13%, list=11%, signal=15%	
GOBP_REGULATION_OF_BIOLOGICAL_PROCESS_INVOLVED_IN_SYMBIOTIC_INTERACTION	GOBP_REGULATION_OF_BIOLOGICAL_PROCESS_INVOLVED_IN_SYMBIOTIC_INTERACTION		39	0.45502886	1.3549407	0.06682578	0.79247206	1.0	5459	tags=15%, list=15%, signal=18%	
GOBP_REGULATION_OF_CALCIUM_MEDIATED_SIGNALING	GOBP_REGULATION_OF_CALCIUM_MEDIATED_SIGNALING		101	0.3842796	1.3538294	0.033033032	0.7944913	1.0	3763	tags=10%, list=10%, signal=11%	
GOBP_NEGATIVE_REGULATION_OF_TRANSPORTER_ACTIVITY	GOBP_NEGATIVE_REGULATION_OF_TRANSPORTER_ACTIVITY		36	0.45316485	1.3529068	0.0882353	0.7961971	1.0	3703	tags=14%, list=10%, signal=15%	
GOBP_FC_GAMMA_RECEPTOR_SIGNALING_PATHWAY	GOBP_FC_GAMMA_RECEPTOR_SIGNALING_PATHWAY		16	0.56520754	1.3513646	0.11286682	0.8005994	1.0	5235	tags=31%, list=14%, signal=36%	
GOBP_L_ARGININE_TRANSMEMBRANE_TRANSPORT	GOBP_L_ARGININE_TRANSMEMBRANE_TRANSPORT		17	0.52950525	1.3504641	0.12100457	0.801886	1.0	10532	tags=53%, list=29%, signal=74%	
GOBP_POSITIVE_REGULATION_OF_TRIGLYCERIDE_METABOLIC_PROCESS	GOBP_POSITIVE_REGULATION_OF_TRIGLYCERIDE_METABOLIC_PROCESS		29	0.46851018	1.346985	0.061611373	0.81615645	1.0	10963	tags=38%, list=30%, signal=54%	
GOBP_VITAMIN_CATABOLIC_PROCESS	GOBP_VITAMIN_CATABOLIC_PROCESS		15	0.5633376	1.3466713	0.11659193	0.8143079	1.0	103	tags=13%, list=0%, signal=13%	
GOBP_CELLULAR_RESPONSE_TO_ATP	GOBP_CELLULAR_RESPONSE_TO_ATP		15	0.56472266	1.3455784	0.12068965	0.8172613	1.0	7326	tags=33%, list=20%, signal=42%	
GOBP_EXTRACELLULAR_MATRIX_ASSEMBLY	GOBP_EXTRACELLULAR_MATRIX_ASSEMBLY		49	0.42645523	1.3441062	0.068292685	0.82151127	1.0	15398	tags=61%, list=42%, signal=105%	
GOBP_STRIATED_MUSCLE_CELL_DIFFERENTIATION	GOBP_STRIATED_MUSCLE_CELL_DIFFERENTIATION		395	0.32936373	1.3427137	0.005291005	0.8257976	1.0	10220	tags=22%, list=28%, signal=30%	
GOBP_CELLULAR_RESPONSE_TO_ANGIOTENSIN	GOBP_CELLULAR_RESPONSE_TO_ANGIOTENSIN		39	0.45232946	1.3423688	0.070886075	0.82410896	1.0	14377	tags=44%, list=39%, signal=71%	
GOBP_POSITIVE_REGULATION_OF_MEIOTIC_NUCLEAR_DIVISION	GOBP_POSITIVE_REGULATION_OF_MEIOTIC_NUCLEAR_DIVISION		20	0.5277683	1.3423183	0.11764706	0.8210714	1.0	5223	tags=20%, list=14%, signal=23%	
GOBP_CARDIAC_RIGHT_VENTRICLE_MORPHOGENESIS	GOBP_CARDIAC_RIGHT_VENTRICLE_MORPHOGENESIS		19	0.5294279	1.3421522	0.12954545	0.8186236	1.0	10021	tags=42%, list=27%, signal=58%	
GOBP_ADHERENS_JUNCTION_ORGANIZATION	GOBP_ADHERENS_JUNCTION_ORGANIZATION		58	0.41201952	1.3419356	0.067010306	0.81646585	1.0	1756	tags=7%, list=5%, signal=7%	
GOBP_OUTFLOW_TRACT_MORPHOGENESIS	GOBP_OUTFLOW_TRACT_MORPHOGENESIS		88	0.3893788	1.3412225	0.046728972	0.81674325	1.0	7333	tags=17%, list=20%, signal=21%	
GOBP_MEMBRANE_DEPOLARIZATION_DURING_CARDIAC_MUSCLE_CELL_ACTION_POTENTIAL	GOBP_MEMBRANE_DEPOLARIZATION_DURING_CARDIAC_MUSCLE_CELL_ACTION_POTENTIAL		16	0.54463035	1.3406986	0.125	0.8161702	1.0	723	tags=13%, list=2%, signal=13%	
GOBP_DORSAL_VENTRAL_PATTERN_FORMATION	GOBP_DORSAL_VENTRAL_PATTERN_FORMATION		93	0.38202664	1.3403571	0.02247191	0.81486285	1.0	3711	tags=13%, list=10%, signal=14%	
GOBP_CARDIAC_MUSCLE_TISSUE_DEVELOPMENT	GOBP_CARDIAC_MUSCLE_TISSUE_DEVELOPMENT		281	0.33581465	1.3390229	0.0	0.8182917	1.0	5609	tags=12%, list=15%, signal=15%	
GOBP_REGULATION_OF_PRESYNAPTIC_CYTOSOLIC_CALCIUM_ION_CONCENTRATION	GOBP_REGULATION_OF_PRESYNAPTIC_CYTOSOLIC_CALCIUM_ION_CONCENTRATION		27	0.47210613	1.3381552	0.09859155	0.81960106	1.0	335	tags=11%, list=1%, signal=11%	
GOBP_HISTAMINE_TRANSPORT	GOBP_HISTAMINE_TRANSPORT		19	0.52757126	1.3372947	0.10835215	0.8207079	1.0	10794	tags=42%, list=29%, signal=59%	
GOBP_POSITIVE_REGULATION_OF_PROTEIN_CONTAINING_COMPLEX_DISASSEMBLY	GOBP_POSITIVE_REGULATION_OF_PROTEIN_CONTAINING_COMPLEX_DISASSEMBLY		41	0.43815717	1.3359549	0.07882883	0.8248268	1.0	15491	tags=49%, list=42%, signal=84%	
GOBP_ACTIVATION_OF_PROTEIN_KINASE_ACTIVITY	GOBP_ACTIVATION_OF_PROTEIN_KINASE_ACTIVITY		57	0.41375887	1.3355201	0.07202216	0.82388246	1.0	5613	tags=19%, list=15%, signal=23%	
GOBP_REGULATION_OF_SODIUM_ION_TRANSMEMBRANE_TRANSPORT	GOBP_REGULATION_OF_SODIUM_ION_TRANSMEMBRANE_TRANSPORT		42	0.43841252	1.3354424	0.06526806	0.821218	1.0	2086	tags=10%, list=6%, signal=10%	
GOBP_CELLULAR_RESPONSE_TO_CALCIUM_ION	GOBP_CELLULAR_RESPONSE_TO_CALCIUM_ION		85	0.3861042	1.3346721	0.05202312	0.8220958	1.0	3691	tags=14%, list=10%, signal=16%	
GOBP_COLLATERAL_SPROUTING	GOBP_COLLATERAL_SPROUTING		36	0.45985454	1.3343188	0.07913669	0.8206056	1.0	4298	tags=14%, list=12%, signal=16%	
GOBP_ZYMOGEN_ACTIVATION	GOBP_ZYMOGEN_ACTIVATION		56	0.4116251	1.3312367	0.064	0.83397806	1.0	1779	tags=11%, list=5%, signal=11%	
GOBP_WATER_TRANSPORT	GOBP_WATER_TRANSPORT		26	0.48694178	1.3307596	0.10926366	0.8334801	1.0	3612	tags=19%, list=10%, signal=21%	
GOBP_ACTIVATION_OF_MEMBRANE_ATTACK_COMPLEX	GOBP_ACTIVATION_OF_MEMBRANE_ATTACK_COMPLEX		15	0.5484603	1.330511	0.13211845	0.8314408	1.0	10727	tags=67%, list=29%, signal=94%	
GOBP_REGULATION_OF_MUSCLE_CONTRACTION	GOBP_REGULATION_OF_MUSCLE_CONTRACTION		169	0.35066715	1.329304	0.00729927	0.83430666	1.0	5842	tags=15%, list=16%, signal=18%	
GOBP_REGULATION_OF_SYSTEMIC_ARTERIAL_BLOOD_PRESSURE_MEDIATED_BY_A_CHEMICAL_SIGNAL	GOBP_REGULATION_OF_SYSTEMIC_ARTERIAL_BLOOD_PRESSURE_MEDIATED_BY_A_CHEMICAL_SIGNAL		61	0.40451202	1.3290554	0.062189054	0.83258015	1.0	6528	tags=25%, list=18%, signal=30%	
GOBP_IRON_ION_TRANSPORT	GOBP_IRON_ION_TRANSPORT		59	0.40624568	1.328237	0.05722071	0.8338101	1.0	9493	tags=31%, list=26%, signal=41%	
GOBP_POSITIVE_REGULATION_OF_STRIATED_MUSCLE_CONTRACTION	GOBP_POSITIVE_REGULATION_OF_STRIATED_MUSCLE_CONTRACTION		15	0.56191057	1.3275247	0.12061404	0.8343437	1.0	3560	tags=20%, list=10%, signal=22%	
GOBP_G_PROTEIN_COUPLED_SEROTONIN_RECEPTOR_SIGNALING_PATHWAY	GOBP_G_PROTEIN_COUPLED_SEROTONIN_RECEPTOR_SIGNALING_PATHWAY		17	0.5383379	1.3271595	0.12280702	0.83317745	1.0	7383	tags=35%, list=20%, signal=44%	
GOBP_ZYMOSTEROL_METABOLIC_PROCESS	GOBP_ZYMOSTEROL_METABOLIC_PROCESS		15	0.5494226	1.3251909	0.111856826	0.84032226	1.0	16307	tags=93%, list=44%, signal=167%	
GOBP_L_ALPHA_AMINO_ACID_TRANSMEMBRANE_TRANSPORT	GOBP_L_ALPHA_AMINO_ACID_TRANSMEMBRANE_TRANSPORT		74	0.3972041	1.3243272	0.052770447	0.8419565	1.0	11163	tags=36%, list=30%, signal=52%	
GOBP_REGULATION_OF_TRANSMEMBRANE_TRANSPORTER_ACTIVITY	GOBP_REGULATION_OF_TRANSMEMBRANE_TRANSPORTER_ACTIVITY		140	0.36105546	1.3239834	0.033846155	0.84065515	1.0	4704	tags=15%, list=13%, signal=17%	
GOBP_MODIFIED_AMINO_ACID_CATABOLIC_PROCESS	GOBP_MODIFIED_AMINO_ACID_CATABOLIC_PROCESS		28	0.4737257	1.3233546	0.10117647	0.84089446	1.0	13691	tags=50%, list=37%, signal=79%	
GOBP_DENDRITIC_CELL_CYTOKINE_PRODUCTION	GOBP_DENDRITIC_CELL_CYTOKINE_PRODUCTION		17	0.5312851	1.3229825	0.12189616	0.83974636	1.0	3703	tags=12%, list=10%, signal=13%	
GOBP_PHOSPHATIDYLINOSITOL_MEDIATED_SIGNALING	GOBP_PHOSPHATIDYLINOSITOL_MEDIATED_SIGNALING		23	0.4908758	1.32159	0.103286386	0.84395677	1.0	640	tags=9%, list=2%, signal=9%	
GOBP_MAINTENANCE_OF_LOCATION	GOBP_MAINTENANCE_OF_LOCATION		216	0.34134558	1.3209391	0.0116731515	0.84432536	1.0	7371	tags=14%, list=20%, signal=18%	
GOBP_SKELETAL_MUSCLE_SATELLITE_CELL_PROLIFERATION	GOBP_SKELETAL_MUSCLE_SATELLITE_CELL_PROLIFERATION		19	0.5279923	1.3202249	0.12179487	0.84486204	1.0	3388	tags=16%, list=9%, signal=17%	
GOBP_VENTRICULAR_SEPTUM_MORPHOGENESIS	GOBP_VENTRICULAR_SEPTUM_MORPHOGENESIS		46	0.42004403	1.3186872	0.059139784	0.8498444	1.0	9597	tags=26%, list=26%, signal=35%	
GOBP_ANATOMICAL_STRUCTURE_REGRESSION	GOBP_ANATOMICAL_STRUCTURE_REGRESSION		15	0.53997993	1.3167589	0.12917595	0.85703295	1.0	13782	tags=53%, list=37%, signal=85%	
GOBP_DEVELOPMENTAL_PIGMENTATION	GOBP_DEVELOPMENTAL_PIGMENTATION		53	0.41535988	1.316665	0.07462686	0.8545043	1.0	3933	tags=13%, list=11%, signal=15%	
GOBP_MODIFIED_AMINO_ACID_BIOSYNTHETIC_PROCESS	GOBP_MODIFIED_AMINO_ACID_BIOSYNTHETIC_PROCESS		44	0.43181902	1.3151681	0.078431375	0.8595508	1.0	11039	tags=39%, list=30%, signal=55%	
GOBP_ORGAN_OR_TISSUE_SPECIFIC_IMMUNE_RESPONSE	GOBP_ORGAN_OR_TISSUE_SPECIFIC_IMMUNE_RESPONSE		38	0.43920308	1.3147755	0.06382979	0.858336	1.0	5447	tags=21%, list=15%, signal=25%	
GOBP_SYNAPTIC_MEMBRANE_ADHESION	GOBP_SYNAPTIC_MEMBRANE_ADHESION		44	0.42901117	1.3145192	0.0775	0.85668314	1.0	5616	tags=27%, list=15%, signal=32%	
GOBP_NEGATIVE_REGULATION_OF_POTASSIUM_ION_TRANSMEMBRANE_TRANSPORT	GOBP_NEGATIVE_REGULATION_OF_POTASSIUM_ION_TRANSMEMBRANE_TRANSPORT		25	0.48631406	1.3140742	0.10823529	0.856128	1.0	2656	tags=16%, list=7%, signal=17%	
GOBP_NEGATIVE_REGULATION_OF_ORGANELLE_ASSEMBLY	GOBP_NEGATIVE_REGULATION_OF_ORGANELLE_ASSEMBLY		53	0.4153734	1.3129789	0.07506702	0.8585124	1.0	723	tags=4%, list=2%, signal=4%	
GOBP_EXTRACELLULAR_STRUCTURE_ORGANIZATION	GOBP_EXTRACELLULAR_STRUCTURE_ORGANIZATION		338	0.32483077	1.3116516	0.004761905	0.86238575	1.0	9608	tags=26%, list=26%, signal=35%	
GOBP_SMOOTH_MUSCLE_CELL_DIFFERENTIATION	GOBP_SMOOTH_MUSCLE_CELL_DIFFERENTIATION		83	0.37873042	1.3113098	0.048913043	0.8610587	1.0	9904	tags=25%, list=27%, signal=34%	
GOBP_VESICLE_TARGETING	GOBP_VESICLE_TARGETING		61	0.39967853	1.3105593	0.055979643	0.8622786	1.0	3919	tags=7%, list=11%, signal=7%	
GOBP_POSITIVE_REGULATION_OF_PROTEIN_IMPORT_INTO_NUCLEUS	GOBP_POSITIVE_REGULATION_OF_PROTEIN_IMPORT_INTO_NUCLEUS		52	0.41144845	1.3098662	0.08222812	0.86293155	1.0	4014	tags=10%, list=11%, signal=11%	
GOBP_PHOSPHATIDYLSERINE_METABOLIC_PROCESS	GOBP_PHOSPHATIDYLSERINE_METABOLIC_PROCESS		19	0.52059555	1.308156	0.13656388	0.86917526	1.0	5849	tags=16%, list=16%, signal=19%	
GOBP_SYNAPTIC_TRANSMISSION_GABAERGIC	GOBP_SYNAPTIC_TRANSMISSION_GABAERGIC		72	0.38375455	1.3076493	0.04278075	0.86906385	1.0	5658	tags=26%, list=15%, signal=31%	
GOBP_DORSAL_VENTRAL_NEURAL_TUBE_PATTERNING	GOBP_DORSAL_VENTRAL_NEURAL_TUBE_PATTERNING		20	0.50698435	1.3072671	0.12672812	0.8680302	1.0	13922	tags=50%, list=38%, signal=80%	
GOBP_INHIBITORY_POSTSYNAPTIC_POTENTIAL	GOBP_INHIBITORY_POSTSYNAPTIC_POTENTIAL		28	0.47143745	1.3071529	0.116972476	0.8657388	1.0	7366	tags=36%, list=20%, signal=45%	
GOBP_DIACYLGLYCEROL_METABOLIC_PROCESS	GOBP_DIACYLGLYCEROL_METABOLIC_PROCESS		27	0.47439072	1.3065479	0.12709832	0.86597866	1.0	10926	tags=41%, list=30%, signal=58%	
GOBP_POSTSYNAPTIC_DENSITY_ASSEMBLY	GOBP_POSTSYNAPTIC_DENSITY_ASSEMBLY		34	0.44897935	1.3057296	0.09389672	0.8674205	1.0	9308	tags=35%, list=25%, signal=47%	
GOBP_BASIC_AMINO_ACID_TRANSPORT	GOBP_BASIC_AMINO_ACID_TRANSPORT		23	0.48853877	1.3044955	0.11670481	0.8711625	1.0	10532	tags=48%, list=29%, signal=67%	
GOBP_CELLULAR_COMPONENT_MAINTENANCE	GOBP_CELLULAR_COMPONENT_MAINTENANCE		108	0.3651339	1.3044399	0.036363635	0.8685248	1.0	5235	tags=15%, list=14%, signal=17%	
GOBP_MEMBRANELESS_ORGANELLE_ASSEMBLY	GOBP_MEMBRANELESS_ORGANELLE_ASSEMBLY		480	0.31445947	1.3037202	0.0054347827	0.8696878	1.0	5695	tags=9%, list=15%, signal=11%	
GOBP_OLIGOPEPTIDE_TRANSMEMBRANE_TRANSPORT	GOBP_OLIGOPEPTIDE_TRANSMEMBRANE_TRANSPORT		20	0.5046211	1.3027915	0.15317287	0.87181884	1.0	11085	tags=40%, list=30%, signal=57%	
GOBP_REGULATION_OF_SYNAPTIC_VESICLE_EXOCYTOSIS	GOBP_REGULATION_OF_SYNAPTIC_VESICLE_EXOCYTOSIS		71	0.38885543	1.3007387	0.071428575	0.87967986	1.0	9939	tags=28%, list=27%, signal=38%	
GOBP_NEGATIVE_REGULATION_OF_CELL_SUBSTRATE_ADHESION	GOBP_NEGATIVE_REGULATION_OF_CELL_SUBSTRATE_ADHESION		66	0.38983825	1.2992342	0.04597701	0.8847908	1.0	5677	tags=12%, list=15%, signal=14%	
GOBP_SYNAPTIC_VESICLE_CLUSTERING	GOBP_SYNAPTIC_VESICLE_CLUSTERING		19	0.5102121	1.2990508	0.12837838	0.8828491	1.0	10619	tags=47%, list=29%, signal=66%	
GOBP_REPLACEMENT_OSSIFICATION	GOBP_REPLACEMENT_OSSIFICATION		38	0.43127516	1.2972647	0.09803922	0.8896256	1.0	4073	tags=13%, list=11%, signal=15%	
GOBP_NEGATIVE_REGULATION_OF_TELOMERE_MAINTENANCE_VIA_TELOMERASE	GOBP_NEGATIVE_REGULATION_OF_TELOMERE_MAINTENANCE_VIA_TELOMERASE		19	0.51678	1.295864	0.12694877	0.8945043	1.0	832	tags=5%, list=2%, signal=5%	
GOBP_MUSCLE_ORGAN_DEVELOPMENT	GOBP_MUSCLE_ORGAN_DEVELOPMENT		368	0.31725907	1.2956474	0.0050251256	0.8927011	1.0	7343	tags=17%, list=20%, signal=20%	
GOBP_REGULATION_OF_FEAR_RESPONSE	GOBP_REGULATION_OF_FEAR_RESPONSE		15	0.5343578	1.2947351	0.16035634	0.8946691	1.0	10297	tags=47%, list=28%, signal=65%	
GOBP_POTASSIUM_ION_TRANSPORT	GOBP_POTASSIUM_ION_TRANSPORT		229	0.33149874	1.2932085	0.0074626864	0.9002056	1.0	7639	tags=24%, list=21%, signal=31%	
GOBP_PRIMARY_ALCOHOL_BIOSYNTHETIC_PROCESS	GOBP_PRIMARY_ALCOHOL_BIOSYNTHETIC_PROCESS		15	0.5393885	1.2919656	0.13686535	0.90377575	1.0	26	tags=7%, list=0%, signal=7%	
GOBP_GLUCOCORTICOID_METABOLIC_PROCESS	GOBP_GLUCOCORTICOID_METABOLIC_PROCESS		30	0.45591033	1.2880696	0.08715596	0.92252326	1.0	7321	tags=20%, list=20%, signal=25%	
GOBP_RESPONSE_TO_ETHER	GOBP_RESPONSE_TO_ETHER		23	0.48767483	1.2864935	0.14251208	0.9285967	1.0	5371	tags=22%, list=15%, signal=25%	
GOBP_SKELETAL_MUSCLE_CELL_PROLIFERATION	GOBP_SKELETAL_MUSCLE_CELL_PROLIFERATION		22	0.4917617	1.2860883	0.12844037	0.92777294	1.0	3388	tags=14%, list=9%, signal=15%	
GOBP_DOPAMINERGIC_NEURON_DIFFERENTIATION	GOBP_DOPAMINERGIC_NEURON_DIFFERENTIATION		38	0.42411032	1.2859601	0.103797466	0.92550087	1.0	3441	tags=16%, list=9%, signal=17%	
GOBP_MAINTENANCE_OF_SYNAPSE_STRUCTURE	GOBP_MAINTENANCE_OF_SYNAPSE_STRUCTURE		55	0.40168956	1.285002	0.075675674	0.92778844	1.0	5002	tags=20%, list=14%, signal=23%	
GOBP_SKELETAL_MUSCLE_FIBER_DEVELOPMENT	GOBP_SKELETAL_MUSCLE_FIBER_DEVELOPMENT		41	0.42684674	1.2845114	0.10638298	0.92766917	1.0	10187	tags=34%, list=28%, signal=47%	
GOBP_RETINA_LAYER_FORMATION	GOBP_RETINA_LAYER_FORMATION		20	0.4914153	1.284056	0.1557562	0.9273387	1.0	3133	tags=20%, list=8%, signal=22%	
GOBP_RIBONUCLEOSIDE_METABOLIC_PROCESS	GOBP_RIBONUCLEOSIDE_METABOLIC_PROCESS		29	0.452147	1.2834642	0.11954023	0.9279142	1.0	5498	tags=21%, list=15%, signal=24%	
GOBP_TRANSCYTOSIS	GOBP_TRANSCYTOSIS		23	0.48066297	1.282732	0.14317673	0.9287543	1.0	5447	tags=13%, list=15%, signal=15%	
GOBP_CARDIAC_CELL_DEVELOPMENT	GOBP_CARDIAC_CELL_DEVELOPMENT		119	0.3483877	1.2827156	0.039087947	0.9259113	1.0	4003	tags=13%, list=11%, signal=14%	
GOBP_FATTY_ACYL_COA_METABOLIC_PROCESS	GOBP_FATTY_ACYL_COA_METABOLIC_PROCESS		30	0.4548184	1.2822762	0.11460674	0.9256491	1.0	15589	tags=67%, list=42%, signal=115%	
GOBP_PANCREATIC_JUICE_SECRETION	GOBP_PANCREATIC_JUICE_SECRETION		16	0.5321958	1.2818714	0.15437788	0.9247501	1.0	1914	tags=13%, list=5%, signal=13%	
GOBP_RETINAL_GANGLION_CELL_AXON_GUIDANCE	GOBP_RETINAL_GANGLION_CELL_AXON_GUIDANCE		21	0.4841311	1.2807187	0.15609756	0.92814934	1.0	4298	tags=19%, list=12%, signal=22%	
GOBP_OSTEOBLAST_DEVELOPMENT	GOBP_OSTEOBLAST_DEVELOPMENT		18	0.5211056	1.2802962	0.17381974	0.92734313	1.0	3346	tags=11%, list=9%, signal=12%	
GOBP_REGULATION_OF_PROTEIN_LOCALIZATION_TO_PLASMA_MEMBRANE	GOBP_REGULATION_OF_PROTEIN_LOCALIZATION_TO_PLASMA_MEMBRANE		126	0.35277495	1.2797872	0.041533545	0.927381	1.0	5587	tags=10%, list=15%, signal=12%	
GOBP_RENAL_TUBULAR_SECRETION	GOBP_RENAL_TUBULAR_SECRETION		18	0.5098496	1.2792492	0.13846155	0.9275955	1.0	4704	tags=28%, list=13%, signal=32%	
GOBP_AMINO_ACID_BIOSYNTHETIC_PROCESS	GOBP_AMINO_ACID_BIOSYNTHETIC_PROCESS		73	0.38482204	1.2792087	0.06128134	0.9249489	1.0	10502	tags=30%, list=28%, signal=42%	
GOBP_PROTEINOGENIC_AMINO_ACID_BIOSYNTHETIC_PROCESS	GOBP_PROTEINOGENIC_AMINO_ACID_BIOSYNTHETIC_PROCESS		53	0.40734094	1.2790705	0.095607236	0.9228874	1.0	10502	tags=32%, list=28%, signal=45%	
GOBP_NEGATIVE_REGULATION_OF_CELL_DIVISION	GOBP_NEGATIVE_REGULATION_OF_CELL_DIVISION		15	0.5274222	1.2789466	0.15673289	0.9207791	1.0	10562	tags=47%, list=29%, signal=65%	
GOBP_REGULATION_OF_NEUROTRANSMITTER_UPTAKE	GOBP_REGULATION_OF_NEUROTRANSMITTER_UPTAKE		19	0.49273193	1.2785074	0.14750542	0.9203618	1.0	6567	tags=21%, list=18%, signal=26%	
GOBP_ESTABLISHMENT_OF_PROTEIN_LOCALIZATION_TO_ENDOPLASMIC_RETICULUM	GOBP_ESTABLISHMENT_OF_PROTEIN_LOCALIZATION_TO_ENDOPLASMIC_RETICULUM		47	0.4092906	1.277791	0.09462915	0.92151165	1.0	17597	tags=53%, list=48%, signal=101%	
GOBP_EOSINOPHIL_MIGRATION	GOBP_EOSINOPHIL_MIGRATION		21	0.49904078	1.2767901	0.15238096	0.9242321	1.0	7326	tags=33%, list=20%, signal=42%	
GOBP_PATTERN_SPECIFICATION_PROCESS	GOBP_PATTERN_SPECIFICATION_PROCESS		468	0.3055757	1.2763178	0.0	0.92396647	1.0	10737	tags=27%, list=29%, signal=38%	
GOBP_PROTEIN_PROCESSING	GOBP_PROTEIN_PROCESSING		268	0.32223105	1.2753531	0.016460905	0.9263024	1.0	5453	tags=11%, list=15%, signal=13%	
GOBP_HOST_MEDIATED_SUPPRESSION_OF_VIRAL_PROCES	GOBP_HOST_MEDIATED_SUPPRESSION_OF_VIRAL_PROCES		15	0.54502845	1.2744751	0.16233766	0.92834586	1.0	396	tags=7%, list=1%, signal=7%	
GOBP_STEROID_CATABOLIC_PROCESS	GOBP_STEROID_CATABOLIC_PROCESS		24	0.47103316	1.2739323	0.14975846	0.9284736	1.0	9566	tags=38%, list=26%, signal=51%	
GOBP_TRANSITION_METAL_ION_TRANSPORT	GOBP_TRANSITION_METAL_ION_TRANSPORT		106	0.35054347	1.2727146	0.04040404	0.93249655	1.0	9583	tags=25%, list=26%, signal=34%	
GOBP_REGULATION_OF_POSTSYNAPTIC_DENSITY_ORGANIZATION	GOBP_REGULATION_OF_POSTSYNAPTIC_DENSITY_ORGANIZATION		27	0.4639697	1.2710462	0.14251208	0.9391236	1.0	9308	tags=30%, list=25%, signal=40%	
GOBP_REGULATION_OF_INCLUSION_BODY_ASSEMBLY	GOBP_REGULATION_OF_INCLUSION_BODY_ASSEMBLY		23	0.46060377	1.2706993	0.123569794	0.93812275	1.0	10007	tags=35%, list=27%, signal=48%	
GOBP_MEIOTIC_SPINDLE_ORGANIZATION	GOBP_MEIOTIC_SPINDLE_ORGANIZATION		28	0.4519813	1.2693357	0.119617224	0.9430329	1.0	2439	tags=11%, list=7%, signal=11%	
GOBP_POSITIVE_REGULATION_OF_ACTION_POTENTIAL	GOBP_POSITIVE_REGULATION_OF_ACTION_POTENTIAL		15	0.53655386	1.2684679	0.17982456	0.9451579	1.0	4135	tags=20%, list=11%, signal=23%	
GOBP_REGULATION_OF_SYNAPTIC_VESICLE_CYCLE	GOBP_REGULATION_OF_SYNAPTIC_VESICLE_CYCLE		18	0.5124843	1.2672263	0.15732759	0.94926745	1.0	5002	tags=22%, list=14%, signal=26%	
GOBP_MIDDLE_EAR_MORPHOGENESIS	GOBP_MIDDLE_EAR_MORPHOGENESIS		27	0.45679379	1.2665241	0.14918415	0.95040375	1.0	9423	tags=41%, list=26%, signal=55%	
GOBP_PHOSPHATIDYLINOSITOL_3_PHOSPHATE_BIOSYNTHETIC_PROCESS	GOBP_PHOSPHATIDYLINOSITOL_3_PHOSPHATE_BIOSYNTHETIC_PROCESS		20	0.48923498	1.265664	0.14155251	0.9525535	1.0	191	tags=5%, list=1%, signal=5%	
GOBP_REGULATION_OF_CYTOPLASMIC_TRANSLATION	GOBP_REGULATION_OF_CYTOPLASMIC_TRANSLATION		38	0.42154533	1.2655647	0.10714286	0.9502856	1.0	6	tags=3%, list=0%, signal=3%	
GOBP_TONGUE_DEVELOPMENT	GOBP_TONGUE_DEVELOPMENT		23	0.47740653	1.2652295	0.15254237	0.94938123	1.0	675	tags=9%, list=2%, signal=9%	
GOBP_REGULATION_OF_PRESYNAPSE_ORGANIZATION	GOBP_REGULATION_OF_PRESYNAPSE_ORGANIZATION		38	0.41971722	1.2649318	0.11510792	0.948286	1.0	9522	tags=37%, list=26%, signal=50%	
GOBP_CYTOPLASMIC_TRANSLATION	GOBP_CYTOPLASMIC_TRANSLATION		202	0.3277307	1.263694	0.04029304	0.95256954	1.0	1272	tags=2%, list=3%, signal=2%	
GOBP_ALTERNATIVE_MRNA_SPLICING_VIA_SPLICEOSOME	GOBP_ALTERNATIVE_MRNA_SPLICING_VIA_SPLICEOSOME		92	0.36141634	1.2633538	0.06542056	0.95170873	1.0	3555	tags=7%, list=10%, signal=7%	
GOBP_CELLULAR_RESPONSE_TO_ALDEHYDE	GOBP_CELLULAR_RESPONSE_TO_ALDEHYDE		24	0.45951843	1.263114	0.15813954	0.9503908	1.0	4704	tags=17%, list=13%, signal=19%	
GOBP_GAS_TRANSPORT	GOBP_GAS_TRANSPORT		16	0.5302789	1.2627664	0.17521368	0.94947773	1.0	1759	tags=25%, list=5%, signal=26%	
GOBP_POTASSIUM_ION_IMPORT_ACROSS_PLASMA_MEMBRANE	GOBP_POTASSIUM_ION_IMPORT_ACROSS_PLASMA_MEMBRANE		48	0.40223595	1.2612958	0.08801956	0.9554769	1.0	9555	tags=27%, list=26%, signal=36%	
GOBP_INTERLEUKIN_5_PRODUCTION	GOBP_INTERLEUKIN_5_PRODUCTION		17	0.51869774	1.2611142	0.15570176	0.9537799	1.0	5436	tags=18%, list=15%, signal=21%	
GOBP_POSITIVE_REGULATION_OF_SKELETAL_MUSCLE_TISSUE_DEVELOPMENT	GOBP_POSITIVE_REGULATION_OF_SKELETAL_MUSCLE_TISSUE_DEVELOPMENT		19	0.48703393	1.2591465	0.15981735	0.96218145	1.0	7844	tags=32%, list=21%, signal=40%	
GOBP_REGULATION_OF_THE_FORCE_OF_HEART_CONTRACTION	GOBP_REGULATION_OF_THE_FORCE_OF_HEART_CONTRACTION		30	0.4411549	1.2587925	0.12655087	0.9613056	1.0	6839	tags=23%, list=19%, signal=29%	
GOBP_FLUID_TRANSPORT	GOBP_FLUID_TRANSPORT		36	0.42361912	1.2574358	0.11557789	0.9663463	1.0	1759	tags=11%, list=5%, signal=12%	
GOBP_CALCIUM_INDEPENDENT_CELL_CELL_ADHESION	GOBP_CALCIUM_INDEPENDENT_CELL_CELL_ADHESION		19	0.49682418	1.2572767	0.16556291	0.9645126	1.0	382	tags=11%, list=1%, signal=11%	
GOBP_PULMONARY_VALVE_DEVELOPMENT	GOBP_PULMONARY_VALVE_DEVELOPMENT		24	0.45587996	1.2567415	0.15555556	0.9646073	1.0	9597	tags=29%, list=26%, signal=39%	
GOBP_IMMUNOGLOBULIN_PRODUCTION_INVOLVED_IN_IMMUNOGLOBULIN_MEDIATED_IMMUNE_RESPONSE	GOBP_IMMUNOGLOBULIN_PRODUCTION_INVOLVED_IN_IMMUNOGLOBULIN_MEDIATED_IMMUNE_RESPONSE		57	0.38935226	1.2543459	0.09139785	0.97489417	1.0	1268	tags=7%, list=3%, signal=7%	
GOBP_CELL_COMMUNICATION_BY_ELECTRICAL_COUPLING	GOBP_CELL_COMMUNICATION_BY_ELECTRICAL_COUPLING		25	0.4578042	1.2540634	0.13432837	0.9736284	1.0	2875	tags=12%, list=8%, signal=13%	
GOBP_ENDOCRINE_PANCREAS_DEVELOPMENT	GOBP_ENDOCRINE_PANCREAS_DEVELOPMENT		44	0.40882617	1.2535769	0.12722646	0.9736778	1.0	5727	tags=18%, list=15%, signal=21%	
GOBP_TRIGLYCERIDE_CATABOLIC_PROCESS	GOBP_TRIGLYCERIDE_CATABOLIC_PROCESS		34	0.43436986	1.2535443	0.13513513	0.9711866	1.0	10926	tags=38%, list=30%, signal=54%	
GOBP_RESPONSE_TO_FATTY_ACID	GOBP_RESPONSE_TO_FATTY_ACID		67	0.37546244	1.251265	0.08121827	0.9812212	1.0	5003	tags=13%, list=14%, signal=16%	
GOBP_NITROGEN_CYCLE_METABOLIC_PROCESS	GOBP_NITROGEN_CYCLE_METABOLIC_PROCESS		15	0.5395386	1.2510657	0.19815668	0.9796221	1.0	3200	tags=13%, list=9%, signal=15%	
GOBP_CARTILAGE_CONDENSATION	GOBP_CARTILAGE_CONDENSATION		18	0.4935525	1.2507988	0.16079295	0.9786163	1.0	4924	tags=22%, list=13%, signal=26%	
GOBP_POSITIVE_REGULATION_OF_MACROPHAGE_DERIVED_FOAM_CELL_DIFFERENTIATION	GOBP_POSITIVE_REGULATION_OF_MACROPHAGE_DERIVED_FOAM_CELL_DIFFERENTIATION		17	0.49815428	1.2503177	0.14814815	0.9786706	1.0	14737	tags=53%, list=40%, signal=88%	
GOBP_POSITIVE_REGULATION_OF_TOLL_LIKE_RECEPTOR_4_SIGNALING_PATHWAY	GOBP_POSITIVE_REGULATION_OF_TOLL_LIKE_RECEPTOR_4_SIGNALING_PATHWAY		16	0.49868825	1.24918	0.18924731	0.982514	1.0	2403	tags=13%, list=7%, signal=13%	
GOBP_PROTEIN_ACTIVATION_CASCADE	GOBP_PROTEIN_ACTIVATION_CASCADE		23	0.4583358	1.2482885	0.16513762	0.98525244	1.0	6758	tags=22%, list=18%, signal=27%	
GOBP_VENTRICULAR_CARDIAC_MUSCLE_CELL_DIFFERENTIATION	GOBP_VENTRICULAR_CARDIAC_MUSCLE_CELL_DIFFERENTIATION		18	0.49291483	1.2482412	0.16025642	0.98276687	1.0	9828	tags=39%, list=27%, signal=53%	
GOBP_POTASSIUM_ION_TRANSMEMBRANE_TRANSPORT	GOBP_POTASSIUM_ION_TRANSMEMBRANE_TRANSPORT		193	0.32309243	1.2480109	0.02846975	0.9814782	1.0	7639	tags=26%, list=21%, signal=32%	
GOBP_NEUROMUSCULAR_SYNAPTIC_TRANSMISSION	GOBP_NEUROMUSCULAR_SYNAPTIC_TRANSMISSION		35	0.4185132	1.2461354	0.11401425	0.98908645	1.0	4089	tags=29%, list=11%, signal=32%	
GOBP_NEGATIVE_REGULATION_OF_TRANSMEMBRANE_TRANSPORT	GOBP_NEGATIVE_REGULATION_OF_TRANSMEMBRANE_TRANSPORT		130	0.33861023	1.2461257	0.056782335	0.9864261	1.0	2722	tags=9%, list=7%, signal=10%	
GOBP_NEGATIVE_REGULATION_OF_FATTY_ACID_METABOLIC_PROCESS	GOBP_NEGATIVE_REGULATION_OF_FATTY_ACID_METABOLIC_PROCESS		38	0.4081752	1.2459944	0.14962594	0.9844624	1.0	3101	tags=11%, list=8%, signal=11%	
GOBP_PANCREAS_DEVELOPMENT	GOBP_PANCREAS_DEVELOPMENT		83	0.35947764	1.2448905	0.07102273	0.9881221	1.0	10449	tags=30%, list=28%, signal=42%	
GOBP_TRANSEPITHELIAL_TRANSPORT	GOBP_TRANSEPITHELIAL_TRANSPORT		38	0.4240519	1.2448105	0.12880562	0.98593235	1.0	10104	tags=32%, list=27%, signal=43%	
GOBP_RESPONSE_TO_FUNGUS	GOBP_RESPONSE_TO_FUNGUS		64	0.38044032	1.2447013	0.103174604	0.9837974	1.0	4242	tags=14%, list=11%, signal=16%	
GOBP_REGULATION_OF_NEUROTRANSMITTER_TRANSPORT	GOBP_REGULATION_OF_NEUROTRANSMITTER_TRANSPORT		133	0.33997798	1.2431883	0.06153846	0.98959094	1.0	9939	tags=29%, list=27%, signal=39%	
GOBP_REGULATION_OF_CARDIOCYTE_DIFFERENTIATION	GOBP_REGULATION_OF_CARDIOCYTE_DIFFERENTIATION		28	0.44575837	1.2431868	0.1438849	0.9869619	1.0	10577	tags=32%, list=29%, signal=45%	
GOBP_REGULATION_OF_POSTSYNAPTIC_DENSITY_ASSEMBLY	GOBP_REGULATION_OF_POSTSYNAPTIC_DENSITY_ASSEMBLY		22	0.46865582	1.2423322	0.15862069	0.9892447	1.0	9308	tags=32%, list=25%, signal=43%	
GOBP_ALANINE_TRANSPORT	GOBP_ALANINE_TRANSPORT		18	0.49725282	1.2418413	0.2	0.98934245	1.0	10037	tags=39%, list=27%, signal=53%	
GOBP_LONG_CHAIN_FATTY_ACYL_COA_METABOLIC_PROCESS	GOBP_LONG_CHAIN_FATTY_ACYL_COA_METABOLIC_PROCESS		18	0.495254	1.2416763	0.17249417	0.9876602	1.0	14203	tags=56%, list=38%, signal=90%	
GOBP_REGULATION_OF_CELL_CYCLE_CHECKPOINT	GOBP_REGULATION_OF_CELL_CYCLE_CHECKPOINT		48	0.39922425	1.2403431	0.1281407	0.9930051	1.0	10269	tags=21%, list=28%, signal=29%	
GOBP_NEGATIVE_REGULATION_OF_SYNAPSE_ASSEMBLY	GOBP_NEGATIVE_REGULATION_OF_SYNAPSE_ASSEMBLY		15	0.51499605	1.2395675	0.20787746	0.994673	1.0	4298	tags=13%, list=12%, signal=15%	
GOBP_INORGANIC_ION_IMPORT_ACROSS_PLASMA_MEMBRANE	GOBP_INORGANIC_ION_IMPORT_ACROSS_PLASMA_MEMBRANE		122	0.3420501	1.2395194	0.06312292	0.99239093	1.0	9555	tags=30%, list=26%, signal=40%	
GOBP_REGULATION_OF_BMP_SIGNALING_PATHWAY	GOBP_REGULATION_OF_BMP_SIGNALING_PATHWAY		104	0.3453861	1.2377132	0.074074075	1.0	1.0	5140	tags=13%, list=14%, signal=14%	
GOBP_POSITIVE_REGULATION_OF_NEURON_APOPTOTIC_PROCESS	GOBP_POSITIVE_REGULATION_OF_NEURON_APOPTOTIC_PROCESS		103	0.3455162	1.2368597	0.10526316	1.0	1.0	4938	tags=10%, list=13%, signal=11%	
GOBP_IMPORT_ACROSS_PLASMA_MEMBRANE	GOBP_IMPORT_ACROSS_PLASMA_MEMBRANE		213	0.32026654	1.23667	0.01968504	1.0	1.0	9596	tags=28%, list=26%, signal=37%	
GOBP_RESPONSE_TO_IMMOBILIZATION_STRESS	GOBP_RESPONSE_TO_IMMOBILIZATION_STRESS		28	0.43862343	1.2362747	0.15695067	1.0	1.0	9167	tags=32%, list=25%, signal=43%	
GOBP_REGULATION_OF_TRANSMEMBRANE_TRANSPORT	GOBP_REGULATION_OF_TRANSMEMBRANE_TRANSPORT		467	0.29748237	1.2361871	0.005988024	0.99848706	1.0	5552	tags=13%, list=15%, signal=16%	
GOBP_SYMPATHETIC_NERVOUS_SYSTEM_DEVELOPMENT	GOBP_SYMPATHETIC_NERVOUS_SYSTEM_DEVELOPMENT		23	0.45488277	1.2359781	0.17446809	0.9970022	1.0	3441	tags=13%, list=9%, signal=14%	
GOBP_ACROSOME_REACTION	GOBP_ACROSOME_REACTION		31	0.4266202	1.2349614	0.14553991	0.9998377	1.0	5500	tags=23%, list=15%, signal=27%	
GOBP_GAMMA_AMINOBUTYRIC_ACID_SECRETION	GOBP_GAMMA_AMINOBUTYRIC_ACID_SECRETION		20	0.48509547	1.2333609	0.18708241	1.0	1.0	6847	tags=40%, list=19%, signal=49%	
GOBP_CRANIAL_NERVE_DEVELOPMENT	GOBP_CRANIAL_NERVE_DEVELOPMENT		60	0.3790741	1.2331985	0.113456465	1.0	1.0	6929	tags=23%, list=19%, signal=29%	
GOBP_PRESYNAPSE_ASSEMBLY	GOBP_PRESYNAPSE_ASSEMBLY		49	0.394841	1.2329924	0.1392405	1.0	1.0	10237	tags=37%, list=28%, signal=51%	
GOBP_PEROXISOME_PROLIFERATOR_ACTIVATED_RECEPTOR_SIGNALING_PATHWAY	GOBP_PEROXISOME_PROLIFERATOR_ACTIVATED_RECEPTOR_SIGNALING_PATHWAY		28	0.4381538	1.2327459	0.13963965	1.0	1.0	2824	tags=11%, list=8%, signal=12%	
GOBP_REGULATION_OF_MITOTIC_SISTER_CHROMATID_SEGREGATION	GOBP_REGULATION_OF_MITOTIC_SISTER_CHROMATID_SEGREGATION		59	0.38057494	1.232328	0.10497238	1.0	1.0	5283	tags=12%, list=14%, signal=14%	
GOBP_BONE_MORPHOGENESIS	GOBP_BONE_MORPHOGENESIS		112	0.34734347	1.2319142	0.06709265	1.0	1.0	4953	tags=11%, list=13%, signal=12%	
GOBP_REGULATION_OF_EXCITATORY_SYNAPSE_ASSEMBLY	GOBP_REGULATION_OF_EXCITATORY_SYNAPSE_ASSEMBLY		27	0.44554022	1.231606	0.18138425	1.0	1.0	9308	tags=33%, list=25%, signal=45%	
GOBP_REGULATION_OF_PH	GOBP_REGULATION_OF_PH		106	0.34433478	1.2311691	0.07210031	1.0	1.0	3127	tags=11%, list=8%, signal=12%	
GOBP_REGULATION_OF_SISTER_CHROMATID_COHESION	GOBP_REGULATION_OF_SISTER_CHROMATID_COHESION		18	0.49429354	1.2303793	0.18577981	1.0	1.0	3615	tags=11%, list=10%, signal=12%	
GOBP_MITOTIC_SISTER_CHROMATID_SEPARATION	GOBP_MITOTIC_SISTER_CHROMATID_SEPARATION		64	0.37012202	1.2303196	0.10824742	1.0	1.0	5283	tags=11%, list=14%, signal=13%	
GOBP_STEROID_HORMONE_BIOSYNTHETIC_PROCESS	GOBP_STEROID_HORMONE_BIOSYNTHETIC_PROCESS		47	0.39846036	1.2302824	0.14138818	0.99860865	1.0	7184	tags=17%, list=19%, signal=21%	
GOBP_HEART_FORMATION	GOBP_HEART_FORMATION		32	0.4290863	1.2300861	0.13507108	0.9972302	1.0	14868	tags=53%, list=40%, signal=89%	
GOBP_EMBRYONIC_SKELETAL_SYSTEM_DEVELOPMENT	GOBP_EMBRYONIC_SKELETAL_SYSTEM_DEVELOPMENT		146	0.33146793	1.2291281	0.061594203	0.99964154	1.0	5399	tags=13%, list=15%, signal=15%	
GOBP_HOST_MEDIATED_PERTURBATION_OF_VIRAL_PROCESS	GOBP_HOST_MEDIATED_PERTURBATION_OF_VIRAL_PROCESS		68	0.36712137	1.2289656	0.0930851	0.9981411	1.0	396	tags=3%, list=1%, signal=3%	
GOBP_GLUCOCORTICOID_BIOSYNTHETIC_PROCESS	GOBP_GLUCOCORTICOID_BIOSYNTHETIC_PROCESS		20	0.48661774	1.2283299	0.20192307	0.999184	1.0	7184	tags=20%, list=19%, signal=25%	
GOBP_VESICLE_DOCKING	GOBP_VESICLE_DOCKING		57	0.37833795	1.2282646	0.12530713	0.99706656	1.0	2986	tags=7%, list=8%, signal=8%	
GOBP_RESPONSE_TO_INTERLEUKIN_2	GOBP_RESPONSE_TO_INTERLEUKIN_2		16	0.50529563	1.228059	0.18906605	0.9957754	1.0	14062	tags=63%, list=38%, signal=101%	
GOBP_MUSCLE_ADAPTATION	GOBP_MUSCLE_ADAPTATION		143	0.33314174	1.2270997	0.06333333	0.9988151	1.0	4329	tags=11%, list=12%, signal=13%	
GOBP_STEM_CELL_DEVELOPMENT	GOBP_STEM_CELL_DEVELOPMENT		92	0.3498985	1.2260259	0.10294118	1.0	1.0	4003	tags=9%, list=11%, signal=10%	
GOBP_ANTIBACTERIAL_INNATE_IMMUNE_RESPONSE	GOBP_ANTIBACTERIAL_INNATE_IMMUNE_RESPONSE		18	0.49412838	1.22598	0.19354838	1.0	1.0	8649	tags=22%, list=23%, signal=29%	
GOBP_POSITIVE_REGULATION_OF_MUSCLE_ORGAN_DEVELOPMENT	GOBP_POSITIVE_REGULATION_OF_MUSCLE_ORGAN_DEVELOPMENT		23	0.46593913	1.2254494	0.17482518	1.0	1.0	7844	tags=26%, list=21%, signal=33%	
GOBP_ASPARTATE_FAMILY_AMINO_ACID_BIOSYNTHETIC_PROCESS	GOBP_ASPARTATE_FAMILY_AMINO_ACID_BIOSYNTHETIC_PROCESS		21	0.47319895	1.2244705	0.18243243	1.0	1.0	13904	tags=52%, list=38%, signal=84%	
GOBP_REGULATION_OF_PODOSOME_ASSEMBLY	GOBP_REGULATION_OF_PODOSOME_ASSEMBLY		18	0.48016673	1.2235761	0.20550847	1.0	1.0	600	tags=6%, list=2%, signal=6%	
GOBP_VASCULAR_ASSOCIATED_SMOOTH_MUSCLE_CELL_DIFFERENTIATION	GOBP_VASCULAR_ASSOCIATED_SMOOTH_MUSCLE_CELL_DIFFERENTIATION		42	0.4051112	1.2235296	0.12602739	1.0	1.0	9904	tags=31%, list=27%, signal=42%	
GOBP_POSITIVE_REGULATION_OF_ACTIN_FILAMENT_POLYMERIZATION	GOBP_POSITIVE_REGULATION_OF_ACTIN_FILAMENT_POLYMERIZATION		51	0.3820944	1.222795	0.13456464	1.0	1.0	4931	tags=12%, list=13%, signal=14%	
GOBP_POSITIVE_REGULATION_OF_EPITHELIAL_CELL_APOPTOTIC_PROCESS	GOBP_POSITIVE_REGULATION_OF_EPITHELIAL_CELL_APOPTOTIC_PROCESS		23	0.46761736	1.2220429	0.21348314	1.0	1.0	2738	tags=9%, list=7%, signal=9%	
GOBP_CARDIAC_CONDUCTION	GOBP_CARDIAC_CONDUCTION		69	0.3674694	1.2218344	0.122015916	1.0	1.0	5552	tags=17%, list=15%, signal=20%	
GOBP_REGULATION_OF_CELL_PROJECTION_SIZE	GOBP_REGULATION_OF_CELL_PROJECTION_SIZE		15	0.5111717	1.221257	0.21428572	1.0	1.0	10549	tags=47%, list=29%, signal=65%	
GOBP_ATRIAL_SEPTUM_MORPHOGENESIS	GOBP_ATRIAL_SEPTUM_MORPHOGENESIS		17	0.49597022	1.2202212	0.17351598	1.0	1.0	8352	tags=29%, list=23%, signal=38%	
GOBP_CHAPERONE_MEDIATED_PROTEIN_COMPLEX_ASSEMBLY	GOBP_CHAPERONE_MEDIATED_PROTEIN_COMPLEX_ASSEMBLY		21	0.47682944	1.2202003	0.21461187	1.0	1.0	15630	tags=57%, list=42%, signal=99%	
GOBP_CARDIAC_MUSCLE_CELL_DIFFERENTIATION	GOBP_CARDIAC_MUSCLE_CELL_DIFFERENTIATION		161	0.31902936	1.2192825	0.045614034	1.0	1.0	4957	tags=13%, list=13%, signal=15%	
GOBP_NEGATIVE_REGULATION_OF_AXONOGENESIS	GOBP_NEGATIVE_REGULATION_OF_AXONOGENESIS		59	0.3821866	1.218856	0.15168539	1.0	1.0	646	tags=7%, list=2%, signal=7%	
GOBP_MOLTING_CYCLE_PROCESS	GOBP_MOLTING_CYCLE_PROCESS		107	0.34009132	1.2179117	0.07185629	1.0	1.0	10331	tags=26%, list=28%, signal=36%	
GOBP_SKELETAL_SYSTEM_MORPHOGENESIS	GOBP_SKELETAL_SYSTEM_MORPHOGENESIS		259	0.30803335	1.2172905	0.054054055	1.0	1.0	5399	tags=12%, list=15%, signal=13%	
GOBP_POSITIVE_REGULATION_OF_MONOATOMIC_ION_TRANSMEMBRANE_TRANSPORT	GOBP_POSITIVE_REGULATION_OF_MONOATOMIC_ION_TRANSMEMBRANE_TRANSPORT		166	0.32379743	1.2172463	0.06397306	1.0	1.0	5502	tags=16%, list=15%, signal=18%	
GOBP_NEGATIVE_REGULATION_OF_OLIGODENDROCYTE_DIFFERENTIATION	GOBP_NEGATIVE_REGULATION_OF_OLIGODENDROCYTE_DIFFERENTIATION		15	0.5066215	1.2169542	0.19480519	1.0	1.0	9381	tags=40%, list=25%, signal=54%	
GOBP_BASEMENT_MEMBRANE_ORGANIZATION	GOBP_BASEMENT_MEMBRANE_ORGANIZATION		45	0.39722157	1.216318	0.15404041	1.0	1.0	15398	tags=56%, list=42%, signal=95%	
GOBP_NEGATIVE_REGULATION_OF_CALCINEURIN_MEDIATED_SIGNALING	GOBP_NEGATIVE_REGULATION_OF_CALCINEURIN_MEDIATED_SIGNALING		16	0.49690527	1.21576	0.19134396	1.0	1.0	59	tags=6%, list=0%, signal=6%	
GOBP_REGULATION_OF_TOLL_LIKE_RECEPTOR_4_SIGNALING_PATHWAY	GOBP_REGULATION_OF_TOLL_LIKE_RECEPTOR_4_SIGNALING_PATHWAY		33	0.42471665	1.2154891	0.18202765	1.0	1.0	2403	tags=9%, list=7%, signal=10%	
GOBP_REGULATION_OF_CYTOSOLIC_CALCIUM_ION_CONCENTRATION	GOBP_REGULATION_OF_CYTOSOLIC_CALCIUM_ION_CONCENTRATION		79	0.3567465	1.2151648	0.118309855	1.0	1.0	2086	tags=13%, list=6%, signal=13%	
GOBP_AZOLE_TRANSMEMBRANE_TRANSPORT	GOBP_AZOLE_TRANSMEMBRANE_TRANSPORT		15	0.51216465	1.2150537	0.19827586	1.0	1.0	10532	tags=47%, list=29%, signal=65%	
GOBP_LENS_MORPHOGENESIS_IN_CAMERA_TYPE_EYE	GOBP_LENS_MORPHOGENESIS_IN_CAMERA_TYPE_EYE		28	0.4330725	1.2150356	0.19664268	1.0	1.0	3843	tags=14%, list=10%, signal=16%	
GOBP_REGULATION_OF_AXONOGENESIS	GOBP_REGULATION_OF_AXONOGENESIS		171	0.31915578	1.2141424	0.05821918	1.0	1.0	10315	tags=22%, list=28%, signal=30%	
GOBP_RETINOIC_ACID_METABOLIC_PROCESS	GOBP_RETINOIC_ACID_METABOLIC_PROCESS		26	0.44211	1.2132101	0.1536524	1.0	1.0	3859	tags=19%, list=10%, signal=21%	
GOBP_ACYL_COA_METABOLIC_PROCESS	GOBP_ACYL_COA_METABOLIC_PROCESS		106	0.34295952	1.2117175	0.109375	1.0	1.0	10832	tags=25%, list=29%, signal=36%	
GOBP_POSITIVE_REGULATION_OF_MITOCHONDRIAL_MEMBRANE_POTENTIAL	GOBP_POSITIVE_REGULATION_OF_MITOCHONDRIAL_MEMBRANE_POTENTIAL		15	0.50431204	1.211102	0.23094688	1.0	1.0	5371	tags=13%, list=15%, signal=16%	
GOBP_SOMATIC_DIVERSIFICATION_OF_IMMUNOGLOBULINS	GOBP_SOMATIC_DIVERSIFICATION_OF_IMMUNOGLOBULINS		73	0.3601791	1.2107311	0.11111111	1.0	1.0	1268	tags=5%, list=3%, signal=6%	
GOBP_REGULATION_OF_PERK_MEDIATED_UNFOLDED_PROTEIN_RESPONSE	GOBP_REGULATION_OF_PERK_MEDIATED_UNFOLDED_PROTEIN_RESPONSE		15	0.4934852	1.2106934	0.22716628	1.0	1.0	687	tags=7%, list=2%, signal=7%	
GOBP_POSITIVE_REGULATION_OF_MITOTIC_NUCLEAR_DIVISION	GOBP_POSITIVE_REGULATION_OF_MITOTIC_NUCLEAR_DIVISION		49	0.38833746	1.2097311	0.12935324	1.0	1.0	7419	tags=18%, list=20%, signal=23%	
GOBP_SPINAL_CORD_PATTERNING	GOBP_SPINAL_CORD_PATTERNING		19	0.4687022	1.2089013	0.2081545	1.0	1.0	6076	tags=32%, list=16%, signal=38%	
GOBP_OTIC_VESICLE_DEVELOPMENT	GOBP_OTIC_VESICLE_DEVELOPMENT		16	0.49800095	1.2087766	0.20427553	1.0	1.0	4433	tags=25%, list=12%, signal=28%	
GOBP_PROTEIN_LOCALIZATION_TO_NUCLEOLUS	GOBP_PROTEIN_LOCALIZATION_TO_NUCLEOLUS		23	0.45210302	1.2084491	0.19770116	1.0	1.0	15055	tags=43%, list=41%, signal=73%	
GOBP_POSITIVE_REGULATION_OF_OSTEOBLAST_DIFFERENTIATION	GOBP_POSITIVE_REGULATION_OF_OSTEOBLAST_DIFFERENTIATION		77	0.35728776	1.2080432	0.13157895	1.0	1.0	16305	tags=51%, list=44%, signal=90%	
GOBP_REGULATION_OF_CELLULAR_RESPONSE_TO_VASCULAR_ENDOTHELIAL_GROWTH_FACTOR_STIMULUS	GOBP_REGULATION_OF_CELLULAR_RESPONSE_TO_VASCULAR_ENDOTHELIAL_GROWTH_FACTOR_STIMULUS		32	0.41985053	1.2080001	0.17464115	1.0	1.0	9848	tags=25%, list=27%, signal=34%	
GOBP_SPECIFICATION_OF_ANIMAL_ORGAN_IDENTITY	GOBP_SPECIFICATION_OF_ANIMAL_ORGAN_IDENTITY		38	0.40430424	1.205883	0.16826923	1.0	1.0	10577	tags=37%, list=29%, signal=52%	
GOBP_GLYCEROLIPID_CATABOLIC_PROCESS	GOBP_GLYCEROLIPID_CATABOLIC_PROCESS		71	0.36461347	1.205799	0.13055556	1.0	1.0	11061	tags=32%, list=30%, signal=46%	
GOBP_EAR_MORPHOGENESIS	GOBP_EAR_MORPHOGENESIS		147	0.3256341	1.205223	0.06291391	1.0	1.0	10668	tags=32%, list=29%, signal=45%	
GOBP_REGULATION_OF_DEFENSE_RESPONSE_TO_BACTERIUM	GOBP_REGULATION_OF_DEFENSE_RESPONSE_TO_BACTERIUM		21	0.46068218	1.2051415	0.20945945	1.0	1.0	1752	tags=10%, list=5%, signal=10%	
GOBP_HEART_TRABECULA_MORPHOGENESIS	GOBP_HEART_TRABECULA_MORPHOGENESIS		35	0.41181648	1.2050927	0.17031631	1.0	1.0	2421	tags=9%, list=7%, signal=9%	
GOBP_THYMUS_DEVELOPMENT	GOBP_THYMUS_DEVELOPMENT		57	0.37821865	1.2045598	0.12702702	1.0	1.0	4938	tags=11%, list=13%, signal=12%	
GOBP_AORTA_DEVELOPMENT	GOBP_AORTA_DEVELOPMENT		77	0.36020312	1.2039306	0.11176471	1.0	1.0	10096	tags=22%, list=27%, signal=30%	
GOBP_PHAGOCYTOSIS_RECOGNITION	GOBP_PHAGOCYTOSIS_RECOGNITION		37	0.40316245	1.2030019	0.18604651	1.0	1.0	10120	tags=32%, list=27%, signal=45%	
GOBP_REGULATION_OF_LIPOPROTEIN_METABOLIC_PROCESS	GOBP_REGULATION_OF_LIPOPROTEIN_METABOLIC_PROCESS		17	0.48296207	1.2027549	0.2161572	1.0	1.0	10647	tags=29%, list=29%, signal=41%	
GOBP_APOPTOTIC_CELL_CLEARANCE	GOBP_APOPTOTIC_CELL_CLEARANCE		38	0.40459085	1.2025329	0.17102137	1.0	1.0	7549	tags=18%, list=20%, signal=23%	
GOBP_NEURAL_TUBE_PATTERNING	GOBP_NEURAL_TUBE_PATTERNING		38	0.4098009	1.2011676	0.1805869	1.0	1.0	16005	tags=58%, list=43%, signal=102%	
GOBP_MESENCHYMAL_CELL_MIGRATION	GOBP_MESENCHYMAL_CELL_MIGRATION		63	0.36202294	1.2011575	0.11948052	1.0	1.0	4003	tags=11%, list=11%, signal=12%	
GOBP_POSTSYNAPTIC_DENSITY_ORGANIZATION	GOBP_POSTSYNAPTIC_DENSITY_ORGANIZATION		68	0.36681527	1.2009206	0.13157895	1.0	1.0	10237	tags=32%, list=28%, signal=45%	
GOBP_POSITIVE_REGULATION_OF_MAST_CELL_DEGRANULATION	GOBP_POSITIVE_REGULATION_OF_MAST_CELL_DEGRANULATION		17	0.4778252	1.1995562	0.19910514	1.0	1.0	876	tags=6%, list=2%, signal=6%	
GOBP_PRESYNAPSE_ORGANIZATION	GOBP_PRESYNAPSE_ORGANIZATION		65	0.35747862	1.199141	0.1281337	1.0	1.0	15305	tags=57%, list=41%, signal=97%	
GOBP_T_HELPER_17_TYPE_IMMUNE_RESPONSE	GOBP_T_HELPER_17_TYPE_IMMUNE_RESPONSE		56	0.37971044	1.1991384	0.14893617	1.0	1.0	4313	tags=14%, list=12%, signal=16%	
GOBP_CARDIAC_CONDUCTION_SYSTEM_DEVELOPMENT	GOBP_CARDIAC_CONDUCTION_SYSTEM_DEVELOPMENT		19	0.46820283	1.1990936	0.1875	1.0	1.0	13098	tags=58%, list=35%, signal=90%	
GOBP_DEVELOPMENTAL_INDUCTION	GOBP_DEVELOPMENTAL_INDUCTION		41	0.3975881	1.198911	0.1514423	1.0	1.0	10577	tags=37%, list=29%, signal=51%	
GOBP_RESPONSE_TO_COPPER_ION	GOBP_RESPONSE_TO_COPPER_ION		33	0.41480184	1.198326	0.1773399	1.0	1.0	7341	tags=24%, list=20%, signal=30%	
GOBP_NEGATIVE_REGULATION_OF_CYTOSOLIC_CALCIUM_ION_CONCENTRATION	GOBP_NEGATIVE_REGULATION_OF_CYTOSOLIC_CALCIUM_ION_CONCENTRATION		22	0.45835766	1.1980542	0.21327014	1.0	1.0	7174	tags=27%, list=19%, signal=34%	
GOBP_AORTIC_VALVE_MORPHOGENESIS	GOBP_AORTIC_VALVE_MORPHOGENESIS		30	0.42836356	1.1977895	0.22045454	1.0	1.0	10096	tags=27%, list=27%, signal=37%	
GOBP_NEGATIVE_REGULATION_OF_DNA_BIOSYNTHETIC_PROCESS	GOBP_NEGATIVE_REGULATION_OF_DNA_BIOSYNTHETIC_PROCESS		32	0.41882244	1.1966782	0.18248175	1.0	1.0	832	tags=6%, list=2%, signal=6%	
GOBP_NEURON_CELLULAR_HOMEOSTASIS	GOBP_NEURON_CELLULAR_HOMEOSTASIS		65	0.36342984	1.1947578	0.15267175	1.0	1.0	9899	tags=28%, list=27%, signal=38%	
GOBP_REGULATION_OF_TRIGLYCERIDE_CATABOLIC_PROCESS	GOBP_REGULATION_OF_TRIGLYCERIDE_CATABOLIC_PROCESS		19	0.46799174	1.1901387	0.22566372	1.0	1.0	4303	tags=21%, list=12%, signal=24%	
GOBP_SERINE_FAMILY_AMINO_ACID_BIOSYNTHETIC_PROCESS	GOBP_SERINE_FAMILY_AMINO_ACID_BIOSYNTHETIC_PROCESS		16	0.4811534	1.1900368	0.24726477	1.0	1.0	666	tags=13%, list=2%, signal=13%	
GOBP_PROTEIN_POLYMERIZATION	GOBP_PROTEIN_POLYMERIZATION		287	0.2962549	1.1890125	0.03862661	1.0	1.0	5622	tags=7%, list=15%, signal=9%	
GOBP_CARDIAC_SEPTUM_MORPHOGENESIS	GOBP_CARDIAC_SEPTUM_MORPHOGENESIS		77	0.3535572	1.1889412	0.12087912	1.0	1.0	10187	tags=23%, list=28%, signal=32%	
GOBP_REGULATION_OF_POLYSACCHARIDE_BIOSYNTHETIC_PROCESS	GOBP_REGULATION_OF_POLYSACCHARIDE_BIOSYNTHETIC_PROCESS		44	0.38927862	1.1887834	0.19060053	1.0	1.0	14956	tags=50%, list=40%, signal=84%	
GOBP_MOLTING_CYCLE	GOBP_MOLTING_CYCLE		124	0.32533345	1.1885514	0.07909604	1.0	1.0	10331	tags=26%, list=28%, signal=36%	
GOBP_NEGATIVE_REGULATION_OF_DEVELOPMENTAL_GROWTH	GOBP_NEGATIVE_REGULATION_OF_DEVELOPMENTAL_GROWTH		114	0.333217	1.1881602	0.084375	1.0	1.0	723	tags=5%, list=2%, signal=5%	
GOBP_MINERALOCORTICOID_METABOLIC_PROCESS	GOBP_MINERALOCORTICOID_METABOLIC_PROCESS		17	0.47825333	1.187784	0.2488372	1.0	1.0	26	tags=6%, list=0%, signal=6%	
GOBP_FATTY_ACID_ELONGATION	GOBP_FATTY_ACID_ELONGATION		15	0.49394038	1.1874635	0.22869955	1.0	1.0	14902	tags=73%, list=40%, signal=123%	
GOBP_SENSORY_ORGAN_MORPHOGENESIS	GOBP_SENSORY_ORGAN_MORPHOGENESIS		319	0.29313272	1.1873916	0.044843048	1.0	1.0	5503	tags=15%, list=15%, signal=18%	
GOBP_MUSCLE_TISSUE_DEVELOPMENT	GOBP_MUSCLE_TISSUE_DEVELOPMENT		500	0.28493187	1.1868762	0.012658228	1.0	1.0	10220	tags=22%, list=28%, signal=30%	
GOBP_TOLL_LIKE_RECEPTOR_4_SIGNALING_PATHWAY	GOBP_TOLL_LIKE_RECEPTOR_4_SIGNALING_PATHWAY		74	0.3559393	1.1865463	0.15902965	1.0	1.0	2403	tags=7%, list=7%, signal=7%	
GOBP_CARTILAGE_DEVELOPMENT_INVOLVED_IN_ENDOCHONDRAL_BONE_MORPHOGENESIS	GOBP_CARTILAGE_DEVELOPMENT_INVOLVED_IN_ENDOCHONDRAL_BONE_MORPHOGENESIS		43	0.38393316	1.1861624	0.1975	1.0	1.0	4073	tags=12%, list=11%, signal=13%	
GOBP_EOSINOPHIL_CHEMOTAXIS	GOBP_EOSINOPHIL_CHEMOTAXIS		18	0.47164884	1.1855692	0.20399113	1.0	1.0	7326	tags=33%, list=20%, signal=42%	
GOBP_HYDROGEN_PEROXIDE_METABOLIC_PROCESS	GOBP_HYDROGEN_PEROXIDE_METABOLIC_PROCESS		46	0.38631377	1.1854433	0.18015666	1.0	1.0	5803	tags=15%, list=16%, signal=18%	
GOBP_SKELETAL_MUSCLE_ACETYLCHOLINE_GATED_CHANNEL_CLUSTERING	GOBP_SKELETAL_MUSCLE_ACETYLCHOLINE_GATED_CHANNEL_CLUSTERING		21	0.44451305	1.1846311	0.2327189	1.0	1.0	282	tags=5%, list=1%, signal=5%	
GOBP_REGULATION_OF_ENDOPEPTIDASE_ACTIVITY	GOBP_REGULATION_OF_ENDOPEPTIDASE_ACTIVITY		27	0.4233977	1.1844983	0.21256039	1.0	1.0	5651	tags=22%, list=15%, signal=26%	
GOBP_NEUROMUSCULAR_PROCESS	GOBP_NEUROMUSCULAR_PROCESS		214	0.30358484	1.1839966	0.05185185	1.0	1.0	5842	tags=14%, list=16%, signal=16%	
GOBP_NON_PROTEINOGENIC_AMINO_ACID_BIOSYNTHETIC_PROCESS	GOBP_NON_PROTEINOGENIC_AMINO_ACID_BIOSYNTHETIC_PROCESS		17	0.472012	1.1839526	0.23982869	1.0	1.0	9384	tags=29%, list=25%, signal=39%	
GOBP_REGULATION_OF_SKELETAL_MUSCLE_CELL_DIFFERENTIATION	GOBP_REGULATION_OF_SKELETAL_MUSCLE_CELL_DIFFERENTIATION		23	0.4506004	1.1828222	0.22222222	1.0	1.0	3228	tags=13%, list=9%, signal=14%	
GOBP_EXCRETION	GOBP_EXCRETION		30	0.41607508	1.1826774	0.20737328	1.0	1.0	4704	tags=23%, list=13%, signal=27%	
GOBP_EXCITATORY_SYNAPSE_ASSEMBLY	GOBP_EXCITATORY_SYNAPSE_ASSEMBLY		46	0.3823992	1.1823907	0.19548872	1.0	1.0	10231	tags=35%, list=28%, signal=48%	
GOBP_NEURAL_NUCLEUS_DEVELOPMENT	GOBP_NEURAL_NUCLEUS_DEVELOPMENT		28	0.4203515	1.1822927	0.2085308	1.0	1.0	4003	tags=21%, list=11%, signal=24%	
GOBP_PROTEIN_CONTAINING_COMPLEX_REMODELING	GOBP_PROTEIN_CONTAINING_COMPLEX_REMODELING		35	0.4089151	1.1821644	0.17322835	1.0	1.0	10963	tags=43%, list=30%, signal=61%	
GOBP_INNER_EAR_MORPHOGENESIS	GOBP_INNER_EAR_MORPHOGENESIS		122	0.32399592	1.1820672	0.10691824	1.0	1.0	6483	tags=18%, list=18%, signal=22%	
GOBP_BONE_MINERALIZATION	GOBP_BONE_MINERALIZATION		138	0.3209539	1.1819868	0.09354839	1.0	1.0	4053	tags=9%, list=11%, signal=11%	
GOBP_COMPLEMENT_ACTIVATION	GOBP_COMPLEMENT_ACTIVATION		56	0.36734307	1.1819363	0.1653944	1.0	1.0	10727	tags=48%, list=29%, signal=68%	
GOBP_POSITIVE_REGULATION_OF_DIGESTIVE_SYSTEM_PROCESS	GOBP_POSITIVE_REGULATION_OF_DIGESTIVE_SYSTEM_PROCESS		18	0.46429	1.1818599	0.2551724	1.0	1.0	4348	tags=17%, list=12%, signal=19%	
GOBP_PHAGOLYSOSOME_ASSEMBLY	GOBP_PHAGOLYSOSOME_ASSEMBLY		17	0.47439083	1.1816179	0.2451613	1.0	1.0	5132	tags=18%, list=14%, signal=20%	
GOBP_PROTEIN_LOCALIZATION_TO_CONDENSED_CHROMOSOME	GOBP_PROTEIN_LOCALIZATION_TO_CONDENSED_CHROMOSOME		16	0.4923423	1.1803855	0.2406181	1.0	1.0	10748	tags=38%, list=29%, signal=53%	
GOBP_POSITIVE_REGULATION_OF_MONOCYTE_CHEMOTAXIS	GOBP_POSITIVE_REGULATION_OF_MONOCYTE_CHEMOTAXIS		22	0.44788375	1.1801237	0.24630542	1.0	1.0	7326	tags=23%, list=20%, signal=28%	
GOBP_NEGATIVE_REGULATION_OF_CHROMOSOME_ORGANIZATION	GOBP_NEGATIVE_REGULATION_OF_CHROMOSOME_ORGANIZATION		95	0.33685774	1.1792456	0.12538226	1.0	1.0	5283	tags=8%, list=14%, signal=10%	
GOBP_REGULATION_OF_OSTEOBLAST_PROLIFERATION	GOBP_REGULATION_OF_OSTEOBLAST_PROLIFERATION		28	0.41706088	1.1790264	0.22959183	1.0	1.0	5449	tags=14%, list=15%, signal=17%	
GOBP_POSITIVE_REGULATION_OF_TRANSMEMBRANE_TRANSPORT	GOBP_POSITIVE_REGULATION_OF_TRANSMEMBRANE_TRANSPORT		236	0.2994779	1.1788698	0.060150377	1.0	1.0	5199	tags=13%, list=14%, signal=15%	
GOBP_REGULATION_OF_BROWN_FAT_CELL_DIFFERENTIATION	GOBP_REGULATION_OF_BROWN_FAT_CELL_DIFFERENTIATION		26	0.4268664	1.1781701	0.20681265	1.0	1.0	1479	tags=8%, list=4%, signal=8%	
GOBP_CALCIUM_ION_TRANSPORT_INTO_CYTOSOL	GOBP_CALCIUM_ION_TRANSPORT_INTO_CYTOSOL		30	0.4103366	1.1780944	0.1971831	1.0	1.0	9073	tags=37%, list=25%, signal=49%	
GOBP_EPIGENETIC_PROGRAMMING_IN_THE_ZYGOTIC_PRONUCLEI	GOBP_EPIGENETIC_PROGRAMMING_IN_THE_ZYGOTIC_PRONUCLEI		15	0.48363727	1.177119	0.23580787	1.0	1.0	10178	tags=27%, list=28%, signal=37%	
GOBP_NERVE_DEVELOPMENT	GOBP_NERVE_DEVELOPMENT		101	0.33696613	1.176483	0.1588785	1.0	1.0	7104	tags=20%, list=19%, signal=24%	
GOBP_CGMP_METABOLIC_PROCESS	GOBP_CGMP_METABOLIC_PROCESS		23	0.43863967	1.176203	0.23950617	1.0	1.0	623	tags=13%, list=2%, signal=13%	
GOBP_OPSONIZATION	GOBP_OPSONIZATION		20	0.45743763	1.1752759	0.21527778	1.0	1.0	10120	tags=40%, list=27%, signal=55%	
GOBP_MELANOCYTE_DIFFERENTIATION	GOBP_MELANOCYTE_DIFFERENTIATION		27	0.42449063	1.1752603	0.2321839	1.0	1.0	3606	tags=15%, list=10%, signal=16%	
GOBP_REGULATION_OF_INSULIN_RECEPTOR_SIGNALING_PATHWAY	GOBP_REGULATION_OF_INSULIN_RECEPTOR_SIGNALING_PATHWAY		96	0.33610353	1.1737971	0.14662756	1.0	1.0	9982	tags=20%, list=27%, signal=27%	
GOBP_NEGATIVE_REGULATION_OF_NEUROTRANSMITTER_TRANSPORT	GOBP_NEGATIVE_REGULATION_OF_NEUROTRANSMITTER_TRANSPORT		15	0.49120063	1.173344	0.25761124	1.0	1.0	1613	tags=13%, list=4%, signal=14%	
GOBP_SODIUM_ION_TRANSPORT	GOBP_SODIUM_ION_TRANSPORT		244	0.2991654	1.1728185	0.07392996	1.0	1.0	7272	tags=20%, list=20%, signal=24%	
GOBP_NEGATIVE_REGULATION_OF_WOUND_HEALING	GOBP_NEGATIVE_REGULATION_OF_WOUND_HEALING		71	0.3503005	1.1721711	0.16231884	1.0	1.0	5453	tags=13%, list=15%, signal=15%	
GOBP_CALCIUM_ION_IMPORT_ACROSS_PLASMA_MEMBRANE	GOBP_CALCIUM_ION_IMPORT_ACROSS_PLASMA_MEMBRANE		38	0.39510864	1.1719933	0.1904762	1.0	1.0	7387	tags=29%, list=20%, signal=36%	
GOBP_REGULATION_OF_CELLULAR_RESPONSE_TO_OXIDATIVE_STRESS	GOBP_REGULATION_OF_CELLULAR_RESPONSE_TO_OXIDATIVE_STRESS		29	0.4132078	1.1715626	0.22068965	1.0	1.0	8544	tags=17%, list=23%, signal=22%	
GOBP_POSITIVE_REGULATION_OF_RHO_PROTEIN_SIGNAL_TRANSDUCTION	GOBP_POSITIVE_REGULATION_OF_RHO_PROTEIN_SIGNAL_TRANSDUCTION		29	0.41873276	1.1707169	0.23004694	1.0	1.0	16510	tags=55%, list=45%, signal=100%	
GOBP_HIPPOCAMPUS_DEVELOPMENT	GOBP_HIPPOCAMPUS_DEVELOPMENT		97	0.33360907	1.1706337	0.14492753	1.0	1.0	11016	tags=26%, list=30%, signal=37%	
GOBP_CELL_CELL_JUNCTION_ASSEMBLY	GOBP_CELL_CELL_JUNCTION_ASSEMBLY		136	0.31924266	1.1700603	0.089605734	1.0	1.0	1756	tags=5%, list=5%, signal=5%	
GOBP_MEMBRANE_PROTEIN_PROTEOLYSIS	GOBP_MEMBRANE_PROTEIN_PROTEOLYSIS		62	0.356269	1.170041	0.17366947	1.0	1.0	5244	tags=10%, list=14%, signal=11%	
GOBP_POSITIVE_REGULATION_OF_VIRAL_GENOME_REPLICATION	GOBP_POSITIVE_REGULATION_OF_VIRAL_GENOME_REPLICATION		27	0.41961792	1.1699446	0.2139535	1.0	1.0	18179	tags=74%, list=49%, signal=146%	
GOBP_CHONDROITIN_SULFATE_PROTEOGLYCAN_BIOSYNTHETIC_PROCESS	GOBP_CHONDROITIN_SULFATE_PROTEOGLYCAN_BIOSYNTHETIC_PROCESS		25	0.43871373	1.1691793	0.24038461	1.0	1.0	16120	tags=68%, list=44%, signal=121%	
GOBP_PURINE_DEOXYRIBONUCLEOTIDE_METABOLIC_PROCESS	GOBP_PURINE_DEOXYRIBONUCLEOTIDE_METABOLIC_PROCESS		19	0.4508445	1.1686794	0.241535	1.0	1.0	3900	tags=16%, list=11%, signal=18%	
GOBP_POSITIVE_REGULATION_OF_NUCLEOCYTOPLASMIC_TRANSPORT	GOBP_POSITIVE_REGULATION_OF_NUCLEOCYTOPLASMIC_TRANSPORT		76	0.34490174	1.1680889	0.16	1.0	1.0	4014	tags=7%, list=11%, signal=7%	
GOBP_COLLAGEN_FIBRIL_ORGANIZATION	GOBP_COLLAGEN_FIBRIL_ORGANIZATION		77	0.34100658	1.1678116	0.12941177	1.0	1.0	9865	tags=29%, list=27%, signal=39%	
GOBP_IRE1_MEDIATED_UNFOLDED_PROTEIN_RESPONSE	GOBP_IRE1_MEDIATED_UNFOLDED_PROTEIN_RESPONSE		19	0.46069515	1.1675491	0.23897912	1.0	1.0	14892	tags=42%, list=40%, signal=70%	
GOBP_RESPONSE_TO_THYROID_HORMONE	GOBP_RESPONSE_TO_THYROID_HORMONE		18	0.47318214	1.1670862	0.25434783	1.0	1.0	7187	tags=22%, list=19%, signal=28%	
GOBP_RECEPTOR_LOCALIZATION_TO_SYNAPSE	GOBP_RECEPTOR_LOCALIZATION_TO_SYNAPSE		104	0.3214139	1.166933	0.15064102	1.0	1.0	5369	tags=13%, list=15%, signal=16%	
GOBP_NEUROTRANSMITTER_RECEPTOR_LOCALIZATION_TO_POSTSYNAPTIC_SPECIALIZATION_MEMBRANE	GOBP_NEUROTRANSMITTER_RECEPTOR_LOCALIZATION_TO_POSTSYNAPTIC_SPECIALIZATION_MEMBRANE		51	0.3789597	1.1667337	0.18811882	1.0	1.0	5369	tags=18%, list=15%, signal=21%	
GOBP_RESPONSE_TO_TEMPERATURE_STIMULUS	GOBP_RESPONSE_TO_TEMPERATURE_STIMULUS		177	0.30493683	1.1660001	0.0669145	1.0	1.0	2668	tags=7%, list=7%, signal=8%	
GOBP_SULFUR_COMPOUND_TRANSPORT	GOBP_SULFUR_COMPOUND_TRANSPORT		69	0.35125473	1.1655213	0.18731989	1.0	1.0	11163	tags=28%, list=30%, signal=39%	
GOBP_REGULATION_OF_T_HELPER_17_CELL_DIFFERENTIATION	GOBP_REGULATION_OF_T_HELPER_17_CELL_DIFFERENTIATION		29	0.41364515	1.1652834	0.21065375	1.0	1.0	4313	tags=17%, list=12%, signal=20%	
GOBP_GLUTAMINE_FAMILY_AMINO_ACID_BIOSYNTHETIC_PROCESS	GOBP_GLUTAMINE_FAMILY_AMINO_ACID_BIOSYNTHETIC_PROCESS		16	0.46998373	1.1650468	0.2662037	1.0	1.0	15487	tags=50%, list=42%, signal=86%	
GOBP_SKELETAL_MUSCLE_CELL_DIFFERENTIATION	GOBP_SKELETAL_MUSCLE_CELL_DIFFERENTIATION		87	0.33721453	1.1648533	0.17746478	1.0	1.0	3933	tags=11%, list=11%, signal=13%	
GOBP_ENTEROENDOCRINE_CELL_DIFFERENTIATION	GOBP_ENTEROENDOCRINE_CELL_DIFFERENTIATION		33	0.40187588	1.1647352	0.21921182	1.0	1.0	5727	tags=18%, list=15%, signal=21%	
GOBP_TERTIARY_ALCOHOL_METABOLIC_PROCESS	GOBP_TERTIARY_ALCOHOL_METABOLIC_PROCESS		23	0.44046757	1.1644914	0.26794258	1.0	1.0	736	tags=9%, list=2%, signal=9%	
GOBP_NEGATIVE_REGULATION_OF_CD4_POSITIVE_ALPHA_BETA_T_CELL_DIFFERENTIATION	GOBP_NEGATIVE_REGULATION_OF_CD4_POSITIVE_ALPHA_BETA_T_CELL_DIFFERENTIATION		27	0.4114305	1.1637722	0.22619048	1.0	1.0	3936	tags=19%, list=11%, signal=21%	
GOBP_ORGAN_INDUCTION	GOBP_ORGAN_INDUCTION		26	0.43076742	1.1622609	0.23844282	1.0	1.0	10577	tags=42%, list=29%, signal=59%	
GOBP_EMBRYONIC_SKELETAL_SYSTEM_MORPHOGENESIS	GOBP_EMBRYONIC_SKELETAL_SYSTEM_MORPHOGENESIS		103	0.32786706	1.1613499	0.12738854	1.0	1.0	5399	tags=13%, list=15%, signal=15%	
GOBP_SMOOTH_MUSCLE_TISSUE_DEVELOPMENT	GOBP_SMOOTH_MUSCLE_TISSUE_DEVELOPMENT		33	0.3983564	1.1608858	0.20918368	1.0	1.0	10187	tags=36%, list=28%, signal=50%	
GOBP_VASODILATION	GOBP_VASODILATION		71	0.34817973	1.1608247	0.1908397	1.0	1.0	3101	tags=7%, list=8%, signal=8%	
GOBP_RESPONSE_TO_CHEMOKINE	GOBP_RESPONSE_TO_CHEMOKINE		85	0.33875299	1.1606452	0.15342465	1.0	1.0	9114	tags=25%, list=25%, signal=33%	
GOBP_AORTA_MORPHOGENESIS	GOBP_AORTA_MORPHOGENESIS		37	0.39713362	1.1594453	0.2104019	1.0	1.0	10096	tags=27%, list=27%, signal=37%	
GOBP_SOMATIC_DIVERSIFICATION_OF_IMMUNE_RECEPTORS	GOBP_SOMATIC_DIVERSIFICATION_OF_IMMUNE_RECEPTORS		82	0.342772	1.1592333	0.16804408	1.0	1.0	1268	tags=5%, list=3%, signal=5%	
GOBP_EMBRYONIC_ORGAN_MORPHOGENESIS	GOBP_EMBRYONIC_ORGAN_MORPHOGENESIS		329	0.2849418	1.1590832	0.029268293	1.0	1.0	11102	tags=28%, list=30%, signal=40%	
GOBP_NOSE_DEVELOPMENT	GOBP_NOSE_DEVELOPMENT		16	0.48025244	1.1587455	0.26872247	1.0	1.0	3061	tags=19%, list=8%, signal=20%	
GOBP_BILE_ACID_AND_BILE_SALT_TRANSPORT	GOBP_BILE_ACID_AND_BILE_SALT_TRANSPORT		26	0.42693457	1.158323	0.24708624	1.0	1.0	5530	tags=31%, list=15%, signal=36%	
GOBP_CATECHOLAMINE_UPTAKE	GOBP_CATECHOLAMINE_UPTAKE		16	0.47433496	1.1579928	0.25223213	1.0	1.0	13823	tags=56%, list=37%, signal=90%	
GOBP_ENDOCRINE_SYSTEM_DEVELOPMENT	GOBP_ENDOCRINE_SYSTEM_DEVELOPMENT		134	0.3136465	1.1576076	0.10830325	1.0	1.0	5727	tags=14%, list=15%, signal=17%	
GOBP_ERBB_SIGNALING_PATHWAY	GOBP_ERBB_SIGNALING_PATHWAY		139	0.31364253	1.1574407	0.11949685	1.0	1.0	5587	tags=9%, list=15%, signal=11%	
GOBP_CELLULAR_RESPONSE_TO_FATTY_ACID	GOBP_CELLULAR_RESPONSE_TO_FATTY_ACID		39	0.38402396	1.1569682	0.22309712	1.0	1.0	4279	tags=13%, list=12%, signal=14%	
GOBP_ALCOHOL_BIOSYNTHETIC_PROCESS	GOBP_ALCOHOL_BIOSYNTHETIC_PROCESS		146	0.31516498	1.1551975	0.122257054	1.0	1.0	10925	tags=25%, list=30%, signal=35%	
GOBP_RESPONSE_TO_INCREASED_OXYGEN_LEVELS	GOBP_RESPONSE_TO_INCREASED_OXYGEN_LEVELS		24	0.43456212	1.1547158	0.25274727	1.0	1.0	4073	tags=17%, list=11%, signal=19%	
GOBP_AMYLOID_BETA_CLEARANCE	GOBP_AMYLOID_BETA_CLEARANCE		40	0.38382673	1.1545656	0.19259259	1.0	1.0	14494	tags=48%, list=39%, signal=78%	
GOBP_NEGATIVE_REGULATION_OF_TELOMERE_MAINTENANCE_VIA_TELOMERE_LENGTHENING	GOBP_NEGATIVE_REGULATION_OF_TELOMERE_MAINTENANCE_VIA_TELOMERE_LENGTHENING		25	0.41905293	1.1536975	0.22931442	1.0	1.0	832	tags=4%, list=2%, signal=4%	
GOBP_SPINDLE_ASSEMBLY	GOBP_SPINDLE_ASSEMBLY		142	0.310621	1.1535599	0.10971787	1.0	1.0	17440	tags=47%, list=47%, signal=89%	
GOBP_REGULATION_OF_NEURON_DIFFERENTIATION	GOBP_REGULATION_OF_NEURON_DIFFERENTIATION		217	0.29621074	1.1534629	0.09578544	1.0	1.0	3908	tags=12%, list=11%, signal=13%	
GOBP_NEGATIVE_REGULATION_OF_RESPONSE_TO_ENDOPLASMIC_RETICULUM_STRESS	GOBP_NEGATIVE_REGULATION_OF_RESPONSE_TO_ENDOPLASMIC_RETICULUM_STRESS		49	0.36875135	1.1533092	0.21615201	1.0	1.0	17180	tags=47%, list=46%, signal=88%	
GOBP_RESPONSE_TO_L_LEUCINE	GOBP_RESPONSE_TO_L_LEUCINE		16	0.48108938	1.1532433	0.2838983	1.0	1.0	5371	tags=13%, list=15%, signal=15%	
GOBP_REGULATION_OF_MEGAKARYOCYTE_DIFFERENTIATION	GOBP_REGULATION_OF_MEGAKARYOCYTE_DIFFERENTIATION		22	0.4308927	1.1529189	0.24881516	1.0	1.0	4938	tags=14%, list=13%, signal=16%	
GOBP_NEUROBLAST_PROLIFERATION	GOBP_NEUROBLAST_PROLIFERATION		65	0.34477726	1.1527061	0.1861702	1.0	1.0	3747	tags=11%, list=10%, signal=12%	
GOBP_RESPONSE_TO_VITAMIN	GOBP_RESPONSE_TO_VITAMIN		82	0.3341443	1.1521068	0.17287233	1.0	1.0	10564	tags=28%, list=29%, signal=39%	
GOBP_PROTEIN_N_LINKED_GLYCOSYLATION_VIA_ASPARAGINE	GOBP_PROTEIN_N_LINKED_GLYCOSYLATION_VIA_ASPARAGINE		20	0.44646096	1.1516672	0.26958525	1.0	1.0	17254	tags=65%, list=47%, signal=122%	
GOBP_CELLULAR_RESPONSE_TO_OXYGEN_RADICAL	GOBP_CELLULAR_RESPONSE_TO_OXYGEN_RADICAL		23	0.43868753	1.1513252	0.26650944	1.0	1.0	4609	tags=13%, list=12%, signal=15%	
GOBP_TYPE_II_INTERFERON_MEDIATED_SIGNALING_PATHWAY	GOBP_TYPE_II_INTERFERON_MEDIATED_SIGNALING_PATHWAY		25	0.4218826	1.1501893	0.24553572	1.0	1.0	5536	tags=16%, list=15%, signal=19%	
GOBP_NEGATIVE_REGULATION_OF_CALCIUM_MEDIATED_SIGNALING	GOBP_NEGATIVE_REGULATION_OF_CALCIUM_MEDIATED_SIGNALING		24	0.42820206	1.1500589	0.23869346	1.0	1.0	2071	tags=8%, list=6%, signal=9%	
GOBP_HEART_VALVE_FORMATION	GOBP_HEART_VALVE_FORMATION		16	0.47271177	1.1484021	0.25672877	1.0	1.0	2430	tags=13%, list=7%, signal=13%	
GOBP_KERATINOCYTE_DEVELOPMENT	GOBP_KERATINOCYTE_DEVELOPMENT		17	0.4788989	1.1483978	0.2799097	1.0	1.0	581	tags=6%, list=2%, signal=6%	
GOBP_NEUROTRANSMITTER_TRANSPORT	GOBP_NEUROTRANSMITTER_TRANSPORT		241	0.29318297	1.1483213	0.08154506	1.0	1.0	10131	tags=27%, list=27%, signal=37%	
GOBP_CARBOXYLIC_ACID_TRANSMEMBRANE_TRANSPORT	GOBP_CARBOXYLIC_ACID_TRANSMEMBRANE_TRANSPORT		156	0.3034683	1.1479892	0.12027492	1.0	1.0	11163	tags=29%, list=30%, signal=42%	
GOBP_DRINKING_BEHAVIOR	GOBP_DRINKING_BEHAVIOR		20	0.44761053	1.1474103	0.27437642	1.0	1.0	10052	tags=55%, list=27%, signal=76%	
GOBP_CHONDROITIN_SULFATE_PROTEOGLYCAN_METABOLIC_PROCESS	GOBP_CHONDROITIN_SULFATE_PROTEOGLYCAN_METABOLIC_PROCESS		35	0.39799875	1.1473541	0.23303168	1.0	1.0	16428	tags=63%, list=44%, signal=113%	
GOBP_PROTEIN_O_LINKED_GLYCOSYLATION_VIA_XYLOSE	GOBP_PROTEIN_O_LINKED_GLYCOSYLATION_VIA_XYLOSE		53	0.36196244	1.1470811	0.2311828	1.0	1.0	16755	tags=62%, list=45%, signal=114%	
GOBP_REGULATION_OF_SISTER_CHROMATID_SEGREGATION	GOBP_REGULATION_OF_SISTER_CHROMATID_SEGREGATION		106	0.31832138	1.1466788	0.14469454	1.0	1.0	5283	tags=9%, list=14%, signal=11%	
GOBP_REGULATION_OF_POTASSIUM_ION_TRANSPORT	GOBP_REGULATION_OF_POTASSIUM_ION_TRANSPORT		93	0.3258353	1.1465989	0.17307693	1.0	1.0	2656	tags=11%, list=7%, signal=12%	
GOBP_POSITIVE_REGULATION_OF_LEUKOCYTE_TETHERING_OR_ROLLING	GOBP_POSITIVE_REGULATION_OF_LEUKOCYTE_TETHERING_OR_ROLLING		15	0.4892473	1.1464348	0.30872482	1.0	1.0	10911	tags=47%, list=30%, signal=66%	
GOBP_NEGATIVE_REGULATION_OF_RESPONSE_TO_OXIDATIVE_STRESS	GOBP_NEGATIVE_REGULATION_OF_RESPONSE_TO_OXIDATIVE_STRESS		16	0.46107778	1.1462657	0.26490065	1.0	1.0	10937	tags=25%, list=30%, signal=35%	
GOBP_REGULATION_OF_EXOCYTOSIS	GOBP_REGULATION_OF_EXOCYTOSIS		220	0.29999208	1.1461205	0.10040161	1.0	1.0	5702	tags=11%, list=15%, signal=13%	
GOBP_ALDEHYDE_BIOSYNTHETIC_PROCESS	GOBP_ALDEHYDE_BIOSYNTHETIC_PROCESS		26	0.42293748	1.1458412	0.2613909	1.0	1.0	26	tags=4%, list=0%, signal=4%	
GOBP_POST_ANAL_TAIL_MORPHOGENESIS	GOBP_POST_ANAL_TAIL_MORPHOGENESIS		24	0.4284673	1.1453093	0.25959367	1.0	1.0	6246	tags=21%, list=17%, signal=25%	
GOBP_MYOBLAST_FUSION	GOBP_MYOBLAST_FUSION		97	0.32389	1.1450131	0.17522658	1.0	1.0	4716	tags=9%, list=13%, signal=11%	
GOBP_STRESS_GRANULE_ASSEMBLY	GOBP_STRESS_GRANULE_ASSEMBLY		39	0.37763253	1.1449454	0.2139535	1.0	1.0	184	tags=3%, list=0%, signal=3%	
GOBP_INTRACELLULAR_SODIUM_ION_HOMEOSTASIS	GOBP_INTRACELLULAR_SODIUM_ION_HOMEOSTASIS		26	0.4184874	1.1436626	0.23333333	1.0	1.0	9466	tags=35%, list=26%, signal=47%	
GOBP_REGULATION_OF_T_CELL_MEDIATED_CYTOTOXICITY	GOBP_REGULATION_OF_T_CELL_MEDIATED_CYTOTOXICITY		52	0.35910824	1.1425996	0.21197008	1.0	1.0	7426	tags=27%, list=20%, signal=34%	
GOBP_CLATHRIN_COAT_ASSEMBLY	GOBP_CLATHRIN_COAT_ASSEMBLY		21	0.44274467	1.1422874	0.2737307	1.0	1.0	2732	tags=10%, list=7%, signal=10%	
GOBP_ANTIFUNGAL_INNATE_IMMUNE_RESPONSE	GOBP_ANTIFUNGAL_INNATE_IMMUNE_RESPONSE		18	0.45479828	1.1421193	0.27173913	1.0	1.0	7435	tags=28%, list=20%, signal=35%	
GOBP_NEGATIVE_REGULATION_OF_CELL_FATE_COMMITMENT	GOBP_NEGATIVE_REGULATION_OF_CELL_FATE_COMMITMENT		18	0.45429674	1.1420788	0.27051	1.0	1.0	8536	tags=39%, list=23%, signal=51%	
GOBP_PROXIMAL_DISTAL_PATTERN_FORMATION	GOBP_PROXIMAL_DISTAL_PATTERN_FORMATION		34	0.38910472	1.1410695	0.25	1.0	1.0	7430	tags=24%, list=20%, signal=29%	
GOBP_IMMUNOGLOBULIN_PRODUCTION	GOBP_IMMUNOGLOBULIN_PRODUCTION		113	0.31661636	1.1405458	0.14868805	1.0	1.0	3995	tags=8%, list=11%, signal=9%	
GOBP_REGULATION_OF_CALCINEURIN_MEDIATED_SIGNALING	GOBP_REGULATION_OF_CALCINEURIN_MEDIATED_SIGNALING		42	0.3714943	1.1405413	0.22572179	1.0	1.0	167	tags=5%, list=0%, signal=5%	
GOBP_PROTON_TRANSPORTING_TWO_SECTOR_ATPASE_COMPLEX_ASSEMBLY	GOBP_PROTON_TRANSPORTING_TWO_SECTOR_ATPASE_COMPLEX_ASSEMBLY		17	0.46356326	1.1398903	0.2706935	1.0	1.0	4292	tags=12%, list=12%, signal=13%	
GOBP_VENOUS_BLOOD_VESSEL_DEVELOPMENT	GOBP_VENOUS_BLOOD_VESSEL_DEVELOPMENT		20	0.44296515	1.1397136	0.26535088	1.0	1.0	10021	tags=35%, list=27%, signal=48%	
GOBP_LUNG_SECRETORY_CELL_DIFFERENTIATION	GOBP_LUNG_SECRETORY_CELL_DIFFERENTIATION		15	0.4679539	1.1393824	0.3004292	1.0	1.0	687	tags=13%, list=2%, signal=14%	
GOBP_DEOXYRIBONUCLEOTIDE_CATABOLIC_PROCESS	GOBP_DEOXYRIBONUCLEOTIDE_CATABOLIC_PROCESS		23	0.41369385	1.1391286	0.23883928	1.0	1.0	6391	tags=22%, list=17%, signal=26%	
GOBP_MEMBRANE_RAFT_ORGANIZATION	GOBP_MEMBRANE_RAFT_ORGANIZATION		29	0.40715507	1.1391076	0.23300971	1.0	1.0	723	tags=7%, list=2%, signal=7%	
GOBP_CARDIOCYTE_DIFFERENTIATION	GOBP_CARDIOCYTE_DIFFERENTIATION		201	0.29580525	1.1391004	0.09126984	1.0	1.0	4957	tags=11%, list=13%, signal=13%	
GOBP_AMINO_ACID_TRANSMEMBRANE_TRANSPORT	GOBP_AMINO_ACID_TRANSMEMBRANE_TRANSPORT		110	0.32009614	1.1383663	0.17313433	1.0	1.0	5613	tags=15%, list=15%, signal=18%	
GOBP_POSITIVE_REGULATION_OF_CALCIUM_MEDIATED_SIGNALING	GOBP_POSITIVE_REGULATION_OF_CALCIUM_MEDIATED_SIGNALING		60	0.3495851	1.1381154	0.19847329	1.0	1.0	3739	tags=10%, list=10%, signal=11%	
GOBP_CHEMOSENSORY_BEHAVIOR	GOBP_CHEMOSENSORY_BEHAVIOR		19	0.45061624	1.1379206	0.2850575	1.0	1.0	4998	tags=21%, list=14%, signal=24%	
GOBP_NEGATIVE_REGULATION_OF_BMP_SIGNALING_PATHWAY	GOBP_NEGATIVE_REGULATION_OF_BMP_SIGNALING_PATHWAY		61	0.3435079	1.1376338	0.20163488	1.0	1.0	5140	tags=13%, list=14%, signal=15%	
GOBP_POSITIVE_REGULATION_OF_MONOATOMIC_ION_TRANSPORT	GOBP_POSITIVE_REGULATION_OF_MONOATOMIC_ION_TRANSPORT		231	0.28816637	1.1372691	0.087649405	1.0	1.0	5199	tags=14%, list=14%, signal=16%	
GOBP_POSITIVE_REGULATION_OF_CELL_CYCLE_CHECKPOINT	GOBP_POSITIVE_REGULATION_OF_CELL_CYCLE_CHECKPOINT		16	0.47362947	1.1372561	0.28991598	1.0	1.0	7343	tags=25%, list=20%, signal=31%	
GOBP_NEGATIVE_REGULATION_OF_DEFENSE_RESPONSE_TO_VIRUS	GOBP_NEGATIVE_REGULATION_OF_DEFENSE_RESPONSE_TO_VIRUS		19	0.44544637	1.1361935	0.287703	1.0	1.0	4068	tags=16%, list=11%, signal=18%	
GOBP_ANTERIOR_POSTERIOR_PATTERN_SPECIFICATION	GOBP_ANTERIOR_POSTERIOR_PATTERN_SPECIFICATION		221	0.29199156	1.1355566	0.10606061	1.0	1.0	10710	tags=26%, list=29%, signal=36%	
GOBP_REGULATION_OF_STORE_OPERATED_CALCIUM_ENTRY	GOBP_REGULATION_OF_STORE_OPERATED_CALCIUM_ENTRY		18	0.45437282	1.1350905	0.27891156	1.0	1.0	1965	tags=11%, list=5%, signal=12%	
GOBP_MIRNA_CATABOLIC_PROCESS	GOBP_MIRNA_CATABOLIC_PROCESS		15	0.47391888	1.1350718	0.27142859	1.0	1.0	15253	tags=60%, list=41%, signal=102%	
GOBP_SYNAPTIC_VESICLE_MATURATION	GOBP_SYNAPTIC_VESICLE_MATURATION		29	0.39828196	1.1347595	0.26960784	1.0	1.0	10107	tags=28%, list=27%, signal=38%	
GOBP_REGULATION_OF_MUSCLE_ORGAN_DEVELOPMENT	GOBP_REGULATION_OF_MUSCLE_ORGAN_DEVELOPMENT		52	0.35633928	1.133286	0.22900763	1.0	1.0	6246	tags=15%, list=17%, signal=18%	
GOBP_TRNA_DECAY	GOBP_TRNA_DECAY		20	0.4372752	1.1331484	0.2735632	1.0	1.0	17295	tags=60%, list=47%, signal=113%	
GOBP_NEGATIVE_REGULATION_OF_OSSIFICATION	GOBP_NEGATIVE_REGULATION_OF_OSSIFICATION		52	0.35124227	1.1315753	0.22193877	1.0	1.0	9970	tags=25%, list=27%, signal=34%	
GOBP_RIBONUCLEOSIDE_MONOPHOSPHATE_CATABOLIC_PROCESS	GOBP_RIBONUCLEOSIDE_MONOPHOSPHATE_CATABOLIC_PROCESS		18	0.45358828	1.1311986	0.2835165	1.0	1.0	6391	tags=28%, list=17%, signal=34%	
GOBP_PHOSPHOLIPASE_C_ACTIVATING_G_PROTEIN_COUPLED_RECEPTOR_SIGNALING_PATHWAY	GOBP_PHOSPHOLIPASE_C_ACTIVATING_G_PROTEIN_COUPLED_RECEPTOR_SIGNALING_PATHWAY		134	0.30837122	1.1311818	0.15714286	1.0	1.0	5433	tags=16%, list=15%, signal=18%	
GOBP_MODULATION_OF_INHIBITORY_POSTSYNAPTIC_POTENTIAL	GOBP_MODULATION_OF_INHIBITORY_POSTSYNAPTIC_POTENTIAL		17	0.4519705	1.1306111	0.2816594	1.0	1.0	6889	tags=41%, list=19%, signal=51%	
GOBP_CORONARY_VASCULATURE_DEVELOPMENT	GOBP_CORONARY_VASCULATURE_DEVELOPMENT		79	0.33186242	1.1304605	0.21138212	1.0	1.0	5749	tags=14%, list=16%, signal=16%	
GOBP_ENDOCHONDRAL_BONE_MORPHOGENESIS	GOBP_ENDOCHONDRAL_BONE_MORPHOGENESIS		74	0.3349838	1.1293083	0.19498608	1.0	1.0	4073	tags=9%, list=11%, signal=11%	
GOBP_NEGATIVE_REGULATION_OF_CHROMOSOME_SEGREGATION	GOBP_NEGATIVE_REGULATION_OF_CHROMOSOME_SEGREGATION		56	0.35496548	1.1282007	0.24685138	1.0	1.0	5283	tags=13%, list=14%, signal=15%	
GOBP_REGULATION_OF_TRANSLATIONAL_INITIATION	GOBP_REGULATION_OF_TRANSLATIONAL_INITIATION		101	0.31770536	1.1281854	0.21385542	1.0	1.0	17518	tags=45%, list=47%, signal=84%	
GOBP_MESENCHYME_DEVELOPMENT	GOBP_MESENCHYME_DEVELOPMENT		321	0.27830863	1.1280043	0.08810572	1.0	1.0	10577	tags=21%, list=29%, signal=29%	
GOBP_HIGH_DENSITY_LIPOPROTEIN_PARTICLE_REMODELING	GOBP_HIGH_DENSITY_LIPOPROTEIN_PARTICLE_REMODELING		17	0.45410976	1.1277726	0.2822086	1.0	1.0	10963	tags=47%, list=30%, signal=67%	
GOBP_POSITIVE_REGULATION_OF_INTERLEUKIN_12_PRODUCTION	GOBP_POSITIVE_REGULATION_OF_INTERLEUKIN_12_PRODUCTION		40	0.37882993	1.1272178	0.24166666	1.0	1.0	3703	tags=13%, list=10%, signal=14%	
GOBP_NEGATIVE_REGULATION_OF_LIPID_METABOLIC_PROCESS	GOBP_NEGATIVE_REGULATION_OF_LIPID_METABOLIC_PROCESS		109	0.31548753	1.1254717	0.19335347	1.0	1.0	11166	tags=29%, list=30%, signal=42%	
GOBP_SPINAL_CORD_DEVELOPMENT	GOBP_SPINAL_CORD_DEVELOPMENT		110	0.31331533	1.1249751	0.17350158	1.0	1.0	7333	tags=21%, list=20%, signal=26%	
GOBP_REGULATION_OF_AMINO_ACID_TRANSMEMBRANE_TRANSPORT	GOBP_REGULATION_OF_AMINO_ACID_TRANSMEMBRANE_TRANSPORT		20	0.44267255	1.1240255	0.30992737	1.0	1.0	4205	tags=15%, list=11%, signal=17%	
GOBP_POSITIVE_REGULATION_OF_BIOMINERAL_TISSUE_DEVELOPMENT	GOBP_POSITIVE_REGULATION_OF_BIOMINERAL_TISSUE_DEVELOPMENT		57	0.34055728	1.1237227	0.24020888	1.0	1.0	10577	tags=25%, list=29%, signal=34%	
GOBP_CELL_CELL_ADHESION_MEDIATED_BY_CADHERIN	GOBP_CELL_CELL_ADHESION_MEDIATED_BY_CADHERIN		55	0.3524848	1.123585	0.2433155	1.0	1.0	2138	tags=7%, list=6%, signal=8%	
GOBP_KERATINOCYTE_MIGRATION	GOBP_KERATINOCYTE_MIGRATION		20	0.4370132	1.123416	0.27051	1.0	1.0	10470	tags=30%, list=28%, signal=42%	
GOBP_REGULATION_OF_SKELETAL_MUSCLE_ADAPTATION	GOBP_REGULATION_OF_SKELETAL_MUSCLE_ADAPTATION		16	0.46687233	1.1225936	0.31292516	1.0	1.0	7309	tags=25%, list=20%, signal=31%	
GOBP_PROTEIN_LOCALIZATION_TO_CELL_CELL_JUNCTION	GOBP_PROTEIN_LOCALIZATION_TO_CELL_CELL_JUNCTION		28	0.4073433	1.1225002	0.28169015	1.0	1.0	17786	tags=64%, list=48%, signal=124%	
GOBP_PRODUCTION_OF_MOLECULAR_MEDIATOR_OF_IMMUNE_RESPONSE	GOBP_PRODUCTION_OF_MOLECULAR_MEDIATOR_OF_IMMUNE_RESPONSE		215	0.2907914	1.1221821	0.13879004	1.0	1.0	5619	tags=11%, list=15%, signal=13%	
GOBP_MEMBRANE_PROTEIN_ECTODOMAIN_PROTEOLYSIS	GOBP_MEMBRANE_PROTEIN_ECTODOMAIN_PROTEOLYSIS		50	0.35860145	1.1217163	0.26785713	1.0	1.0	5244	tags=10%, list=14%, signal=12%	
GOBP_POSITIVE_REGULATION_OF_BONE_MINERALIZATION	GOBP_POSITIVE_REGULATION_OF_BONE_MINERALIZATION		48	0.3599128	1.12152	0.23393317	1.0	1.0	10577	tags=23%, list=29%, signal=32%	
GOBP_PROTEIN_TETRAMERIZATION	GOBP_PROTEIN_TETRAMERIZATION		99	0.31839475	1.121483	0.2006079	1.0	1.0	2145	tags=6%, list=6%, signal=6%	
GOBP_NEUTRAL_LIPID_METABOLIC_PROCESS	GOBP_NEUTRAL_LIPID_METABOLIC_PROCESS		156	0.2972177	1.1210355	0.1533101	1.0	1.0	11024	tags=31%, list=30%, signal=44%	
GOBP_REGULATION_OF_SMOOTH_MUSCLE_CELL_DIFFERENTIATION	GOBP_REGULATION_OF_SMOOTH_MUSCLE_CELL_DIFFERENTIATION		37	0.38206407	1.1204098	0.26631853	1.0	1.0	9381	tags=22%, list=25%, signal=29%	
GOBP_POSITIVE_REGULATION_OF_PROTEIN_LOCALIZATION_TO_NUCLEUS	GOBP_POSITIVE_REGULATION_OF_PROTEIN_LOCALIZATION_TO_NUCLEUS		107	0.3185989	1.1203314	0.20178041	1.0	1.0	4014	tags=7%, list=11%, signal=7%	
GOBP_ANIMAL_ORGAN_FORMATION	GOBP_ANIMAL_ORGAN_FORMATION		68	0.33943415	1.120192	0.23188406	1.0	1.0	10577	tags=31%, list=29%, signal=43%	
GOBP_STEROL_BIOSYNTHETIC_PROCESS	GOBP_STEROL_BIOSYNTHETIC_PROCESS		69	0.33754915	1.1199554	0.22070844	1.0	1.0	16450	tags=61%, list=45%, signal=110%	
GOBP_SEMI_LUNAR_VALVE_DEVELOPMENT	GOBP_SEMI_LUNAR_VALVE_DEVELOPMENT		42	0.36624876	1.1196297	0.24358974	1.0	1.0	10577	tags=26%, list=29%, signal=37%	
GOBP_ATRIOVENTRICULAR_VALVE_DEVELOPMENT	GOBP_ATRIOVENTRICULAR_VALVE_DEVELOPMENT		34	0.385781	1.1184568	0.26603326	1.0	1.0	7333	tags=21%, list=20%, signal=26%	
GOBP_NEGATIVE_REGULATION_OF_CELL_MATRIX_ADHESION	GOBP_NEGATIVE_REGULATION_OF_CELL_MATRIX_ADHESION		40	0.37354666	1.1183712	0.26252982	1.0	1.0	4677	tags=10%, list=13%, signal=11%	
GOBP_POSITIVE_REGULATION_OF_CARDIOCYTE_DIFFERENTIATION	GOBP_POSITIVE_REGULATION_OF_CARDIOCYTE_DIFFERENTIATION		15	0.46075177	1.1182119	0.31637168	1.0	1.0	10106	tags=40%, list=27%, signal=55%	
GOBP_INNATE_IMMUNE_RESPONSE_ACTIVATING_CELL_SURFACE_RECEPTOR_SIGNALING_PATHWAY	GOBP_INNATE_IMMUNE_RESPONSE_ACTIVATING_CELL_SURFACE_RECEPTOR_SIGNALING_PATHWAY		95	0.31755126	1.1181766	0.21348314	1.0	1.0	3079	tags=8%, list=8%, signal=9%	
GOBP_NEGATIVE_REGULATION_OF_PEPTIDASE_ACTIVITY	GOBP_NEGATIVE_REGULATION_OF_PEPTIDASE_ACTIVITY		27	0.40519196	1.1181332	0.25	1.0	1.0	5651	tags=22%, list=15%, signal=26%	
GOBP_NOREPINEPHRINE_METABOLIC_PROCESS	GOBP_NOREPINEPHRINE_METABOLIC_PROCESS		17	0.45567554	1.1171864	0.29130435	1.0	1.0	1576	tags=18%, list=4%, signal=18%	
GOBP_MESENCHYMAL_CELL_DIFFERENTIATION	GOBP_MESENCHYMAL_CELL_DIFFERENTIATION		257	0.280802	1.1167547	0.11814346	1.0	1.0	10577	tags=19%, list=29%, signal=27%	
GOBP_POSITIVE_REGULATION_OF_PROTEIN_POLYMERIZATION	GOBP_POSITIVE_REGULATION_OF_PROTEIN_POLYMERIZATION		89	0.32663673	1.1164553	0.21597633	1.0	1.0	4931	tags=9%, list=13%, signal=10%	
GOBP_POSITIVE_REGULATION_OF_EXOCYTOSIS	GOBP_POSITIVE_REGULATION_OF_EXOCYTOSIS		101	0.32019103	1.1156574	0.19428572	1.0	1.0	5702	tags=13%, list=15%, signal=15%	
GOBP_POSITIVE_REGULATION_OF_CYTOSKELETON_ORGANIZATION	GOBP_POSITIVE_REGULATION_OF_CYTOSKELETON_ORGANIZATION		193	0.28842095	1.1145614	0.15267175	1.0	1.0	5587	tags=9%, list=15%, signal=11%	
GOBP_HEART_FIELD_SPECIFICATION	GOBP_HEART_FIELD_SPECIFICATION		16	0.45791993	1.1138843	0.3213483	1.0	1.0	14435	tags=63%, list=39%, signal=103%	
GOBP_HYALURONAN_METABOLIC_PROCESS	GOBP_HYALURONAN_METABOLIC_PROCESS		38	0.3730958	1.1135608	0.2535545	1.0	1.0	7336	tags=21%, list=20%, signal=26%	
GOBP_SYNCYTIUM_FORMATION	GOBP_SYNCYTIUM_FORMATION		118	0.30411133	1.1122123	0.20915033	1.0	1.0	5008	tags=9%, list=14%, signal=11%	
GOBP_PROGESTERONE_METABOLIC_PROCESS	GOBP_PROGESTERONE_METABOLIC_PROCESS		18	0.4390931	1.1116441	0.29273504	1.0	1.0	11019	tags=56%, list=30%, signal=79%	
GOBP_RESPONSE_TO_OXYGEN_RADICAL	GOBP_RESPONSE_TO_OXYGEN_RADICAL		27	0.39729154	1.1114823	0.28310502	1.0	1.0	11056	tags=26%, list=30%, signal=37%	
GOBP_DOPAMINE_BIOSYNTHETIC_PROCESS	GOBP_DOPAMINE_BIOSYNTHETIC_PROCESS		15	0.45565388	1.1113725	0.291954	1.0	1.0	766	tags=7%, list=2%, signal=7%	
GOBP_STORE_OPERATED_CALCIUM_ENTRY	GOBP_STORE_OPERATED_CALCIUM_ENTRY		27	0.39207533	1.1106585	0.2883295	1.0	1.0	5500	tags=15%, list=15%, signal=17%	
GOBP_MITOTIC_SISTER_CHROMATID_SEGREGATION	GOBP_MITOTIC_SISTER_CHROMATID_SEGREGATION		194	0.2867774	1.1105843	0.16187051	1.0	1.0	10050	tags=18%, list=27%, signal=24%	
GOBP_SOMITOGENESIS	GOBP_SOMITOGENESIS		70	0.33236182	1.1102289	0.24226804	1.0	1.0	15479	tags=53%, list=42%, signal=91%	
GOBP_POSITIVE_REGULATION_OF_T_HELPER_1_TYPE_IMMUNE_RESPONSE	GOBP_POSITIVE_REGULATION_OF_T_HELPER_1_TYPE_IMMUNE_RESPONSE		17	0.44445005	1.1100675	0.3222749	1.0	1.0	5613	tags=24%, list=15%, signal=28%	
GOBP_PIGMENT_CELL_DIFFERENTIATION	GOBP_PIGMENT_CELL_DIFFERENTIATION		37	0.3664286	1.1095743	0.25925925	1.0	1.0	3606	tags=11%, list=10%, signal=12%	
GOBP_N_ACETYLGLUCOSAMINE_METABOLIC_PROCESS	GOBP_N_ACETYLGLUCOSAMINE_METABOLIC_PROCESS		18	0.44008318	1.1082051	0.32372504	1.0	1.0	7312	tags=22%, list=20%, signal=28%	
GOBP_CELLULAR_RESPONSE_TO_COPPER_ION	GOBP_CELLULAR_RESPONSE_TO_COPPER_ION		18	0.45706767	1.1079851	0.3073286	1.0	1.0	8983	tags=33%, list=24%, signal=44%	
GOBP_REGULATION_OF_ACTIN_FILAMENT_BASED_PROCESS	GOBP_REGULATION_OF_ACTIN_FILAMENT_BASED_PROCESS		405	0.26718935	1.1072004	0.1	1.0	1.0	5587	tags=8%, list=15%, signal=10%	
GOBP_CELLULAR_RESPONSE_TO_ALCOHOL	GOBP_CELLULAR_RESPONSE_TO_ALCOHOL		113	0.31289077	1.106849	0.24767801	1.0	1.0	10602	tags=27%, list=29%, signal=37%	
GOBP_POSITIVE_REGULATION_OF_MYELOID_LEUKOCYTE_MEDIATED_IMMUNITY	GOBP_POSITIVE_REGULATION_OF_MYELOID_LEUKOCYTE_MEDIATED_IMMUNITY		26	0.3992828	1.1066808	0.28674698	1.0	1.0	15628	tags=54%, list=42%, signal=93%	
GOBP_MESENCHYME_MORPHOGENESIS	GOBP_MESENCHYME_MORPHOGENESIS		63	0.33778134	1.1062154	0.25490198	1.0	1.0	10577	tags=25%, list=29%, signal=36%	
GOBP_MAGNESIUM_ION_HOMEOSTASIS	GOBP_MAGNESIUM_ION_HOMEOSTASIS		16	0.44421804	1.10582	0.30444443	1.0	1.0	10151	tags=50%, list=27%, signal=69%	
GOBP_MICROTUBULE_ORGANIZING_CENTER_LOCALIZATION	GOBP_MICROTUBULE_ORGANIZING_CENTER_LOCALIZATION		35	0.38486773	1.1053749	0.3047859	1.0	1.0	17268	tags=54%, list=47%, signal=102%	
GOBP_DICARBOXYLIC_ACID_TRANSPORT	GOBP_DICARBOXYLIC_ACID_TRANSPORT		118	0.3078803	1.1053351	0.22801302	1.0	1.0	5778	tags=15%, list=16%, signal=18%	
GOBP_MONOATOMIC_ANION_TRANSPORT	GOBP_MONOATOMIC_ANION_TRANSPORT		165	0.29036343	1.103829	0.16053511	1.0	1.0	5918	tags=17%, list=16%, signal=20%	
GOBP_REGULATION_OF_MUSCLE_SYSTEM_PROCESS	GOBP_REGULATION_OF_MUSCLE_SYSTEM_PROCESS		270	0.28077418	1.103723	0.16956522	1.0	1.0	5552	tags=11%, list=15%, signal=13%	
GOBP_CHLORIDE_TRANSPORT	GOBP_CHLORIDE_TRANSPORT		122	0.30271602	1.1032941	0.19090909	1.0	1.0	5918	tags=18%, list=16%, signal=21%	
GOBP_CEREBRAL_CORTEX_CELL_MIGRATION	GOBP_CEREBRAL_CORTEX_CELL_MIGRATION		54	0.3461283	1.10319	0.2670157	1.0	1.0	2602	tags=11%, list=7%, signal=12%	
GOBP_LONG_CHAIN_FATTY_ACID_BIOSYNTHETIC_PROCESS	GOBP_LONG_CHAIN_FATTY_ACID_BIOSYNTHETIC_PROCESS		26	0.39583007	1.1024106	0.3078759	1.0	1.0	4947	tags=19%, list=13%, signal=22%	
GOBP_POSITIVE_REGULATION_OF_SODIUM_ION_TRANSMEMBRANE_TRANSPORT	GOBP_POSITIVE_REGULATION_OF_SODIUM_ION_TRANSMEMBRANE_TRANSPORT		25	0.40270802	1.1017461	0.2936893	1.0	1.0	2086	tags=8%, list=6%, signal=8%	
GOBP_REGULATION_OF_HYDROLASE_ACTIVITY	GOBP_REGULATION_OF_HYDROLASE_ACTIVITY		231	0.28515625	1.1016265	0.16666667	1.0	1.0	2575	tags=5%, list=7%, signal=5%	
GOBP_OLEFINIC_COMPOUND_METABOLIC_PROCESS	GOBP_OLEFINIC_COMPOUND_METABOLIC_PROCESS		175	0.28752142	1.1013312	0.21014492	1.0	1.0	9524	tags=31%, list=26%, signal=42%	
GOBP_MAST_CELL_ACTIVATION_INVOLVED_IN_IMMUNE_RESPONSE	GOBP_MAST_CELL_ACTIVATION_INVOLVED_IN_IMMUNE_RESPONSE		57	0.34201598	1.1012605	0.24543081	1.0	1.0	10835	tags=28%, list=29%, signal=40%	
GOBP_RESPONSE_TO_ALKALOID	GOBP_RESPONSE_TO_ALKALOID		112	0.30757713	1.1002766	0.21142857	1.0	1.0	7174	tags=15%, list=19%, signal=19%	
GOBP_CYTOPLASMIC_MICROTUBULE_ORGANIZATION	GOBP_CYTOPLASMIC_MICROTUBULE_ORGANIZATION		71	0.33036688	1.1001998	0.260989	1.0	1.0	2313	tags=6%, list=6%, signal=6%	
GOBP_ISOPRENOID_METABOLIC_PROCESS	GOBP_ISOPRENOID_METABOLIC_PROCESS		111	0.30888763	1.1001078	0.23569024	1.0	1.0	9426	tags=31%, list=26%, signal=41%	
GOBP_POSITIVE_REGULATION_OF_TELOMERE_MAINTENANCE	GOBP_POSITIVE_REGULATION_OF_TELOMERE_MAINTENANCE		75	0.32912984	1.0998284	0.23988439	1.0	1.0	15630	tags=39%, list=42%, signal=67%	
GOBP_POSITIVE_REGULATION_OF_SMOOTH_MUSCLE_CELL_DIFFERENTIATION	GOBP_POSITIVE_REGULATION_OF_SMOOTH_MUSCLE_CELL_DIFFERENTIATION		17	0.44286114	1.0988115	0.32532752	1.0	1.0	3228	tags=12%, list=9%, signal=13%	
GOBP_REGULATION_OF_MYELOID_LEUKOCYTE_MEDIATED_IMMUNITY	GOBP_REGULATION_OF_MYELOID_LEUKOCYTE_MEDIATED_IMMUNITY		62	0.33546013	1.0986491	0.24523161	1.0	1.0	14475	tags=35%, list=39%, signal=58%	
GOBP_LIMBIC_SYSTEM_DEVELOPMENT	GOBP_LIMBIC_SYSTEM_DEVELOPMENT		122	0.2986928	1.0978649	0.19130434	1.0	1.0	6297	tags=13%, list=17%, signal=16%	
GOBP_OSSIFICATION	GOBP_OSSIFICATION		440	0.2636849	1.0973502	0.09770115	1.0	1.0	10583	tags=23%, list=29%, signal=31%	
GOBP_PROTEIN_O_LINKED_GLYCOSYLATION	GOBP_PROTEIN_O_LINKED_GLYCOSYLATION		125	0.30083045	1.0964775	0.21135646	1.0	1.0	16120	tags=56%, list=44%, signal=99%	
GOBP_REGULATION_OF_CELL_SIZE	GOBP_REGULATION_OF_CELL_SIZE		208	0.28364927	1.0963922	0.17266187	1.0	1.0	7305	tags=13%, list=20%, signal=15%	
GOBP_AMINO_ACID_BETAINE_METABOLIC_PROCESS	GOBP_AMINO_ACID_BETAINE_METABOLIC_PROCESS		17	0.44399104	1.0962237	0.33481154	1.0	1.0	15397	tags=59%, list=42%, signal=101%	
GOBP_VENTRICULAR_SEPTUM_DEVELOPMENT	GOBP_VENTRICULAR_SEPTUM_DEVELOPMENT		82	0.31927282	1.0961987	0.27393618	1.0	1.0	9597	tags=18%, list=26%, signal=25%	
GOBP_REGULATION_OF_CELL_MATURATION	GOBP_REGULATION_OF_CELL_MATURATION		31	0.38051766	1.0953574	0.33571428	1.0	1.0	5422	tags=26%, list=15%, signal=30%	
GOBP_REGULATION_OF_ALCOHOL_BIOSYNTHETIC_PROCESS	GOBP_REGULATION_OF_ALCOHOL_BIOSYNTHETIC_PROCESS		61	0.3353107	1.0949038	0.26075268	1.0	1.0	15405	tags=43%, list=42%, signal=73%	
GOBP_SODIUM_ION_TRANSMEMBRANE_TRANSPORT	GOBP_SODIUM_ION_TRANSMEMBRANE_TRANSPORT		174	0.28890175	1.0946152	0.2020548	1.0	1.0	7445	tags=21%, list=20%, signal=27%	
GOBP_POSITIVE_REGULATION_OF_SYNAPTIC_VESICLE_FUSION_TO_PRESYNAPTIC_ACTIVE_ZONE_MEMBRANE	GOBP_POSITIVE_REGULATION_OF_SYNAPTIC_VESICLE_FUSION_TO_PRESYNAPTIC_ACTIVE_ZONE_MEMBRANE		22	0.4111837	1.0938377	0.3114754	1.0	1.0	5166	tags=23%, list=14%, signal=26%	
GOBP_CELL_CELL_JUNCTION_ORGANIZATION	GOBP_CELL_CELL_JUNCTION_ORGANIZATION		202	0.2817208	1.0933814	0.17931035	1.0	1.0	656	tags=3%, list=2%, signal=4%	
GOBP_DITERPENOID_METABOLIC_PROCESS	GOBP_DITERPENOID_METABOLIC_PROCESS		83	0.32374716	1.0932299	0.25	1.0	1.0	9426	tags=35%, list=26%, signal=47%	
GOBP_HEPATOCYTE_DIFFERENTIATION	GOBP_HEPATOCYTE_DIFFERENTIATION		17	0.442465	1.0928624	0.35253456	1.0	1.0	9901	tags=47%, list=27%, signal=64%	
GOBP_REGULATION_OF_BRANCHING_INVOLVED_IN_URETERIC_BUD_MORPHOGENESIS	GOBP_REGULATION_OF_BRANCHING_INVOLVED_IN_URETERIC_BUD_MORPHOGENESIS		24	0.41384047	1.0925583	0.3221957	1.0	1.0	10331	tags=42%, list=28%, signal=58%	
GOBP_REGULATION_OF_PROTEIN_EXIT_FROM_ENDOPLASMIC_RETICULUM	GOBP_REGULATION_OF_PROTEIN_EXIT_FROM_ENDOPLASMIC_RETICULUM		22	0.41577494	1.092301	0.33492824	1.0	1.0	15841	tags=50%, list=43%, signal=87%	
GOBP_NEUROTRANSMITTER_SECRETION	GOBP_NEUROTRANSMITTER_SECRETION		188	0.2870487	1.091639	0.18481848	1.0	1.0	5610	tags=14%, list=15%, signal=17%	
GOBP_COMPLEMENT_ACTIVATION_LECTIN_PATHWAY	GOBP_COMPLEMENT_ACTIVATION_LECTIN_PATHWAY		17	0.44664958	1.0897033	0.34042552	1.0	1.0	1779	tags=12%, list=5%, signal=12%	
GOBP_NEGATIVE_REGULATION_OF_CELL_DEVELOPMENT	GOBP_NEGATIVE_REGULATION_OF_CELL_DEVELOPMENT		286	0.27260393	1.0887713	0.17699115	1.0	1.0	5626	tags=13%, list=15%, signal=15%	
GOBP_NON_PROTEINOGENIC_AMINO_ACID_METABOLIC_PROCESS	GOBP_NON_PROTEINOGENIC_AMINO_ACID_METABOLIC_PROCESS		71	0.3189367	1.0887	0.27065527	1.0	1.0	10953	tags=28%, list=30%, signal=40%	
GOBP_INORGANIC_ANION_TRANSPORT	GOBP_INORGANIC_ANION_TRANSPORT		163	0.28715217	1.0884315	0.225	1.0	1.0	10441	tags=31%, list=28%, signal=43%	
GOBP_REGULATION_OF_BIOMINERAL_TISSUE_DEVELOPMENT	GOBP_REGULATION_OF_BIOMINERAL_TISSUE_DEVELOPMENT		106	0.30624223	1.0881987	0.23170732	1.0	1.0	10577	tags=23%, list=29%, signal=32%	
GOBP_REGULATION_OF_PROTEIN_IMPORT_INTO_NUCLEUS	GOBP_REGULATION_OF_PROTEIN_IMPORT_INTO_NUCLEUS		83	0.31659555	1.0873924	0.28846154	1.0	1.0	11150	tags=20%, list=30%, signal=29%	
GOBP_CALCINEURIN_MEDIATED_SIGNALING	GOBP_CALCINEURIN_MEDIATED_SIGNALING		59	0.34027022	1.0872504	0.29144385	1.0	1.0	9523	tags=20%, list=26%, signal=27%	
GOBP_PROTEIN_EXIT_FROM_ENDOPLASMIC_RETICULUM	GOBP_PROTEIN_EXIT_FROM_ENDOPLASMIC_RETICULUM		47	0.33828634	1.0870652	0.2578125	1.0	1.0	17489	tags=55%, list=47%, signal=105%	
GOBP_REGULATION_OF_NEURON_MATURATION	GOBP_REGULATION_OF_NEURON_MATURATION		15	0.45255336	1.0869641	0.36363637	1.0	1.0	5422	tags=20%, list=15%, signal=23%	
GOBP_POSITIVE_REGULATION_OF_REGULATED_SECRETORY_PATHWAY	GOBP_POSITIVE_REGULATION_OF_REGULATED_SECRETORY_PATHWAY		60	0.33628914	1.0867429	0.2917847	1.0	1.0	5702	tags=15%, list=15%, signal=18%	
GOBP_REGULATION_OF_SYNAPTIC_TRANSMISSION_GABAERGIC	GOBP_REGULATION_OF_SYNAPTIC_TRANSMISSION_GABAERGIC		44	0.35290802	1.0861081	0.28947368	1.0	1.0	4348	tags=18%, list=12%, signal=21%	
GOBP_KERATINOCYTE_PROLIFERATION	GOBP_KERATINOCYTE_PROLIFERATION		52	0.3392202	1.0857911	0.27322406	1.0	1.0	10812	tags=29%, list=29%, signal=41%	
GOBP_POTASSIUM_ION_HOMEOSTASIS	GOBP_POTASSIUM_ION_HOMEOSTASIS		36	0.3706419	1.0856963	0.30079156	1.0	1.0	5918	tags=19%, list=16%, signal=23%	
GOBP_SKELETAL_MUSCLE_ORGAN_DEVELOPMENT	GOBP_SKELETAL_MUSCLE_ORGAN_DEVELOPMENT		215	0.27912197	1.0848327	0.19310345	1.0	1.0	10220	tags=23%, list=28%, signal=32%	
GOBP_DEFENSE_RESPONSE_TO_FUNGUS	GOBP_DEFENSE_RESPONSE_TO_FUNGUS		52	0.34204698	1.0843438	0.29591838	1.0	1.0	9126	tags=27%, list=25%, signal=36%	
GOBP_MEMBRANE_DEPOLARIZATION	GOBP_MEMBRANE_DEPOLARIZATION		105	0.30839273	1.0836407	0.26363635	1.0	1.0	5071	tags=14%, list=14%, signal=17%	
GOBP_POSITIVE_REGULATION_OF_OXIDOREDUCTASE_ACTIVITY	GOBP_POSITIVE_REGULATION_OF_OXIDOREDUCTASE_ACTIVITY		19	0.42973018	1.0831858	0.34210527	1.0	1.0	11154	tags=32%, list=30%, signal=45%	
GOBP_REGULATION_OF_GLYCOGEN_BIOSYNTHETIC_PROCESS	GOBP_REGULATION_OF_GLYCOGEN_BIOSYNTHETIC_PROCESS		35	0.37344277	1.0830249	0.30243903	1.0	1.0	14956	tags=51%, list=40%, signal=86%	
GOBP_CHEMICAL_SYNAPTIC_TRANSMISSION_POSTSYNAPTIC	GOBP_CHEMICAL_SYNAPTIC_TRANSMISSION_POSTSYNAPTIC		133	0.2925774	1.0821054	0.21450152	1.0	1.0	9528	tags=29%, list=26%, signal=39%	
GOBP_EPITHELIAL_CELL_APOPTOTIC_PROCESS	GOBP_EPITHELIAL_CELL_APOPTOTIC_PROCESS		83	0.31832424	1.0820041	0.27146813	1.0	1.0	5552	tags=8%, list=15%, signal=10%	
GOBP_NEGATIVE_REGULATION_OF_PRODUCTION_OF_MOLECULAR_MEDIATOR_OF_IMMUNE_RESPONSE	GOBP_NEGATIVE_REGULATION_OF_PRODUCTION_OF_MOLECULAR_MEDIATOR_OF_IMMUNE_RESPONSE		36	0.36396685	1.0819489	0.27227724	1.0	1.0	5619	tags=19%, list=15%, signal=23%	
GOBP_BRANCHED_CHAIN_AMINO_ACID_METABOLIC_PROCESS	GOBP_BRANCHED_CHAIN_AMINO_ACID_METABOLIC_PROCESS		26	0.39335474	1.0819122	0.31533477	1.0	1.0	14852	tags=58%, list=40%, signal=96%	
GOBP_NEGATIVE_REGULATION_OF_TRIGLYCERIDE_METABOLIC_PROCESS	GOBP_NEGATIVE_REGULATION_OF_TRIGLYCERIDE_METABOLIC_PROCESS		20	0.42225423	1.0814989	0.35224587	1.0	1.0	11024	tags=40%, list=30%, signal=57%	
GOBP_CALCIUM_ION_REGULATED_EXOCYTOSIS	GOBP_CALCIUM_ION_REGULATED_EXOCYTOSIS		75	0.314138	1.0814973	0.26216215	1.0	1.0	5702	tags=15%, list=15%, signal=17%	
GOBP_NEGATIVE_REGULATION_OF_ENDOPLASMIC_RETICULUM_STRESS_INDUCED_INTRINSIC_APOPTOTIC_SIGNALING_PATHWAY	GOBP_NEGATIVE_REGULATION_OF_ENDOPLASMIC_RETICULUM_STRESS_INDUCED_INTRINSIC_APOPTOTIC_SIGNALING_PATHWAY		20	0.415499	1.0808471	0.34537247	1.0	1.0	749	tags=5%, list=2%, signal=5%	
GOBP_EAR_DEVELOPMENT	GOBP_EAR_DEVELOPMENT		262	0.27236047	1.0805621	0.2008547	1.0	1.0	10668	tags=27%, list=29%, signal=38%	
GOBP_REGULATION_OF_IMMUNOGLOBULIN_PRODUCTION	GOBP_REGULATION_OF_IMMUNOGLOBULIN_PRODUCTION		77	0.31419215	1.0804689	0.26933333	1.0	1.0	7363	tags=16%, list=20%, signal=19%	
GOBP_NEGATIVE_REGULATION_OF_INTERLEUKIN_10_PRODUCTION	GOBP_NEGATIVE_REGULATION_OF_INTERLEUKIN_10_PRODUCTION		18	0.4269336	1.0804099	0.34640524	1.0	1.0	1605	tags=11%, list=4%, signal=12%	
GOBP_STEROID_BIOSYNTHETIC_PROCESS	GOBP_STEROID_BIOSYNTHETIC_PROCESS		169	0.28643426	1.0795671	0.22183098	1.0	1.0	11025	tags=28%, list=30%, signal=40%	
GOBP_EMBRYONIC_EYE_MORPHOGENESIS	GOBP_EMBRYONIC_EYE_MORPHOGENESIS		37	0.3620818	1.079204	0.30886075	1.0	1.0	4022	tags=14%, list=11%, signal=15%	
GOBP_FEMALE_MEIOTIC_NUCLEAR_DIVISION	GOBP_FEMALE_MEIOTIC_NUCLEAR_DIVISION		49	0.34217912	1.0786172	0.30295566	1.0	1.0	10876	tags=29%, list=29%, signal=40%	
GOBP_REGULATION_OF_TROPHOBLAST_CELL_MIGRATION	GOBP_REGULATION_OF_TROPHOBLAST_CELL_MIGRATION		15	0.45990294	1.0779938	0.35224587	1.0	1.0	7390	tags=20%, list=20%, signal=25%	
GOBP_POSITIVE_REGULATION_OF_MICROTUBULE_POLYMERIZATION_OR_DEPOLYMERIZATION	GOBP_POSITIVE_REGULATION_OF_MICROTUBULE_POLYMERIZATION_OR_DEPOLYMERIZATION		39	0.3605482	1.0779912	0.30403802	1.0	1.0	3855	tags=8%, list=10%, signal=9%	
GOBP_DNA_DAMAGE_TOLERANCE	GOBP_DNA_DAMAGE_TOLERANCE		30	0.3778946	1.0778536	0.33168316	1.0	1.0	6815	tags=13%, list=18%, signal=16%	
GOBP_PHOTORECEPTOR_CELL_OUTER_SEGMENT_ORGANIZATION	GOBP_PHOTORECEPTOR_CELL_OUTER_SEGMENT_ORGANIZATION		16	0.44407856	1.0772746	0.34216335	1.0	1.0	509	tags=13%, list=1%, signal=13%	
GOBP_ANTIGEN_PROCESSING_AND_PRESENTATION_VIA_MHC_CLASS_IB	GOBP_ANTIGEN_PROCESSING_AND_PRESENTATION_VIA_MHC_CLASS_IB		34	0.36725783	1.0772365	0.31839624	1.0	1.0	7426	tags=32%, list=20%, signal=40%	
GOBP_RNA_TEMPLATED_DNA_BIOSYNTHETIC_PROCESS	GOBP_RNA_TEMPLATED_DNA_BIOSYNTHETIC_PROCESS		53	0.33234566	1.0769066	0.3026316	1.0	1.0	17143	tags=53%, list=46%, signal=98%	
GOBP_PHOSPHATE_ION_TRANSPORT	GOBP_PHOSPHATE_ION_TRANSPORT		27	0.38504893	1.0766132	0.32905984	1.0	1.0	7253	tags=26%, list=20%, signal=32%	
GOBP_POSITIVE_REGULATION_OF_ALCOHOL_BIOSYNTHETIC_PROCESS	GOBP_POSITIVE_REGULATION_OF_ALCOHOL_BIOSYNTHETIC_PROCESS		40	0.36027727	1.0766125	0.30528846	1.0	1.0	15405	tags=52%, list=42%, signal=90%	
GOBP_NEGATIVE_REGULATION_OF_RHO_PROTEIN_SIGNAL_TRANSDUCTION	GOBP_NEGATIVE_REGULATION_OF_RHO_PROTEIN_SIGNAL_TRANSDUCTION		27	0.3930742	1.076195	0.3112128	1.0	1.0	3560	tags=7%, list=10%, signal=8%	
GOBP_REGULATION_OF_CHROMOSOME_ORGANIZATION	GOBP_REGULATION_OF_CHROMOSOME_ORGANIZATION		238	0.2746881	1.0759876	0.21333334	1.0	1.0	17323	tags=47%, list=47%, signal=88%	
GOBP_REGULATION_OF_BLOOD_PRESSURE	GOBP_REGULATION_OF_BLOOD_PRESSURE		220	0.2785099	1.0756543	0.20306513	1.0	1.0	4704	tags=11%, list=13%, signal=13%	
GOBP_POSITIVE_REGULATION_OF_LIPID_STORAGE	GOBP_POSITIVE_REGULATION_OF_LIPID_STORAGE		21	0.41878527	1.0746969	0.36065573	1.0	1.0	4299	tags=14%, list=12%, signal=16%	
GOBP_REGULATION_OF_NEUROGENESIS	GOBP_REGULATION_OF_NEUROGENESIS		443	0.25754637	1.0740961	0.12849163	1.0	1.0	10315	tags=21%, list=28%, signal=28%	
GOBP_CENTROSOME_SEPARATION	GOBP_CENTROSOME_SEPARATION		17	0.44113702	1.0737675	0.36222222	1.0	1.0	9805	tags=29%, list=27%, signal=40%	
GOBP_VIRAL_GENOME_REPLICATION	GOBP_VIRAL_GENOME_REPLICATION		103	0.30538535	1.0734473	0.2803468	1.0	1.0	782	tags=4%, list=2%, signal=4%	
GOBP_ERYTHROCYTE_MATURATION	GOBP_ERYTHROCYTE_MATURATION		25	0.38583556	1.0731868	0.3286052	1.0	1.0	5622	tags=16%, list=15%, signal=19%	
GOBP_RETROGRADE_AXONAL_TRANSPORT	GOBP_RETROGRADE_AXONAL_TRANSPORT		25	0.3918418	1.0731431	0.32594234	1.0	1.0	8697	tags=24%, list=24%, signal=31%	
GOBP_VIRAL_RNA_GENOME_REPLICATION	GOBP_VIRAL_RNA_GENOME_REPLICATION		22	0.41640982	1.0724465	0.35421687	1.0	1.0	14705	tags=45%, list=40%, signal=75%	
GOBP_REGULATION_OF_SYNAPTIC_VESICLE_MEMBRANE_ORGANIZATION	GOBP_REGULATION_OF_SYNAPTIC_VESICLE_MEMBRANE_ORGANIZATION		29	0.3840159	1.0722309	0.3127854	1.0	1.0	10489	tags=41%, list=28%, signal=58%	
GOBP_TYROSINE_METABOLIC_PROCESS	GOBP_TYROSINE_METABOLIC_PROCESS		17	0.4182966	1.0721688	0.35585585	1.0	1.0	6227	tags=29%, list=17%, signal=35%	
GOBP_T_CELL_LINEAGE_COMMITMENT	GOBP_T_CELL_LINEAGE_COMMITMENT		37	0.3621966	1.0715137	0.3307888	1.0	1.0	4966	tags=14%, list=13%, signal=16%	
GOBP_EXOCYTIC_PROCESS	GOBP_EXOCYTIC_PROCESS		105	0.29690215	1.0712849	0.28739002	1.0	1.0	10794	tags=27%, list=29%, signal=38%	
GOBP_CARDIAC_EPITHELIAL_TO_MESENCHYMAL_TRANSITION	GOBP_CARDIAC_EPITHELIAL_TO_MESENCHYMAL_TRANSITION		37	0.3678444	1.0701605	0.32575756	1.0	1.0	14314	tags=43%, list=39%, signal=71%	
GOBP_SYNAPTIC_VESICLE_DOCKING	GOBP_SYNAPTIC_VESICLE_DOCKING		16	0.4466007	1.069841	0.37472767	1.0	1.0	2986	tags=13%, list=8%, signal=14%	
GOBP_NEPHRIC_DUCT_DEVELOPMENT	GOBP_NEPHRIC_DUCT_DEVELOPMENT		15	0.45339015	1.0696245	0.3773148	1.0	1.0	9710	tags=40%, list=26%, signal=54%	
GOBP_RESPONSE_TO_RETINOIC_ACID	GOBP_RESPONSE_TO_RETINOIC_ACID		98	0.29711303	1.0693678	0.29268292	1.0	1.0	1102	tags=5%, list=3%, signal=5%	
GOBP_RECEPTOR_CLUSTERING	GOBP_RECEPTOR_CLUSTERING		86	0.308974	1.0693072	0.2777778	1.0	1.0	3412	tags=8%, list=9%, signal=9%	
GOBP_NEGATIVE_REGULATION_OF_GTPASE_ACTIVITY	GOBP_NEGATIVE_REGULATION_OF_GTPASE_ACTIVITY		25	0.39610335	1.0691676	0.33485195	1.0	1.0	250	tags=4%, list=1%, signal=4%	
GOBP_STEROID_METABOLIC_PROCESS	GOBP_STEROID_METABOLIC_PROCESS		336	0.26415724	1.068397	0.17560975	1.0	1.0	11025	tags=32%, list=30%, signal=46%	
GOBP_RESPONSE_TO_GLUCAGON	GOBP_RESPONSE_TO_GLUCAGON		20	0.41280383	1.0683643	0.35253456	1.0	1.0	17	tags=5%, list=0%, signal=5%	
GOBP_POLYOL_BIOSYNTHETIC_PROCESS	GOBP_POLYOL_BIOSYNTHETIC_PROCESS		65	0.3220903	1.0675435	0.29166666	1.0	1.0	5597	tags=11%, list=15%, signal=13%	
GOBP_NEGATIVE_REGULATION_OF_AXON_EXTENSION	GOBP_NEGATIVE_REGULATION_OF_AXON_EXTENSION		37	0.3567707	1.0674582	0.34814814	1.0	1.0	6864	tags=16%, list=19%, signal=20%	
GOBP_FEEDING_BEHAVIOR	GOBP_FEEDING_BEHAVIOR		122	0.2956164	1.0672257	0.27531645	1.0	1.0	5384	tags=17%, list=15%, signal=20%	
GOBP_MATURATION_OF_SSU_RRNA	GOBP_MATURATION_OF_SSU_RRNA		50	0.33416453	1.0667493	0.31713554	1.0	1.0	24619	tags=100%, list=67%, signal=299%	
GOBP_REGULATION_OF_TELOMERE_MAINTENANCE	GOBP_REGULATION_OF_TELOMERE_MAINTENANCE		100	0.303553	1.0666168	0.25698325	1.0	1.0	17237	tags=45%, list=47%, signal=84%	
GOBP_PHOSPHOLIPID_EFFLUX	GOBP_PHOSPHOLIPID_EFFLUX		15	0.4440105	1.0661668	0.37809917	1.0	1.0	10533	tags=40%, list=29%, signal=56%	
GOBP_AMINO_ACID_IMPORT_ACROSS_PLASMA_MEMBRANE	GOBP_AMINO_ACID_IMPORT_ACROSS_PLASMA_MEMBRANE		58	0.33012956	1.0659078	0.32697546	1.0	1.0	10906	tags=33%, list=30%, signal=46%	
GOBP_EMBRYONIC_CAMERA_TYPE_EYE_MORPHOGENESIS	GOBP_EMBRYONIC_CAMERA_TYPE_EYE_MORPHOGENESIS		28	0.388197	1.0658475	0.35198134	1.0	1.0	3340	tags=11%, list=9%, signal=12%	
GOBP_OLEFINIC_COMPOUND_BIOSYNTHETIC_PROCESS	GOBP_OLEFINIC_COMPOUND_BIOSYNTHETIC_PROCESS		29	0.38315642	1.0653167	0.34285715	1.0	1.0	6695	tags=17%, list=18%, signal=21%	
GOBP_TRANSLATION_AT_SYNAPSE	GOBP_TRANSLATION_AT_SYNAPSE		48	0.3424925	1.0650733	0.34042552	1.0	1.0	24311	tags=100%, list=66%, signal=292%	
GOBP_CELLULAR_RESPONSE_TO_HEAT	GOBP_CELLULAR_RESPONSE_TO_HEAT		59	0.33050546	1.0643188	0.30933332	1.0	1.0	1859	tags=5%, list=5%, signal=5%	
GOBP_NEGATIVE_REGULATION_OF_EPITHELIAL_CELL_APOPTOTIC_PROCESS	GOBP_NEGATIVE_REGULATION_OF_EPITHELIAL_CELL_APOPTOTIC_PROCESS		28	0.3735608	1.0642748	0.35176992	1.0	1.0	11237	tags=32%, list=30%, signal=46%	
GOBP_RESPONSE_TO_IRON_ION	GOBP_RESPONSE_TO_IRON_ION		31	0.3666589	1.0637021	0.3340961	1.0	1.0	3857	tags=13%, list=10%, signal=14%	
GOBP_BIOMINERAL_TISSUE_DEVELOPMENT	GOBP_BIOMINERAL_TISSUE_DEVELOPMENT		185	0.27711624	1.0636716	0.2413793	1.0	1.0	10577	tags=24%, list=29%, signal=33%	
GOBP_SYNAPTIC_VESICLE_MEMBRANE_ORGANIZATION	GOBP_SYNAPTIC_VESICLE_MEMBRANE_ORGANIZATION		44	0.34328452	1.0632361	0.33944955	1.0	1.0	5396	tags=16%, list=15%, signal=19%	
GOBP_NEGATIVE_REGULATION_OF_FIBROBLAST_PROLIFERATION	GOBP_NEGATIVE_REGULATION_OF_FIBROBLAST_PROLIFERATION		37	0.3540475	1.0631565	0.3443038	1.0	1.0	14845	tags=38%, list=40%, signal=63%	
GOBP_NUCLEOBASE_CONTAINING_SMALL_MOLECULE_CATABOLIC_PROCESS	GOBP_NUCLEOBASE_CONTAINING_SMALL_MOLECULE_CATABOLIC_PROCESS		17	0.426695	1.0619369	0.37417942	1.0	1.0	4025	tags=18%, list=11%, signal=20%	
GOBP_REGULATION_OF_CHOLESTEROL_BIOSYNTHETIC_PROCESS	GOBP_REGULATION_OF_CHOLESTEROL_BIOSYNTHETIC_PROCESS		32	0.36785683	1.06167	0.35380834	1.0	1.0	14531	tags=41%, list=39%, signal=67%	
GOBP_RESPONSE_TO_FOLLICLE_STIMULATING_HORMONE	GOBP_RESPONSE_TO_FOLLICLE_STIMULATING_HORMONE		21	0.40651134	1.0613599	0.38173303	1.0	1.0	4876	tags=19%, list=13%, signal=22%	
GOBP_VITAMIN_TRANSMEMBRANE_TRANSPORT	GOBP_VITAMIN_TRANSMEMBRANE_TRANSPORT		23	0.39925712	1.0604547	0.33789954	1.0	1.0	10963	tags=35%, list=30%, signal=49%	
GOBP_GLYCOSYL_COMPOUND_CATABOLIC_PROCESS	GOBP_GLYCOSYL_COMPOUND_CATABOLIC_PROCESS		22	0.40555418	1.0603576	0.36175114	1.0	1.0	4025	tags=14%, list=11%, signal=15%	
GOBP_ANAPHASE_PROMOTING_COMPLEX_DEPENDENT_CATABOLIC_PROCESS	GOBP_ANAPHASE_PROMOTING_COMPLEX_DEPENDENT_CATABOLIC_PROCESS		25	0.39450064	1.0602235	0.3560606	1.0	1.0	312	tags=4%, list=1%, signal=4%	
GOBP_TRIGLYCERIDE_METABOLIC_PROCESS	GOBP_TRIGLYCERIDE_METABOLIC_PROCESS		124	0.2890833	1.0597938	0.28896105	1.0	1.0	11024	tags=32%, list=30%, signal=46%	
GOBP_REGULATION_OF_SYNAPTIC_VESICLE_ENDOCYTOSIS	GOBP_REGULATION_OF_SYNAPTIC_VESICLE_ENDOCYTOSIS		37	0.3573274	1.0596659	0.37064677	1.0	1.0	18178	tags=73%, list=49%, signal=143%	
GOBP_MITOCHONDRIAL_DEPOLARIZATION	GOBP_MITOCHONDRIAL_DEPOLARIZATION		32	0.37370673	1.0594337	0.37108433	1.0	1.0	4029	tags=13%, list=11%, signal=14%	
GOBP_REGULATION_OF_POTASSIUM_ION_TRANSMEMBRANE_TRANSPORT	GOBP_REGULATION_OF_POTASSIUM_ION_TRANSMEMBRANE_TRANSPORT		69	0.31219068	1.0594124	0.32581455	1.0	1.0	10250	tags=32%, list=28%, signal=44%	
GOBP_MUSCLE_HYPERTROPHY	GOBP_MUSCLE_HYPERTROPHY		125	0.28834817	1.059268	0.2857143	1.0	1.0	3560	tags=9%, list=10%, signal=10%	
GOBP_NEGATIVE_REGULATION_OF_NERVOUS_SYSTEM_DEVELOPMENT	GOBP_NEGATIVE_REGULATION_OF_NERVOUS_SYSTEM_DEVELOPMENT		163	0.27800062	1.0591384	0.24014337	1.0	1.0	10315	tags=25%, list=28%, signal=35%	
GOBP_SMOOTH_MUSCLE_CONTRACTION	GOBP_SMOOTH_MUSCLE_CONTRACTION		112	0.29600102	1.0591384	0.3236994	1.0	1.0	9466	tags=27%, list=26%, signal=36%	
GOBP_NEGATIVE_REGULATION_OF_WNT_SIGNALING_PATHWAY	GOBP_NEGATIVE_REGULATION_OF_WNT_SIGNALING_PATHWAY		171	0.2784791	1.0568591	0.29209623	1.0	1.0	15352	tags=47%, list=42%, signal=80%	
GOBP_DETOXIFICATION	GOBP_DETOXIFICATION		147	0.28563043	1.0565102	0.30792683	1.0	1.0	11119	tags=29%, list=30%, signal=42%	
GOBP_NEGATIVE_REGULATION_OF_INTERLEUKIN_2_PRODUCTION	GOBP_NEGATIVE_REGULATION_OF_INTERLEUKIN_2_PRODUCTION		25	0.3881093	1.0562184	0.38139534	1.0	1.0	7201	tags=20%, list=19%, signal=25%	
GOBP_SEGMENT_SPECIFICATION	GOBP_SEGMENT_SPECIFICATION		20	0.40015697	1.0549461	0.3795309	1.0	1.0	10941	tags=45%, list=30%, signal=64%	
GOBP_REGULATION_OF_CELLULAR_COMPONENT_SIZE	GOBP_REGULATION_OF_CELLULAR_COMPONENT_SIZE		389	0.25739798	1.0545369	0.22680412	1.0	1.0	5626	tags=9%, list=15%, signal=11%	
GOBP_NEGATIVE_REGULATION_OF_RNA_CATABOLIC_PROCESS	GOBP_NEGATIVE_REGULATION_OF_RNA_CATABOLIC_PROCESS		99	0.2987238	1.054323	0.3257143	1.0	1.0	16533	tags=48%, list=45%, signal=88%	
GOBP_REGULATION_OF_MEIOTIC_CELL_CYCLE	GOBP_REGULATION_OF_MEIOTIC_CELL_CYCLE		64	0.32138157	1.0535538	0.32307693	1.0	1.0	5567	tags=17%, list=15%, signal=20%	
GOBP_REGULATION_OF_SODIUM_ION_TRANSPORT	GOBP_REGULATION_OF_SODIUM_ION_TRANSPORT		80	0.3062832	1.0533476	0.32132965	1.0	1.0	9630	tags=20%, list=26%, signal=27%	
GOBP_INNATE_IMMUNE_RESPONSE_IN_MUCOSA	GOBP_INNATE_IMMUNE_RESPONSE_IN_MUCOSA		22	0.39409	1.0533279	0.36601308	1.0	1.0	4472	tags=18%, list=12%, signal=21%	
GOBP_3_UTR_MEDIATED_MRNA_STABILIZATION	GOBP_3_UTR_MEDIATED_MRNA_STABILIZATION		25	0.38616863	1.0523313	0.37439615	1.0	1.0	16239	tags=60%, list=44%, signal=107%	
GOBP_POSITIVE_REGULATION_OF_RELEASE_OF_SEQUESTERED_CALCIUM_ION_INTO_CYTOSOL	GOBP_POSITIVE_REGULATION_OF_RELEASE_OF_SEQUESTERED_CALCIUM_ION_INTO_CYTOSOL		32	0.3680789	1.0522171	0.3759036	1.0	1.0	5199	tags=16%, list=14%, signal=18%	
GOBP_REGULATION_OF_BONE_MINERALIZATION	GOBP_REGULATION_OF_BONE_MINERALIZATION		87	0.30423218	1.0518556	0.3260188	1.0	1.0	7290	tags=13%, list=20%, signal=16%	
GOBP_ANTIGEN_PROCESSING_AND_PRESENTATION_OF_PEPTIDE_ANTIGEN_VIA_MHC_CLASS_I	GOBP_ANTIGEN_PROCESSING_AND_PRESENTATION_OF_PEPTIDE_ANTIGEN_VIA_MHC_CLASS_I		50	0.33353156	1.0508435	0.36363637	1.0	1.0	7435	tags=24%, list=20%, signal=30%	
GOBP_ONE_CARBON_COMPOUND_TRANSPORT	GOBP_ONE_CARBON_COMPOUND_TRANSPORT		17	0.42713943	1.0507056	0.38392857	1.0	1.0	1759	tags=18%, list=5%, signal=19%	
GOBP_CELL_FATE_COMMITMENT	GOBP_CELL_FATE_COMMITMENT		289	0.25971052	1.0503443	0.2742616	1.0	1.0	9436	tags=22%, list=26%, signal=29%	
GOBP_ANTIBACTERIAL_HUMORAL_RESPONSE	GOBP_ANTIBACTERIAL_HUMORAL_RESPONSE		59	0.3262278	1.0499076	0.35656837	1.0	1.0	4472	tags=20%, list=12%, signal=23%	
GOBP_REGULATION_OF_POLYSACCHARIDE_METABOLIC_PROCESS	GOBP_REGULATION_OF_POLYSACCHARIDE_METABOLIC_PROCESS		53	0.33072972	1.0496867	0.33427763	1.0	1.0	13504	tags=40%, list=37%, signal=62%	
GOBP_NEGATIVE_REGULATION_OF_ALPHA_BETA_T_CELL_DIFFERENTIATION	GOBP_NEGATIVE_REGULATION_OF_ALPHA_BETA_T_CELL_DIFFERENTIATION		31	0.37348986	1.0496113	0.37320575	1.0	1.0	3936	tags=16%, list=11%, signal=18%	
GOBP_PROTEIN_SUMOYLATION	GOBP_PROTEIN_SUMOYLATION		47	0.3371452	1.0486534	0.39897698	1.0	1.0	5475	tags=11%, list=15%, signal=12%	
GOBP_PROTEIN_LOCALIZATION_TO_CHROMOSOME_CENTROMERIC_REGION	GOBP_PROTEIN_LOCALIZATION_TO_CHROMOSOME_CENTROMERIC_REGION		27	0.3759593	1.0479437	0.34180138	1.0	1.0	4579	tags=15%, list=12%, signal=17%	
GOBP_NEGATIVE_REGULATION_OF_ENDOPEPTIDASE_ACTIVITY	GOBP_NEGATIVE_REGULATION_OF_ENDOPEPTIDASE_ACTIVITY		22	0.39300796	1.0478998	0.35434783	1.0	1.0	5651	tags=23%, list=15%, signal=27%	
GOBP_LYMPHOCYTE_HOMEOSTASIS	GOBP_LYMPHOCYTE_HOMEOSTASIS		90	0.3006291	1.0478214	0.33146068	1.0	1.0	5563	tags=12%, list=15%, signal=14%	
GOBP_GAMMA_AMINOBUTYRIC_ACID_TRANSPORT	GOBP_GAMMA_AMINOBUTYRIC_ACID_TRANSPORT		28	0.36710104	1.047202	0.3738938	1.0	1.0	6847	tags=29%, list=19%, signal=35%	
GOBP_REGULATION_OF_WOUND_HEALING	GOBP_REGULATION_OF_WOUND_HEALING		133	0.28459284	1.0467179	0.2994012	1.0	1.0	11024	tags=23%, list=30%, signal=32%	
GOBP_NEGATIVE_REGULATION_OF_PEPTIDYL_TYROSINE_PHOSPHORYLATION	GOBP_NEGATIVE_REGULATION_OF_PEPTIDYL_TYROSINE_PHOSPHORYLATION		31	0.36845368	1.0458325	0.36658934	1.0	1.0	7419	tags=16%, list=20%, signal=20%	
GOBP_ENDOTHELIAL_CELL_PROLIFERATION	GOBP_ENDOTHELIAL_CELL_PROLIFERATION		154	0.27837986	1.0457217	0.29836065	1.0	1.0	7419	tags=13%, list=20%, signal=16%	
GOBP_NON_PROTEINOGENIC_AMINO_ACID_CATABOLIC_PROCESS	GOBP_NON_PROTEINOGENIC_AMINO_ACID_CATABOLIC_PROCESS		18	0.40711984	1.0456159	0.36725664	1.0	1.0	8709	tags=28%, list=24%, signal=36%	
GOBP_HYPOTHALAMUS_DEVELOPMENT	GOBP_HYPOTHALAMUS_DEVELOPMENT		23	0.3820562	1.0455413	0.35460994	1.0	1.0	6297	tags=22%, list=17%, signal=26%	
GOBP_POSITIVE_REGULATION_OF_ADIPOSE_TISSUE_DEVELOPMENT	GOBP_POSITIVE_REGULATION_OF_ADIPOSE_TISSUE_DEVELOPMENT		16	0.434137	1.0451195	0.38701922	1.0	1.0	4303	tags=19%, list=12%, signal=21%	
GOBP_METENCEPHALON_DEVELOPMENT	GOBP_METENCEPHALON_DEVELOPMENT		138	0.28443584	1.0446862	0.31525424	1.0	1.0	3739	tags=9%, list=10%, signal=10%	
GOBP_NEGATIVE_REGULATION_OF_NUCLEAR_DIVISION	GOBP_NEGATIVE_REGULATION_OF_NUCLEAR_DIVISION		71	0.3128149	1.0442015	0.33604336	1.0	1.0	5283	tags=13%, list=14%, signal=15%	
GOBP_MUCUS_SECRETION	GOBP_MUCUS_SECRETION		24	0.3879237	1.0435426	0.38479263	1.0	1.0	876	tags=8%, list=2%, signal=9%	
GOBP_FATTY_ACID_METABOLIC_PROCESS	GOBP_FATTY_ACID_METABOLIC_PROCESS		455	0.24948135	1.0434414	0.25146198	1.0	1.0	11056	tags=28%, list=30%, signal=39%	
GOBP_REGULATION_OF_OSTEOBLAST_DIFFERENTIATION	GOBP_REGULATION_OF_OSTEOBLAST_DIFFERENTIATION		153	0.28190133	1.0426062	0.3141892	1.0	1.0	14990	tags=39%, list=41%, signal=65%	
GOBP_ANTIMICROBIAL_HUMORAL_IMMUNE_RESPONSE_MEDIATED_BY_ANTIMICROBIAL_PEPTIDE	GOBP_ANTIMICROBIAL_HUMORAL_IMMUNE_RESPONSE_MEDIATED_BY_ANTIMICROBIAL_PEPTIDE		90	0.2999397	1.0426024	0.34131736	1.0	1.0	4797	tags=18%, list=13%, signal=20%	
GOBP_ARTERY_DEVELOPMENT	GOBP_ARTERY_DEVELOPMENT		124	0.28690165	1.0419348	0.34640524	1.0	1.0	10096	tags=20%, list=27%, signal=28%	
GOBP_ANTIGEN_PROCESSING_AND_PRESENTATION_OF_ENDOGENOUS_ANTIGEN	GOBP_ANTIGEN_PROCESSING_AND_PRESENTATION_OF_ENDOGENOUS_ANTIGEN		37	0.35221264	1.0417079	0.37588653	1.0	1.0	7426	tags=30%, list=20%, signal=37%	
GOBP_NEURON_MATURATION	GOBP_NEURON_MATURATION		62	0.31365436	1.041507	0.34358975	1.0	1.0	5422	tags=19%, list=15%, signal=23%	
GOBP_AMINO_ACID_TRANSPORT	GOBP_AMINO_ACID_TRANSPORT		188	0.27085242	1.0414981	0.2535211	1.0	1.0	11163	tags=31%, list=30%, signal=44%	
GOBP_POSITIVE_REGULATION_OF_VASCULAR_ASSOCIATED_SMOOTH_MUSCLE_CELL_PROLIFERATION	GOBP_POSITIVE_REGULATION_OF_VASCULAR_ASSOCIATED_SMOOTH_MUSCLE_CELL_PROLIFERATION		45	0.34143215	1.0413927	0.37830687	1.0	1.0	2738	tags=7%, list=7%, signal=7%	
GOBP_NEGATIVE_REGULATION_OF_SMOOTH_MUSCLE_CELL_DIFFERENTIATION	GOBP_NEGATIVE_REGULATION_OF_SMOOTH_MUSCLE_CELL_DIFFERENTIATION		17	0.41999513	1.0413289	0.3975	1.0	1.0	8594	tags=24%, list=23%, signal=31%	
GOBP_REGULATION_OF_MITOTIC_NUCLEAR_DIVISION	GOBP_REGULATION_OF_MITOTIC_NUCLEAR_DIVISION		120	0.28731027	1.0412927	0.35409835	1.0	1.0	10987	tags=23%, list=30%, signal=33%	
GOBP_NEGATIVE_ADAPTATION_OF_SIGNALING_PATHWAY	GOBP_NEGATIVE_ADAPTATION_OF_SIGNALING_PATHWAY		28	0.37552142	1.041048	0.37182447	1.0	1.0	5199	tags=18%, list=14%, signal=21%	
GOBP_REGULATION_OF_VIRAL_ENTRY_INTO_HOST_CELL	GOBP_REGULATION_OF_VIRAL_ENTRY_INTO_HOST_CELL		23	0.4004403	1.0406679	0.40092167	1.0	1.0	5459	tags=13%, list=15%, signal=15%	
GOBP_REGULATION_OF_CELLULAR_RESPONSE_TO_GROWTH_FACTOR_STIMULUS	GOBP_REGULATION_OF_CELLULAR_RESPONSE_TO_GROWTH_FACTOR_STIMULUS		327	0.25669232	1.0403996	0.28365386	1.0	1.0	11080	tags=22%, list=30%, signal=32%	
GOBP_TOLL_LIKE_RECEPTOR_SIGNALING_PATHWAY	GOBP_TOLL_LIKE_RECEPTOR_SIGNALING_PATHWAY		81	0.30464914	1.0401088	0.3791209	1.0	1.0	4574	tags=9%, list=12%, signal=10%	
GOBP_LIPOPROTEIN_LOCALIZATION	GOBP_LIPOPROTEIN_LOCALIZATION		25	0.37796587	1.0400918	0.379717	1.0	1.0	11011	tags=40%, list=30%, signal=57%	
GOBP_ANTIMICROBIAL_HUMORAL_RESPONSE	GOBP_ANTIMICROBIAL_HUMORAL_RESPONSE		124	0.28564423	1.0400299	0.36555892	1.0	1.0	4797	tags=18%, list=13%, signal=20%	
GOBP_RESPONSE_TO_LEAD_ION	GOBP_RESPONSE_TO_LEAD_ION		23	0.3918388	1.0396922	0.39030024	1.0	1.0	16133	tags=57%, list=44%, signal=100%	
GOBP_REGULATION_OF_INTEGRIN_MEDIATED_SIGNALING_PATHWAY	GOBP_REGULATION_OF_INTEGRIN_MEDIATED_SIGNALING_PATHWAY		23	0.3919594	1.0396079	0.38443935	1.0	1.0	15398	tags=52%, list=42%, signal=89%	
GOBP_REGULATION_OF_TUBE_SIZE	GOBP_REGULATION_OF_TUBE_SIZE		193	0.2701379	1.0394408	0.32851985	1.0	1.0	11053	tags=27%, list=30%, signal=38%	
GOBP_REGULATION_OF_ENDOPLASMIC_RETICULUM_UNFOLDED_PROTEIN_RESPONSE	GOBP_REGULATION_OF_ENDOPLASMIC_RETICULUM_UNFOLDED_PROTEIN_RESPONSE		31	0.36399645	1.0379906	0.35204083	1.0	1.0	687	tags=3%, list=2%, signal=3%	
GOBP_ESTROGEN_METABOLIC_PROCESS	GOBP_ESTROGEN_METABOLIC_PROCESS		34	0.35543528	1.0372257	0.37905237	1.0	1.0	7502	tags=29%, list=20%, signal=37%	
GOBP_REGULATION_OF_LIPOPOLYSACCHARIDE_MEDIATED_SIGNALING_PATHWAY	GOBP_REGULATION_OF_LIPOPOLYSACCHARIDE_MEDIATED_SIGNALING_PATHWAY		31	0.36376786	1.0369791	0.37528604	1.0	1.0	396	tags=6%, list=1%, signal=7%	
GOBP_POSITIVE_REGULATION_OF_OSSIFICATION	GOBP_POSITIVE_REGULATION_OF_OSSIFICATION		66	0.31341508	1.0369549	0.37795275	1.0	1.0	7773	tags=17%, list=21%, signal=21%	
GOBP_PERK_MEDIATED_UNFOLDED_PROTEIN_RESPONSE	GOBP_PERK_MEDIATED_UNFOLDED_PROTEIN_RESPONSE		22	0.39615315	1.0369194	0.3776722	1.0	1.0	687	tags=5%, list=2%, signal=5%	
GOBP_NEGATIVE_REGULATION_OF_LIPID_CATABOLIC_PROCESS	GOBP_NEGATIVE_REGULATION_OF_LIPID_CATABOLIC_PROCESS		32	0.3612002	1.0368197	0.3906977	1.0	1.0	5125	tags=19%, list=14%, signal=22%	
GOBP_G1_TO_G0_TRANSITION	GOBP_G1_TO_G0_TRANSITION		20	0.39864334	1.0364431	0.41050118	1.0	1.0	64	tags=5%, list=0%, signal=5%	
GOBP_NEURON_PROJECTION_GUIDANCE	GOBP_NEURON_PROJECTION_GUIDANCE		250	0.26172245	1.0361007	0.32	1.0	1.0	10924	tags=29%, list=30%, signal=41%	
GOBP_NEGATIVE_REGULATION_OF_CELL_GROWTH	GOBP_NEGATIVE_REGULATION_OF_CELL_GROWTH		188	0.27277657	1.0360731	0.2901024	1.0	1.0	2421	tags=5%, list=7%, signal=6%	
GOBP_TROPHOBLAST_CELL_MIGRATION	GOBP_TROPHOBLAST_CELL_MIGRATION		21	0.39239305	1.035728	0.3888889	1.0	1.0	16951	tags=62%, list=46%, signal=114%	
GOBP_C21_STEROID_HORMONE_METABOLIC_PROCESS	GOBP_C21_STEROID_HORMONE_METABOLIC_PROCESS		43	0.3418361	1.0357156	0.37244898	1.0	1.0	11019	tags=40%, list=30%, signal=56%	
GOBP_REGULATION_OF_EPITHELIAL_TO_MESENCHYMAL_TRANSITION	GOBP_REGULATION_OF_EPITHELIAL_TO_MESENCHYMAL_TRANSITION		107	0.28727096	1.0356075	0.34754097	1.0	1.0	14231	tags=33%, list=39%, signal=53%	
GOBP_EPITHELIAL_CELL_PROLIFERATION	GOBP_EPITHELIAL_CELL_PROLIFERATION		456	0.24957038	1.0353429	0.24870466	1.0	1.0	5532	tags=9%, list=15%, signal=11%	
GOBP_METANEPHROS_DEVELOPMENT	GOBP_METANEPHROS_DEVELOPMENT		97	0.29313576	1.0353264	0.35243553	1.0	1.0	11102	tags=32%, list=30%, signal=46%	
GOBP_REGULATION_OF_VESICLE_SIZE	GOBP_REGULATION_OF_VESICLE_SIZE		19	0.4028966	1.0350416	0.37629938	1.0	1.0	18392	tags=74%, list=50%, signal=147%	
GOBP_PHOSPHATIDYLCHOLINE_BIOSYNTHETIC_PROCESS	GOBP_PHOSPHATIDYLCHOLINE_BIOSYNTHETIC_PROCESS		23	0.39586848	1.0349138	0.4192771	1.0	1.0	17953	tags=74%, list=49%, signal=144%	
GOBP_CELL_SURFACE_PATTERN_RECOGNITION_RECEPTOR_SIGNALING_PATHWAY	GOBP_CELL_SURFACE_PATTERN_RECOGNITION_RECEPTOR_SIGNALING_PATHWAY		88	0.29823333	1.0345311	0.36512262	1.0	1.0	2403	tags=6%, list=7%, signal=6%	
GOBP_REGULATION_OF_CELL_FATE_COMMITMENT	GOBP_REGULATION_OF_CELL_FATE_COMMITMENT		47	0.33584133	1.0344546	0.3875598	1.0	1.0	9073	tags=21%, list=25%, signal=28%	
GOBP_POSITIVE_REGULATION_OF_HYDROLASE_ACTIVITY	GOBP_POSITIVE_REGULATION_OF_HYDROLASE_ACTIVITY		143	0.28206217	1.0342493	0.34640524	1.0	1.0	2575	tags=4%, list=7%, signal=4%	
GOBP_REGULATION_OF_EPITHELIAL_CELL_PROLIFERATION	GOBP_REGULATION_OF_EPITHELIAL_CELL_PROLIFERATION		372	0.25103047	1.0340924	0.27027026	1.0	1.0	4797	tags=8%, list=13%, signal=9%	
GOBP_CEREBRAL_CORTEX_RADIALLY_ORIENTED_CELL_MIGRATION	GOBP_CEREBRAL_CORTEX_RADIALLY_ORIENTED_CELL_MIGRATION		39	0.33878067	1.0330359	0.38349515	1.0	1.0	2602	tags=10%, list=7%, signal=11%	
GOBP_POSITIVE_REGULATION_OF_PROTEIN_SECRETION	GOBP_POSITIVE_REGULATION_OF_PROTEIN_SECRETION		179	0.2737739	1.0329571	0.36398467	1.0	1.0	3101	tags=8%, list=8%, signal=8%	
GOBP_ALCOHOL_METABOLIC_PROCESS	GOBP_ALCOHOL_METABOLIC_PROCESS		355	0.2530029	1.0328026	0.33636364	1.0	1.0	11019	tags=27%, list=30%, signal=39%	
GOBP_RESPONSE_TO_HYPEROXIA	GOBP_RESPONSE_TO_HYPEROXIA		16	0.42513493	1.0327414	0.40465117	1.0	1.0	4073	tags=19%, list=11%, signal=21%	
GOBP_STRIATED_MUSCLE_CELL_PROLIFERATION	GOBP_STRIATED_MUSCLE_CELL_PROLIFERATION		89	0.2963833	1.0326904	0.36555892	1.0	1.0	3388	tags=8%, list=9%, signal=9%	
GOBP_XENOBIOTIC_TRANSMEMBRANE_TRANSPORT	GOBP_XENOBIOTIC_TRANSMEMBRANE_TRANSPORT		17	0.4202419	1.0326062	0.40497738	1.0	1.0	5277	tags=24%, list=14%, signal=27%	
GOBP_MITOTIC_NUCLEAR_DIVISION	GOBP_MITOTIC_NUCLEAR_DIVISION		281	0.26044813	1.0323174	0.3242009	1.0	1.0	10987	tags=20%, list=30%, signal=28%	
GOBP_SNRNA_PROCESSING	GOBP_SNRNA_PROCESSING		33	0.36113977	1.0322688	0.4009662	1.0	1.0	17243	tags=64%, list=47%, signal=119%	
GOBP_NEGATIVE_REGULATION_OF_ADAPTIVE_IMMUNE_RESPONSE	GOBP_NEGATIVE_REGULATION_OF_ADAPTIVE_IMMUNE_RESPONSE		66	0.30944848	1.0322274	0.36363637	1.0	1.0	3535	tags=12%, list=10%, signal=13%	
GOBP_ERYTHROCYTE_DEVELOPMENT	GOBP_ERYTHROCYTE_DEVELOPMENT		55	0.323687	1.0321765	0.36512262	1.0	1.0	5622	tags=13%, list=15%, signal=15%	
GOBP_REGULATION_OF_VIRAL_GENOME_REPLICATION	GOBP_REGULATION_OF_VIRAL_GENOME_REPLICATION		78	0.30028874	1.0317574	0.35638297	1.0	1.0	11075	tags=24%, list=30%, signal=35%	
GOBP_LIPID_MODIFICATION	GOBP_LIPID_MODIFICATION		185	0.26848984	1.0316168	0.36619717	1.0	1.0	6255	tags=13%, list=17%, signal=16%	
GOBP_REGULATION_OF_CHOLESTEROL_METABOLIC_PROCESS	GOBP_REGULATION_OF_CHOLESTEROL_METABOLIC_PROCESS		53	0.32227263	1.0314767	0.34933335	1.0	1.0	13632	tags=42%, list=37%, signal=66%	
GOBP_REGULATION_OF_PROTEIN_LOCALIZATION_TO_MEMBRANE	GOBP_REGULATION_OF_PROTEIN_LOCALIZATION_TO_MEMBRANE		201	0.26575008	1.0313798	0.3380783	1.0	1.0	5727	tags=8%, list=15%, signal=10%	
GOBP_REGULATION_OF_CARDIAC_MUSCLE_CELL_DIFFERENTIATION	GOBP_REGULATION_OF_CARDIAC_MUSCLE_CELL_DIFFERENTIATION		19	0.40248585	1.0312631	0.39503387	1.0	1.0	15669	tags=63%, list=42%, signal=110%	
GOBP_RESPONSE_TO_NICOTINE	GOBP_RESPONSE_TO_NICOTINE		51	0.32746157	1.031207	0.37105262	1.0	1.0	4386	tags=20%, list=12%, signal=22%	
GOBP_EXOCYTOSIS	GOBP_EXOCYTOSIS		395	0.24873297	1.0310715	0.2819149	1.0	1.0	10965	tags=23%, list=30%, signal=32%	
GOBP_SPONTANEOUS_SYNAPTIC_TRANSMISSION	GOBP_SPONTANEOUS_SYNAPTIC_TRANSMISSION		16	0.4290895	1.030382	0.40685225	1.0	1.0	2986	tags=13%, list=8%, signal=14%	
GOBP_SISTER_CHROMATID_SEGREGATION	GOBP_SISTER_CHROMATID_SEGREGATION		234	0.26002383	1.030289	0.35177866	1.0	1.0	10165	tags=16%, list=28%, signal=22%	
GOBP_LINOLEIC_ACID_METABOLIC_PROCESS	GOBP_LINOLEIC_ACID_METABOLIC_PROCESS		23	0.38931322	1.0301571	0.4079254	1.0	1.0	7452	tags=39%, list=20%, signal=49%	
GOBP_VESICLE_DOCKING_INVOLVED_IN_EXOCYTOSIS	GOBP_VESICLE_DOCKING_INVOLVED_IN_EXOCYTOSIS		39	0.34531525	1.0289401	0.37433156	1.0	1.0	2986	tags=8%, list=8%, signal=8%	
GOBP_OUTFLOW_TRACT_SEPTUM_MORPHOGENESIS	GOBP_OUTFLOW_TRACT_SEPTUM_MORPHOGENESIS		30	0.3615117	1.0276221	0.38657406	1.0	1.0	10021	tags=23%, list=27%, signal=32%	
GOBP_REGULATED_EXOCYTOSIS	GOBP_REGULATED_EXOCYTOSIS		258	0.26228544	1.0274224	0.33070865	1.0	1.0	10489	tags=23%, list=28%, signal=32%	
GOBP_TRANS_SYNAPTIC_SIGNALING_MODULATING_SYNAPTIC_TRANSMISSION	GOBP_TRANS_SYNAPTIC_SIGNALING_MODULATING_SYNAPTIC_TRANSMISSION		25	0.3766667	1.0266389	0.39529413	1.0	1.0	5453	tags=28%, list=15%, signal=33%	
GOBP_OLIGODENDROCYTE_DEVELOPMENT	GOBP_OLIGODENDROCYTE_DEVELOPMENT		52	0.31914976	1.0266243	0.39276487	1.0	1.0	3747	tags=10%, list=10%, signal=11%	
GOBP_COMPLEMENT_ACTIVATION_CLASSICAL_PATHWAY	GOBP_COMPLEMENT_ACTIVATION_CLASSICAL_PATHWAY		34	0.35275832	1.0259519	0.42525774	1.0	1.0	10714	tags=47%, list=29%, signal=66%	
GOBP_RESPONSE_TO_TOXIC_SUBSTANCE	GOBP_RESPONSE_TO_TOXIC_SUBSTANCE		241	0.25757	1.025307	0.36758894	1.0	1.0	11119	tags=27%, list=30%, signal=39%	
GOBP_EPITHELIAL_CELL_MORPHOGENESIS	GOBP_EPITHELIAL_CELL_MORPHOGENESIS		49	0.33009732	1.0251601	0.4011142	1.0	1.0	1379	tags=6%, list=4%, signal=6%	
GOBP_SIGNALING_RECEPTOR_LIGAND_PRECURSOR_PROCESSING	GOBP_SIGNALING_RECEPTOR_LIGAND_PRECURSOR_PROCESSING		39	0.34406	1.0251169	0.40384614	1.0	1.0	3767	tags=10%, list=10%, signal=11%	
GOBP_POSITIVE_REGULATION_OF_PROTEIN_SUMOYLATION	GOBP_POSITIVE_REGULATION_OF_PROTEIN_SUMOYLATION		15	0.43200547	1.0248078	0.4311111	1.0	1.0	5475	tags=13%, list=15%, signal=16%	
GOBP_PROTEIN_INSERTION_INTO_MEMBRANE	GOBP_PROTEIN_INSERTION_INTO_MEMBRANE		64	0.31238678	1.0247456	0.37265417	1.0	1.0	133	tags=3%, list=0%, signal=3%	
GOBP_NEGATIVE_REGULATION_OF_INTERLEUKIN_6_PRODUCTION	GOBP_NEGATIVE_REGULATION_OF_INTERLEUKIN_6_PRODUCTION		50	0.33046582	1.0245115	0.37804878	1.0	1.0	1268	tags=8%, list=3%, signal=8%	
GOBP_GRANULOCYTE_MIGRATION	GOBP_GRANULOCYTE_MIGRATION		142	0.27340683	1.0231569	0.37704918	1.0	1.0	10574	tags=27%, list=29%, signal=38%	
GOBP_NEGATIVE_REGULATION_OF_DENDRITIC_SPINE_DEVELOPMENT	GOBP_NEGATIVE_REGULATION_OF_DENDRITIC_SPINE_DEVELOPMENT		18	0.4000262	1.0229412	0.40888888	1.0	1.0	3412	tags=17%, list=9%, signal=18%	
GOBP_POSITIVE_REGULATION_OF_CALCIUM_ION_DEPENDENT_EXOCYTOSIS	GOBP_POSITIVE_REGULATION_OF_CALCIUM_ION_DEPENDENT_EXOCYTOSIS		24	0.38159716	1.0229105	0.39909297	1.0	1.0	5166	tags=25%, list=14%, signal=29%	
GOBP_HUMORAL_IMMUNE_RESPONSE	GOBP_HUMORAL_IMMUNE_RESPONSE		210	0.26178113	1.0228856	0.3448276	1.0	1.0	4970	tags=15%, list=13%, signal=17%	
GOBP_POSITIVE_REGULATION_OF_CALCIUM_ION_TRANSPORT	GOBP_POSITIVE_REGULATION_OF_CALCIUM_ION_TRANSPORT		107	0.2868662	1.0228014	0.36774194	1.0	1.0	9401	tags=22%, list=25%, signal=30%	
GOBP_NUCLEOSIDE_MONOPHOSPHATE_CATABOLIC_PROCESS	GOBP_NUCLEOSIDE_MONOPHOSPHATE_CATABOLIC_PROCESS		22	0.3874468	1.0225976	0.43294117	1.0	1.0	6391	tags=23%, list=17%, signal=27%	
GOBP_POSITIVE_REGULATION_OF_AUTOPHAGOSOME_ASSEMBLY	GOBP_POSITIVE_REGULATION_OF_AUTOPHAGOSOME_ASSEMBLY		24	0.38736174	1.0224508	0.41882354	1.0	1.0	604	tags=4%, list=2%, signal=4%	
GOBP_REGULATION_OF_AUTOPHAGOSOME_ASSEMBLY	GOBP_REGULATION_OF_AUTOPHAGOSOME_ASSEMBLY		50	0.32444578	1.0216391	0.37	1.0	1.0	2077	tags=4%, list=6%, signal=4%	
GOBP_POSITIVE_REGULATION_OF_T_HELPER_17_TYPE_IMMUNE_RESPONSE	GOBP_POSITIVE_REGULATION_OF_T_HELPER_17_TYPE_IMMUNE_RESPONSE		19	0.39395985	1.0215139	0.40898877	1.0	1.0	2715	tags=11%, list=7%, signal=11%	
GOBP_EXIT_FROM_MITOSIS	GOBP_EXIT_FROM_MITOSIS		26	0.3666952	1.0204854	0.43052393	1.0	1.0	208	tags=4%, list=1%, signal=4%	
GOBP_RESPONSE_TO_BMP	GOBP_RESPONSE_TO_BMP		169	0.27152714	1.0199988	0.39534885	1.0	1.0	5140	tags=11%, list=14%, signal=13%	
GOBP_ACID_SECRETION	GOBP_ACID_SECRETION		47	0.32524532	1.0197763	0.38539043	1.0	1.0	6847	tags=23%, list=19%, signal=29%	
GOBP_GROWTH_PLATE_CARTILAGE_DEVELOPMENT	GOBP_GROWTH_PLATE_CARTILAGE_DEVELOPMENT		27	0.37058112	1.0196695	0.44545454	1.0	1.0	4053	tags=11%, list=11%, signal=12%	
GOBP_METANEPHROS_MORPHOGENESIS	GOBP_METANEPHROS_MORPHOGENESIS		29	0.36161703	1.0195594	0.42751843	1.0	1.0	10331	tags=38%, list=28%, signal=53%	
GOBP_ORGANIC_ANION_TRANSPORT	GOBP_ORGANIC_ANION_TRANSPORT		454	0.24366884	1.0195092	0.35359117	1.0	1.0	5613	tags=13%, list=15%, signal=15%	
GOBP_REGULATION_OF_MEMBRANE_DEPOLARIZATION	GOBP_REGULATION_OF_MEMBRANE_DEPOLARIZATION		56	0.315337	1.0194842	0.39563107	1.0	1.0	5071	tags=11%, list=14%, signal=12%	
GOBP_POLYOL_METABOLIC_PROCESS	GOBP_POLYOL_METABOLIC_PROCESS		106	0.2864939	1.0193033	0.3836858	1.0	1.0	5597	tags=9%, list=15%, signal=11%	
GOBP_XENOBIOTIC_TRANSPORT	GOBP_XENOBIOTIC_TRANSPORT		52	0.3176705	1.0190383	0.4260204	1.0	1.0	10109	tags=35%, list=27%, signal=48%	
GOBP_EMBRYONIC_CAMERA_TYPE_EYE_DEVELOPMENT	GOBP_EMBRYONIC_CAMERA_TYPE_EYE_DEVELOPMENT		41	0.3376324	1.0189298	0.42025316	1.0	1.0	4003	tags=10%, list=11%, signal=11%	
GOBP_L_GLUTAMATE_IMPORT_ACROSS_PLASMA_MEMBRANE	GOBP_L_GLUTAMATE_IMPORT_ACROSS_PLASMA_MEMBRANE		18	0.40929556	1.0184568	0.42263278	1.0	1.0	10906	tags=28%, list=30%, signal=39%	
GOBP_SYNAPTIC_VESICLE_EXOCYTOSIS	GOBP_SYNAPTIC_VESICLE_EXOCYTOSIS		130	0.27954486	1.0183226	0.3979933	1.0	1.0	10489	tags=25%, list=28%, signal=35%	
GOBP_ENUCLEATE_ERYTHROCYTE_DIFFERENTIATION	GOBP_ENUCLEATE_ERYTHROCYTE_DIFFERENTIATION		16	0.41464433	1.0181197	0.4189815	1.0	1.0	9096	tags=25%, list=25%, signal=33%	
GOBP_MODULATION_BY_SYMBIONT_OF_ENTRY_INTO_HOST	GOBP_MODULATION_BY_SYMBIONT_OF_ENTRY_INTO_HOST		28	0.36529914	1.0175769	0.42553192	1.0	1.0	5459	tags=11%, list=15%, signal=13%	
GOBP_RENAL_SYSTEM_DEVELOPMENT	GOBP_RENAL_SYSTEM_DEVELOPMENT		373	0.24912244	1.0173305	0.36945814	1.0	1.0	11102	tags=25%, list=30%, signal=36%	
GOBP_CHROMOSOME_SEPARATION	GOBP_CHROMOSOME_SEPARATION		87	0.2952618	1.0173302	0.40672782	1.0	1.0	6935	tags=13%, list=19%, signal=16%	
GOBP_CENTRAL_NERVOUS_SYSTEM_NEURON_DIFFERENTIATION	GOBP_CENTRAL_NERVOUS_SYSTEM_NEURON_DIFFERENTIATION		231	0.26046172	1.0168642	0.37313432	1.0	1.0	10746	tags=26%, list=29%, signal=36%	
GOBP_REGULATION_OF_MICROTUBULE_POLYMERIZATION	GOBP_REGULATION_OF_MICROTUBULE_POLYMERIZATION		60	0.31407213	1.0166374	0.40983605	1.0	1.0	3276	tags=5%, list=9%, signal=5%	
GOBP_REGULATION_OF_REGULATED_SECRETORY_PATHWAY	GOBP_REGULATION_OF_REGULATED_SECRETORY_PATHWAY		156	0.26905763	1.0165241	0.39016393	1.0	1.0	5702	tags=11%, list=15%, signal=13%	
GOBP_ATRIAL_SEPTUM_DEVELOPMENT	GOBP_ATRIAL_SEPTUM_DEVELOPMENT		24	0.38050985	1.0165048	0.43537414	1.0	1.0	8352	tags=21%, list=23%, signal=27%	
GOBP_RESPONSE_TO_PURINE_CONTAINING_COMPOUND	GOBP_RESPONSE_TO_PURINE_CONTAINING_COMPOUND		154	0.27205738	1.0164222	0.4	1.0	1.0	7580	tags=17%, list=21%, signal=21%	
GOBP_NEGATIVE_REGULATION_OF_PROTEOLYSIS	GOBP_NEGATIVE_REGULATION_OF_PROTEOLYSIS		167	0.26653314	1.0163327	0.38235295	1.0	1.0	5651	tags=9%, list=15%, signal=11%	
GOBP_SOMITE_DEVELOPMENT	GOBP_SOMITE_DEVELOPMENT		87	0.29087073	1.0158567	0.41839764	1.0	1.0	10463	tags=25%, list=28%, signal=35%	
GOBP_NK_T_CELL_DIFFERENTIATION	GOBP_NK_T_CELL_DIFFERENTIATION		16	0.4120167	1.0153531	0.41573033	1.0	1.0	9217	tags=25%, list=25%, signal=33%	
GOBP_ORGANIC_ACID_BIOSYNTHETIC_PROCESS	GOBP_ORGANIC_ACID_BIOSYNTHETIC_PROCESS		336	0.24601175	1.015343	0.37755102	1.0	1.0	11100	tags=28%, list=30%, signal=40%	
GOBP_NEGATIVE_REGULATION_OF_SYNAPSE_ORGANIZATION	GOBP_NEGATIVE_REGULATION_OF_SYNAPSE_ORGANIZATION		21	0.39278367	1.0150024	0.4155251	1.0	1.0	13399	tags=33%, list=36%, signal=52%	
GOBP_NEGATIVE_REGULATION_OF_AMINO_ACID_TRANSPORT	GOBP_NEGATIVE_REGULATION_OF_AMINO_ACID_TRANSPORT		18	0.40548348	1.0149288	0.43607306	1.0	1.0	1613	tags=11%, list=4%, signal=12%	
GOBP_LUNG_EPITHELIUM_DEVELOPMENT	GOBP_LUNG_EPITHELIUM_DEVELOPMENT		52	0.31271037	1.0148368	0.43367347	1.0	1.0	15708	tags=56%, list=43%, signal=97%	
GOBP_SYNAPTIC_TRANSMISSION_GLUTAMATERGIC	GOBP_SYNAPTIC_TRANSMISSION_GLUTAMATERGIC		118	0.28045282	1.0148101	0.403125	1.0	1.0	4595	tags=14%, list=12%, signal=16%	
GOBP_POSITIVE_REGULATION_OF_VASCULAR_ENDOTHELIAL_GROWTH_FACTOR_PRODUCTION	GOBP_POSITIVE_REGULATION_OF_VASCULAR_ENDOTHELIAL_GROWTH_FACTOR_PRODUCTION		29	0.36186996	1.0147145	0.4168798	1.0	1.0	8759	tags=24%, list=24%, signal=32%	
GOBP_ARTERY_MORPHOGENESIS	GOBP_ARTERY_MORPHOGENESIS		84	0.29679304	1.0141534	0.39481267	1.0	1.0	10096	tags=23%, list=27%, signal=31%	
GOBP_REGULATION_OF_EXTENT_OF_CELL_GROWTH	GOBP_REGULATION_OF_EXTENT_OF_CELL_GROWTH		116	0.2783878	1.0136982	0.38304093	1.0	1.0	7293	tags=13%, list=20%, signal=16%	
GOBP_NEGATIVE_REGULATION_OF_RECEPTOR_SIGNALING_PATHWAY_VIA_STAT	GOBP_NEGATIVE_REGULATION_OF_RECEPTOR_SIGNALING_PATHWAY_VIA_STAT		27	0.363656	1.0136962	0.4152334	1.0	1.0	11075	tags=30%, list=30%, signal=42%	
GOBP_PLASMA_MEMBRANE_PHOSPHOLIPID_SCRAMBLING	GOBP_PLASMA_MEMBRANE_PHOSPHOLIPID_SCRAMBLING		29	0.35792828	1.0135483	0.41463414	1.0	1.0	531	tags=7%, list=1%, signal=7%	
GOBP_CARDIOBLAST_DIFFERENTIATION	GOBP_CARDIOBLAST_DIFFERENTIATION		15	0.4416386	1.0132523	0.44419643	1.0	1.0	3711	tags=20%, list=10%, signal=22%	
GOBP_SYNAPTIC_VESICLE_LUMEN_ACIDIFICATION	GOBP_SYNAPTIC_VESICLE_LUMEN_ACIDIFICATION		20	0.39564422	1.0131617	0.427907	1.0	1.0	9517	tags=25%, list=26%, signal=34%	
GOBP_KETONE_CATABOLIC_PROCESS	GOBP_KETONE_CATABOLIC_PROCESS		17	0.4150876	1.0126685	0.43196544	1.0	1.0	6594	tags=18%, list=18%, signal=21%	
GOBP_REGULATION_OF_RESPONSE_TO_OXIDATIVE_STRESS	GOBP_REGULATION_OF_RESPONSE_TO_OXIDATIVE_STRESS		41	0.3347757	1.0125532	0.4057971	1.0	1.0	8544	tags=15%, list=23%, signal=19%	
GOBP_ADHESION_OF_SYMBIONT_TO_HOST	GOBP_ADHESION_OF_SYMBIONT_TO_HOST		17	0.42020756	1.0124643	0.43678162	1.0	1.0	396	tags=6%, list=1%, signal=6%	
GOBP_PROTEIN_LOCALIZATION_TO_SYNAPSE	GOBP_PROTEIN_LOCALIZATION_TO_SYNAPSE		111	0.27962416	1.012346	0.4151515	1.0	1.0	7622	tags=18%, list=21%, signal=23%	
GOBP_SYNAPTIC_ASSEMBLY_AT_NEUROMUSCULAR_JUNCTION	GOBP_SYNAPTIC_ASSEMBLY_AT_NEUROMUSCULAR_JUNCTION		16	0.40851462	1.0116655	0.4255814	1.0	1.0	675	tags=6%, list=2%, signal=6%	
GOBP_POSITIVE_REGULATION_OF_SYNAPTIC_TRANSMISSION_GLUTAMATERGIC	GOBP_POSITIVE_REGULATION_OF_SYNAPTIC_TRANSMISSION_GLUTAMATERGIC		40	0.33658108	1.0112964	0.4394737	1.0	1.0	4595	tags=20%, list=12%, signal=23%	
GOBP_HEPATICOBILIARY_SYSTEM_DEVELOPMENT	GOBP_HEPATICOBILIARY_SYSTEM_DEVELOPMENT		190	0.2638722	1.0109494	0.38225257	1.0	1.0	10941	tags=25%, list=30%, signal=35%	
GOBP_NEGATIVE_REGULATION_OF_T_CELL_DIFFERENTIATION	GOBP_NEGATIVE_REGULATION_OF_T_CELL_DIFFERENTIATION		50	0.32217866	1.0104333	0.4282116	1.0	1.0	3936	tags=12%, list=11%, signal=13%	
GOBP_GLYCOPROTEIN_BIOSYNTHETIC_PROCESS	GOBP_GLYCOPROTEIN_BIOSYNTHETIC_PROCESS		283	0.25388992	1.0099398	0.37603307	1.0	1.0	16120	tags=50%, list=44%, signal=88%	
GOBP_REGULATION_OF_FILOPODIUM_ASSEMBLY	GOBP_REGULATION_OF_FILOPODIUM_ASSEMBLY		54	0.31097847	1.0096823	0.41666666	1.0	1.0	3412	tags=7%, list=9%, signal=8%	
GOBP_PROTEIN_LOCALIZATION_TO_CELL_PERIPHERY	GOBP_PROTEIN_LOCALIZATION_TO_CELL_PERIPHERY		400	0.24534272	1.008068	0.4	1.0	1.0	5695	tags=9%, list=15%, signal=10%	
GOBP_REGULATION_OF_PROTEIN_LOCALIZATION_TO_CELL_PERIPHERY	GOBP_REGULATION_OF_PROTEIN_LOCALIZATION_TO_CELL_PERIPHERY		171	0.26651353	1.0079483	0.40816328	1.0	1.0	5695	tags=9%, list=15%, signal=10%	
GOBP_SNRNA_3_END_PROCESSING	GOBP_SNRNA_3_END_PROCESSING		21	0.3818271	1.0069547	0.46443516	1.0	1.0	17243	tags=57%, list=47%, signal=107%	
GOBP_AMELOGENESIS	GOBP_AMELOGENESIS		29	0.3646275	1.0068157	0.42923433	1.0	1.0	4932	tags=21%, list=13%, signal=24%	
GOBP_POSITIVE_REGULATION_OF_LEUKOCYTE_ADHESION_TO_VASCULAR_ENDOTHELIAL_CELL	GOBP_POSITIVE_REGULATION_OF_LEUKOCYTE_ADHESION_TO_VASCULAR_ENDOTHELIAL_CELL		30	0.35304543	1.0063736	0.42042756	1.0	1.0	5387	tags=17%, list=15%, signal=19%	
GOBP_POSITIVE_REGULATION_OF_POTASSIUM_ION_TRANSMEMBRANE_TRANSPORT	GOBP_POSITIVE_REGULATION_OF_POTASSIUM_ION_TRANSMEMBRANE_TRANSPORT		30	0.34970647	1.0062882	0.4431818	1.0	1.0	3606	tags=17%, list=10%, signal=18%	
GOBP_NEGATIVE_REGULATION_OF_GLIOGENESIS	GOBP_NEGATIVE_REGULATION_OF_GLIOGENESIS		56	0.3061296	1.0054795	0.4362245	1.0	1.0	9511	tags=34%, list=26%, signal=46%	
GOBP_PODOSOME_ASSEMBLY	GOBP_PODOSOME_ASSEMBLY		27	0.36862823	1.0042202	0.4589372	1.0	1.0	5622	tags=11%, list=15%, signal=13%	
GOBP_TYPE_B_PANCREATIC_CELL_PROLIFERATION	GOBP_TYPE_B_PANCREATIC_CELL_PROLIFERATION		27	0.36458203	1.0040344	0.4401806	1.0	1.0	529	tags=7%, list=1%, signal=8%	
GOBP_REGULATION_OF_OXIDOREDUCTASE_ACTIVITY	GOBP_REGULATION_OF_OXIDOREDUCTASE_ACTIVITY		36	0.33990178	1.0034704	0.4138756	1.0	1.0	4609	tags=11%, list=12%, signal=13%	
GOBP_REGULATION_OF_T_CELL_DIFFERENTIATION_IN_THYMUS	GOBP_REGULATION_OF_T_CELL_DIFFERENTIATION_IN_THYMUS		29	0.35545287	1.0030689	0.41995358	1.0	1.0	5509	tags=14%, list=15%, signal=16%	
GOBP_KETONE_BIOSYNTHETIC_PROCESS	GOBP_KETONE_BIOSYNTHETIC_PROCESS		52	0.3162617	1.0022101	0.4140625	1.0	1.0	10905	tags=23%, list=30%, signal=33%	
GOBP_NEGATIVE_CHEMOTAXIS	GOBP_NEGATIVE_CHEMOTAXIS		47	0.31844264	1.0014971	0.42782152	1.0	1.0	10924	tags=28%, list=30%, signal=39%	
GOBP_POSITIVE_REGULATION_OF_ANIMAL_ORGAN_MORPHOGENESIS	GOBP_POSITIVE_REGULATION_OF_ANIMAL_ORGAN_MORPHOGENESIS		39	0.33285916	1.0011921	0.44523808	1.0	1.0	10577	tags=36%, list=29%, signal=50%	
GOBP_NEGATIVE_REGULATION_OF_ORGANIC_ACID_TRANSPORT	GOBP_NEGATIVE_REGULATION_OF_ORGANIC_ACID_TRANSPORT		27	0.35757613	1.0010184	0.42523363	1.0	1.0	1613	tags=7%, list=4%, signal=8%	
GOBP_VACUOLAR_LOCALIZATION	GOBP_VACUOLAR_LOCALIZATION		87	0.28984863	1.000997	0.44126076	1.0	1.0	10835	tags=23%, list=29%, signal=32%	
GOBP_NEGATIVE_REGULATION_OF_MRNA_METABOLIC_PROCESS	GOBP_NEGATIVE_REGULATION_OF_MRNA_METABOLIC_PROCESS		106	0.27891958	1.0009553	0.3993808	1.0	1.0	17143	tags=51%, list=46%, signal=95%	
GOBP_LIGAND_GATED_ION_CHANNEL_SIGNALING_PATHWAY	GOBP_LIGAND_GATED_ION_CHANNEL_SIGNALING_PATHWAY		34	0.34137323	1.0007832	0.42821783	1.0	1.0	7457	tags=26%, list=20%, signal=33%	
GOBP_REGULATION_OF_CELLULAR_EXTRAVASATION	GOBP_REGULATION_OF_CELLULAR_EXTRAVASATION		44	0.3204144	1.0004426	0.45049506	1.0	1.0	10232	tags=25%, list=28%, signal=35%	
GOBP_POSITIVE_REGULATION_OF_OSTEOBLAST_PROLIFERATION	GOBP_POSITIVE_REGULATION_OF_OSTEOBLAST_PROLIFERATION		15	0.4126278	1.0000952	0.4606987	1.0	1.0	396	tags=7%, list=1%, signal=7%	
GOBP_CRANIOFACIAL_SUTURE_MORPHOGENESIS	GOBP_CRANIOFACIAL_SUTURE_MORPHOGENESIS		16	0.40213448	0.99999857	0.4377778	1.0	1.0	10925	tags=38%, list=30%, signal=53%	
GOBP_PLASMINOGEN_ACTIVATION	GOBP_PLASMINOGEN_ACTIVATION		25	0.3705044	0.99967396	0.47188264	1.0	1.0	10965	tags=36%, list=30%, signal=51%	
GOBP_POSITIVE_REGULATION_OF_SODIUM_ION_TRANSPORT	GOBP_POSITIVE_REGULATION_OF_SODIUM_ION_TRANSPORT		45	0.32553527	0.99943036	0.44908616	1.0	1.0	2086	tags=7%, list=6%, signal=7%	
GOBP_POSITIVE_REGULATION_OF_DENDRITIC_SPINE_MORPHOGENESIS	GOBP_POSITIVE_REGULATION_OF_DENDRITIC_SPINE_MORPHOGENESIS		35	0.34264758	0.9992529	0.43209878	1.0	1.0	3203	tags=6%, list=9%, signal=6%	
GOBP_NEUROTRANSMITTER_GATED_ION_CHANNEL_CLUSTERING	GOBP_NEUROTRANSMITTER_GATED_ION_CHANNEL_CLUSTERING		27	0.34839886	0.99889946	0.43294117	1.0	1.0	3412	tags=15%, list=9%, signal=16%	
GOBP_POSITIVE_REGULATION_OF_MYOTUBE_DIFFERENTIATION	GOBP_POSITIVE_REGULATION_OF_MYOTUBE_DIFFERENTIATION		16	0.40682378	0.9980717	0.42256638	1.0	1.0	3388	tags=13%, list=9%, signal=14%	
GOBP_POSITIVE_REGULATION_OF_INTEGRIN_MEDIATED_SIGNALING_PATHWAY	GOBP_POSITIVE_REGULATION_OF_INTEGRIN_MEDIATED_SIGNALING_PATHWAY		15	0.4161311	0.99789345	0.45393258	1.0	1.0	17144	tags=67%, list=46%, signal=124%	
GOBP_PRE_MIRNA_PROCESSING	GOBP_PRE_MIRNA_PROCESSING		16	0.40943798	0.99773026	0.47956988	1.0	1.0	11105	tags=38%, list=30%, signal=54%	
GOBP_RESPONSE_TO_CALCIUM_ION	GOBP_RESPONSE_TO_CALCIUM_ION		148	0.2672391	0.99768555	0.44444445	1.0	1.0	3691	tags=9%, list=10%, signal=10%	
GOBP_TUBULIN_DEACETYLATION	GOBP_TUBULIN_DEACETYLATION		23	0.373917	0.99722666	0.45524296	1.0	1.0	23142	tags=100%, list=63%, signal=267%	
GOBP_REGULATION_OF_RESPONSE_TO_NUTRIENT_LEVELS	GOBP_REGULATION_OF_RESPONSE_TO_NUTRIENT_LEVELS		33	0.34824544	0.9967907	0.45333335	1.0	1.0	9191	tags=27%, list=25%, signal=36%	
GOBP_FILOPODIUM_ASSEMBLY	GOBP_FILOPODIUM_ASSEMBLY		76	0.2905828	0.9966496	0.46910113	1.0	1.0	3412	tags=7%, list=9%, signal=7%	
GOBP_NEGATIVE_REGULATION_OF_MRNA_CATABOLIC_PROCESS	GOBP_NEGATIVE_REGULATION_OF_MRNA_CATABOLIC_PROCESS		81	0.2886615	0.9965913	0.45821327	1.0	1.0	15955	tags=43%, list=43%, signal=76%	
GOBP_T_CELL_MEDIATED_CYTOTOXICITY	GOBP_T_CELL_MEDIATED_CYTOTOXICITY		65	0.30085102	0.9956872	0.44225353	1.0	1.0	7426	tags=23%, list=20%, signal=29%	
GOBP_MYELOID_LEUKOCYTE_MEDIATED_IMMUNITY	GOBP_MYELOID_LEUKOCYTE_MEDIATED_IMMUNITY		118	0.2760717	0.9956106	0.47468355	1.0	1.0	10835	tags=25%, list=29%, signal=35%	
GOBP_DIGESTIVE_SYSTEM_DEVELOPMENT	GOBP_DIGESTIVE_SYSTEM_DEVELOPMENT		157	0.2667403	0.99521416	0.44012946	1.0	1.0	5954	tags=13%, list=16%, signal=15%	
GOBP_LOCOMOTORY_EXPLORATION_BEHAVIOR	GOBP_LOCOMOTORY_EXPLORATION_BEHAVIOR		20	0.38583893	0.9950678	0.43544304	1.0	1.0	16208	tags=60%, list=44%, signal=107%	
GOBP_PURINE_NUCLEOSIDE_METABOLIC_PROCESS	GOBP_PURINE_NUCLEOSIDE_METABOLIC_PROCESS		33	0.3453394	0.9944139	0.4627907	1.0	1.0	5498	tags=15%, list=15%, signal=18%	
GOBP_NEGATIVE_REGULATION_OF_CELLULAR_RESPONSE_TO_GROWTH_FACTOR_STIMULUS	GOBP_NEGATIVE_REGULATION_OF_CELLULAR_RESPONSE_TO_GROWTH_FACTOR_STIMULUS		109	0.27981788	0.9943422	0.46546546	1.0	1.0	10062	tags=22%, list=27%, signal=30%	
GOBP_REGULATION_OF_OSSIFICATION	GOBP_REGULATION_OF_OSSIFICATION		146	0.26787886	0.9943412	0.43564355	1.0	1.0	10577	tags=21%, list=29%, signal=30%	
GOBP_VESICLE_FUSION_TO_PLASMA_MEMBRANE	GOBP_VESICLE_FUSION_TO_PLASMA_MEMBRANE		39	0.33942038	0.99421126	0.45478037	1.0	1.0	5396	tags=18%, list=15%, signal=21%	
GOBP_XENOBIOTIC_METABOLIC_PROCESS	GOBP_XENOBIOTIC_METABOLIC_PROCESS		106	0.280802	0.9941984	0.4556962	1.0	1.0	5663	tags=21%, list=15%, signal=24%	
GOBP_CELL_CELL_ADHESION_MEDIATED_BY_INTEGRIN	GOBP_CELL_CELL_ADHESION_MEDIATED_BY_INTEGRIN		22	0.3889684	0.9938774	0.43467933	1.0	1.0	10911	tags=32%, list=30%, signal=45%	
GOBP_PHOTOTRANSDUCTION	GOBP_PHOTOTRANSDUCTION		28	0.35291514	0.99346656	0.44416243	1.0	1.0	2698	tags=21%, list=7%, signal=23%	
GOBP_VESICLE_CARGO_LOADING	GOBP_VESICLE_CARGO_LOADING		29	0.35442495	0.99324	0.44651163	1.0	1.0	17715	tags=62%, list=48%, signal=119%	
GOBP_NEGATIVE_REGULATION_OF_OSTEOCLAST_DIFFERENTIATION	GOBP_NEGATIVE_REGULATION_OF_OSTEOCLAST_DIFFERENTIATION		33	0.34717193	0.9932099	0.4651163	1.0	1.0	1546	tags=9%, list=4%, signal=9%	
GOBP_MRNA_MODIFICATION	GOBP_MRNA_MODIFICATION		23	0.37030035	0.99318457	0.44907406	1.0	1.0	10320	tags=26%, list=28%, signal=36%	
GOBP_NEGATIVE_REGULATION_OF_MUSCLE_HYPERTROPHY	GOBP_NEGATIVE_REGULATION_OF_MUSCLE_HYPERTROPHY		38	0.33645165	0.9930133	0.4750594	1.0	1.0	2421	tags=8%, list=7%, signal=8%	
GOBP_VASCULAR_ENDOTHELIAL_GROWTH_FACTOR_PRODUCTION	GOBP_VASCULAR_ENDOTHELIAL_GROWTH_FACTOR_PRODUCTION		39	0.32906833	0.99272794	0.47368422	1.0	1.0	9301	tags=26%, list=25%, signal=34%	
GOBP_RNA_SURVEILLANCE	GOBP_RNA_SURVEILLANCE		40	0.32900766	0.9923594	0.4605598	1.0	1.0	24806	tags=100%, list=67%, signal=304%	
GOBP_PROTON_MOTIVE_FORCE_DRIVEN_ATP_SYNTHESIS	GOBP_PROTON_MOTIVE_FORCE_DRIVEN_ATP_SYNTHESIS		67	0.30142426	0.9920362	0.4318182	1.0	1.0	24748	tags=99%, list=67%, signal=298%	
GOBP_ODONTOGENESIS	GOBP_ODONTOGENESIS		135	0.26641318	0.99169534	0.51713395	1.0	1.0	4932	tags=13%, list=13%, signal=15%	
GOBP_NEGATIVE_REGULATION_OF_GROWTH	GOBP_NEGATIVE_REGULATION_OF_GROWTH		242	0.25192976	0.99051243	0.48085105	1.0	1.0	2824	tags=5%, list=8%, signal=6%	
GOBP_POSITIVE_REGULATION_OF_RAS_PROTEIN_SIGNAL_TRANSDUCTION	GOBP_POSITIVE_REGULATION_OF_RAS_PROTEIN_SIGNAL_TRANSDUCTION		21	0.38274014	0.99037385	0.46910754	1.0	1.0	9381	tags=24%, list=25%, signal=32%	
GOBP_NEGATIVE_REGULATION_OF_FAT_CELL_DIFFERENTIATION	GOBP_NEGATIVE_REGULATION_OF_FAT_CELL_DIFFERENTIATION		62	0.3014849	0.99022186	0.48169014	1.0	1.0	10925	tags=24%, list=30%, signal=34%	
GOBP_RESPONSE_TO_XENOBIOTIC_STIMULUS	GOBP_RESPONSE_TO_XENOBIOTIC_STIMULUS		415	0.23930387	0.99017423	0.49101797	1.0	1.0	4348	tags=10%, list=12%, signal=12%	
GOBP_POST_EMBRYONIC_DEVELOPMENT	GOBP_POST_EMBRYONIC_DEVELOPMENT		123	0.26975393	0.99013287	0.4570552	1.0	1.0	11340	tags=24%, list=31%, signal=34%	
GOBP_NEGATIVE_REGULATION_OF_ENDOPLASMIC_RETICULUM_UNFOLDED_PROTEIN_RESPONSE	GOBP_NEGATIVE_REGULATION_OF_ENDOPLASMIC_RETICULUM_UNFOLDED_PROTEIN_RESPONSE		20	0.3819285	0.99001473	0.45842695	1.0	1.0	22845	tags=100%, list=62%, signal=262%	
GOBP_POSITIVE_REGULATION_OF_INSULIN_SECRETION	GOBP_POSITIVE_REGULATION_OF_INSULIN_SECRETION		110	0.27605057	0.9899547	0.49190938	1.0	1.0	5710	tags=12%, list=15%, signal=14%	
GOBP_HEART_GROWTH	GOBP_HEART_GROWTH		128	0.2709467	0.9895627	0.4617737	1.0	1.0	3560	tags=8%, list=10%, signal=9%	
GOBP_DENTATE_GYRUS_DEVELOPMENT	GOBP_DENTATE_GYRUS_DEVELOPMENT		28	0.35375378	0.9893325	0.44626167	1.0	1.0	2417	tags=7%, list=7%, signal=8%	
GOBP_ENDOCARDIAL_CUSHION_FORMATION	GOBP_ENDOCARDIAL_CUSHION_FORMATION		31	0.34226164	0.9892318	0.45581394	1.0	1.0	14868	tags=45%, list=40%, signal=76%	
GOBP_POSTSYNAPTIC_SPECIALIZATION_ORGANIZATION	GOBP_POSTSYNAPTIC_SPECIALIZATION_ORGANIZATION		83	0.2852518	0.98888713	0.47506562	1.0	1.0	10237	tags=28%, list=28%, signal=38%	
GOBP_FATTY_ACID_BIOSYNTHETIC_PROCESS	GOBP_FATTY_ACID_BIOSYNTHETIC_PROCESS		175	0.25993252	0.9886483	0.47569445	1.0	1.0	10926	tags=27%, list=30%, signal=38%	
GOBP_MEMBRANE_DOCKING	GOBP_MEMBRANE_DOCKING		85	0.28720236	0.9883523	0.44230768	1.0	1.0	2986	tags=5%, list=8%, signal=5%	
GOBP_ASPARTATE_TRANSMEMBRANE_TRANSPORT	GOBP_ASPARTATE_TRANSMEMBRANE_TRANSPORT		21	0.37924606	0.98742473	0.44588745	1.0	1.0	3365	tags=10%, list=9%, signal=10%	
GOBP_FOREBRAIN_CELL_MIGRATION	GOBP_FOREBRAIN_CELL_MIGRATION		69	0.3001867	0.98735046	0.47978437	1.0	1.0	2602	tags=9%, list=7%, signal=9%	
GOBP_DEOXYRIBONUCLEOSIDE_MONOPHOSPHATE_CATABOLIC_PROCESS	GOBP_DEOXYRIBONUCLEOSIDE_MONOPHOSPHATE_CATABOLIC_PROCESS		17	0.39663184	0.98730975	0.46966293	1.0	1.0	6391	tags=24%, list=17%, signal=28%	
GOBP_NEUTROPHIL_MEDIATED_CYTOTOXICITY	GOBP_NEUTROPHIL_MEDIATED_CYTOTOXICITY		20	0.3707785	0.9872986	0.4675615	1.0	1.0	9929	tags=40%, list=27%, signal=55%	
GOBP_PYRAMIDAL_NEURON_DIFFERENTIATION	GOBP_PYRAMIDAL_NEURON_DIFFERENTIATION		19	0.38885063	0.98711485	0.43362832	1.0	1.0	5435	tags=21%, list=15%, signal=25%	
GOBP_CELL_DIFFERENTIATION_IN_HINDBRAIN	GOBP_CELL_DIFFERENTIATION_IN_HINDBRAIN		30	0.35603857	0.98652977	0.4729412	1.0	1.0	10449	tags=30%, list=28%, signal=42%	
GOBP_VASCULAR_ASSOCIATED_SMOOTH_MUSCLE_CELL_PROLIFERATION	GOBP_VASCULAR_ASSOCIATED_SMOOTH_MUSCLE_CELL_PROLIFERATION		78	0.29011548	0.98601043	0.4680851	1.0	1.0	3228	tags=8%, list=9%, signal=8%	
GOBP_DNA_TEMPLATED_DNA_REPLICATION_MAINTENANCE_OF_FIDELITY	GOBP_DNA_TEMPLATED_DNA_REPLICATION_MAINTENANCE_OF_FIDELITY		64	0.30166146	0.98499906	0.48818898	1.0	1.0	16747	tags=59%, list=45%, signal=108%	
GOBP_AXIS_SPECIFICATION	GOBP_AXIS_SPECIFICATION		98	0.28217426	0.98498636	0.5045872	1.0	1.0	10564	tags=27%, list=29%, signal=37%	
GOBP_REGULATION_OF_POSTSYNAPTIC_MEMBRANE_POTENTIAL	GOBP_REGULATION_OF_POSTSYNAPTIC_MEMBRANE_POTENTIAL		165	0.26081598	0.984966	0.47301587	1.0	1.0	9528	tags=30%, list=26%, signal=41%	
GOBP_MELANIN_METABOLIC_PROCESS	GOBP_MELANIN_METABOLIC_PROCESS		26	0.35469028	0.9849555	0.47916666	1.0	1.0	4877	tags=15%, list=13%, signal=18%	
GOBP_TRNA_METHYLATION	GOBP_TRNA_METHYLATION		40	0.3246457	0.98482877	0.44278607	1.0	1.0	15791	tags=50%, list=43%, signal=87%	
GOBP_LONG_CHAIN_FATTY_ACID_METABOLIC_PROCESS	GOBP_LONG_CHAIN_FATTY_ACID_METABOLIC_PROCESS		122	0.2720644	0.9840899	0.49535602	1.0	1.0	5632	tags=16%, list=15%, signal=18%	
GOBP_OSTEOBLAST_DIFFERENTIATION	GOBP_OSTEOBLAST_DIFFERENTIATION		225	0.25044408	0.9838497	0.51898736	1.0	1.0	10583	tags=20%, list=29%, signal=27%	
GOBP_CARDIAC_MYOFIBRIL_ASSEMBLY	GOBP_CARDIAC_MYOFIBRIL_ASSEMBLY		19	0.38388953	0.98339754	0.46445498	1.0	1.0	2375	tags=16%, list=6%, signal=17%	
GOBP_APOPTOTIC_PROCESS_INVOLVED_IN_DEVELOPMENT	GOBP_APOPTOTIC_PROCESS_INVOLVED_IN_DEVELOPMENT		43	0.3161886	0.9832726	0.46954316	1.0	1.0	498	tags=5%, list=1%, signal=5%	
GOBP_MYELIN_MAINTENANCE	GOBP_MYELIN_MAINTENANCE		18	0.39753175	0.9829435	0.4735683	1.0	1.0	10964	tags=28%, list=30%, signal=39%	
GOBP_NUCLEAR_PORE_ORGANIZATION	GOBP_NUCLEAR_PORE_ORGANIZATION		16	0.40276164	0.9826533	0.4825986	1.0	1.0	22074	tags=100%, list=60%, signal=248%	
GOBP_UNSATURATED_FATTY_ACID_METABOLIC_PROCESS	GOBP_UNSATURATED_FATTY_ACID_METABOLIC_PROCESS		136	0.26348424	0.9822509	0.49520767	1.0	1.0	9457	tags=32%, list=26%, signal=42%	
GOBP_REGULATION_OF_ISOTYPE_SWITCHING	GOBP_REGULATION_OF_ISOTYPE_SWITCHING		36	0.33832136	0.9820704	0.47524753	1.0	1.0	3535	tags=8%, list=10%, signal=9%	
GOBP_REGULATION_OF_SYSTEMIC_ARTERIAL_BLOOD_PRESSURE	GOBP_REGULATION_OF_SYSTEMIC_ARTERIAL_BLOOD_PRESSURE		126	0.27012876	0.9815127	0.47462687	1.0	1.0	3767	tags=12%, list=10%, signal=13%	
GOBP_T_CELL_APOPTOTIC_PROCESS	GOBP_T_CELL_APOPTOTIC_PROCESS		61	0.29672858	0.9811086	0.47989276	1.0	1.0	7371	tags=15%, list=20%, signal=18%	
GOBP_CHONDROCYTE_DEVELOPMENT	GOBP_CHONDROCYTE_DEVELOPMENT		36	0.33135432	0.9805525	0.48591548	1.0	1.0	4053	tags=8%, list=11%, signal=9%	
GOBP_NEPHRON_TUBULE_FORMATION	GOBP_NEPHRON_TUBULE_FORMATION		19	0.37977186	0.9802138	0.49530515	1.0	1.0	10631	tags=42%, list=29%, signal=59%	
GOBP_REGULATION_OF_ATTACHMENT_OF_SPINDLE_MICROTUBULES_TO_KINETOCHORE	GOBP_REGULATION_OF_ATTACHMENT_OF_SPINDLE_MICROTUBULES_TO_KINETOCHORE		21	0.3683741	0.98009294	0.45939675	1.0	1.0	13802	tags=33%, list=37%, signal=53%	
GOBP_REGULATION_OF_EPITHELIAL_CELL_APOPTOTIC_PROCESS	GOBP_REGULATION_OF_EPITHELIAL_CELL_APOPTOTIC_PROCESS		53	0.31304333	0.980025	0.502551	1.0	1.0	5211	tags=9%, list=14%, signal=11%	
GOBP_NEUROTRANSMITTER_UPTAKE	GOBP_NEUROTRANSMITTER_UPTAKE		41	0.32574406	0.9796825	0.47926268	1.0	1.0	9881	tags=32%, list=27%, signal=43%	
GOBP_EPIGENETIC_PROGRAMMING_OF_GENE_EXPRESSION	GOBP_EPIGENETIC_PROGRAMMING_OF_GENE_EXPRESSION		39	0.322924	0.9796461	0.48120302	1.0	1.0	15480	tags=41%, list=42%, signal=71%	
GOBP_ENDODERM_DEVELOPMENT	GOBP_ENDODERM_DEVELOPMENT		86	0.2877729	0.97953826	0.50737464	1.0	1.0	11075	tags=27%, list=30%, signal=38%	
GOBP_BIOLOGICAL_PROCESS_INVOLVED_IN_INTRASPECIES_INTERACTION_BETWEEN_ORGANISMS	GOBP_BIOLOGICAL_PROCESS_INVOLVED_IN_INTRASPECIES_INTERACTION_BETWEEN_ORGANISMS		69	0.2874842	0.97942823	0.5132275	1.0	1.0	4998	tags=13%, list=14%, signal=15%	
GOBP_ATTACHMENT_OF_MITOTIC_SPINDLE_MICROTUBULES_TO_KINETOCHORE	GOBP_ATTACHMENT_OF_MITOTIC_SPINDLE_MICROTUBULES_TO_KINETOCHORE		25	0.36128083	0.9792369	0.46943766	1.0	1.0	6922	tags=12%, list=19%, signal=15%	
GOBP_RELAXATION_OF_MUSCLE	GOBP_RELAXATION_OF_MUSCLE		36	0.33937877	0.97907364	0.48423424	1.0	1.0	10295	tags=31%, list=28%, signal=42%	
GOBP_MAINTENANCE_OF_POSTSYNAPTIC_SPECIALIZATION_STRUCTURE	GOBP_MAINTENANCE_OF_POSTSYNAPTIC_SPECIALIZATION_STRUCTURE		28	0.34689277	0.9790722	0.4608076	1.0	1.0	10237	tags=32%, list=28%, signal=44%	
GOBP_POSITIVE_REGULATION_OF_VACUOLE_ORGANIZATION	GOBP_POSITIVE_REGULATION_OF_VACUOLE_ORGANIZATION		31	0.34435055	0.9789618	0.47272727	1.0	1.0	604	tags=3%, list=2%, signal=3%	
GOBP_GLYCOPROTEIN_METABOLIC_PROCESS	GOBP_GLYCOPROTEIN_METABOLIC_PROCESS		346	0.24118225	0.97853196	0.53807104	1.0	1.0	16120	tags=47%, list=44%, signal=83%	
GOBP_VIRAL_LIFE_CYCLE	GOBP_VIRAL_LIFE_CYCLE		243	0.24649265	0.9773165	0.53696495	1.0	1.0	1387	tags=4%, list=4%, signal=4%	
GOBP_NEGATIVE_REGULATION_OF_RESPONSE_TO_WOUNDING	GOBP_NEGATIVE_REGULATION_OF_RESPONSE_TO_WOUNDING		96	0.27889553	0.9766736	0.52136755	1.0	1.0	5453	tags=9%, list=15%, signal=11%	
GOBP_CENTRAL_NERVOUS_SYSTEM_NEURON_AXONOGENESIS	GOBP_CENTRAL_NERVOUS_SYSTEM_NEURON_AXONOGENESIS		43	0.32203725	0.9764797	0.48232323	1.0	1.0	10981	tags=28%, list=30%, signal=40%	
GOBP_GRANULOCYTE_CHEMOTAXIS	GOBP_GRANULOCYTE_CHEMOTAXIS		119	0.26942733	0.9764396	0.5116959	1.0	1.0	10574	tags=26%, list=29%, signal=36%	
GOBP_PROTEIN_LOCALIZATION_TO_POSTSYNAPSE	GOBP_PROTEIN_LOCALIZATION_TO_POSTSYNAPSE		76	0.2866513	0.9763569	0.4971591	1.0	1.0	7383	tags=17%, list=20%, signal=21%	
GOBP_BICARBONATE_TRANSPORT	GOBP_BICARBONATE_TRANSPORT		28	0.34769452	0.9763051	0.5046948	1.0	1.0	10510	tags=39%, list=28%, signal=55%	
GOBP_EXPORT_ACROSS_PLASMA_MEMBRANE	GOBP_EXPORT_ACROSS_PLASMA_MEMBRANE		82	0.28990245	0.9761246	0.5102041	1.0	1.0	9083	tags=26%, list=25%, signal=34%	
GOBP_REGULATION_OF_ANIMAL_ORGAN_MORPHOGENESIS	GOBP_REGULATION_OF_ANIMAL_ORGAN_MORPHOGENESIS		95	0.27969754	0.97595066	0.5184049	1.0	1.0	10638	tags=32%, list=29%, signal=44%	
GOBP_BONE_REMODELING	GOBP_BONE_REMODELING		107	0.2677869	0.9754011	0.5379939	1.0	1.0	10331	tags=26%, list=28%, signal=36%	
GOBP_SENSORY_PERCEPTION_OF_TASTE	GOBP_SENSORY_PERCEPTION_OF_TASTE		35	0.33040965	0.97519714	0.47931874	1.0	1.0	2668	tags=17%, list=7%, signal=18%	
GOBP_NEGATIVE_REGULATION_OF_CD4_POSITIVE_ALPHA_BETA_T_CELL_ACTIVATION	GOBP_NEGATIVE_REGULATION_OF_CD4_POSITIVE_ALPHA_BETA_T_CELL_ACTIVATION		34	0.33775738	0.9746539	0.46728972	1.0	1.0	3936	tags=15%, list=11%, signal=16%	
GOBP_SYNAPSE_PRUNING	GOBP_SYNAPSE_PRUNING		18	0.38381064	0.9745419	0.51363635	1.0	1.0	10714	tags=50%, list=29%, signal=70%	
GOBP_DEVELOPMENTAL_GROWTH_INVOLVED_IN_MORPHOGENESIS	GOBP_DEVELOPMENTAL_GROWTH_INVOLVED_IN_MORPHOGENESIS		275	0.24533589	0.9745335	0.57740587	1.0	1.0	5549	tags=9%, list=15%, signal=11%	
GOBP_REGULATION_OF_TELOMERE_MAINTENANCE_VIA_TELOMERASE	GOBP_REGULATION_OF_TELOMERE_MAINTENANCE_VIA_TELOMERASE		41	0.3203949	0.974248	0.4857881	1.0	1.0	17884	tags=56%, list=48%, signal=109%	
GOBP_NEGATIVE_REGULATION_OF_T_CELL_APOPTOTIC_PROCESS	GOBP_NEGATIVE_REGULATION_OF_T_CELL_APOPTOTIC_PROCESS		25	0.3600104	0.97348386	0.50564337	1.0	1.0	6989	tags=20%, list=19%, signal=25%	
GOBP_EMBRYONIC_DIGIT_MORPHOGENESIS	GOBP_EMBRYONIC_DIGIT_MORPHOGENESIS		72	0.28911456	0.9729286	0.50980395	1.0	1.0	16172	tags=47%, list=44%, signal=84%	
GOBP_POSITIVE_REGULATION_OF_INTRACELLULAR_PROTEIN_TRANSPORT	GOBP_POSITIVE_REGULATION_OF_INTRACELLULAR_PROTEIN_TRANSPORT		107	0.27190933	0.9718852	0.5323077	1.0	1.0	4303	tags=7%, list=12%, signal=7%	
GOBP_PROTEIN_QUALITY_CONTROL_FOR_MISFOLDED_OR_INCOMPLETELY_SYNTHESIZED_PROTEINS	GOBP_PROTEIN_QUALITY_CONTROL_FOR_MISFOLDED_OR_INCOMPLETELY_SYNTHESIZED_PROTEINS		32	0.33538538	0.97175664	0.50348026	1.0	1.0	17553	tags=56%, list=48%, signal=107%	
GOBP_ADIPOSE_TISSUE_DEVELOPMENT	GOBP_ADIPOSE_TISSUE_DEVELOPMENT		84	0.28394872	0.9717347	0.5228571	1.0	1.0	10031	tags=21%, list=27%, signal=29%	
GOBP_INOSITOL_PHOSPHATE_METABOLIC_PROCESS	GOBP_INOSITOL_PHOSPHATE_METABOLIC_PROCESS		44	0.32234672	0.97150004	0.51785713	1.0	1.0	2086	tags=5%, list=6%, signal=5%	
GOBP_MITOCHONDRIAL_ELECTRON_TRANSPORT_NADH_TO_UBIQUINONE	GOBP_MITOCHONDRIAL_ELECTRON_TRANSPORT_NADH_TO_UBIQUINONE		31	0.3421994	0.97106093	0.48364487	1.0	1.0	24316	tags=100%, list=66%, signal=292%	
GOBP_STEM_CELL_DIFFERENTIATION	GOBP_STEM_CELL_DIFFERENTIATION		254	0.24746259	0.97102135	0.5421687	1.0	1.0	10902	tags=19%, list=30%, signal=27%	
GOBP_EMBRYONIC_SKELETAL_JOINT_DEVELOPMENT	GOBP_EMBRYONIC_SKELETAL_JOINT_DEVELOPMENT		15	0.40410727	0.9707009	0.50574714	1.0	1.0	285	tags=7%, list=1%, signal=7%	
GOBP_COLUMNAR_CUBOIDAL_EPITHELIAL_CELL_DIFFERENTIATION	GOBP_COLUMNAR_CUBOIDAL_EPITHELIAL_CELL_DIFFERENTIATION		89	0.2786144	0.9705811	0.5055249	1.0	1.0	5954	tags=9%, list=16%, signal=11%	
GOBP_REGULATION_OF_KERATINOCYTE_PROLIFERATION	GOBP_REGULATION_OF_KERATINOCYTE_PROLIFERATION		35	0.32806286	0.97006696	0.48617512	1.0	1.0	10812	tags=23%, list=29%, signal=32%	
GOBP_POSITIVE_REGULATION_OF_BLOOD_PRESSURE	GOBP_POSITIVE_REGULATION_OF_BLOOD_PRESSURE		55	0.2973633	0.9688022	0.51206434	1.0	1.0	5632	tags=22%, list=15%, signal=26%	
GOBP_NEGATIVE_REGULATION_OF_UBIQUITIN_DEPENDENT_PROTEIN_CATABOLIC_PROCESS	GOBP_NEGATIVE_REGULATION_OF_UBIQUITIN_DEPENDENT_PROTEIN_CATABOLIC_PROCESS		70	0.2882317	0.9682597	0.49019608	1.0	1.0	4004	tags=6%, list=11%, signal=6%	
GOBP_METANEPHRIC_RENAL_VESICLE_MORPHOGENESIS	GOBP_METANEPHRIC_RENAL_VESICLE_MORPHOGENESIS		15	0.40786344	0.9675653	0.5011389	1.0	1.0	10187	tags=40%, list=28%, signal=55%	
GOBP_SODIUM_ION_HOMEOSTASIS	GOBP_SODIUM_ION_HOMEOSTASIS		43	0.314395	0.96738535	0.49367088	1.0	1.0	9466	tags=26%, list=26%, signal=34%	
GOBP_NEGATIVE_REGULATION_OF_SIGNAL_TRANSDUCTION_IN_ABSENCE_OF_LIGAND	GOBP_NEGATIVE_REGULATION_OF_SIGNAL_TRANSDUCTION_IN_ABSENCE_OF_LIGAND		34	0.33473238	0.96728253	0.5070093	1.0	1.0	9430	tags=26%, list=26%, signal=36%	
GOBP_ENDOCARDIAL_CUSHION_MORPHOGENESIS	GOBP_ENDOCARDIAL_CUSHION_MORPHOGENESIS		42	0.31720215	0.9672584	0.5234568	1.0	1.0	15363	tags=43%, list=42%, signal=73%	
GOBP_CELLULAR_RESPONSE_TO_KETONE	GOBP_CELLULAR_RESPONSE_TO_KETONE		121	0.2654125	0.9671364	0.57014924	1.0	1.0	7383	tags=15%, list=20%, signal=19%	
GOBP_PITUITARY_GLAND_DEVELOPMENT	GOBP_PITUITARY_GLAND_DEVELOPMENT		36	0.32802975	0.96704584	0.4975728	1.0	1.0	9357	tags=31%, list=25%, signal=41%	
GOBP_IONOTROPIC_GLUTAMATE_RECEPTOR_SIGNALING_PATHWAY	GOBP_IONOTROPIC_GLUTAMATE_RECEPTOR_SIGNALING_PATHWAY		29	0.3481071	0.96693754	0.4965358	1.0	1.0	7457	tags=28%, list=20%, signal=35%	
GOBP_LIPOPROTEIN_CATABOLIC_PROCESS	GOBP_LIPOPROTEIN_CATABOLIC_PROCESS		18	0.38910615	0.9669307	0.49268293	1.0	1.0	15823	tags=56%, list=43%, signal=97%	
GOBP_POSITIVE_REGULATION_OF_EMBRYONIC_DEVELOPMENT	GOBP_POSITIVE_REGULATION_OF_EMBRYONIC_DEVELOPMENT		23	0.35736993	0.96661	0.5011494	1.0	1.0	12607	tags=30%, list=34%, signal=46%	
GOBP_REGULATION_OF_MODIFICATION_OF_SYNAPTIC_STRUCTURE	GOBP_REGULATION_OF_MODIFICATION_OF_SYNAPTIC_STRUCTURE		37	0.32228953	0.96608377	0.5572139	1.0	1.0	25053	tags=100%, list=68%, signal=310%	
GOBP_BONE_DEVELOPMENT	GOBP_BONE_DEVELOPMENT		249	0.24570692	0.9658924	0.56589144	1.0	1.0	10577	tags=20%, list=29%, signal=28%	
GOBP_POSITIVE_REGULATION_OF_BROWN_FAT_CELL_DIFFERENTIATION	GOBP_POSITIVE_REGULATION_OF_BROWN_FAT_CELL_DIFFERENTIATION		18	0.37953845	0.9656456	0.5	1.0	1.0	675	tags=6%, list=2%, signal=6%	
GOBP_POSITIVE_REGULATION_OF_CELLULAR_RESPONSE_TO_INSULIN_STIMULUS	GOBP_POSITIVE_REGULATION_OF_CELLULAR_RESPONSE_TO_INSULIN_STIMULUS		44	0.31116262	0.9653591	0.5224586	1.0	1.0	5488	tags=9%, list=15%, signal=11%	
GOBP_POSITIVE_REGULATION_OF_CHOLESTEROL_BIOSYNTHETIC_PROCESS	GOBP_POSITIVE_REGULATION_OF_CHOLESTEROL_BIOSYNTHETIC_PROCESS		23	0.3622103	0.96533424	0.5395034	1.0	1.0	15205	tags=48%, list=41%, signal=81%	
GOBP_POSITIVE_REGULATION_OF_GLUCOSE_METABOLIC_PROCESS	GOBP_POSITIVE_REGULATION_OF_GLUCOSE_METABOLIC_PROCESS		62	0.29295215	0.9651836	0.510989	1.0	1.0	10832	tags=26%, list=29%, signal=36%	
GOBP_TYPE_2_IMMUNE_RESPONSE	GOBP_TYPE_2_IMMUNE_RESPONSE		40	0.32475308	0.9649238	0.5183374	1.0	1.0	5619	tags=15%, list=15%, signal=18%	
GOBP_POSITIVE_REGULATION_OF_CELL_MORPHOGENESIS	GOBP_POSITIVE_REGULATION_OF_CELL_MORPHOGENESIS		69	0.28683653	0.9641687	0.52380955	1.0	1.0	16195	tags=45%, list=44%, signal=80%	
GOBP_REGULATION_OF_JUN_KINASE_ACTIVITY	GOBP_REGULATION_OF_JUN_KINASE_ACTIVITY		44	0.31389877	0.96414506	0.5037037	1.0	1.0	4595	tags=7%, list=12%, signal=8%	
GOBP_NEGATIVE_REGULATION_OF_TRANSLATIONAL_INITIATION	GOBP_NEGATIVE_REGULATION_OF_TRANSLATIONAL_INITIATION		45	0.30848876	0.9640838	0.5328084	1.0	1.0	16953	tags=51%, list=46%, signal=94%	
GOBP_METANEPHRIC_NEPHRON_DEVELOPMENT	GOBP_METANEPHRIC_NEPHRON_DEVELOPMENT		41	0.316139	0.9634177	0.5090909	1.0	1.0	11102	tags=37%, list=30%, signal=52%	
GOBP_REGULATION_OF_MITOCHONDRIAL_DEPOLARIZATION	GOBP_REGULATION_OF_MITOCHONDRIAL_DEPOLARIZATION		24	0.36053082	0.96332276	0.5	1.0	1.0	4029	tags=13%, list=11%, signal=14%	
GOBP_CARDIAC_SEPTUM_DEVELOPMENT	GOBP_CARDIAC_SEPTUM_DEVELOPMENT		122	0.26372	0.9633208	0.5535714	1.0	1.0	10187	tags=17%, list=28%, signal=24%	
GOBP_SEGMENTATION	GOBP_SEGMENTATION		108	0.27148366	0.9632504	0.57988167	1.0	1.0	10941	tags=28%, list=30%, signal=39%	
GOBP_MATURATION_OF_SSU_RRNA_FROM_TRICISTRONIC_RRNA_TRANSCRIPT_SSU_RRNA_5_8S_RRNA_LSU_RRNA	GOBP_MATURATION_OF_SSU_RRNA_FROM_TRICISTRONIC_RRNA_TRANSCRIPT_SSU_RRNA_5_8S_RRNA_LSU_RRNA		33	0.33401036	0.96322113	0.49278846	1.0	1.0	24619	tags=100%, list=67%, signal=299%	
GOBP_NEGATIVE_REGULATION_OF_CANONICAL_WNT_SIGNALING_PATHWAY	GOBP_NEGATIVE_REGULATION_OF_CANONICAL_WNT_SIGNALING_PATHWAY		137	0.26258475	0.96318275	0.5318471	1.0	1.0	15352	tags=48%, list=42%, signal=82%	
GOBP_CELLULAR_RESPONSE_TO_XENOBIOTIC_STIMULUS	GOBP_CELLULAR_RESPONSE_TO_XENOBIOTIC_STIMULUS		174	0.25132272	0.9619892	0.5862069	1.0	1.0	5663	tags=17%, list=15%, signal=20%	
GOBP_NUCLEOLUS_ORGANIZATION	GOBP_NUCLEOLUS_ORGANIZATION		19	0.3757446	0.96171623	0.48920864	1.0	1.0	23073	tags=100%, list=62%, signal=266%	
GOBP_REGULATION_OF_NUCLEAR_DIVISION	GOBP_REGULATION_OF_NUCLEAR_DIVISION		152	0.25953746	0.9615007	0.58389264	1.0	1.0	5532	tags=11%, list=15%, signal=13%	
GOBP_AMINO_ACID_METABOLIC_PROCESS	GOBP_AMINO_ACID_METABOLIC_PROCESS		288	0.24147783	0.96125823	0.6064815	1.0	1.0	10832	tags=25%, list=29%, signal=35%	
GOBP_POSITIVE_REGULATION_OF_SYNAPTIC_TRANSMISSION_GABAERGIC	GOBP_POSITIVE_REGULATION_OF_SYNAPTIC_TRANSMISSION_GABAERGIC		16	0.3880226	0.961173	0.48747152	1.0	1.0	3560	tags=25%, list=10%, signal=28%	
GOBP_AXIS_ELONGATION	GOBP_AXIS_ELONGATION		33	0.3372371	0.9607602	0.49878934	1.0	1.0	10584	tags=30%, list=29%, signal=42%	
GOBP_ATP_METABOLIC_PROCESS	GOBP_ATP_METABOLIC_PROCESS		246	0.2423807	0.9586285	0.61382115	1.0	1.0	10810	tags=18%, list=29%, signal=25%	
GOBP_IMMUNE_RESPONSE_REGULATING_CELL_SURFACE_RECEPTOR_SIGNALING_PATHWAY	GOBP_IMMUNE_RESPONSE_REGULATING_CELL_SURFACE_RECEPTOR_SIGNALING_PATHWAY		333	0.23498926	0.9586164	0.5991379	1.0	1.0	5697	tags=10%, list=15%, signal=12%	
GOBP_REGULATION_OF_CELL_SUBSTRATE_ADHESION	GOBP_REGULATION_OF_CELL_SUBSTRATE_ADHESION		235	0.24244404	0.958466	0.6016598	1.0	1.0	5702	tags=9%, list=15%, signal=11%	
GOBP_REGULATION_OF_GENE_SILENCING_BY_REGULATORY_NCRNA	GOBP_REGULATION_OF_GENE_SILENCING_BY_REGULATORY_NCRNA		38	0.31974915	0.95775557	0.50487804	1.0	1.0	16399	tags=63%, list=44%, signal=113%	
GOBP_INSULIN_SECRETION	GOBP_INSULIN_SECRETION		250	0.24199086	0.9576765	0.6108949	1.0	1.0	5371	tags=11%, list=15%, signal=13%	
GOBP_POSITIVE_REGULATION_OF_MUSCLE_CONTRACTION	GOBP_POSITIVE_REGULATION_OF_MUSCLE_CONTRACTION		54	0.29918703	0.95747477	0.54232806	1.0	1.0	5423	tags=17%, list=15%, signal=20%	
GOBP_DNA_STRAND_ELONGATION	GOBP_DNA_STRAND_ELONGATION		36	0.32198298	0.95736074	0.50831354	1.0	1.0	25064	tags=100%, list=68%, signal=311%	
GOBP_NEGATIVE_REGULATION_OF_TUMOR_NECROSIS_FACTOR_SUPERFAMILY_CYTOKINE_PRODUCTION	GOBP_NEGATIVE_REGULATION_OF_TUMOR_NECROSIS_FACTOR_SUPERFAMILY_CYTOKINE_PRODUCTION		71	0.29033637	0.957347	0.5069252	1.0	1.0	1268	tags=7%, list=3%, signal=7%	
GOBP_NEURON_REMODELING	GOBP_NEURON_REMODELING		19	0.37638497	0.9572429	0.5046083	1.0	1.0	4689	tags=21%, list=13%, signal=24%	
GOBP_ALPHA_AMINO_ACID_METABOLIC_PROCESS	GOBP_ALPHA_AMINO_ACID_METABOLIC_PROCESS		213	0.24715178	0.9570634	0.5703125	1.0	1.0	10648	tags=25%, list=29%, signal=35%	
GOBP_DETECTION_OF_EXTERNAL_STIMULUS	GOBP_DETECTION_OF_EXTERNAL_STIMULUS		139	0.2596576	0.9565714	0.5844595	1.0	1.0	3620	tags=14%, list=10%, signal=16%	
GOBP_REGULATION_OF_MRNA_SPLICING_VIA_SPLICEOSOME	GOBP_REGULATION_OF_MRNA_SPLICING_VIA_SPLICEOSOME		122	0.26436928	0.956321	0.5755627	1.0	1.0	17576	tags=48%, list=48%, signal=90%	
GOBP_NEUROMUSCULAR_PROCESS_CONTROLLING_BALANCE	GOBP_NEUROMUSCULAR_PROCESS_CONTROLLING_BALANCE		71	0.2914158	0.95630544	0.53079176	1.0	1.0	7153	tags=18%, list=19%, signal=23%	
GOBP_CELLULAR_RESPONSE_TO_TOXIC_SUBSTANCE	GOBP_CELLULAR_RESPONSE_TO_TOXIC_SUBSTANCE		135	0.25626767	0.9562878	0.5681818	1.0	1.0	11119	tags=27%, list=30%, signal=39%	
GOBP_RESPONSE_TO_EPIDERMAL_GROWTH_FACTOR	GOBP_RESPONSE_TO_EPIDERMAL_GROWTH_FACTOR		55	0.29985493	0.9554149	0.52	1.0	1.0	5587	tags=7%, list=15%, signal=9%	
GOBP_CORTICAL_CYTOSKELETON_ORGANIZATION	GOBP_CORTICAL_CYTOSKELETON_ORGANIZATION		60	0.29728854	0.9548829	0.54617417	1.0	1.0	17872	tags=62%, list=48%, signal=119%	
GOBP_CEREBELLAR_CORTEX_FORMATION	GOBP_CEREBELLAR_CORTEX_FORMATION		32	0.33343276	0.954875	0.5087282	1.0	1.0	9428	tags=22%, list=26%, signal=29%	
GOBP_POSTSYNAPTIC_MEMBRANE_ORGANIZATION	GOBP_POSTSYNAPTIC_MEMBRANE_ORGANIZATION		60	0.29255491	0.9545689	0.5346062	1.0	1.0	10411	tags=25%, list=28%, signal=35%	
GOBP_NEGATIVE_REGULATION_OF_CELLULAR_RESPONSE_TO_HYPOXIA	GOBP_NEGATIVE_REGULATION_OF_CELLULAR_RESPONSE_TO_HYPOXIA		17	0.38452616	0.9544818	0.5292793	1.0	1.0	14239	tags=47%, list=39%, signal=77%	
GOBP_BRANCH_ELONGATION_OF_AN_EPITHELIUM	GOBP_BRANCH_ELONGATION_OF_AN_EPITHELIUM		21	0.36381042	0.95418113	0.5295405	1.0	1.0	9848	tags=33%, list=27%, signal=45%	
GOBP_POSITIVE_REGULATION_OF_RECEPTOR_CLUSTERING	GOBP_POSITIVE_REGULATION_OF_RECEPTOR_CLUSTERING		23	0.35947394	0.9539063	0.50800914	1.0	1.0	17219	tags=65%, list=47%, signal=122%	
GOBP_NEGATIVE_REGULATION_OF_FATTY_ACID_BIOSYNTHETIC_PROCESS	GOBP_NEGATIVE_REGULATION_OF_FATTY_ACID_BIOSYNTHETIC_PROCESS		22	0.35834932	0.95344394	0.51508623	1.0	1.0	1238	tags=5%, list=3%, signal=5%	
GOBP_MITOTIC_CHROMOSOME_CONDENSATION	GOBP_MITOTIC_CHROMOSOME_CONDENSATION		16	0.38410416	0.9531062	0.5	1.0	1.0	7314	tags=19%, list=20%, signal=23%	
GOBP_MAMMARY_GLAND_DUCT_MORPHOGENESIS	GOBP_MAMMARY_GLAND_DUCT_MORPHOGENESIS		43	0.30993512	0.9529794	0.53975904	1.0	1.0	10230	tags=21%, list=28%, signal=29%	
GOBP_BASE_EXCISION_REPAIR	GOBP_BASE_EXCISION_REPAIR		47	0.3084755	0.95280963	0.5127551	1.0	1.0	149	tags=2%, list=0%, signal=2%	
GOBP_EYE_MORPHOGENESIS	GOBP_EYE_MORPHOGENESIS		184	0.24916472	0.9527956	0.61403507	1.0	1.0	5503	tags=14%, list=15%, signal=17%	
GOBP_NEURONAL_ACTION_POTENTIAL	GOBP_NEURONAL_ACTION_POTENTIAL		52	0.3008555	0.95241445	0.5201005	1.0	1.0	4672	tags=19%, list=13%, signal=22%	
GOBP_RESPONSE_TO_MECHANICAL_STIMULUS	GOBP_RESPONSE_TO_MECHANICAL_STIMULUS		238	0.24365894	0.9523871	0.67469877	1.0	1.0	3620	tags=8%, list=10%, signal=8%	
GOBP_BRANCHING_INVOLVED_IN_MAMMARY_GLAND_DUCT_MORPHOGENESIS	GOBP_BRANCHING_INVOLVED_IN_MAMMARY_GLAND_DUCT_MORPHOGENESIS		29	0.3415208	0.9521712	0.53975904	1.0	1.0	7123	tags=14%, list=19%, signal=17%	
GOBP_NEURON_APOPTOTIC_PROCESS	GOBP_NEURON_APOPTOTIC_PROCESS		371	0.2332656	0.95215297	0.7160494	1.0	1.0	7419	tags=12%, list=20%, signal=15%	
GOBP_DEFENSE_RESPONSE_TO_BACTERIUM	GOBP_DEFENSE_RESPONSE_TO_BACTERIUM		302	0.23555133	0.95202345	0.70386267	1.0	1.0	5984	tags=14%, list=16%, signal=17%	
GOBP_REGULATION_OF_HEPATOCYTE_PROLIFERATION	GOBP_REGULATION_OF_HEPATOCYTE_PROLIFERATION		23	0.3623645	0.9518663	0.5294118	1.0	1.0	15468	tags=43%, list=42%, signal=75%	
GOBP_VASCULAR_TRANSPORT	GOBP_VASCULAR_TRANSPORT		24	0.34330878	0.9512773	0.55756205	1.0	1.0	10009	tags=25%, list=27%, signal=34%	
GOBP_SYNAPTIC_VESICLE_CYCLE	GOBP_SYNAPTIC_VESICLE_CYCLE		261	0.23901463	0.9511927	0.6730769	1.0	1.0	10933	tags=23%, list=30%, signal=33%	
GOBP_PIGMENTATION	GOBP_PIGMENTATION		115	0.2630897	0.9510576	0.57058823	1.0	1.0	5447	tags=10%, list=15%, signal=12%	
GOBP_GAMMA_AMINOBUTYRIC_ACID_SIGNALING_PATHWAY	GOBP_GAMMA_AMINOBUTYRIC_ACID_SIGNALING_PATHWAY		30	0.33765748	0.9505561	0.55	1.0	1.0	4749	tags=23%, list=13%, signal=27%	
GOBP_OSTEOBLAST_PROLIFERATION	GOBP_OSTEOBLAST_PROLIFERATION		35	0.32561544	0.9504699	0.52	1.0	1.0	5449	tags=11%, list=15%, signal=13%	
GOBP_NEGATIVE_REGULATION_OF_G_PROTEIN_COUPLED_RECEPTOR_SIGNALING_PATHWAY	GOBP_NEGATIVE_REGULATION_OF_G_PROTEIN_COUPLED_RECEPTOR_SIGNALING_PATHWAY		83	0.274514	0.9502575	0.56	1.0	1.0	1546	tags=7%, list=4%, signal=8%	
GOBP_PHAGOCYTOSIS_ENGULFMENT	GOBP_PHAGOCYTOSIS_ENGULFMENT		57	0.29502636	0.95022076	0.5543478	1.0	1.0	5394	tags=11%, list=15%, signal=12%	
GOBP_DNA_CONFORMATION_CHANGE	GOBP_DNA_CONFORMATION_CHANGE		18	0.37756285	0.9498671	0.5233645	1.0	1.0	15524	tags=50%, list=42%, signal=86%	
GOBP_CELLULAR_RESPONSE_TO_METAL_ION	GOBP_CELLULAR_RESPONSE_TO_METAL_ION		185	0.24706659	0.9496647	0.60915494	1.0	1.0	10943	tags=28%, list=30%, signal=40%	
GOBP_RESPONSE_TO_ISCHEMIA	GOBP_RESPONSE_TO_ISCHEMIA		56	0.29702365	0.9496158	0.57177615	1.0	1.0	3763	tags=7%, list=10%, signal=8%	
GOBP_RESPONSE_TO_PROTOZOAN	GOBP_RESPONSE_TO_PROTOZOAN		43	0.30795264	0.9494056	0.53971964	1.0	1.0	11117	tags=30%, list=30%, signal=43%	
GOBP_MYOTUBE_DIFFERENTIATION	GOBP_MYOTUBE_DIFFERENTIATION		186	0.24802007	0.94936913	0.63709676	1.0	1.0	10560	tags=19%, list=29%, signal=27%	
GOBP_ORGANIC_ACID_TRANSPORT	GOBP_ORGANIC_ACID_TRANSPORT		368	0.23211586	0.94911534	0.70388347	1.0	1.0	5613	tags=13%, list=15%, signal=16%	
GOBP_ARACHIDONATE_METABOLIC_PROCESS	GOBP_ARACHIDONATE_METABOLIC_PROCESS		69	0.28069043	0.9489496	0.5738636	1.0	1.0	4199	tags=17%, list=11%, signal=20%	
GOBP_RESPONSE_TO_METAL_ION	GOBP_RESPONSE_TO_METAL_ION		356	0.23186418	0.94888353	0.71573603	1.0	1.0	10965	tags=26%, list=30%, signal=37%	
GOBP_PROTEIN_CONTAINING_COMPLEX_LOCALIZATION	GOBP_PROTEIN_CONTAINING_COMPLEX_LOCALIZATION		120	0.2630184	0.94809407	0.5974026	1.0	1.0	5369	tags=11%, list=15%, signal=13%	
GOBP_NEGATIVE_REGULATION_OF_TELOMERE_MAINTENANCE	GOBP_NEGATIVE_REGULATION_OF_TELOMERE_MAINTENANCE		35	0.32348996	0.9478355	0.518797	1.0	1.0	832	tags=3%, list=2%, signal=3%	
GOBP_POSITIVE_REGULATION_OF_CYTOSOLIC_CALCIUM_ION_CONCENTRATION	GOBP_POSITIVE_REGULATION_OF_CYTOSOLIC_CALCIUM_ION_CONCENTRATION		182	0.24469832	0.94760084	0.60456276	1.0	1.0	3780	tags=10%, list=10%, signal=11%	
GOBP_REGULATION_OF_MESENCHYMAL_CELL_PROLIFERATION	GOBP_REGULATION_OF_MESENCHYMAL_CELL_PROLIFERATION		45	0.3053837	0.9473007	0.5830986	1.0	1.0	10628	tags=27%, list=29%, signal=37%	
GOBP_TELOMERE_MAINTENANCE_VIA_TELOMERE_LENGTHENING	GOBP_TELOMERE_MAINTENANCE_VIA_TELOMERE_LENGTHENING		64	0.28534383	0.9470686	0.5552699	1.0	1.0	17143	tags=48%, list=46%, signal=90%	
GOBP_REGULATION_OF_LEUKOCYTE_TETHERING_OR_ROLLING	GOBP_REGULATION_OF_LEUKOCYTE_TETHERING_OR_ROLLING		20	0.36428353	0.946994	0.5320665	1.0	1.0	10911	tags=40%, list=30%, signal=57%	
GOBP_MRNA_TRANSCRIPTION_BY_RNA_POLYMERASE_II	GOBP_MRNA_TRANSCRIPTION_BY_RNA_POLYMERASE_II		50	0.297279	0.94689596	0.55380577	1.0	1.0	15468	tags=34%, list=42%, signal=58%	
GOBP_NEGATIVE_REGULATION_OF_INTRACELLULAR_ESTROGEN_RECEPTOR_SIGNALING_PATHWAY	GOBP_NEGATIVE_REGULATION_OF_INTRACELLULAR_ESTROGEN_RECEPTOR_SIGNALING_PATHWAY		16	0.3916261	0.94678783	0.5377778	1.0	1.0	1494	tags=6%, list=4%, signal=7%	
GOBP_RESPONSE_TO_MISFOLDED_PROTEIN	GOBP_RESPONSE_TO_MISFOLDED_PROTEIN		22	0.36058384	0.9458033	0.527115	1.0	1.0	23634	tags=100%, list=64%, signal=277%	
GOBP_REGULATION_OF_KERATINOCYTE_MIGRATION	GOBP_REGULATION_OF_KERATINOCYTE_MIGRATION		15	0.39622825	0.9454812	0.52051836	1.0	1.0	10310	tags=27%, list=28%, signal=37%	
GOBP_NEUTROPHIL_MIGRATION	GOBP_NEUTROPHIL_MIGRATION		108	0.2684043	0.94533473	0.6044304	1.0	1.0	10574	tags=29%, list=29%, signal=40%	
GOBP_HEART_VALVE_MORPHOGENESIS	GOBP_HEART_VALVE_MORPHOGENESIS		56	0.2945186	0.9451484	0.5229111	1.0	1.0	16276	tags=45%, list=44%, signal=80%	
GOBP_REGULATION_OF_MITOCHONDRIAL_GENE_EXPRESSION	GOBP_REGULATION_OF_MITOCHONDRIAL_GENE_EXPRESSION		34	0.3277081	0.94508344	0.5547786	1.0	1.0	24852	tags=100%, list=67%, signal=305%	
GOBP_TAIL_ANCHORED_MEMBRANE_PROTEIN_INSERTION_INTO_ER_MEMBRANE	GOBP_TAIL_ANCHORED_MEMBRANE_PROTEIN_INSERTION_INTO_ER_MEMBRANE		17	0.38192448	0.9442838	0.53258425	1.0	1.0	22844	tags=100%, list=62%, signal=262%	
GOBP_MEMBRANE_INVAGINATION	GOBP_MEMBRANE_INVAGINATION		75	0.28040048	0.94402784	0.5826087	1.0	1.0	5394	tags=9%, list=15%, signal=11%	
GOBP_REGULATION_OF_STEROID_METABOLIC_PROCESS	GOBP_REGULATION_OF_STEROID_METABOLIC_PROCESS		114	0.2618253	0.9437396	0.5924765	1.0	1.0	10925	tags=28%, list=30%, signal=40%	
GOBP_POSITIVE_REGULATION_OF_SUBSTRATE_ADHESION_DEPENDENT_CELL_SPREADING	GOBP_POSITIVE_REGULATION_OF_SUBSTRATE_ADHESION_DEPENDENT_CELL_SPREADING		44	0.30742723	0.9424327	0.56390977	1.0	1.0	15334	tags=36%, list=41%, signal=62%	
GOBP_NEURON_MIGRATION	GOBP_NEURON_MIGRATION		210	0.2445761	0.94232345	0.6405694	1.0	1.0	4586	tags=10%, list=12%, signal=11%	
GOBP_PEPTIDYL_THREONINE_PHOSPHORYLATION	GOBP_PEPTIDYL_THREONINE_PHOSPHORYLATION		63	0.28672373	0.9421918	0.5511364	1.0	1.0	387	tags=3%, list=1%, signal=3%	
GOBP_PROTEIN_LOCALIZATION_TO_CELL_JUNCTION	GOBP_PROTEIN_LOCALIZATION_TO_CELL_JUNCTION		148	0.25174522	0.94187194	0.63036305	1.0	1.0	14867	tags=42%, list=40%, signal=70%	
GOBP_REGULATION_OF_T_CELL_MEDIATED_IMMUNITY	GOBP_REGULATION_OF_T_CELL_MEDIATED_IMMUNITY		113	0.25818792	0.9417008	0.6309148	1.0	1.0	7426	tags=21%, list=20%, signal=26%	
GOBP_URETER_DEVELOPMENT	GOBP_URETER_DEVELOPMENT		19	0.36899102	0.94134706	0.537155	1.0	1.0	3904	tags=16%, list=11%, signal=18%	
GOBP_PRIMARY_ALCOHOL_METABOLIC_PROCESS	GOBP_PRIMARY_ALCOHOL_METABOLIC_PROCESS		106	0.26357532	0.9407806	0.6117647	1.0	1.0	9336	tags=26%, list=25%, signal=35%	
GOBP_MICROVILLUS_ASSEMBLY	GOBP_MICROVILLUS_ASSEMBLY		19	0.36981463	0.9399498	0.54347825	1.0	1.0	14062	tags=53%, list=38%, signal=85%	
GOBP_REGULATION_OF_PRODUCTION_OF_MOLECULAR_MEDIATOR_OF_IMMUNE_RESPONSE	GOBP_REGULATION_OF_PRODUCTION_OF_MOLECULAR_MEDIATOR_OF_IMMUNE_RESPONSE		175	0.24480404	0.9399061	0.63917524	1.0	1.0	5619	tags=11%, list=15%, signal=13%	
GOBP_NEGATIVE_REGULATION_OF_NEURON_APOPTOTIC_PROCESS	GOBP_NEGATIVE_REGULATION_OF_NEURON_APOPTOTIC_PROCESS		211	0.24173047	0.9397577	0.7099237	1.0	1.0	7326	tags=13%, list=20%, signal=16%	
GOBP_POSITIVE_REGULATION_OF_TELOMERE_MAINTENANCE_VIA_TELOMERE_LENGTHENING	GOBP_POSITIVE_REGULATION_OF_TELOMERE_MAINTENANCE_VIA_TELOMERE_LENGTHENING		26	0.3431138	0.939736	0.5507901	1.0	1.0	15630	tags=50%, list=42%, signal=87%	
GOBP_POSTSYNAPTIC_SPECIALIZATION_ASSEMBLY	GOBP_POSTSYNAPTIC_SPECIALIZATION_ASSEMBLY		46	0.3044083	0.93966424	0.5378973	1.0	1.0	9308	tags=26%, list=25%, signal=35%	
GOBP_DETECTION_OF_MECHANICAL_STIMULUS_INVOLVED_IN_SENSORY_PERCEPTION_OF_PAIN	GOBP_DETECTION_OF_MECHANICAL_STIMULUS_INVOLVED_IN_SENSORY_PERCEPTION_OF_PAIN		21	0.35744047	0.93944144	0.5144231	1.0	1.0	3620	tags=14%, list=10%, signal=16%	
GOBP_REGULATION_OF_INOSITOL_PHOSPHATE_BIOSYNTHETIC_PROCESS	GOBP_REGULATION_OF_INOSITOL_PHOSPHATE_BIOSYNTHETIC_PROCESS		18	0.37162971	0.9393672	0.52764976	1.0	1.0	9899	tags=28%, list=27%, signal=38%	
GOBP_HOMOPHILIC_CELL_CELL_ADHESION	GOBP_HOMOPHILIC_CELL_CELL_ADHESION		151	0.24988574	0.9392109	0.64451826	1.0	1.0	4555	tags=15%, list=12%, signal=17%	
GOBP_CORTICAL_ACTIN_CYTOSKELETON_ORGANIZATION	GOBP_CORTICAL_ACTIN_CYTOSKELETON_ORGANIZATION		41	0.30630472	0.9383488	0.5493671	1.0	1.0	14381	tags=44%, list=39%, signal=72%	
GOBP_INTRA_GOLGI_VESICLE_MEDIATED_TRANSPORT	GOBP_INTRA_GOLGI_VESICLE_MEDIATED_TRANSPORT		29	0.3311034	0.93834835	0.520362	1.0	1.0	24725	tags=100%, list=67%, signal=302%	
GOBP_SENSORY_PERCEPTION_OF_LIGHT_STIMULUS	GOBP_SENSORY_PERCEPTION_OF_LIGHT_STIMULUS		149	0.25706315	0.93824816	0.6226415	1.0	1.0	4757	tags=16%, list=13%, signal=18%	
GOBP_REGULATION_OF_NEUROBLAST_PROLIFERATION	GOBP_REGULATION_OF_NEUROBLAST_PROLIFERATION		35	0.31704363	0.93726355	0.5482234	1.0	1.0	3251	tags=11%, list=9%, signal=13%	
GOBP_NEGATIVE_REGULATION_OF_RESPONSE_TO_EXTERNAL_STIMULUS	GOBP_NEGATIVE_REGULATION_OF_RESPONSE_TO_EXTERNAL_STIMULUS		419	0.22595218	0.9372039	0.8238636	1.0	1.0	7419	tags=13%, list=20%, signal=17%	
GOBP_RNA_5_END_PROCESSING	GOBP_RNA_5_END_PROCESSING		29	0.33272848	0.93690616	0.5609756	1.0	1.0	24665	tags=100%, list=67%, signal=301%	
GOBP_DETECTION_OF_OTHER_ORGANISM	GOBP_DETECTION_OF_OTHER_ORGANISM		19	0.37205568	0.93582624	0.5346062	1.0	1.0	4352	tags=16%, list=12%, signal=18%	
GOBP_PROTON_TRANSMEMBRANE_TRANSPORT	GOBP_PROTON_TRANSMEMBRANE_TRANSPORT		145	0.24974936	0.93558663	0.6886792	1.0	1.0	9596	tags=21%, list=26%, signal=29%	
GOBP_INCLUSION_BODY_ASSEMBLY	GOBP_INCLUSION_BODY_ASSEMBLY		34	0.32444653	0.9352397	0.56973994	1.0	1.0	14432	tags=44%, list=39%, signal=72%	
GOBP_POSITIVE_REGULATION_OF_VASOCONSTRICTION	GOBP_POSITIVE_REGULATION_OF_VASOCONSTRICTION		53	0.29082152	0.93505996	0.5853018	1.0	1.0	6868	tags=23%, list=19%, signal=28%	
GOBP_REGULATION_OF_TELOMERE_MAINTENANCE_VIA_TELOMERE_LENGTHENING	GOBP_REGULATION_OF_TELOMERE_MAINTENANCE_VIA_TELOMERE_LENGTHENING		49	0.2982963	0.93494254	0.5684754	1.0	1.0	17143	tags=47%, list=46%, signal=87%	
GOBP_NEGATIVE_REGULATION_OF_NEURON_PROJECTION_DEVELOPMENT	GOBP_NEGATIVE_REGULATION_OF_NEURON_PROJECTION_DEVELOPMENT		162	0.2473253	0.9349389	0.64084506	1.0	1.0	4876	tags=9%, list=13%, signal=11%	
GOBP_REGULATION_OF_DOPAMINE_SECRETION	GOBP_REGULATION_OF_DOPAMINE_SECRETION		30	0.32299972	0.93469566	0.5421687	1.0	1.0	2722	tags=17%, list=7%, signal=18%	
GOBP_CELL_JUNCTION_DISASSEMBLY	GOBP_CELL_JUNCTION_DISASSEMBLY		36	0.3123029	0.9342284	0.57840616	1.0	1.0	16577	tags=64%, list=45%, signal=116%	
GOBP_NUCLEOSIDE_METABOLIC_PROCESS	GOBP_NUCLEOSIDE_METABOLIC_PROCESS		48	0.30495715	0.9341662	0.58353513	1.0	1.0	5498	tags=13%, list=15%, signal=15%	
GOBP_LENS_DEVELOPMENT_IN_CAMERA_TYPE_EYE	GOBP_LENS_DEVELOPMENT_IN_CAMERA_TYPE_EYE		87	0.2678665	0.93402475	0.62068963	1.0	1.0	10668	tags=25%, list=29%, signal=35%	
GOBP_POSITIVE_REGULATION_OF_CALCINEURIN_MEDIATED_SIGNALING	GOBP_POSITIVE_REGULATION_OF_CALCINEURIN_MEDIATED_SIGNALING		21	0.3578508	0.93384373	0.56511056	1.0	1.0	167	tags=5%, list=0%, signal=5%	
GOBP_REGULATION_OF_HEMATOPOIETIC_STEM_CELL_DIFFERENTIATION	GOBP_REGULATION_OF_HEMATOPOIETIC_STEM_CELL_DIFFERENTIATION		15	0.39311236	0.9334959	0.55210644	1.0	1.0	22430	tags=100%, list=61%, signal=254%	
GOBP_PROTEIN_DEPOLYMERIZATION	GOBP_PROTEIN_DEPOLYMERIZATION		133	0.2552758	0.9331167	0.6323987	1.0	1.0	5622	tags=11%, list=15%, signal=13%	
GOBP_REGULATION_OF_GLIOGENESIS	GOBP_REGULATION_OF_GLIOGENESIS		133	0.25119397	0.93297523	0.65923566	1.0	1.0	9511	tags=23%, list=26%, signal=30%	
GOBP_ENDOPLASMIC_RETICULUM_TO_CYTOSOL_TRANSPORT	GOBP_ENDOPLASMIC_RETICULUM_TO_CYTOSOL_TRANSPORT		28	0.33345068	0.9328935	0.5498721	1.0	1.0	24638	tags=100%, list=67%, signal=300%	
GOBP_REGULATION_OF_T_CELL_APOPTOTIC_PROCESS	GOBP_REGULATION_OF_T_CELL_APOPTOTIC_PROCESS		43	0.30739152	0.9328928	0.5703884	1.0	1.0	6989	tags=16%, list=19%, signal=20%	
GOBP_REGULATION_OF_GLYCOGEN_METABOLIC_PROCESS	GOBP_REGULATION_OF_GLYCOGEN_METABOLIC_PROCESS		44	0.3040208	0.9327688	0.57824934	1.0	1.0	15216	tags=48%, list=41%, signal=81%	
GOBP_RESPONSE_TO_MONOAMINE	GOBP_RESPONSE_TO_MONOAMINE		54	0.29421726	0.93256706	0.5804878	1.0	1.0	7174	tags=15%, list=19%, signal=18%	
GOBP_GRANULOCYTE_ACTIVATION	GOBP_GRANULOCYTE_ACTIVATION		53	0.29000902	0.9322794	0.5903308	1.0	1.0	5122	tags=9%, list=14%, signal=11%	
GOBP_POSITIVE_REGULATION_OF_DENDRITIC_SPINE_DEVELOPMENT	GOBP_POSITIVE_REGULATION_OF_DENDRITIC_SPINE_DEVELOPMENT		70	0.27882615	0.93209153	0.6210826	1.0	1.0	15358	tags=37%, list=42%, signal=63%	
GOBP_FOREBRAIN_GENERATION_OF_NEURONS	GOBP_FOREBRAIN_GENERATION_OF_NEURONS		91	0.2681487	0.93198943	0.63384616	1.0	1.0	5435	tags=13%, list=15%, signal=15%	
GOBP_REGULATION_OF_AMINE_METABOLIC_PROCESS	GOBP_REGULATION_OF_AMINE_METABOLIC_PROCESS		25	0.34647334	0.9316846	0.54147464	1.0	1.0	16390	tags=68%, list=44%, signal=122%	
GOBP_PERIPHERAL_NERVOUS_SYSTEM_AXON_ENSHEATHMENT	GOBP_PERIPHERAL_NERVOUS_SYSTEM_AXON_ENSHEATHMENT		34	0.31658882	0.93106073	0.57831323	1.0	1.0	10146	tags=26%, list=27%, signal=36%	
GOBP_LENS_FIBER_CELL_DIFFERENTIATION	GOBP_LENS_FIBER_CELL_DIFFERENTIATION		38	0.3066738	0.9307229	0.5415617	1.0	1.0	11003	tags=26%, list=30%, signal=37%	
GOBP_ATRIOVENTRICULAR_VALVE_MORPHOGENESIS	GOBP_ATRIOVENTRICULAR_VALVE_MORPHOGENESIS		28	0.3268913	0.93067795	0.5611511	1.0	1.0	6985	tags=14%, list=19%, signal=18%	
GOBP_PROTEIN_DNA_COMPLEX_DISASSEMBLY	GOBP_PROTEIN_DNA_COMPLEX_DISASSEMBLY		20	0.35812443	0.93045676	0.5373832	1.0	1.0	16294	tags=45%, list=44%, signal=80%	
GOBP_NEGATIVE_REGULATION_OF_PROTEIN_LOCALIZATION_TO_NUCLEUS	GOBP_NEGATIVE_REGULATION_OF_PROTEIN_LOCALIZATION_TO_NUCLEUS		57	0.2881054	0.93037957	0.5894207	1.0	1.0	24851	tags=98%, list=67%, signal=300%	
GOBP_MODIFIED_AMINO_ACID_METABOLIC_PROCESS	GOBP_MODIFIED_AMINO_ACID_METABOLIC_PROCESS		195	0.24136388	0.93037397	0.70037454	1.0	1.0	11039	tags=25%, list=30%, signal=36%	
GOBP_DEOXYRIBONUCLEOSIDE_METABOLIC_PROCESS	GOBP_DEOXYRIBONUCLEOSIDE_METABOLIC_PROCESS		15	0.39046916	0.9302862	0.5472973	1.0	1.0	3900	tags=13%, list=11%, signal=15%	
GOBP_POSITIVE_REGULATION_OF_T_CELL_MEDIATED_IMMUNITY	GOBP_POSITIVE_REGULATION_OF_T_CELL_MEDIATED_IMMUNITY		80	0.2722751	0.93028057	0.6179775	1.0	1.0	7426	tags=23%, list=20%, signal=28%	
GOBP_REGULATION_OF_PRESYNAPTIC_MEMBRANE_POTENTIAL	GOBP_REGULATION_OF_PRESYNAPTIC_MEMBRANE_POTENTIAL		34	0.31830937	0.93025744	0.5863636	1.0	1.0	3130	tags=15%, list=8%, signal=16%	
GOBP_HEART_VALVE_DEVELOPMENT	GOBP_HEART_VALVE_DEVELOPMENT		70	0.27678192	0.9299349	0.6207865	1.0	1.0	10577	tags=20%, list=29%, signal=28%	
GOBP_NEGATIVE_REGULATION_OF_MAP_KINASE_ACTIVITY	GOBP_NEGATIVE_REGULATION_OF_MAP_KINASE_ACTIVITY		35	0.31890345	0.92979354	0.6009975	1.0	1.0	1962	tags=6%, list=5%, signal=6%	
GOBP_POSITIVE_REGULATION_OF_MACROPHAGE_DIFFERENTIATION	GOBP_POSITIVE_REGULATION_OF_MACROPHAGE_DIFFERENTIATION		15	0.3878105	0.9295774	0.54371	1.0	1.0	9939	tags=27%, list=27%, signal=36%	
GOBP_POSITIVE_REGULATION_OF_CANONICAL_NF_KAPPAB_SIGNAL_TRANSDUCTION	GOBP_POSITIVE_REGULATION_OF_CANONICAL_NF_KAPPAB_SIGNAL_TRANSDUCTION		187	0.24239478	0.9294107	0.689781	1.0	1.0	4574	tags=7%, list=12%, signal=8%	
GOBP_NUCLEOTIDE_BINDING_DOMAIN_LEUCINE_RICH_REPEAT_CONTAINING_RECEPTOR_SIGNALING_PATHWAY	GOBP_NUCLEOTIDE_BINDING_DOMAIN_LEUCINE_RICH_REPEAT_CONTAINING_RECEPTOR_SIGNALING_PATHWAY		27	0.33389536	0.929301	0.5518868	1.0	1.0	9567	tags=26%, list=26%, signal=35%	
GOBP_REGULATION_OF_VACUOLE_ORGANIZATION	GOBP_REGULATION_OF_VACUOLE_ORGANIZATION		63	0.28669867	0.9288145	0.6037736	1.0	1.0	2077	tags=3%, list=6%, signal=3%	
GOBP_METANEPHRIC_NEPHRON_MORPHOGENESIS	GOBP_METANEPHRIC_NEPHRON_MORPHOGENESIS		24	0.3420691	0.9287438	0.56404495	1.0	1.0	10331	tags=38%, list=28%, signal=52%	
GOBP_EPITHELIAL_TO_MESENCHYMAL_TRANSITION	GOBP_EPITHELIAL_TO_MESENCHYMAL_TRANSITION		173	0.24471684	0.9281753	0.7222222	1.0	1.0	9848	tags=16%, list=27%, signal=22%	
GOBP_NEGATIVE_REGULATION_OF_CELL_PROJECTION_ORGANIZATION	GOBP_NEGATIVE_REGULATION_OF_CELL_PROJECTION_ORGANIZATION		223	0.24146402	0.9280942	0.7364621	1.0	1.0	4876	tags=8%, list=13%, signal=9%	
GOBP_INTERLEUKIN_6_PRODUCTION	GOBP_INTERLEUKIN_6_PRODUCTION		166	0.24579363	0.92798036	0.6597222	1.0	1.0	2457	tags=6%, list=7%, signal=6%	
GOBP_GLYCEROLIPID_METABOLIC_PROCESS	GOBP_GLYCEROLIPID_METABOLIC_PROCESS		385	0.22764127	0.92789847	0.81122446	1.0	1.0	11061	tags=22%, list=30%, signal=31%	
GOBP_REGULATION_OF_BEHAVIOR	GOBP_REGULATION_OF_BEHAVIOR		103	0.26320496	0.92778265	0.6234568	1.0	1.0	4559	tags=12%, list=12%, signal=13%	
GOBP_AMINO_ACID_CATABOLIC_PROCESS	GOBP_AMINO_ACID_CATABOLIC_PROCESS		103	0.26061624	0.9274524	0.6666667	1.0	1.0	10807	tags=30%, list=29%, signal=42%	
GOBP_REGULATION_OF_SYNAPTIC_TRANSMISSION_GLUTAMATERGIC	GOBP_REGULATION_OF_SYNAPTIC_TRANSMISSION_GLUTAMATERGIC		82	0.2674825	0.92740494	0.6356164	1.0	1.0	4595	tags=16%, list=12%, signal=18%	
GOBP_NEGATIVE_REGULATION_OF_STEROID_METABOLIC_PROCESS	GOBP_NEGATIVE_REGULATION_OF_STEROID_METABOLIC_PROCESS		26	0.33480215	0.92709285	0.5592841	1.0	1.0	11957	tags=35%, list=32%, signal=51%	
GOBP_RESPONSE_TO_ARSENIC_CONTAINING_SUBSTANCE	GOBP_RESPONSE_TO_ARSENIC_CONTAINING_SUBSTANCE		33	0.3213669	0.92709213	0.5619048	1.0	1.0	10041	tags=21%, list=27%, signal=29%	
GOBP_L_GLUTAMATE_IMPORT	GOBP_L_GLUTAMATE_IMPORT		42	0.30550855	0.9268961	0.6107226	1.0	1.0	16589	tags=50%, list=45%, signal=91%	
GOBP_HORMONE_METABOLIC_PROCESS	GOBP_HORMONE_METABOLIC_PROCESS		255	0.2345726	0.926437	0.7338129	1.0	1.0	9524	tags=25%, list=26%, signal=34%	
GOBP_NEGATIVE_REGULATION_OF_CELL_JUNCTION_ASSEMBLY	GOBP_NEGATIVE_REGULATION_OF_CELL_JUNCTION_ASSEMBLY		41	0.30259892	0.92595756	0.5913706	1.0	1.0	4677	tags=7%, list=13%, signal=8%	
GOBP_THYROID_GLAND_DEVELOPMENT	GOBP_THYROID_GLAND_DEVELOPMENT		33	0.31611237	0.9259498	0.5923077	1.0	1.0	1593	tags=9%, list=4%, signal=9%	
GOBP_REGULATION_OF_STEM_CELL_PROLIFERATION	GOBP_REGULATION_OF_STEM_CELL_PROLIFERATION		55	0.2861335	0.9257661	0.579602	1.0	1.0	14810	tags=38%, list=40%, signal=64%	
GOBP_MEMORY	GOBP_MEMORY		176	0.2413193	0.9256109	0.6816609	1.0	1.0	5607	tags=11%, list=15%, signal=13%	
GOBP_CHRONIC_INFLAMMATORY_RESPONSE	GOBP_CHRONIC_INFLAMMATORY_RESPONSE		22	0.3507717	0.92515594	0.5927602	1.0	1.0	7326	tags=27%, list=20%, signal=34%	
GOBP_RESPONSE_TO_HYDROPEROXIDE	GOBP_RESPONSE_TO_HYDROPEROXIDE		18	0.35892963	0.92435557	0.58920187	1.0	1.0	910	tags=6%, list=2%, signal=6%	
GOBP_PROTEIN_TRANSMEMBRANE_TRANSPORT	GOBP_PROTEIN_TRANSMEMBRANE_TRANSPORT		77	0.26959124	0.9242567	0.63709676	1.0	1.0	17	tags=1%, list=0%, signal=1%	
GOBP_REGULATION_OF_CENTROSOME_DUPLICATION	GOBP_REGULATION_OF_CENTROSOME_DUPLICATION		49	0.29295197	0.92392874	0.57462686	1.0	1.0	25001	tags=98%, list=68%, signal=303%	
GOBP_NEGATIVE_REGULATION_OF_RNA_SPLICING	GOBP_NEGATIVE_REGULATION_OF_RNA_SPLICING		30	0.32970405	0.9237617	0.5745192	1.0	1.0	24777	tags=100%, list=67%, signal=303%	
GOBP_NEGATIVE_REGULATION_OF_INFLAMMATORY_RESPONSE	GOBP_NEGATIVE_REGULATION_OF_INFLAMMATORY_RESPONSE		173	0.24376027	0.92364323	0.7054545	1.0	1.0	4705	tags=10%, list=13%, signal=11%	
GOBP_CENTRAL_NERVOUS_SYSTEM_NEURON_DEVELOPMENT	GOBP_CENTRAL_NERVOUS_SYSTEM_NEURON_DEVELOPMENT		103	0.25883302	0.9230026	0.68328446	1.0	1.0	5435	tags=12%, list=15%, signal=14%	
GOBP_LYMPHOCYTE_MIGRATION	GOBP_LYMPHOCYTE_MIGRATION		102	0.26310357	0.92291415	0.6539683	1.0	1.0	5459	tags=14%, list=15%, signal=16%	
GOBP_POSITIVE_REGULATION_OF_STEROID_HORMONE_SECRETION	GOBP_POSITIVE_REGULATION_OF_STEROID_HORMONE_SECRETION		15	0.38451204	0.92263013	0.5771812	1.0	1.0	7773	tags=40%, list=21%, signal=51%	
GOBP_MITOCHONDRIAL_TRANSMEMBRANE_TRANSPORT	GOBP_MITOCHONDRIAL_TRANSMEMBRANE_TRANSPORT		22	0.35168165	0.9225866	0.5661253	1.0	1.0	10915	tags=32%, list=30%, signal=45%	
GOBP_VERY_LONG_CHAIN_FATTY_ACID_METABOLIC_PROCESS	GOBP_VERY_LONG_CHAIN_FATTY_ACID_METABOLIC_PROCESS		35	0.31749302	0.9224379	0.5804878	1.0	1.0	10849	tags=29%, list=29%, signal=40%	
GOBP_CELLULAR_OXIDANT_DETOXIFICATION	GOBP_CELLULAR_OXIDANT_DETOXIFICATION		89	0.26765177	0.92228574	0.61271673	1.0	1.0	11056	tags=27%, list=30%, signal=38%	
GOBP_POSITIVE_REGULATION_OF_POTASSIUM_ION_TRANSPORT	GOBP_POSITIVE_REGULATION_OF_POTASSIUM_ION_TRANSPORT		40	0.30943927	0.92163676	0.60453403	1.0	1.0	9236	tags=33%, list=25%, signal=43%	
GOBP_CELL_MATURATION	GOBP_CELL_MATURATION		226	0.23332462	0.92073035	0.7752809	1.0	1.0	5622	tags=14%, list=15%, signal=17%	
GOBP_DETECTION_OF_EXTERNAL_BIOTIC_STIMULUS	GOBP_DETECTION_OF_EXTERNAL_BIOTIC_STIMULUS		28	0.32461083	0.92048836	0.5939675	1.0	1.0	4352	tags=14%, list=12%, signal=16%	
GOBP_LAYER_FORMATION_IN_CEREBRAL_CORTEX	GOBP_LAYER_FORMATION_IN_CEREBRAL_CORTEX		16	0.3700989	0.9204746	0.54252875	1.0	1.0	2409	tags=13%, list=7%, signal=13%	
GOBP_RETINOL_METABOLIC_PROCESS	GOBP_RETINOL_METABOLIC_PROCESS		54	0.2889996	0.9202249	0.63733333	1.0	1.0	9336	tags=37%, list=25%, signal=49%	
GOBP_RESPONSE_TO_SALT	GOBP_RESPONSE_TO_SALT		29	0.32662508	0.9197562	0.6019656	1.0	1.0	9739	tags=28%, list=26%, signal=37%	
GOBP_CHONDROCYTE_PROLIFERATION	GOBP_CHONDROCYTE_PROLIFERATION		30	0.32471704	0.9196225	0.6	1.0	1.0	396	tags=7%, list=1%, signal=7%	
GOBP_GLYCINE_METABOLIC_PROCESS	GOBP_GLYCINE_METABOLIC_PROCESS		16	0.37532276	0.9195925	0.5641026	1.0	1.0	2919	tags=19%, list=8%, signal=20%	
GOBP_POSITIVE_REGULATION_OF_EPITHELIAL_TO_MESENCHYMAL_TRANSITION	GOBP_POSITIVE_REGULATION_OF_EPITHELIAL_TO_MESENCHYMAL_TRANSITION		58	0.28297815	0.9193419	0.59799	1.0	1.0	10905	tags=22%, list=30%, signal=32%	
GOBP_LIPID_CATABOLIC_PROCESS	GOBP_LIPID_CATABOLIC_PROCESS		350	0.22452018	0.91904193	0.8518519	1.0	1.0	5661	tags=10%, list=15%, signal=12%	
GOBP_T_CELL_HOMEOSTASIS	GOBP_T_CELL_HOMEOSTASIS		51	0.2922367	0.91895026	0.6106667	1.0	1.0	5563	tags=16%, list=15%, signal=18%	
GOBP_CELLULAR_RESPONSE_TO_ACIDIC_PH	GOBP_CELLULAR_RESPONSE_TO_ACIDIC_PH		21	0.35238972	0.91820383	0.5945946	1.0	1.0	2089	tags=10%, list=6%, signal=10%	
GOBP_POSITIVE_REGULATION_OF_TRANSFORMING_GROWTH_FACTOR_BETA_PRODUCTION	GOBP_POSITIVE_REGULATION_OF_TRANSFORMING_GROWTH_FACTOR_BETA_PRODUCTION		18	0.3672161	0.91815555	0.57641923	1.0	1.0	4938	tags=17%, list=13%, signal=19%	
GOBP_MEDIUM_CHAIN_FATTY_ACID_METABOLIC_PROCESS	GOBP_MEDIUM_CHAIN_FATTY_ACID_METABOLIC_PROCESS		19	0.365645	0.9178027	0.5707434	1.0	1.0	12009	tags=37%, list=32%, signal=55%	
GOBP_DNA_REPAIR_DEPENDENT_CHROMATIN_REMODELING	GOBP_DNA_REPAIR_DEPENDENT_CHROMATIN_REMODELING		28	0.32421535	0.9175133	0.57393485	1.0	1.0	24979	tags=100%, list=68%, signal=308%	
GOBP_APICAL_JUNCTION_ASSEMBLY	GOBP_APICAL_JUNCTION_ASSEMBLY		68	0.27912316	0.9172902	0.6314363	1.0	1.0	1756	tags=4%, list=5%, signal=5%	
GOBP_NADPH_REGENERATION	GOBP_NADPH_REGENERATION		27	0.33414534	0.91710776	0.6173121	1.0	1.0	4292	tags=11%, list=12%, signal=13%	
GOBP_CALCIUM_ION_REGULATED_EXOCYTOSIS_OF_NEUROTRANSMITTER	GOBP_CALCIUM_ION_REGULATED_EXOCYTOSIS_OF_NEUROTRANSMITTER		20	0.3661527	0.9161901	0.59513277	1.0	1.0	4752	tags=15%, list=13%, signal=17%	
GOBP_MRNA_TRANSCRIPTION	GOBP_MRNA_TRANSCRIPTION		62	0.28220752	0.91598636	0.57575756	1.0	1.0	15628	tags=35%, list=42%, signal=61%	
GOBP_REGULATION_OF_ANIMAL_ORGAN_FORMATION	GOBP_REGULATION_OF_ANIMAL_ORGAN_FORMATION		31	0.32180056	0.9159292	0.62045455	1.0	1.0	10577	tags=35%, list=29%, signal=50%	
GOBP_TELOMERE_MAINTENANCE_IN_RESPONSE_TO_DNA_DAMAGE	GOBP_TELOMERE_MAINTENANCE_IN_RESPONSE_TO_DNA_DAMAGE		33	0.32125255	0.91551423	0.5787037	1.0	1.0	25090	tags=100%, list=68%, signal=311%	
GOBP_REGULATION_PROTEIN_CATABOLIC_PROCESS_AT_SYNAPSE	GOBP_REGULATION_PROTEIN_CATABOLIC_PROCESS_AT_SYNAPSE		17	0.36979768	0.9154288	0.5959368	1.0	1.0	17666	tags=65%, list=48%, signal=124%	
GOBP_VASCULAR_PROCESS_IN_CIRCULATORY_SYSTEM	GOBP_VASCULAR_PROCESS_IN_CIRCULATORY_SYSTEM		256	0.23189305	0.91492367	0.8086957	1.0	1.0	11053	tags=25%, list=30%, signal=35%	
GOBP_NEGATIVE_REGULATION_OF_CATALYTIC_ACTIVITY	GOBP_NEGATIVE_REGULATION_OF_CATALYTIC_ACTIVITY		245	0.22963437	0.91491336	0.8339921	1.0	1.0	1962	tags=4%, list=5%, signal=4%	
GOBP_POSITIVE_REGULATION_OF_RUFFLE_ASSEMBLY	GOBP_POSITIVE_REGULATION_OF_RUFFLE_ASSEMBLY		17	0.36957204	0.9144939	0.58352405	1.0	1.0	16826	tags=47%, list=46%, signal=86%	
GOBP_LEUKOCYTE_MIGRATION_INVOLVED_IN_INFLAMMATORY_RESPONSE	GOBP_LEUKOCYTE_MIGRATION_INVOLVED_IN_INFLAMMATORY_RESPONSE		23	0.34493533	0.91408956	0.57078654	1.0	1.0	5008	tags=26%, list=14%, signal=30%	
GOBP_SIGNAL_TRANSDUCTION_IN_ABSENCE_OF_LIGAND	GOBP_SIGNAL_TRANSDUCTION_IN_ABSENCE_OF_LIGAND		79	0.27174076	0.9139781	0.6441718	1.0	1.0	9430	tags=23%, list=26%, signal=31%	
GOBP_LONG_TERM_MEMORY	GOBP_LONG_TERM_MEMORY		38	0.30566126	0.91397417	0.615566	1.0	1.0	10557	tags=26%, list=29%, signal=37%	
GOBP_SECONDARY_ALCOHOL_METABOLIC_PROCESS	GOBP_SECONDARY_ALCOHOL_METABOLIC_PROCESS		165	0.24561965	0.9139301	0.7133333	1.0	1.0	10986	tags=30%, list=30%, signal=42%	
GOBP_T_CELL_CYTOKINE_PRODUCTION	GOBP_T_CELL_CYTOKINE_PRODUCTION		37	0.30393878	0.9138586	0.61800486	1.0	1.0	4479	tags=16%, list=12%, signal=18%	
GOBP_DEOXYRIBONUCLEOTIDE_METABOLIC_PROCESS	GOBP_DEOXYRIBONUCLEOTIDE_METABOLIC_PROCESS		42	0.29734614	0.9134114	0.6182796	1.0	1.0	4025	tags=10%, list=11%, signal=11%	
GOBP_VIRAL_PROCESS	GOBP_VIRAL_PROCESS		294	0.22761767	0.9130384	0.83027524	1.0	1.0	1641	tags=3%, list=4%, signal=4%	
GOBP_BROWN_FAT_CELL_DIFFERENTIATION	GOBP_BROWN_FAT_CELL_DIFFERENTIATION		65	0.2724709	0.9124391	0.63911843	1.0	1.0	1479	tags=6%, list=4%, signal=6%	
GOBP_RESPONSE_TO_INTERLEUKIN_4	GOBP_RESPONSE_TO_INTERLEUKIN_4		38	0.3030077	0.91216165	0.6225	1.0	1.0	13918	tags=37%, list=38%, signal=59%	
GOBP_PROTEIN_O_LINKED_GLYCOSYLATION_VIA_N_ACETYL_GALACTOSAMINE	GOBP_PROTEIN_O_LINKED_GLYCOSYLATION_VIA_N_ACETYL_GALACTOSAMINE		19	0.3498668	0.9118779	0.58	1.0	1.0	13790	tags=47%, list=37%, signal=76%	
GOBP_RESPONSE_TO_ALDOSTERONE	GOBP_RESPONSE_TO_ALDOSTERONE		15	0.3849497	0.9116848	0.5825688	1.0	1.0	4704	tags=20%, list=13%, signal=23%	
GOBP_MRNA_METHYLGUANOSINE_CAP_DECAPPING	GOBP_MRNA_METHYLGUANOSINE_CAP_DECAPPING		18	0.36780876	0.9116505	0.592511	1.0	1.0	14848	tags=44%, list=40%, signal=74%	
GOBP_MOTOR_NEURON_AXON_GUIDANCE	GOBP_MOTOR_NEURON_AXON_GUIDANCE		35	0.31305566	0.91146094	0.57349396	1.0	1.0	10709	tags=31%, list=29%, signal=44%	
GOBP_NEGATIVE_REGULATION_OF_CHONDROCYTE_DIFFERENTIATION	GOBP_NEGATIVE_REGULATION_OF_CHONDROCYTE_DIFFERENTIATION		24	0.34420183	0.9114504	0.5714286	1.0	1.0	9073	tags=33%, list=25%, signal=44%	
GOBP_PROTEIN_LOCALIZATION_TO_PLASMA_MEMBRANE	GOBP_PROTEIN_LOCALIZATION_TO_PLASMA_MEMBRANE		311	0.22825463	0.91127044	0.8507463	1.0	1.0	5588	tags=7%, list=15%, signal=8%	
GOBP_HEPARAN_SULFATE_PROTEOGLYCAN_BIOSYNTHETIC_PROCESS	GOBP_HEPARAN_SULFATE_PROTEOGLYCAN_BIOSYNTHETIC_PROCESS		29	0.32511538	0.9107485	0.6077482	1.0	1.0	17051	tags=72%, list=46%, signal=134%	
GOBP_NEGATIVE_REGULATION_OF_LYMPHOCYTE_DIFFERENTIATION	GOBP_NEGATIVE_REGULATION_OF_LYMPHOCYTE_DIFFERENTIATION		60	0.2797956	0.910273	0.6666667	1.0	1.0	7150	tags=17%, list=19%, signal=21%	
GOBP_DNA_CATABOLIC_PROCESS	GOBP_DNA_CATABOLIC_PROCESS		36	0.30287808	0.9101205	0.64450127	1.0	1.0	2601	tags=8%, list=7%, signal=9%	
GOBP_RENAL_SYSTEM_PROCESS_INVOLVED_IN_REGULATION_OF_SYSTEMIC_ARTERIAL_BLOOD_PRESSURE	GOBP_RENAL_SYSTEM_PROCESS_INVOLVED_IN_REGULATION_OF_SYSTEMIC_ARTERIAL_BLOOD_PRESSURE		30	0.32865208	0.90991163	0.59367394	1.0	1.0	10960	tags=37%, list=30%, signal=52%	
GOBP_REGULATION_OF_T_HELPER_1_TYPE_IMMUNE_RESPONSE	GOBP_REGULATION_OF_T_HELPER_1_TYPE_IMMUNE_RESPONSE		31	0.31764984	0.9098314	0.6287129	1.0	1.0	10061	tags=32%, list=27%, signal=44%	
GOBP_RNA_POLYMERASE_II_TRANSCRIPTION_INITIATION_SURVEILLANCE	GOBP_RNA_POLYMERASE_II_TRANSCRIPTION_INITIATION_SURVEILLANCE		21	0.35470724	0.9097695	0.5954546	1.0	1.0	16965	tags=48%, list=46%, signal=88%	
GOBP_RESPONSE_TO_ALCOHOL	GOBP_RESPONSE_TO_ALCOHOL		294	0.2255002	0.90972066	0.84033614	1.0	1.0	8895	tags=19%, list=24%, signal=25%	
GOBP_REGULATION_OF_ADIPOSE_TISSUE_DEVELOPMENT	GOBP_REGULATION_OF_ADIPOSE_TISSUE_DEVELOPMENT		22	0.34856853	0.90960485	0.60191846	1.0	1.0	4303	tags=14%, list=12%, signal=15%	
GOBP_CONNECTIVE_TISSUE_DEVELOPMENT	GOBP_CONNECTIVE_TISSUE_DEVELOPMENT		336	0.22395195	0.90870297	0.83856505	1.0	1.0	11075	tags=26%, list=30%, signal=37%	
GOBP_REGULATION_OF_ENDOCYTIC_RECYCLING	GOBP_REGULATION_OF_ENDOCYTIC_RECYCLING		23	0.3386824	0.90842384	0.6381909	1.0	1.0	13810	tags=39%, list=37%, signal=62%	
GOBP_PALLIUM_DEVELOPMENT	GOBP_PALLIUM_DEVELOPMENT		207	0.23599587	0.9078794	0.7887324	1.0	1.0	2602	tags=6%, list=7%, signal=7%	
GOBP_INTEGRATED_STRESS_RESPONSE_SIGNALING	GOBP_INTEGRATED_STRESS_RESPONSE_SIGNALING		32	0.31902525	0.90773565	0.6229117	1.0	1.0	687	tags=3%, list=2%, signal=3%	
GOBP_REGULATION_OF_STRESS_ACTIVATED_PROTEIN_KINASE_SIGNALING_CASCADE	GOBP_REGULATION_OF_STRESS_ACTIVATED_PROTEIN_KINASE_SIGNALING_CASCADE		42	0.2999517	0.9069848	0.657754	1.0	1.0	4582	tags=10%, list=12%, signal=11%	
GOBP_CEREBRAL_CORTEX_NEURON_DIFFERENTIATION	GOBP_CEREBRAL_CORTEX_NEURON_DIFFERENTIATION		27	0.32791525	0.90693974	0.6289926	1.0	1.0	6297	tags=22%, list=17%, signal=27%	
GOBP_LYSOSOMAL_LUMEN_ACIDIFICATION	GOBP_LYSOSOMAL_LUMEN_ACIDIFICATION		16	0.37224853	0.9068135	0.590604	1.0	1.0	23201	tags=100%, list=63%, signal=269%	
GOBP_POSITIVE_REGULATION_OF_PEPTIDE_SECRETION	GOBP_POSITIVE_REGULATION_OF_PEPTIDE_SECRETION		145	0.2467382	0.9067141	0.72402596	1.0	1.0	2086	tags=6%, list=6%, signal=7%	
GOBP_GOLGI_LOCALIZATION	GOBP_GOLGI_LOCALIZATION		15	0.38307363	0.90631443	0.60273975	1.0	1.0	17912	tags=60%, list=48%, signal=116%	
GOBP_ICOSANOID_METABOLIC_PROCESS	GOBP_ICOSANOID_METABOLIC_PROCESS		130	0.24468559	0.9056453	0.77124184	1.0	1.0	5628	tags=17%, list=15%, signal=20%	
GOBP_NEGATIVE_REGULATION_OF_MEMBRANE_PERMEABILITY	GOBP_NEGATIVE_REGULATION_OF_MEMBRANE_PERMEABILITY		20	0.34908476	0.9052057	0.59681094	1.0	1.0	8549	tags=20%, list=23%, signal=26%	
GOBP_REGULATION_OF_ACTIN_FILAMENT_LENGTH	GOBP_REGULATION_OF_ACTIN_FILAMENT_LENGTH		158	0.23862769	0.9050759	0.7614379	1.0	1.0	5587	tags=8%, list=15%, signal=10%	
GOBP_NEGATIVE_REGULATION_OF_EPITHELIAL_TO_MESENCHYMAL_TRANSITION	GOBP_NEGATIVE_REGULATION_OF_EPITHELIAL_TO_MESENCHYMAL_TRANSITION		43	0.2982237	0.9049955	0.6495098	1.0	1.0	17687	tags=53%, list=48%, signal=102%	
GOBP_DEVELOPMENTAL_CELL_GROWTH	GOBP_DEVELOPMENTAL_CELL_GROWTH		276	0.22520472	0.9047822	0.8733624	1.0	1.0	3739	tags=7%, list=10%, signal=7%	
GOBP_MITOTIC_SPINDLE_ASSEMBLY	GOBP_MITOTIC_SPINDLE_ASSEMBLY		80	0.26137283	0.9045328	0.6648501	1.0	1.0	17580	tags=50%, list=48%, signal=95%	
GOBP_PARAXIAL_MESODERM_DEVELOPMENT	GOBP_PARAXIAL_MESODERM_DEVELOPMENT		24	0.33597162	0.9043154	0.63678163	1.0	1.0	6246	tags=13%, list=17%, signal=15%	
GOBP_HINDBRAIN_DEVELOPMENT	GOBP_HINDBRAIN_DEVELOPMENT		187	0.23449779	0.9040712	0.79844964	1.0	1.0	3739	tags=8%, list=10%, signal=9%	
GOBP_COPII_COATED_VESICLE_BUDDING	GOBP_COPII_COATED_VESICLE_BUDDING		38	0.2994158	0.9040601	0.6467391	1.0	1.0	17560	tags=55%, list=48%, signal=105%	
GOBP_MYOBLAST_DIFFERENTIATION	GOBP_MYOBLAST_DIFFERENTIATION		118	0.24911231	0.9036847	0.7325228	1.0	1.0	9381	tags=19%, list=25%, signal=26%	
GOBP_GLIAL_CELL_FATE_COMMITMENT	GOBP_GLIAL_CELL_FATE_COMMITMENT		17	0.36077502	0.90289885	0.60655737	1.0	1.0	4924	tags=18%, list=13%, signal=20%	
GOBP_HUMORAL_IMMUNE_RESPONSE_MEDIATED_BY_CIRCULATING_IMMUNOGLOBULIN	GOBP_HUMORAL_IMMUNE_RESPONSE_MEDIATED_BY_CIRCULATING_IMMUNOGLOBULIN		48	0.28524664	0.9027321	0.6572165	1.0	1.0	5917	tags=21%, list=16%, signal=25%	
GOBP_NEGATIVE_REGULATION_OF_MOLECULAR_FUNCTION	GOBP_NEGATIVE_REGULATION_OF_MOLECULAR_FUNCTION		398	0.21872318	0.9022552	0.9206349	1.0	1.0	2738	tags=5%, list=7%, signal=5%	
GOBP_PROTEIN_O_LINKED_GLYCOSYLATION_VIA_MANNOSE	GOBP_PROTEIN_O_LINKED_GLYCOSYLATION_VIA_MANNOSE		18	0.35987985	0.90223414	0.59624416	1.0	1.0	13697	tags=44%, list=37%, signal=71%	
GOBP_REGULATION_OF_MRNA_METABOLIC_PROCESS	GOBP_REGULATION_OF_MRNA_METABOLIC_PROCESS		325	0.22241658	0.9021936	0.89686096	1.0	1.0	15970	tags=35%, list=43%, signal=61%	
GOBP_FOREBRAIN_REGIONALIZATION	GOBP_FOREBRAIN_REGIONALIZATION		23	0.3422925	0.9016094	0.5848624	1.0	1.0	3160	tags=13%, list=9%, signal=14%	
GOBP_ENDOPLASMIC_RETICULUM_TUBULAR_NETWORK_ORGANIZATION	GOBP_ENDOPLASMIC_RETICULUM_TUBULAR_NETWORK_ORGANIZATION		23	0.34312728	0.90143645	0.57649666	1.0	1.0	24279	tags=100%, list=66%, signal=291%	
GOBP_REGULATION_OF_RELAXATION_OF_MUSCLE	GOBP_REGULATION_OF_RELAXATION_OF_MUSCLE		18	0.36198285	0.9010148	0.6152019	1.0	1.0	10164	tags=28%, list=28%, signal=38%	
GOBP_REGULATION_OF_PROTEIN_POLYMERIZATION	GOBP_REGULATION_OF_PROTEIN_POLYMERIZATION		198	0.23547004	0.90070975	0.8120567	1.0	1.0	5587	tags=7%, list=15%, signal=8%	
GOBP_REGULATION_OF_CELL_ADHESION_MEDIATED_BY_INTEGRIN	GOBP_REGULATION_OF_CELL_ADHESION_MEDIATED_BY_INTEGRIN		46	0.29043138	0.9006873	0.6745407	1.0	1.0	9110	tags=20%, list=25%, signal=26%	
GOBP_NEGATIVE_REGULATION_OF_SIGNALING_RECEPTOR_ACTIVITY	GOBP_NEGATIVE_REGULATION_OF_SIGNALING_RECEPTOR_ACTIVITY		17	0.35996136	0.90052396	0.61904764	1.0	1.0	2738	tags=12%, list=7%, signal=13%	
GOBP_PROSTANOID_METABOLIC_PROCESS	GOBP_PROSTANOID_METABOLIC_PROCESS		63	0.27612618	0.90030485	0.67792207	1.0	1.0	11019	tags=38%, list=30%, signal=54%	
GOBP_REGULATION_OF_SMOOTH_MUSCLE_CONTRACTION	GOBP_REGULATION_OF_SMOOTH_MUSCLE_CONTRACTION		67	0.27523175	0.90015846	0.66481996	1.0	1.0	5502	tags=15%, list=15%, signal=18%	
GOBP_COTRANSLATIONAL_PROTEIN_TARGETING_TO_MEMBRANE	GOBP_COTRANSLATIONAL_PROTEIN_TARGETING_TO_MEMBRANE		20	0.3459695	0.90008545	0.61813843	1.0	1.0	24173	tags=100%, list=65%, signal=289%	
GOBP_ESTABLISHMENT_OF_PROTEIN_LOCALIZATION_TO_POSTSYNAPTIC_MEMBRANE	GOBP_ESTABLISHMENT_OF_PROTEIN_LOCALIZATION_TO_POSTSYNAPTIC_MEMBRANE		22	0.3400703	0.8992437	0.61659193	1.0	1.0	4615	tags=9%, list=12%, signal=10%	
GOBP_PROTEOGLYCAN_BIOSYNTHETIC_PROCESS	GOBP_PROTEOGLYCAN_BIOSYNTHETIC_PROCESS		66	0.27114022	0.8991008	0.6951567	1.0	1.0	16541	tags=61%, list=45%, signal=110%	
GOBP_REGULATION_OF_PROTEIN_DEACETYLATION	GOBP_REGULATION_OF_PROTEIN_DEACETYLATION		28	0.3180038	0.898737	0.6363636	1.0	1.0	23142	tags=96%, list=63%, signal=258%	
GOBP_GLANDULAR_EPITHELIAL_CELL_DIFFERENTIATION	GOBP_GLANDULAR_EPITHELIAL_CELL_DIFFERENTIATION		18	0.35987374	0.89859694	0.6055046	1.0	1.0	418	tags=6%, list=1%, signal=6%	
GOBP_REGULATION_OF_ADAPTIVE_IMMUNE_RESPONSE	GOBP_REGULATION_OF_ADAPTIVE_IMMUNE_RESPONSE		234	0.22931191	0.89847076	0.8410042	1.0	1.0	7426	tags=17%, list=20%, signal=21%	
GOBP_POSITIVE_REGULATION_OF_HORMONE_SECRETION	GOBP_POSITIVE_REGULATION_OF_HORMONE_SECRETION		184	0.23558046	0.89831036	0.83793104	1.0	1.0	5371	tags=10%, list=15%, signal=12%	
GOBP_FERROPTOSIS	GOBP_FERROPTOSIS		32	0.30183062	0.8978735	0.63054186	1.0	1.0	14158	tags=28%, list=38%, signal=46%	
GOBP_REGULATION_OF_CHROMOSOME_CONDENSATION	GOBP_REGULATION_OF_CHROMOSOME_CONDENSATION		15	0.38116422	0.8978474	0.6037736	1.0	1.0	17883	tags=60%, list=48%, signal=116%	
GOBP_NEGATIVE_REGULATION_OF_MUSCLE_CELL_DIFFERENTIATION	GOBP_NEGATIVE_REGULATION_OF_MUSCLE_CELL_DIFFERENTIATION		68	0.2682833	0.8973561	0.6910569	1.0	1.0	10891	tags=24%, list=29%, signal=33%	
GOBP_VASOCONSTRICTION	GOBP_VASOCONSTRICTION		110	0.25020367	0.8973555	0.74698794	1.0	1.0	7387	tags=17%, list=20%, signal=22%	
GOBP_REGULATION_OF_CHROMATIN_ORGANIZATION	GOBP_REGULATION_OF_CHROMATIN_ORGANIZATION		31	0.31015542	0.89730626	0.6407323	1.0	1.0	14028	tags=32%, list=38%, signal=52%	
GOBP_NEGATIVE_REGULATION_OF_TRANSPORT	GOBP_NEGATIVE_REGULATION_OF_TRANSPORT		475	0.21487375	0.89726806	0.96216214	1.0	1.0	3703	tags=7%, list=10%, signal=7%	
GOBP_REGULATION_OF_AMYLOID_BETA_CLEARANCE	GOBP_REGULATION_OF_AMYLOID_BETA_CLEARANCE		18	0.35799617	0.8972258	0.6188235	1.0	1.0	15720	tags=61%, list=43%, signal=106%	
GOBP_POSITIVE_REGULATION_OF_SYNAPTIC_VESICLE_RECYCLING	GOBP_POSITIVE_REGULATION_OF_SYNAPTIC_VESICLE_RECYCLING		17	0.36830288	0.8967841	0.62931037	1.0	1.0	15305	tags=41%, list=41%, signal=70%	
GOBP_TRNA_5_END_PROCESSING	GOBP_TRNA_5_END_PROCESSING		16	0.36822423	0.89655364	0.6255319	1.0	1.0	17092	tags=50%, list=46%, signal=93%	
GOBP_POSITIVE_REGULATION_OF_MEMBRANE_POTENTIAL	GOBP_POSITIVE_REGULATION_OF_MEMBRANE_POTENTIAL		23	0.3333857	0.89603627	0.62676054	1.0	1.0	14299	tags=43%, list=39%, signal=71%	
GOBP_POSITIVE_REGULATION_OF_CARDIAC_MUSCLE_CELL_PROLIFERATION	GOBP_POSITIVE_REGULATION_OF_CARDIAC_MUSCLE_CELL_PROLIFERATION		31	0.31556022	0.8959158	0.6227273	1.0	1.0	2430	tags=10%, list=7%, signal=10%	
GOBP_REGULATION_OF_RHO_PROTEIN_SIGNAL_TRANSDUCTION	GOBP_REGULATION_OF_RHO_PROTEIN_SIGNAL_TRANSDUCTION		94	0.2552133	0.89526564	0.74655646	1.0	1.0	16700	tags=43%, list=45%, signal=77%	
GOBP_NEGATIVE_REGULATION_OF_ALPHA_BETA_T_CELL_ACTIVATION	GOBP_NEGATIVE_REGULATION_OF_ALPHA_BETA_T_CELL_ACTIVATION		47	0.29057539	0.89485663	0.6460396	1.0	1.0	3936	tags=13%, list=11%, signal=14%	
GOBP_NEGATIVE_REGULATION_OF_PROTEASOMAL_UBIQUITIN_DEPENDENT_PROTEIN_CATABOLIC_PROCESS	GOBP_NEGATIVE_REGULATION_OF_PROTEASOMAL_UBIQUITIN_DEPENDENT_PROTEIN_CATABOLIC_PROCESS		49	0.28724974	0.8948547	0.69135803	1.0	1.0	15485	tags=31%, list=42%, signal=53%	
GOBP_L_AMINO_ACID_METABOLIC_PROCESS	GOBP_L_AMINO_ACID_METABOLIC_PROCESS		178	0.23331837	0.8945758	0.8455882	1.0	1.0	10648	tags=24%, list=29%, signal=34%	
GOBP_MICROTUBULE_POLYMERIZATION	GOBP_MICROTUBULE_POLYMERIZATION		104	0.25337428	0.8943904	0.75384617	1.0	1.0	745	tags=3%, list=2%, signal=3%	
GOBP_NEGATIVE_REGULATION_OF_JNK_CASCADE	GOBP_NEGATIVE_REGULATION_OF_JNK_CASCADE		42	0.2945484	0.89435506	0.65525675	1.0	1.0	1962	tags=5%, list=5%, signal=5%	
GOBP_REGULATION_OF_PROTEIN_DEPOLYMERIZATION	GOBP_REGULATION_OF_PROTEIN_DEPOLYMERIZATION		101	0.25337285	0.89429605	0.6944444	1.0	1.0	5622	tags=10%, list=15%, signal=12%	
GOBP_PROTEIN_LOCALIZATION_TO_EXTRACELLULAR_REGION	GOBP_PROTEIN_LOCALIZATION_TO_EXTRACELLULAR_REGION		428	0.21516745	0.8940956	0.9771429	1.0	1.0	5371	tags=9%, list=15%, signal=11%	
GOBP_AMP_METABOLIC_PROCESS	GOBP_AMP_METABOLIC_PROCESS		27	0.32052606	0.89373827	0.6302326	1.0	1.0	3900	tags=11%, list=11%, signal=12%	
GOBP_GLYCEROPHOSPHOLIPID_BIOSYNTHETIC_PROCESS	GOBP_GLYCEROPHOSPHOLIPID_BIOSYNTHETIC_PROCESS		173	0.23359859	0.893272	0.83076924	1.0	1.0	17953	tags=56%, list=49%, signal=109%	
GOBP_RESPONSE_TO_ACID_CHEMICAL	GOBP_RESPONSE_TO_ACID_CHEMICAL		158	0.23683502	0.8931777	0.7958478	1.0	1.0	9982	tags=24%, list=27%, signal=33%	
GOBP_NUCLEOSIDE_TRIPHOSPHATE_METABOLIC_PROCESS	GOBP_NUCLEOSIDE_TRIPHOSPHATE_METABOLIC_PROCESS		293	0.22439457	0.893005	0.88065845	1.0	1.0	10810	tags=17%, list=29%, signal=23%	
GOBP_REGULATION_OF_TRANSCRIPTION_INITIATION_BY_RNA_POLYMERASE_II	GOBP_REGULATION_OF_TRANSCRIPTION_INITIATION_BY_RNA_POLYMERASE_II		76	0.26337814	0.8929391	0.71428573	1.0	1.0	24464	tags=96%, list=66%, signal=284%	
GOBP_NEGATIVE_REGULATION_OF_RECEPTOR_INTERNALIZATION	GOBP_NEGATIVE_REGULATION_OF_RECEPTOR_INTERNALIZATION		17	0.36585093	0.89274424	0.6139955	1.0	1.0	7347	tags=18%, list=20%, signal=22%	
GOBP_RESPONSE_TO_ESTROGEN	GOBP_RESPONSE_TO_ESTROGEN		83	0.25822124	0.8927416	0.746875	1.0	1.0	4348	tags=8%, list=12%, signal=10%	
GOBP_HINDLIMB_MORPHOGENESIS	GOBP_HINDLIMB_MORPHOGENESIS		44	0.2882398	0.8923803	0.6666667	1.0	1.0	4770	tags=14%, list=13%, signal=16%	
GOBP_LUNG_CELL_DIFFERENTIATION	GOBP_LUNG_CELL_DIFFERENTIATION		34	0.31203532	0.89153874	0.6120482	1.0	1.0	687	tags=6%, list=2%, signal=6%	
GOBP_REGULATION_OF_DNA_STRAND_ELONGATION	GOBP_REGULATION_OF_DNA_STRAND_ELONGATION		17	0.36194292	0.89153045	0.6277533	1.0	1.0	23582	tags=100%, list=64%, signal=276%	
GOBP_REGULATION_OF_CATECHOLAMINE_METABOLIC_PROCESS	GOBP_REGULATION_OF_CATECHOLAMINE_METABOLIC_PROCESS		21	0.33397332	0.8914216	0.6057692	1.0	1.0	16390	tags=67%, list=44%, signal=120%	
GOBP_NEGATIVE_REGULATION_OF_BIOMINERAL_TISSUE_DEVELOPMENT	GOBP_NEGATIVE_REGULATION_OF_BIOMINERAL_TISSUE_DEVELOPMENT		26	0.3268579	0.8913045	0.65367967	1.0	1.0	3711	tags=12%, list=10%, signal=13%	
GOBP_COPII_COATED_VESICLE_CARGO_LOADING	GOBP_COPII_COATED_VESICLE_CARGO_LOADING		19	0.3486032	0.8912589	0.6351351	1.0	1.0	17560	tags=63%, list=48%, signal=120%	
GOBP_PLASMA_MEMBRANE_FUSION	GOBP_PLASMA_MEMBRANE_FUSION		23	0.33263412	0.89107347	0.623348	1.0	1.0	5282	tags=26%, list=14%, signal=30%	
GOBP_NEGATIVE_REGULATION_OF_NOTCH_SIGNALING_PATHWAY	GOBP_NEGATIVE_REGULATION_OF_NOTCH_SIGNALING_PATHWAY		41	0.29337195	0.89070016	0.67493796	1.0	1.0	10726	tags=20%, list=29%, signal=27%	
GOBP_REGULATION_OF_NUCLEOCYTOPLASMIC_TRANSPORT	GOBP_REGULATION_OF_NUCLEOCYTOPLASMIC_TRANSPORT		142	0.23772562	0.8906344	0.8344595	1.0	1.0	18110	tags=53%, list=49%, signal=103%	
GOBP_PROTEIN_POLY_ADP_RIBOSYLATION	GOBP_PROTEIN_POLY_ADP_RIBOSYLATION		15	0.36403507	0.8904133	0.61946905	1.0	1.0	23504	tags=100%, list=64%, signal=275%	
GOBP_ODONTOGENESIS_OF_DENTIN_CONTAINING_TOOTH	GOBP_ODONTOGENESIS_OF_DENTIN_CONTAINING_TOOTH		94	0.25201097	0.89036745	0.755618	1.0	1.0	4932	tags=12%, list=13%, signal=13%	
GOBP_TRIGLYCERIDE_RICH_LIPOPROTEIN_PARTICLE_REMODELING	GOBP_TRIGLYCERIDE_RICH_LIPOPROTEIN_PARTICLE_REMODELING		15	0.36613584	0.88999474	0.61764705	1.0	1.0	10533	tags=40%, list=29%, signal=56%	
GOBP_POSITIVE_REGULATION_OF_TYPE_II_INTERFERON_PRODUCTION	GOBP_POSITIVE_REGULATION_OF_TYPE_II_INTERFERON_PRODUCTION		78	0.26022726	0.88866377	0.7104558	1.0	1.0	3703	tags=12%, list=10%, signal=13%	
GOBP_SKELETAL_MUSCLE_TISSUE_REGENERATION	GOBP_SKELETAL_MUSCLE_TISSUE_REGENERATION		49	0.2807524	0.88828325	0.7201018	1.0	1.0	4716	tags=10%, list=13%, signal=12%	
GOBP_REGULATION_OF_SECONDARY_METABOLIC_PROCESS	GOBP_REGULATION_OF_SECONDARY_METABOLIC_PROCESS		17	0.36173123	0.8877546	0.6134663	1.0	1.0	4608	tags=12%, list=12%, signal=13%	
GOBP_SYMBIONT_ENTRY_INTO_HOST	GOBP_SYMBIONT_ENTRY_INTO_HOST		105	0.24777147	0.8876149	0.77011496	1.0	1.0	1387	tags=5%, list=4%, signal=5%	
GOBP_PRIMARY_NEURAL_TUBE_FORMATION	GOBP_PRIMARY_NEURAL_TUBE_FORMATION		116	0.24562714	0.8875837	0.77134144	1.0	1.0	17081	tags=53%, list=46%, signal=97%	
GOBP_POSITIVE_REGULATION_OF_NEUROGENESIS	GOBP_POSITIVE_REGULATION_OF_NEUROGENESIS		296	0.21925253	0.8872313	0.9198312	1.0	1.0	10945	tags=20%, list=30%, signal=29%	
GOBP_SNRNA_METABOLIC_PROCESS	GOBP_SNRNA_METABOLIC_PROCESS		52	0.2758538	0.8872041	0.70603013	1.0	1.0	17407	tags=58%, list=47%, signal=109%	
GOBP_SINGLE_FERTILIZATION	GOBP_SINGLE_FERTILIZATION		172	0.23531124	0.88697934	0.84615386	1.0	1.0	5676	tags=14%, list=15%, signal=16%	
GOBP_ARGININE_METABOLIC_PROCESS	GOBP_ARGININE_METABOLIC_PROCESS		20	0.3423567	0.88658947	0.6117647	1.0	1.0	10537	tags=25%, list=29%, signal=35%	
GOBP_SULFUR_AMINO_ACID_BIOSYNTHETIC_PROCESS	GOBP_SULFUR_AMINO_ACID_BIOSYNTHETIC_PROCESS		15	0.36451215	0.88621825	0.6210762	1.0	1.0	13753	tags=60%, list=37%, signal=96%	
GOBP_REGULATION_OF_VIRAL_LIFE_CYCLE	GOBP_REGULATION_OF_VIRAL_LIFE_CYCLE		114	0.24677858	0.8856266	0.77607363	1.0	1.0	11115	tags=22%, list=30%, signal=31%	
GOBP_REGULATION_OF_RESPONSE_TO_ENDOPLASMIC_RETICULUM_STRESS	GOBP_REGULATION_OF_RESPONSE_TO_ENDOPLASMIC_RETICULUM_STRESS		88	0.25658613	0.8852585	0.756447	1.0	1.0	15845	tags=34%, list=43%, signal=60%	
GOBP_PHAGOCYTOSIS	GOBP_PHAGOCYTOSIS		233	0.2255325	0.8852413	0.92565054	1.0	1.0	5702	tags=9%, list=15%, signal=10%	
GOBP_LYMPHOCYTE_CHEMOTAXIS	GOBP_LYMPHOCYTE_CHEMOTAXIS		41	0.29960263	0.88516057	0.6623037	1.0	1.0	5459	tags=15%, list=15%, signal=17%	
GOBP_EPHRIN_RECEPTOR_SIGNALING_PATHWAY	GOBP_EPHRIN_RECEPTOR_SIGNALING_PATHWAY		45	0.28178748	0.8850213	0.67164177	1.0	1.0	10733	tags=29%, list=29%, signal=41%	
GOBP_REGULATION_OF_TYPE_2_IMMUNE_RESPONSE	GOBP_REGULATION_OF_TYPE_2_IMMUNE_RESPONSE		30	0.30707803	0.884899	0.6650602	1.0	1.0	3535	tags=10%, list=10%, signal=11%	
GOBP_REGULATION_OF_DNA_BINDING	GOBP_REGULATION_OF_DNA_BINDING		17	0.35566586	0.88488543	0.6203704	1.0	1.0	16865	tags=53%, list=46%, signal=97%	
GOBP_SODIUM_ION_EXPORT_ACROSS_PLASMA_MEMBRANE	GOBP_SODIUM_ION_EXPORT_ACROSS_PLASMA_MEMBRANE		21	0.33604562	0.88487154	0.627193	1.0	1.0	1439	tags=10%, list=4%, signal=10%	
GOBP_DETECTION_OF_MECHANICAL_STIMULUS	GOBP_DETECTION_OF_MECHANICAL_STIMULUS		66	0.26569813	0.8847223	0.6896552	1.0	1.0	3620	tags=12%, list=10%, signal=13%	
GOBP_CELL_COMMUNICATION_INVOLVED_IN_CARDIAC_CONDUCTION	GOBP_CELL_COMMUNICATION_INVOLVED_IN_CARDIAC_CONDUCTION		44	0.2844091	0.8842138	0.7070218	1.0	1.0	5552	tags=16%, list=15%, signal=19%	
GOBP_REGULATION_OF_PROTEIN_SECRETION	GOBP_REGULATION_OF_PROTEIN_SECRETION		307	0.21916828	0.8842065	0.9234234	1.0	1.0	3101	tags=7%, list=8%, signal=7%	
GOBP_POSITIVE_REGULATION_OF_HEART_RATE	GOBP_POSITIVE_REGULATION_OF_HEART_RATE		31	0.30687055	0.8841472	0.6936275	1.0	1.0	3606	tags=19%, list=10%, signal=21%	
GOBP_NEUTROPHIL_CHEMOTAXIS	GOBP_NEUTROPHIL_CHEMOTAXIS		87	0.25781062	0.88388747	0.7586207	1.0	1.0	10574	tags=26%, list=29%, signal=37%	
GOBP_REGULATION_OF_CELLULAR_RESPONSE_TO_INSULIN_STIMULUS	GOBP_REGULATION_OF_CELLULAR_RESPONSE_TO_INSULIN_STIMULUS		106	0.2442474	0.8838114	0.75206614	1.0	1.0	15457	tags=34%, list=42%, signal=58%	
GOBP_NEURONAL_STEM_CELL_POPULATION_MAINTENANCE	GOBP_NEURONAL_STEM_CELL_POPULATION_MAINTENANCE		26	0.32318726	0.88361704	0.66200465	1.0	1.0	7343	tags=15%, list=20%, signal=19%	
GOBP_LIPOPROTEIN_METABOLIC_PROCESS	GOBP_LIPOPROTEIN_METABOLIC_PROCESS		104	0.2489096	0.8834023	0.8083067	1.0	1.0	10647	tags=27%, list=29%, signal=38%	
GOBP_NEGATIVE_REGULATION_OF_MRNA_PROCESSING	GOBP_NEGATIVE_REGULATION_OF_MRNA_PROCESSING		24	0.32965037	0.88335216	0.62946427	1.0	1.0	24777	tags=100%, list=67%, signal=303%	
GOBP_DNA_SYNTHESIS_INVOLVED_IN_DNA_REPLICATION	GOBP_DNA_SYNTHESIS_INVOLVED_IN_DNA_REPLICATION		26	0.32189587	0.88316965	0.6517647	1.0	1.0	25064	tags=100%, list=68%, signal=311%	
GOBP_NEGATIVE_REGULATION_OF_HEMOPOIESIS	GOBP_NEGATIVE_REGULATION_OF_HEMOPOIESIS		116	0.24905418	0.88308984	0.80625	1.0	1.0	4352	tags=9%, list=12%, signal=11%	
GOBP_POSITIVE_REGULATION_OF_ENDOTHELIAL_CELL_APOPTOTIC_PROCESS	GOBP_POSITIVE_REGULATION_OF_ENDOTHELIAL_CELL_APOPTOTIC_PROCESS		23	0.3297426	0.8828563	0.6283784	1.0	1.0	9073	tags=22%, list=25%, signal=29%	
GOBP_PHOSPHATIDYLINOSITOL_PHOSPHATE_BIOSYNTHETIC_PROCESS	GOBP_PHOSPHATIDYLINOSITOL_PHOSPHATE_BIOSYNTHETIC_PROCESS		51	0.27401277	0.88278574	0.6954315	1.0	1.0	18012	tags=57%, list=49%, signal=111%	
GOBP_CD4_POSITIVE_OR_CD8_POSITIVE_ALPHA_BETA_T_CELL_LINEAGE_COMMITMENT	GOBP_CD4_POSITIVE_OR_CD8_POSITIVE_ALPHA_BETA_T_CELL_LINEAGE_COMMITMENT		31	0.30892333	0.8824379	0.6666667	1.0	1.0	4966	tags=13%, list=13%, signal=15%	
GOBP_POSITIVE_REGULATION_OF_RELEASE_OF_CYTOCHROME_C_FROM_MITOCHONDRIA	GOBP_POSITIVE_REGULATION_OF_RELEASE_OF_CYTOCHROME_C_FROM_MITOCHONDRIA		28	0.32895795	0.8822793	0.6666667	1.0	1.0	15451	tags=46%, list=42%, signal=80%	
GOBP_METALLO_SULFUR_CLUSTER_ASSEMBLY	GOBP_METALLO_SULFUR_CLUSTER_ASSEMBLY		26	0.32514605	0.8819155	0.63461536	1.0	1.0	2901	tags=8%, list=8%, signal=8%	
GOBP_MONOCARBOXYLIC_ACID_BIOSYNTHETIC_PROCESS	GOBP_MONOCARBOXYLIC_ACID_BIOSYNTHETIC_PROCESS		234	0.22522976	0.88178706	0.9118774	1.0	1.0	11039	tags=27%, list=30%, signal=38%	
GOBP_RESPONSE_TO_ESTRADIOL	GOBP_RESPONSE_TO_ESTRADIOL		106	0.2496029	0.8817584	0.790625	1.0	1.0	10395	tags=22%, list=28%, signal=30%	
GOBP_AMIDE_TRANSPORT	GOBP_AMIDE_TRANSPORT		379	0.21477301	0.8815534	0.960199	1.0	1.0	5371	tags=10%, list=15%, signal=12%	
GOBP_REGULATION_OF_MITOCHONDRIAL_MEMBRANE_POTENTIAL	GOBP_REGULATION_OF_MITOCHONDRIAL_MEMBRANE_POTENTIAL		92	0.25030863	0.8807112	0.76902175	1.0	1.0	4029	tags=8%, list=11%, signal=9%	
GOBP_STEM_CELL_PROLIFERATION	GOBP_STEM_CELL_PROLIFERATION		92	0.2518613	0.88065106	0.7609329	1.0	1.0	16625	tags=46%, list=45%, signal=83%	
GOBP_CELLULAR_RESPONSE_TO_PEPTIDE_HORMONE_STIMULUS	GOBP_CELLULAR_RESPONSE_TO_PEPTIDE_HORMONE_STIMULUS		359	0.21773396	0.88061285	0.95212764	1.0	1.0	5555	tags=8%, list=15%, signal=10%	
GOBP_ALPHA_AMINO_ACID_CATABOLIC_PROCESS	GOBP_ALPHA_AMINO_ACID_CATABOLIC_PROCESS		91	0.25387958	0.8804597	0.7732558	1.0	1.0	10648	tags=29%, list=29%, signal=40%	
GOBP_REGULATION_OF_MITOCHONDRIAL_OUTER_MEMBRANE_PERMEABILIZATION_INVOLVED_IN_APOPTOTIC_SIGNALING_PATHWAY	GOBP_REGULATION_OF_MITOCHONDRIAL_OUTER_MEMBRANE_PERMEABILIZATION_INVOLVED_IN_APOPTOTIC_SIGNALING_PATHWAY		22	0.33199152	0.8802122	0.6255814	1.0	1.0	8549	tags=18%, list=23%, signal=24%	
GOBP_POSITIVE_REGULATION_OF_GLIOGENESIS	GOBP_POSITIVE_REGULATION_OF_GLIOGENESIS		85	0.25722173	0.8800016	0.76657826	1.0	1.0	5168	tags=11%, list=14%, signal=12%	
GOBP_WHITE_FAT_CELL_DIFFERENTIATION	GOBP_WHITE_FAT_CELL_DIFFERENTIATION		25	0.3203276	0.87904	0.6340909	1.0	1.0	1066	tags=8%, list=3%, signal=8%	
GOBP_ALDEHYDE_METABOLIC_PROCESS	GOBP_ALDEHYDE_METABOLIC_PROCESS		81	0.25588584	0.87844247	0.7768595	1.0	1.0	5346	tags=10%, list=14%, signal=12%	
GOBP_POSITIVE_REGULATION_OF_JNK_CASCADE	GOBP_POSITIVE_REGULATION_OF_JNK_CASCADE		113	0.24486938	0.87830293	0.78571427	1.0	1.0	10204	tags=20%, list=28%, signal=28%	
GOBP_POSITIVE_REGULATION_OF_CALCIUM_ION_TRANSMEMBRANE_TRANSPORT	GOBP_POSITIVE_REGULATION_OF_CALCIUM_ION_TRANSMEMBRANE_TRANSPORT		64	0.26351604	0.87824553	0.73333335	1.0	1.0	5502	tags=14%, list=15%, signal=16%	
GOBP_MEMBRANE_BIOGENESIS	GOBP_MEMBRANE_BIOGENESIS		69	0.2637159	0.878213	0.7376623	1.0	1.0	10575	tags=20%, list=29%, signal=28%	
GOBP_PEPTIDE_TRANSPORT	GOBP_PEPTIDE_TRANSPORT		336	0.21567404	0.8781986	0.9478261	1.0	1.0	4348	tags=8%, list=12%, signal=9%	
GOBP_POSITIVE_REGULATION_OF_ASTROCYTE_DIFFERENTIATION	GOBP_POSITIVE_REGULATION_OF_ASTROCYTE_DIFFERENTIATION		15	0.36125904	0.8779633	0.6511628	1.0	1.0	646	tags=7%, list=2%, signal=7%	
GOBP_ANATOMICAL_STRUCTURE_MATURATION	GOBP_ANATOMICAL_STRUCTURE_MATURATION		296	0.22089675	0.8777877	0.9497717	1.0	1.0	5622	tags=13%, list=15%, signal=15%	
GOBP_REGULATION_OF_INSULIN_SECRETION	GOBP_REGULATION_OF_INSULIN_SECRETION		204	0.22875944	0.8777115	0.8652482	1.0	1.0	5371	tags=11%, list=15%, signal=13%	
GOBP_RESPONSE_TO_TOPOLOGICALLY_INCORRECT_PROTEIN	GOBP_RESPONSE_TO_TOPOLOGICALLY_INCORRECT_PROTEIN		149	0.23488764	0.87770855	0.8486842	1.0	1.0	17116	tags=45%, list=46%, signal=83%	
GOBP_GENOMIC_IMPRINTING	GOBP_GENOMIC_IMPRINTING		26	0.31995797	0.87770486	0.6698795	1.0	1.0	15480	tags=50%, list=42%, signal=86%	
GOBP_REACTIVE_NITROGEN_SPECIES_METABOLIC_PROCESS	GOBP_REACTIVE_NITROGEN_SPECIES_METABOLIC_PROCESS		101	0.24828279	0.8776878	0.7993921	1.0	1.0	3646	tags=7%, list=10%, signal=8%	
GOBP_MAMMARY_GLAND_MORPHOGENESIS	GOBP_MAMMARY_GLAND_MORPHOGENESIS		63	0.26815727	0.8772834	0.71890545	1.0	1.0	9597	tags=21%, list=26%, signal=28%	
GOBP_MIDBODY_ABSCISSION	GOBP_MIDBODY_ABSCISSION		24	0.32358444	0.8769	0.6453901	1.0	1.0	25001	tags=100%, list=68%, signal=309%	
GOBP_BIOLOGICAL_PROCESS_INVOLVED_IN_INTERACTION_WITH_HOST	GOBP_BIOLOGICAL_PROCESS_INVOLVED_IN_INTERACTION_WITH_HOST		150	0.23557942	0.8765645	0.8580858	1.0	1.0	1387	tags=4%, list=4%, signal=4%	
GOBP_NEGATIVE_REGULATION_OF_SMOOTH_MUSCLE_CELL_PROLIFERATION	GOBP_NEGATIVE_REGULATION_OF_SMOOTH_MUSCLE_CELL_PROLIFERATION		63	0.2664549	0.876513	0.768546	1.0	1.0	7309	tags=16%, list=20%, signal=20%	
GOBP_CEREBRAL_CORTEX_DEVELOPMENT	GOBP_CEREBRAL_CORTEX_DEVELOPMENT		139	0.23974414	0.87634885	0.8416149	1.0	1.0	2602	tags=6%, list=7%, signal=7%	
GOBP_REGULATION_OF_GLIAL_CELL_PROLIFERATION	GOBP_REGULATION_OF_GLIAL_CELL_PROLIFERATION		52	0.27665454	0.87614715	0.7189189	1.0	1.0	10943	tags=33%, list=30%, signal=46%	
GOBP_CRANIAL_NERVE_MORPHOGENESIS	GOBP_CRANIAL_NERVE_MORPHOGENESIS		29	0.30825195	0.8761019	0.6651481	1.0	1.0	5435	tags=17%, list=15%, signal=20%	
GOBP_CERAMIDE_CATABOLIC_PROCESS	GOBP_CERAMIDE_CATABOLIC_PROCESS		20	0.33827958	0.8760865	0.6393443	1.0	1.0	24457	tags=100%, list=66%, signal=296%	
GOBP_NEGATIVE_REGULATION_OF_NF_KAPPAB_TRANSCRIPTION_FACTOR_ACTIVITY	GOBP_NEGATIVE_REGULATION_OF_NF_KAPPAB_TRANSCRIPTION_FACTOR_ACTIVITY		50	0.27557188	0.87603474	0.7220779	1.0	1.0	10481	tags=22%, list=28%, signal=31%	
GOBP_FERTILIZATION	GOBP_FERTILIZATION		219	0.22352463	0.87581444	0.922179	1.0	1.0	5790	tags=13%, list=16%, signal=16%	
GOBP_POSTSYNAPSE_ASSEMBLY	GOBP_POSTSYNAPSE_ASSEMBLY		108	0.24770495	0.8755163	0.8006135	1.0	1.0	10924	tags=23%, list=30%, signal=33%	
GOBP_PLASMA_MEMBRANE_ORGANIZATION	GOBP_PLASMA_MEMBRANE_ORGANIZATION		178	0.22973835	0.87549603	0.8729097	1.0	1.0	5530	tags=10%, list=15%, signal=12%	
GOBP_PHOSPHATIDYLINOSITOL_METABOLIC_PROCESS	GOBP_PHOSPHATIDYLINOSITOL_METABOLIC_PROCESS		142	0.23624806	0.8746679	0.85303515	1.0	1.0	14424	tags=27%, list=39%, signal=45%	
GOBP_RESPIRATORY_SYSTEM_DEVELOPMENT	GOBP_RESPIRATORY_SYSTEM_DEVELOPMENT		277	0.2208146	0.8739339	0.9525692	1.0	1.0	11102	tags=23%, list=30%, signal=33%	
GOBP_SYNAPSE_ASSEMBLY	GOBP_SYNAPSE_ASSEMBLY		305	0.22066197	0.8736811	0.94711536	1.0	1.0	10746	tags=26%, list=29%, signal=37%	
GOBP_REGULATION_OF_HAIR_CYCLE	GOBP_REGULATION_OF_HAIR_CYCLE		32	0.30354393	0.8735161	0.64819276	1.0	1.0	10272	tags=31%, list=28%, signal=43%	
GOBP_REGULATION_OF_GRANULOCYTE_CHEMOTAXIS	GOBP_REGULATION_OF_GRANULOCYTE_CHEMOTAXIS		56	0.2722816	0.87305754	0.703504	1.0	1.0	10574	tags=23%, list=29%, signal=32%	
GOBP_CARTILAGE_DEVELOPMENT	GOBP_CARTILAGE_DEVELOPMENT		229	0.22155899	0.8724146	0.92410713	1.0	1.0	11075	tags=26%, list=30%, signal=37%	
GOBP_NEGATIVE_REGULATION_OF_PROTEIN_IMPORT_INTO_NUCLEUS	GOBP_NEGATIVE_REGULATION_OF_PROTEIN_IMPORT_INTO_NUCLEUS		22	0.3276287	0.87204885	0.6387665	1.0	1.0	24851	tags=100%, list=67%, signal=305%	
GOBP_T_HELPER_17_CELL_DIFFERENTIATION	GOBP_T_HELPER_17_CELL_DIFFERENTIATION		41	0.28723562	0.8720116	0.72572815	1.0	1.0	4313	tags=12%, list=12%, signal=14%	
GOBP_PROTEIN_K63_LINKED_UBIQUITINATION	GOBP_PROTEIN_K63_LINKED_UBIQUITINATION		91	0.25217918	0.8719924	0.7595308	1.0	1.0	10249	tags=12%, list=28%, signal=17%	
GOBP_PROSTATE_GLAND_MORPHOGENESIS	GOBP_PROSTATE_GLAND_MORPHOGENESIS		30	0.3051813	0.87182564	0.6666667	1.0	1.0	3747	tags=10%, list=10%, signal=11%	
GOBP_REGULATION_OF_CALCIUM_ION_DEPENDENT_EXOCYTOSIS	GOBP_REGULATION_OF_CALCIUM_ION_DEPENDENT_EXOCYTOSIS		50	0.27144867	0.87165403	0.73284316	1.0	1.0	5166	tags=14%, list=14%, signal=16%	
GOBP_RESPONSE_TO_ETHANOL	GOBP_RESPONSE_TO_ETHANOL		143	0.23378916	0.8716512	0.8451613	1.0	1.0	9939	tags=28%, list=27%, signal=38%	
GOBP_CD8_POSITIVE_ALPHA_BETA_T_CELL_ACTIVATION	GOBP_CD8_POSITIVE_ALPHA_BETA_T_CELL_ACTIVATION		32	0.30546063	0.87139004	0.6548463	1.0	1.0	7435	tags=25%, list=20%, signal=31%	
GOBP_REGULATION_OF_PROTEIN_LOCALIZATION_TO_NUCLEUS	GOBP_REGULATION_OF_PROTEIN_LOCALIZATION_TO_NUCLEUS		176	0.22774039	0.87134546	0.8636364	1.0	1.0	17159	tags=44%, list=46%, signal=81%	
GOBP_OLIGOPEPTIDE_TRANSPORT	GOBP_OLIGOPEPTIDE_TRANSPORT		26	0.31609145	0.87074375	0.6564706	1.0	1.0	11085	tags=31%, list=30%, signal=44%	
GOBP_POSITIVE_REGULATION_OF_NEURAL_PRECURSOR_CELL_PROLIFERATION	GOBP_POSITIVE_REGULATION_OF_NEURAL_PRECURSOR_CELL_PROLIFERATION		66	0.26614746	0.87066233	0.75956285	1.0	1.0	7419	tags=18%, list=20%, signal=23%	
GOBP_LEUKOCYTE_HOMEOSTASIS	GOBP_LEUKOCYTE_HOMEOSTASIS		128	0.24114895	0.87050307	0.790625	1.0	1.0	5619	tags=10%, list=15%, signal=12%	
GOBP_PLATELET_MORPHOGENESIS	GOBP_PLATELET_MORPHOGENESIS		25	0.32170054	0.87048656	0.67695963	1.0	1.0	18075	tags=56%, list=49%, signal=110%	
GOBP_REGULATION_OF_SYNAPTIC_VESICLE_RECYCLING	GOBP_REGULATION_OF_SYNAPTIC_VESICLE_RECYCLING		46	0.28083432	0.8700473	0.7192118	1.0	1.0	18178	tags=67%, list=49%, signal=132%	
GOBP_NEGATIVE_REGULATION_OF_LOCOMOTION	GOBP_NEGATIVE_REGULATION_OF_LOCOMOTION		349	0.2139898	0.8699442	0.96279067	1.0	1.0	7326	tags=12%, list=20%, signal=15%	
GOBP_PHARYNGEAL_SYSTEM_DEVELOPMENT	GOBP_PHARYNGEAL_SYSTEM_DEVELOPMENT		33	0.301103	0.86994	0.6995074	1.0	1.0	3908	tags=9%, list=11%, signal=10%	
GOBP_ICOSANOID_BIOSYNTHETIC_PROCESS	GOBP_ICOSANOID_BIOSYNTHETIC_PROCESS		54	0.2689561	0.8693809	0.7633588	1.0	1.0	6981	tags=20%, list=19%, signal=25%	
GOBP_POSITIVE_REGULATION_OF_MULTICELLULAR_ORGANISM_GROWTH	GOBP_POSITIVE_REGULATION_OF_MULTICELLULAR_ORGANISM_GROWTH		38	0.2949561	0.8684857	0.69417477	1.0	1.0	14142	tags=53%, list=38%, signal=85%	
GOBP_POSITIVE_REGULATION_OF_NERVOUS_SYSTEM_DEVELOPMENT	GOBP_POSITIVE_REGULATION_OF_NERVOUS_SYSTEM_DEVELOPMENT		358	0.21088251	0.86826015	0.9907834	1.0	1.0	11171	tags=23%, list=30%, signal=33%	
GOBP_SENSORY_SYSTEM_DEVELOPMENT	GOBP_SENSORY_SYSTEM_DEVELOPMENT		438	0.20942575	0.86812073	0.97837836	1.0	1.0	11065	tags=25%, list=30%, signal=35%	
GOBP_RIBOSE_PHOSPHATE_METABOLIC_PROCESS	GOBP_RIBOSE_PHOSPHATE_METABOLIC_PROCESS		391	0.21116512	0.8678924	0.98342544	1.0	1.0	10848	tags=19%, list=29%, signal=26%	
GOBP_NOTOCHORD_DEVELOPMENT	GOBP_NOTOCHORD_DEVELOPMENT		22	0.3270907	0.8677303	0.6879433	1.0	1.0	4593	tags=14%, list=12%, signal=16%	
GOBP_RENAL_TUBULE_DEVELOPMENT	GOBP_RENAL_TUBULE_DEVELOPMENT		114	0.2412474	0.8673056	0.8373494	1.0	1.0	10631	tags=27%, list=29%, signal=38%	
GOBP_CELLULAR_RESPONSE_TO_VITAMIN	GOBP_CELLULAR_RESPONSE_TO_VITAMIN		28	0.31327716	0.8670916	0.69336385	1.0	1.0	10350	tags=32%, list=28%, signal=45%	
GOBP_AROMATIC_AMINO_ACID_METABOLIC_PROCESS	GOBP_AROMATIC_AMINO_ACID_METABOLIC_PROCESS		43	0.28486705	0.86643887	0.7296588	1.0	1.0	8886	tags=26%, list=24%, signal=34%	
GOBP_POSITIVE_REGULATION_OF_TRANSLATION	GOBP_POSITIVE_REGULATION_OF_TRANSLATION		165	0.22955213	0.8662882	0.86206895	1.0	1.0	120	tags=1%, list=0%, signal=1%	
GOBP_NEUTROPHIL_ACTIVATION	GOBP_NEUTROPHIL_ACTIVATION		45	0.27886885	0.86557513	0.7222222	1.0	1.0	2440	tags=7%, list=7%, signal=7%	
GOBP_MEMBRANE_FUSION	GOBP_MEMBRANE_FUSION		195	0.22643617	0.865147	0.9203187	1.0	1.0	5622	tags=10%, list=15%, signal=11%	
GOBP_REGULATION_OF_MITOCHONDRIAL_TRANSLATION	GOBP_REGULATION_OF_MITOCHONDRIAL_TRANSLATION		23	0.32761058	0.86472315	0.67157894	1.0	1.0	24852	tags=100%, list=67%, signal=305%	
GOBP_PROTEIN_FOLDING	GOBP_PROTEIN_FOLDING		194	0.22510742	0.8646403	0.90909094	1.0	1.0	16988	tags=50%, list=46%, signal=92%	
GOBP_OLIGODENDROCYTE_DIFFERENTIATION	GOBP_OLIGODENDROCYTE_DIFFERENTIATION		124	0.23656453	0.8644432	0.82043344	1.0	1.0	4924	tags=10%, list=13%, signal=11%	
GOBP_TUMOR_NECROSIS_FACTOR_SUPERFAMILY_CYTOKINE_PRODUCTION	GOBP_TUMOR_NECROSIS_FACTOR_SUPERFAMILY_CYTOKINE_PRODUCTION		196	0.22212005	0.8640692	0.9489796	1.0	1.0	3703	tags=7%, list=10%, signal=7%	
GOBP_MODULATION_OF_EXCITATORY_POSTSYNAPTIC_POTENTIAL	GOBP_MODULATION_OF_EXCITATORY_POSTSYNAPTIC_POTENTIAL		70	0.25878125	0.8637772	0.7605985	1.0	1.0	9528	tags=29%, list=26%, signal=38%	
GOBP_GOLGI_VESICLE_TRANSPORT	GOBP_GOLGI_VESICLE_TRANSPORT		303	0.21266592	0.8635433	0.9710145	1.0	1.0	17912	tags=52%, list=48%, signal=100%	
GOBP_CELLULAR_RESPONSE_TO_GONADOTROPIN_STIMULUS	GOBP_CELLULAR_RESPONSE_TO_GONADOTROPIN_STIMULUS		26	0.3117834	0.8630137	0.68457943	1.0	1.0	4876	tags=15%, list=13%, signal=18%	
GOBP_PSEUDOURIDINE_SYNTHESIS	GOBP_PSEUDOURIDINE_SYNTHESIS		17	0.3479668	0.86284184	0.6544622	1.0	1.0	10697	tags=35%, list=29%, signal=50%	
GOBP_SIGNAL_TRANSDUCTION_INVOLVED_IN_REGULATION_OF_GENE_EXPRESSION	GOBP_SIGNAL_TRANSDUCTION_INVOLVED_IN_REGULATION_OF_GENE_EXPRESSION		33	0.2991918	0.8624904	0.7198068	1.0	1.0	11681	tags=33%, list=32%, signal=49%	
GOBP_NEGATIVE_REGULATION_OF_DEFENSE_RESPONSE	GOBP_NEGATIVE_REGULATION_OF_DEFENSE_RESPONSE		287	0.21381053	0.8621941	0.9728507	1.0	1.0	4705	tags=9%, list=13%, signal=10%	
GOBP_REGULATION_OF_LIPID_METABOLIC_PROCESS	GOBP_REGULATION_OF_LIPID_METABOLIC_PROCESS		363	0.21050502	0.862192	0.97619045	1.0	1.0	11024	tags=24%, list=30%, signal=34%	
GOBP_AXON_ENSHEATHMENT_IN_CENTRAL_NERVOUS_SYSTEM	GOBP_AXON_ENSHEATHMENT_IN_CENTRAL_NERVOUS_SYSTEM		29	0.3103938	0.8617956	0.69815665	1.0	1.0	646	tags=7%, list=2%, signal=7%	
GOBP_REGULATION_OF_MICROVILLUS_ORGANIZATION	GOBP_REGULATION_OF_MICROVILLUS_ORGANIZATION		18	0.34288284	0.86167765	0.67356324	1.0	1.0	10832	tags=39%, list=29%, signal=55%	
GOBP_RETINOIC_ACID_RECEPTOR_SIGNALING_PATHWAY	GOBP_RETINOIC_ACID_RECEPTOR_SIGNALING_PATHWAY		34	0.2977335	0.8612073	0.7062937	1.0	1.0	4957	tags=9%, list=13%, signal=10%	
GOBP_REGULATION_OF_CENTRIOLE_REPLICATION	GOBP_REGULATION_OF_CENTRIOLE_REPLICATION		24	0.32358462	0.86110526	0.7206209	1.0	1.0	25001	tags=100%, list=68%, signal=309%	
GOBP_PHOSPHATIDYLINOSITOL_DEPHOSPHORYLATION	GOBP_PHOSPHATIDYLINOSITOL_DEPHOSPHORYLATION		25	0.31642523	0.8608539	0.6805556	1.0	1.0	13472	tags=28%, list=36%, signal=44%	
GOBP_REGULATION_OF_PROTEOLYSIS	GOBP_REGULATION_OF_PROTEOLYSIS		422	0.2069861	0.8601399	1.0	1.0	1.0	5677	tags=7%, list=15%, signal=8%	
GOBP_POSITIVE_REGULATION_OF_ADAPTIVE_IMMUNE_RESPONSE	GOBP_POSITIVE_REGULATION_OF_ADAPTIVE_IMMUNE_RESPONSE		155	0.22986028	0.8598105	0.8833333	1.0	1.0	7426	tags=17%, list=20%, signal=22%	
GOBP_CELLULAR_RESPONSE_TO_FLUID_SHEAR_STRESS	GOBP_CELLULAR_RESPONSE_TO_FLUID_SHEAR_STRESS		20	0.32913738	0.85931796	0.67713004	1.0	1.0	3941	tags=10%, list=11%, signal=11%	
GOBP_RENAL_VESICLE_DEVELOPMENT	GOBP_RENAL_VESICLE_DEVELOPMENT		20	0.32860103	0.85914356	0.6738095	1.0	1.0	10187	tags=35%, list=28%, signal=48%	
GOBP_HORMONE_TRANSPORT	GOBP_HORMONE_TRANSPORT		392	0.209213	0.85912746	0.990099	1.0	1.0	4348	tags=9%, list=12%, signal=10%	
GOBP_L_GLUTAMATE_TRANSMEMBRANE_TRANSPORT	GOBP_L_GLUTAMATE_TRANSMEMBRANE_TRANSPORT		31	0.3048048	0.8587299	0.69756097	1.0	1.0	11565	tags=26%, list=31%, signal=38%	
GOBP_POLY_A_PLUS_MRNA_EXPORT_FROM_NUCLEUS	GOBP_POLY_A_PLUS_MRNA_EXPORT_FROM_NUCLEUS		22	0.33205903	0.85863656	0.6836283	1.0	1.0	1243	tags=5%, list=3%, signal=5%	
GOBP_POLYSACCHARIDE_BIOSYNTHETIC_PROCESS	GOBP_POLYSACCHARIDE_BIOSYNTHETIC_PROCESS		64	0.2569713	0.8585541	0.787013	1.0	1.0	16368	tags=52%, list=44%, signal=92%	
GOBP_TIGHT_JUNCTION_ASSEMBLY	GOBP_TIGHT_JUNCTION_ASSEMBLY		67	0.25913024	0.8579356	0.7712082	1.0	1.0	1756	tags=4%, list=5%, signal=5%	
GOBP_ADRENAL_GLAND_DEVELOPMENT	GOBP_ADRENAL_GLAND_DEVELOPMENT		29	0.30626717	0.8577956	0.671916	1.0	1.0	5346	tags=10%, list=14%, signal=12%	
GOBP_SECRETION_BY_TISSUE	GOBP_SECRETION_BY_TISSUE		58	0.2678906	0.8577034	0.76455027	1.0	1.0	1914	tags=9%, list=5%, signal=9%	
GOBP_TELENCEPHALON_GLIAL_CELL_MIGRATION	GOBP_TELENCEPHALON_GLIAL_CELL_MIGRATION		28	0.31058136	0.8573609	0.69248825	1.0	1.0	2409	tags=11%, list=7%, signal=11%	
GOBP_COGNITION	GOBP_COGNITION		386	0.20971966	0.85716695	0.9848485	1.0	1.0	5675	tags=10%, list=15%, signal=12%	
GOBP_STEROL_METABOLIC_PROCESS	GOBP_STEROL_METABOLIC_PROCESS		163	0.2257223	0.856927	0.9050847	1.0	1.0	10986	tags=29%, list=30%, signal=42%	
GOBP_PYRIMIDINE_RIBONUCLEOTIDE_METABOLIC_PROCESS	GOBP_PYRIMIDINE_RIBONUCLEOTIDE_METABOLIC_PROCESS		27	0.31152827	0.8565359	0.7050691	1.0	1.0	15703	tags=59%, list=42%, signal=103%	
GOBP_DEVELOPMENTAL_MATURATION	GOBP_DEVELOPMENTAL_MATURATION		383	0.20949158	0.85642266	0.99086756	1.0	1.0	5622	tags=11%, list=15%, signal=13%	
GOBP_VIRAL_BUDDING	GOBP_VIRAL_BUDDING		21	0.32355806	0.85639703	0.691974	1.0	1.0	25001	tags=100%, list=68%, signal=309%	
GOBP_MEIOTIC_CELL_CYCLE_PHASE_TRANSITION	GOBP_MEIOTIC_CELL_CYCLE_PHASE_TRANSITION		16	0.3483543	0.8562614	0.66593885	1.0	1.0	11017	tags=38%, list=30%, signal=53%	
GOBP_REGULATION_OF_MITOCHONDRIAL_FISSION	GOBP_REGULATION_OF_MITOCHONDRIAL_FISSION		36	0.29312435	0.8560587	0.70731705	1.0	1.0	2738	tags=6%, list=7%, signal=6%	
GOBP_POSITIVE_REGULATION_OF_STEM_CELL_PROLIFERATION	GOBP_POSITIVE_REGULATION_OF_STEM_CELL_PROLIFERATION		30	0.30182263	0.8554503	0.6830467	1.0	1.0	9377	tags=23%, list=25%, signal=31%	
GOBP_REGULATION_OF_CELL_FATE_SPECIFICATION	GOBP_REGULATION_OF_CELL_FATE_SPECIFICATION		25	0.32103208	0.8552969	0.71428573	1.0	1.0	16637	tags=56%, list=45%, signal=102%	
GOBP_TRANSLESION_SYNTHESIS	GOBP_TRANSLESION_SYNTHESIS		22	0.32186088	0.8548327	0.6474501	1.0	1.0	25064	tags=100%, list=68%, signal=311%	
GOBP_RETROGRADE_VESICLE_MEDIATED_TRANSPORT_GOLGI_TO_ENDOPLASMIC_RETICULUM	GOBP_RETROGRADE_VESICLE_MEDIATED_TRANSPORT_GOLGI_TO_ENDOPLASMIC_RETICULUM		46	0.27550602	0.8548074	0.7487923	1.0	1.0	24725	tags=98%, list=67%, signal=295%	
GOBP_TYPE_II_INTERFERON_PRODUCTION	GOBP_TYPE_II_INTERFERON_PRODUCTION		118	0.23730268	0.8546997	0.8541033	1.0	1.0	5613	tags=14%, list=15%, signal=16%	
GOBP_RESPONSE_TO_CARBOHYDRATE	GOBP_RESPONSE_TO_CARBOHYDRATE		272	0.21590565	0.85441965	0.9586777	1.0	1.0	5710	tags=10%, list=15%, signal=11%	
GOBP_REGULATION_OF_CELL_SHAPE	GOBP_REGULATION_OF_CELL_SHAPE		142	0.22935128	0.8543611	0.89180326	1.0	1.0	5587	tags=8%, list=15%, signal=9%	
GOBP_FORMATION_OF_PRIMARY_GERM_LAYER	GOBP_FORMATION_OF_PRIMARY_GERM_LAYER		118	0.23205447	0.85429984	0.8670886	1.0	1.0	11075	tags=23%, list=30%, signal=33%	
GOBP_REGULATION_OF_NITRIC_OXIDE_METABOLIC_PROCESS	GOBP_REGULATION_OF_NITRIC_OXIDE_METABOLIC_PROCESS		81	0.24944194	0.8542137	0.8176796	1.0	1.0	3646	tags=7%, list=10%, signal=8%	
GOBP_REGULATION_OF_NEUROTROPHIN_TRK_RECEPTOR_SIGNALING_PATHWAY	GOBP_REGULATION_OF_NEUROTROPHIN_TRK_RECEPTOR_SIGNALING_PATHWAY		17	0.35065195	0.854051	0.6485261	1.0	1.0	15868	tags=53%, list=43%, signal=93%	
GOBP_REGULATION_OF_POSTSYNAPSE_ORGANIZATION	GOBP_REGULATION_OF_POSTSYNAPSE_ORGANIZATION		195	0.22165391	0.85316414	0.9118774	1.0	1.0	10924	tags=21%, list=30%, signal=30%	
GOBP_REGULATION_OF_SUBSTRATE_ADHESION_DEPENDENT_CELL_SPREADING	GOBP_REGULATION_OF_SUBSTRATE_ADHESION_DEPENDENT_CELL_SPREADING		62	0.26271307	0.8531288	0.773913	1.0	1.0	15834	tags=34%, list=43%, signal=59%	
GOBP_POSITIVE_REGULATION_OF_NEURON_DIFFERENTIATION	GOBP_POSITIVE_REGULATION_OF_NEURON_DIFFERENTIATION		106	0.23957317	0.85311073	0.867374	1.0	1.0	3604	tags=10%, list=10%, signal=11%	
GOBP_POSITIVE_REGULATION_OF_PROTEOLYSIS	GOBP_POSITIVE_REGULATION_OF_PROTEOLYSIS		201	0.21739525	0.85293573	0.95437264	1.0	1.0	1977	tags=3%, list=5%, signal=4%	
GOBP_REGULATION_OF_LEUKOCYTE_MEDIATED_IMMUNITY	GOBP_REGULATION_OF_LEUKOCYTE_MEDIATED_IMMUNITY		277	0.21250123	0.852187	0.96511626	1.0	1.0	5702	tags=13%, list=15%, signal=15%	
GOBP_NEGATIVE_REGULATION_OF_CELLULAR_RESPONSE_TO_INSULIN_STIMULUS	GOBP_NEGATIVE_REGULATION_OF_CELLULAR_RESPONSE_TO_INSULIN_STIMULUS		57	0.26323578	0.85195255	0.769821	1.0	1.0	14867	tags=37%, list=40%, signal=62%	
GOBP_REGULATION_OF_STEROID_HORMONE_SECRETION	GOBP_REGULATION_OF_STEROID_HORMONE_SECRETION		28	0.30590537	0.85189784	0.74382025	1.0	1.0	7773	tags=25%, list=21%, signal=32%	
GOBP_RESPONSE_TO_ACETYLCHOLINE	GOBP_RESPONSE_TO_ACETYLCHOLINE		58	0.26227286	0.851424	0.76455027	1.0	1.0	4877	tags=16%, list=13%, signal=18%	
GOBP_REGULATION_OF_SUPRAMOLECULAR_FIBER_ORGANIZATION	GOBP_REGULATION_OF_SUPRAMOLECULAR_FIBER_ORGANIZATION		384	0.20886712	0.85135704	0.9756098	1.0	1.0	5622	tags=7%, list=15%, signal=9%	
GOBP_ACTIN_FILAMENT_DEPOLYMERIZATION	GOBP_ACTIN_FILAMENT_DEPOLYMERIZATION		61	0.25487477	0.8512085	0.8121693	1.0	1.0	5587	tags=10%, list=15%, signal=12%	
GOBP_GLIOGENESIS	GOBP_GLIOGENESIS		385	0.2085443	0.85094726	0.98445594	1.0	1.0	11075	tags=25%, list=30%, signal=35%	
GOBP_REGULATION_OF_HAIR_FOLLICLE_DEVELOPMENT	GOBP_REGULATION_OF_HAIR_FOLLICLE_DEVELOPMENT		22	0.32045603	0.85013646	0.713948	1.0	1.0	1887	tags=9%, list=5%, signal=10%	
GOBP_POSITIVE_REGULATION_OF_DNA_REPLICATION	GOBP_POSITIVE_REGULATION_OF_DNA_REPLICATION		47	0.27038893	0.8499816	0.7929293	1.0	1.0	3346	tags=4%, list=9%, signal=5%	
GOBP_NEGATIVE_REGULATION_OF_STEM_CELL_DIFFERENTIATION	GOBP_NEGATIVE_REGULATION_OF_STEM_CELL_DIFFERENTIATION		24	0.32331356	0.84965676	0.7188264	1.0	1.0	25011	tags=100%, list=68%, signal=309%	
GOBP_REACTIVE_OXYGEN_SPECIES_BIOSYNTHETIC_PROCESS	GOBP_REACTIVE_OXYGEN_SPECIES_BIOSYNTHETIC_PROCESS		73	0.25244358	0.84935176	0.80779946	1.0	1.0	8021	tags=15%, list=22%, signal=19%	
GOBP_NEGATIVE_REGULATION_OF_LIPID_BIOSYNTHETIC_PROCESS	GOBP_NEGATIVE_REGULATION_OF_LIPID_BIOSYNTHETIC_PROCESS		62	0.25984025	0.8493488	0.79130435	1.0	1.0	11166	tags=24%, list=30%, signal=35%	
GOBP_ZINC_ION_TRANSPORT	GOBP_ZINC_ION_TRANSPORT		33	0.29000285	0.84927094	0.74038464	1.0	1.0	11006	tags=24%, list=30%, signal=34%	
GOBP_INFLAMMATORY_RESPONSE_TO_ANTIGENIC_STIMULUS	GOBP_INFLAMMATORY_RESPONSE_TO_ANTIGENIC_STIMULUS		69	0.25686023	0.84911233	0.7852941	1.0	1.0	5724	tags=19%, list=15%, signal=22%	
GOBP_POSITIVE_REGULATION_OF_ESTABLISHMENT_OF_PROTEIN_LOCALIZATION	GOBP_POSITIVE_REGULATION_OF_ESTABLISHMENT_OF_PROTEIN_LOCALIZATION		346	0.20884655	0.84871495	0.98206276	1.0	1.0	5371	tags=7%, list=15%, signal=8%	
GOBP_TRANSCRIPTION_INITIATION_AT_RNA_POLYMERASE_III_PROMOTER	GOBP_TRANSCRIPTION_INITIATION_AT_RNA_POLYMERASE_III_PROMOTER		21	0.32125643	0.8486882	0.6840909	1.0	1.0	25086	tags=100%, list=68%, signal=311%	
GOBP_CD4_POSITIVE_ALPHA_BETA_T_CELL_CYTOKINE_PRODUCTION	GOBP_CD4_POSITIVE_ALPHA_BETA_T_CELL_CYTOKINE_PRODUCTION		16	0.35149583	0.84866613	0.68480724	1.0	1.0	3535	tags=13%, list=10%, signal=14%	
GOBP_POSITIVE_REGULATION_OF_FILOPODIUM_ASSEMBLY	GOBP_POSITIVE_REGULATION_OF_FILOPODIUM_ASSEMBLY		34	0.29542905	0.84855205	0.74940896	1.0	1.0	17219	tags=62%, list=47%, signal=116%	
GOBP_SUPPRESSION_OF_VIRAL_RELEASE_BY_HOST	GOBP_SUPPRESSION_OF_VIRAL_RELEASE_BY_HOST		22	0.32029027	0.84815407	0.722973	1.0	1.0	25122	tags=100%, list=68%, signal=312%	
GOBP_PROTEIN_K48_LINKED_UBIQUITINATION	GOBP_PROTEIN_K48_LINKED_UBIQUITINATION		115	0.23581976	0.8479867	0.87536234	1.0	1.0	25122	tags=97%, list=68%, signal=301%	
GOBP_POSITIVE_REGULATION_OF_MEMBRANE_PROTEIN_ECTODOMAIN_PROTEOLYSIS	GOBP_POSITIVE_REGULATION_OF_MEMBRANE_PROTEIN_ECTODOMAIN_PROTEOLYSIS		15	0.36613178	0.8478107	0.6606335	1.0	1.0	13812	tags=40%, list=37%, signal=64%	
GOBP_PLATELET_DENSE_GRANULE_ORGANIZATION	GOBP_PLATELET_DENSE_GRANULE_ORGANIZATION		21	0.3276505	0.8477725	0.69463867	1.0	1.0	1413	tags=5%, list=4%, signal=5%	
GOBP_REGULATION_OF_SYNAPSE_ASSEMBLY	GOBP_REGULATION_OF_SYNAPSE_ASSEMBLY		215	0.21727891	0.8475687	0.94464946	1.0	1.0	10297	tags=23%, list=28%, signal=32%	
GOBP_ENDOLYSOSOMAL_TOLL_LIKE_RECEPTOR_SIGNALING_PATHWAY	GOBP_ENDOLYSOSOMAL_TOLL_LIKE_RECEPTOR_SIGNALING_PATHWAY		53	0.26399386	0.84752595	0.78746593	1.0	1.0	10828	tags=21%, list=29%, signal=29%	
GOBP_REGULATION_OF_DNA_BIOSYNTHETIC_PROCESS	GOBP_REGULATION_OF_DNA_BIOSYNTHETIC_PROCESS		97	0.24054003	0.8471507	0.86285716	1.0	1.0	832	tags=3%, list=2%, signal=3%	
GOBP_POSITIVE_REGULATION_OF_CHOLESTEROL_METABOLIC_PROCESS	GOBP_POSITIVE_REGULATION_OF_CHOLESTEROL_METABOLIC_PROCESS		31	0.29911897	0.84705406	0.718894	1.0	1.0	15334	tags=52%, list=41%, signal=88%	
GOBP_NUCLEOSIDE_MONOPHOSPHATE_METABOLIC_PROCESS	GOBP_NUCLEOSIDE_MONOPHOSPHATE_METABOLIC_PROCESS		78	0.25056496	0.84656954	0.7982709	1.0	1.0	4025	tags=8%, list=11%, signal=9%	
GOBP_FATTY_ACID_DERIVATIVE_METABOLIC_PROCESS	GOBP_FATTY_ACID_DERIVATIVE_METABOLIC_PROCESS		67	0.25536534	0.8461948	0.8181818	1.0	1.0	7400	tags=16%, list=20%, signal=20%	
GOBP_REGULATION_OF_POST_TRANSCRIPTIONAL_GENE_SILENCING	GOBP_REGULATION_OF_POST_TRANSCRIPTIONAL_GENE_SILENCING		34	0.29104707	0.84596324	0.74352944	1.0	1.0	16399	tags=59%, list=44%, signal=106%	
GOBP_MEGAKARYOCYTE_DIFFERENTIATION	GOBP_MEGAKARYOCYTE_DIFFERENTIATION		54	0.26774165	0.84580934	0.7867036	1.0	1.0	7244	tags=11%, list=20%, signal=14%	
GOBP_NEGATIVE_REGULATION_OF_ORGANELLE_ORGANIZATION	GOBP_NEGATIVE_REGULATION_OF_ORGANELLE_ORGANIZATION		381	0.20497687	0.8456563	0.99502486	1.0	1.0	5622	tags=7%, list=15%, signal=9%	
GOBP_REGULATION_OF_JNK_CASCADE	GOBP_REGULATION_OF_JNK_CASCADE		165	0.22434822	0.8452821	0.9179811	1.0	1.0	10204	tags=18%, list=28%, signal=24%	
GOBP_PROTEIN_LOCALIZATION_TO_CHROMOSOME_TELOMERIC_REGION	GOBP_PROTEIN_LOCALIZATION_TO_CHROMOSOME_TELOMERIC_REGION		16	0.35102206	0.84523743	0.6858974	1.0	1.0	23985	tags=100%, list=65%, signal=285%	
GOBP_RESPONSE_TO_ORGANOPHOSPHORUS	GOBP_RESPONSE_TO_ORGANOPHOSPHORUS		135	0.22984019	0.8451931	0.9146758	1.0	1.0	9555	tags=21%, list=26%, signal=29%	
GOBP_CYTOSKELETON_DEPENDENT_CYTOKINESIS	GOBP_CYTOSKELETON_DEPENDENT_CYTOKINESIS		119	0.23179387	0.8449021	0.88509315	1.0	1.0	17488	tags=51%, list=47%, signal=97%	
GOBP_AMINE_TRANSPORT	GOBP_AMINE_TRANSPORT		121	0.23093939	0.8447309	0.8793651	1.0	1.0	3127	tags=11%, list=8%, signal=12%	
GOBP_RIBOSOMAL_SMALL_SUBUNIT_BIOGENESIS	GOBP_RIBOSOMAL_SMALL_SUBUNIT_BIOGENESIS		111	0.23715329	0.84448004	0.8618421	1.0	1.0	25046	tags=97%, list=68%, signal=301%	
GOBP_VASCULAR_ENDOTHELIAL_GROWTH_FACTOR_SIGNALING_PATHWAY	GOBP_VASCULAR_ENDOTHELIAL_GROWTH_FACTOR_SIGNALING_PATHWAY		48	0.26738518	0.8443491	0.79527557	1.0	1.0	4881	tags=8%, list=13%, signal=10%	
GOBP_ACTIN_FILAMENT_ORGANIZATION	GOBP_ACTIN_FILAMENT_ORGANIZATION		462	0.20466796	0.8439888	1.0	1.0	1.0	5622	tags=7%, list=15%, signal=8%	
GOBP_ESTABLISHMENT_OR_MAINTENANCE_OF_BIPOLAR_CELL_POLARITY	GOBP_ESTABLISHMENT_OR_MAINTENANCE_OF_BIPOLAR_CELL_POLARITY		48	0.27045348	0.84389526	0.79466665	1.0	1.0	9227	tags=15%, list=25%, signal=19%	
GOBP_POSITIVE_REGULATION_OF_GENE_EXPRESSION_EPIGENETIC	GOBP_POSITIVE_REGULATION_OF_GENE_EXPRESSION_EPIGENETIC		59	0.26606396	0.8438634	0.77393615	1.0	1.0	4054	tags=5%, list=11%, signal=6%	
GOBP_REGULATION_OF_EATING_BEHAVIOR	GOBP_REGULATION_OF_EATING_BEHAVIOR		19	0.32887146	0.8438289	0.67356324	1.0	1.0	4348	tags=16%, list=12%, signal=18%	
GOBP_QUINONE_BIOSYNTHETIC_PROCESS	GOBP_QUINONE_BIOSYNTHETIC_PROCESS		18	0.33608633	0.84361434	0.71097046	1.0	1.0	15629	tags=44%, list=42%, signal=77%	
GOBP_EMBRYONIC_DIGESTIVE_TRACT_MORPHOGENESIS	GOBP_EMBRYONIC_DIGESTIVE_TRACT_MORPHOGENESIS		20	0.33028874	0.84345037	0.72460496	1.0	1.0	16412	tags=60%, list=44%, signal=108%	
GOBP_REGULATION_OF_ACTOMYOSIN_STRUCTURE_ORGANIZATION	GOBP_REGULATION_OF_ACTOMYOSIN_STRUCTURE_ORGANIZATION		113	0.2337737	0.84316516	0.89457834	1.0	1.0	3351	tags=5%, list=9%, signal=6%	
GOBP_NEGATIVE_REGULATION_OF_MEMBRANE_POTENTIAL	GOBP_NEGATIVE_REGULATION_OF_MEMBRANE_POTENTIAL		17	0.34304744	0.84305346	0.6681416	1.0	1.0	3393	tags=12%, list=9%, signal=13%	
GOBP_JNK_CASCADE	GOBP_JNK_CASCADE		194	0.21940269	0.84269315	0.9442509	1.0	1.0	10204	tags=17%, list=28%, signal=23%	
GOBP_PHENOL_CONTAINING_COMPOUND_METABOLIC_PROCESS	GOBP_PHENOL_CONTAINING_COMPOUND_METABOLIC_PROCESS		119	0.2327437	0.8426045	0.8742515	1.0	1.0	2800	tags=8%, list=8%, signal=9%	
GOBP_NUCLEAR_MEMBRANE_REASSEMBLY	GOBP_NUCLEAR_MEMBRANE_REASSEMBLY		22	0.32356688	0.84259754	0.7389277	1.0	1.0	25001	tags=100%, list=68%, signal=309%	
GOBP_REGULATION_OF_B_CELL_MEDIATED_IMMUNITY	GOBP_REGULATION_OF_B_CELL_MEDIATED_IMMUNITY		59	0.255932	0.842361	0.8381201	1.0	1.0	5536	tags=12%, list=15%, signal=14%	
GOBP_ER_NUCLEUS_SIGNALING_PATHWAY	GOBP_ER_NUCLEUS_SIGNALING_PATHWAY		53	0.2620325	0.84226555	0.79948586	1.0	1.0	17119	tags=47%, list=46%, signal=88%	
GOBP_MISMATCH_REPAIR	GOBP_MISMATCH_REPAIR		26	0.30156985	0.8419411	0.74264705	1.0	1.0	1049	tags=4%, list=3%, signal=4%	
GOBP_REGULATION_OF_MEIOTIC_NUCLEAR_DIVISION	GOBP_REGULATION_OF_MEIOTIC_NUCLEAR_DIVISION		39	0.28079677	0.84148943	0.7654321	1.0	1.0	5223	tags=15%, list=14%, signal=18%	
GOBP_REGULATION_OF_DENDRITE_MORPHOGENESIS	GOBP_REGULATION_OF_DENDRITE_MORPHOGENESIS		101	0.24028106	0.84061706	0.84548104	1.0	1.0	750	tags=3%, list=2%, signal=3%	
GOBP_LUNG_ALVEOLUS_DEVELOPMENT	GOBP_LUNG_ALVEOLUS_DEVELOPMENT		69	0.25210145	0.84056115	0.8413978	1.0	1.0	13922	tags=35%, list=38%, signal=56%	
GOBP_POSITIVE_REGULATION_OF_NEUROTRANSMITTER_TRANSPORT	GOBP_POSITIVE_REGULATION_OF_NEUROTRANSMITTER_TRANSPORT		31	0.29566392	0.8405385	0.7311321	1.0	1.0	4912	tags=16%, list=13%, signal=19%	
GOBP_APOPTOTIC_MITOCHONDRIAL_CHANGES	GOBP_APOPTOTIC_MITOCHONDRIAL_CHANGES		122	0.23175696	0.84051985	0.9046243	1.0	1.0	15451	tags=34%, list=42%, signal=59%	
GOBP_REGULATION_OF_SYNAPSE_STRUCTURE_OR_ACTIVITY	GOBP_REGULATION_OF_SYNAPSE_STRUCTURE_OR_ACTIVITY		409	0.20364307	0.8400835	0.9945652	1.0	1.0	10297	tags=21%, list=28%, signal=29%	
GOBP_POSITIVE_REGULATION_OF_GLIAL_CELL_DIFFERENTIATION	GOBP_POSITIVE_REGULATION_OF_GLIAL_CELL_DIFFERENTIATION		52	0.26817083	0.83982	0.781491	1.0	1.0	3404	tags=8%, list=9%, signal=8%	
GOBP_POSITIVE_T_CELL_SELECTION	GOBP_POSITIVE_T_CELL_SELECTION		49	0.26627338	0.8397728	0.78100264	1.0	1.0	3535	tags=10%, list=10%, signal=11%	
GOBP_QUINONE_METABOLIC_PROCESS	GOBP_QUINONE_METABOLIC_PROCESS		22	0.31736276	0.8396264	0.7090909	1.0	1.0	15629	tags=41%, list=42%, signal=71%	
GOBP_POSITIVE_REGULATION_OF_EXCITATORY_POSTSYNAPTIC_POTENTIAL	GOBP_POSITIVE_REGULATION_OF_EXCITATORY_POSTSYNAPTIC_POTENTIAL		44	0.27502415	0.8394024	0.7900943	1.0	1.0	5502	tags=18%, list=15%, signal=21%	
GOBP_POSITIVE_REGULATION_OF_EXECUTION_PHASE_OF_APOPTOSIS	GOBP_POSITIVE_REGULATION_OF_EXECUTION_PHASE_OF_APOPTOSIS		21	0.32350245	0.83907914	0.7354369	1.0	1.0	935	tags=5%, list=3%, signal=5%	
GOBP_REGULATION_OF_CHROMOSOME_SEGREGATION	GOBP_REGULATION_OF_CHROMOSOME_SEGREGATION		134	0.22988485	0.8390526	0.9066667	1.0	1.0	6935	tags=10%, list=19%, signal=12%	
GOBP_TISSUE_REMODELING	GOBP_TISSUE_REMODELING		223	0.21502827	0.8389832	0.978022	1.0	1.0	10331	tags=23%, list=28%, signal=32%	
GOBP_SECRETORY_GRANULE_ORGANIZATION	GOBP_SECRETORY_GRANULE_ORGANIZATION		76	0.24618135	0.83873117	0.88235295	1.0	1.0	2204	tags=7%, list=6%, signal=7%	
GOBP_REGULATION_OF_NEURAL_PRECURSOR_CELL_PROLIFERATION	GOBP_REGULATION_OF_NEURAL_PRECURSOR_CELL_PROLIFERATION		112	0.23014471	0.8384725	0.91808873	1.0	1.0	10257	tags=24%, list=28%, signal=33%	
GOBP_CELLULAR_COMPONENT_DISASSEMBLY	GOBP_CELLULAR_COMPONENT_DISASSEMBLY		458	0.20297831	0.83823794	0.99450547	1.0	1.0	5677	tags=8%, list=15%, signal=9%	
GOBP_REGULATION_OF_EXTRINSIC_APOPTOTIC_SIGNALING_PATHWAY_IN_ABSENCE_OF_LIGAND	GOBP_REGULATION_OF_EXTRINSIC_APOPTOTIC_SIGNALING_PATHWAY_IN_ABSENCE_OF_LIGAND		48	0.27080494	0.83819467	0.78531075	1.0	1.0	9430	tags=21%, list=26%, signal=28%	
GOBP_GLUCAN_BIOSYNTHETIC_PROCESS	GOBP_GLUCAN_BIOSYNTHETIC_PROCESS		49	0.26557004	0.83769614	0.8212435	1.0	1.0	16368	tags=53%, list=44%, signal=95%	
GOBP_POSITIVE_REGULATION_OF_INTERLEUKIN_17_PRODUCTION	GOBP_POSITIVE_REGULATION_OF_INTERLEUKIN_17_PRODUCTION		27	0.30222967	0.8372266	0.73399013	1.0	1.0	1605	tags=7%, list=4%, signal=8%	
GOBP_INTRACELLULAR_IRON_ION_HOMEOSTASIS	GOBP_INTRACELLULAR_IRON_ION_HOMEOSTASIS		70	0.25146878	0.836526	0.8166189	1.0	1.0	7402	tags=13%, list=20%, signal=16%	
GOBP_EPITHELIAL_TO_MESENCHYMAL_TRANSITION_INVOLVED_IN_ENDOCARDIAL_CUSHION_FORMATION	GOBP_EPITHELIAL_TO_MESENCHYMAL_TRANSITION_INVOLVED_IN_ENDOCARDIAL_CUSHION_FORMATION		18	0.32865798	0.8364803	0.7326969	1.0	1.0	14314	tags=44%, list=39%, signal=73%	
GOBP_MORPHOGENESIS_OF_AN_ENDOTHELIUM	GOBP_MORPHOGENESIS_OF_AN_ENDOTHELIUM		19	0.32219946	0.83611596	0.72422063	1.0	1.0	10258	tags=21%, list=28%, signal=29%	
GOBP_TELENCEPHALON_DEVELOPMENT	GOBP_TELENCEPHALON_DEVELOPMENT		302	0.20870942	0.83578795	1.0	1.0	1.0	3160	tags=6%, list=9%, signal=7%	
GOBP_REGULATION_OF_B_CELL_RECEPTOR_SIGNALING_PATHWAY	GOBP_REGULATION_OF_B_CELL_RECEPTOR_SIGNALING_PATHWAY		20	0.32471222	0.8357277	0.7529976	1.0	1.0	8735	tags=25%, list=24%, signal=33%	
GOBP_APPENDAGE_DEVELOPMENT	GOBP_APPENDAGE_DEVELOPMENT		217	0.21633112	0.8357124	0.96564883	1.0	1.0	10108	tags=21%, list=27%, signal=29%	
GOBP_POSITIVE_REGULATION_OF_MACROPHAGE_CHEMOTAXIS	GOBP_POSITIVE_REGULATION_OF_MACROPHAGE_CHEMOTAXIS		23	0.30788478	0.8348921	0.7062635	1.0	1.0	2457	tags=9%, list=7%, signal=9%	
GOBP_PROTEIN_LOCALIZATION_TO_MITOCHONDRION	GOBP_PROTEIN_LOCALIZATION_TO_MITOCHONDRION		68	0.2481665	0.8348479	0.84823847	1.0	1.0	16177	tags=40%, list=44%, signal=70%	
GOBP_WOUND_HEALING	GOBP_WOUND_HEALING		407	0.20177524	0.83467156	1.0	1.0	1.0	10449	tags=19%, list=28%, signal=27%	
GOBP_NEGATIVE_REGULATION_OF_MONONUCLEAR_CELL_MIGRATION	GOBP_NEGATIVE_REGULATION_OF_MONONUCLEAR_CELL_MIGRATION		30	0.29457122	0.83404714	0.75764704	1.0	1.0	4677	tags=20%, list=13%, signal=23%	
GOBP_REGULATORY_T_CELL_DIFFERENTIATION	GOBP_REGULATORY_T_CELL_DIFFERENTIATION		46	0.2672277	0.83380944	0.8181818	1.0	1.0	4970	tags=15%, list=13%, signal=18%	
GOBP_POSITIVE_REGULATION_OF_GLUCONEOGENESIS	GOBP_POSITIVE_REGULATION_OF_GLUCONEOGENESIS		30	0.30087963	0.8333954	0.7476415	1.0	1.0	10832	tags=27%, list=29%, signal=38%	
GOBP_REGULATION_OF_LYMPHOCYTE_MIGRATION	GOBP_REGULATION_OF_LYMPHOCYTE_MIGRATION		69	0.25005722	0.8328545	0.8423913	1.0	1.0	5008	tags=12%, list=14%, signal=13%	
GOBP_NEGATIVE_REGULATION_OF_B_CELL_PROLIFERATION	GOBP_NEGATIVE_REGULATION_OF_B_CELL_PROLIFERATION		17	0.3348281	0.8327492	0.7123894	1.0	1.0	537	tags=6%, list=1%, signal=6%	
GOBP_VESICLE_MEDIATED_TRANSPORT_IN_SYNAPSE	GOBP_VESICLE_MEDIATED_TRANSPORT_IN_SYNAPSE		313	0.20585418	0.83249605	1.0	1.0	1.0	10933	tags=21%, list=30%, signal=29%	
GOBP_NEPHRON_DEVELOPMENT	GOBP_NEPHRON_DEVELOPMENT		173	0.21703899	0.8323168	0.96153843	1.0	1.0	10891	tags=24%, list=29%, signal=34%	
GOBP_PHOTORECEPTOR_CELL_DIFFERENTIATION	GOBP_PHOTORECEPTOR_CELL_DIFFERENTIATION		85	0.23943287	0.8318203	0.87536234	1.0	1.0	4598	tags=13%, list=12%, signal=15%	
GOBP_REGULATION_OF_DNA_TEMPLATED_DNA_REPLICATION	GOBP_REGULATION_OF_DNA_TEMPLATED_DNA_REPLICATION		32	0.28979868	0.831681	0.74584323	1.0	1.0	782	tags=3%, list=2%, signal=3%	
GOBP_VESICLE_LOCALIZATION	GOBP_VESICLE_LOCALIZATION		225	0.2126839	0.83165824	0.98141265	1.0	1.0	5727	tags=7%, list=15%, signal=8%	
GOBP_REGULATION_OF_PROTEIN_LOCALIZATION_TO_CELL_SURFACE	GOBP_REGULATION_OF_PROTEIN_LOCALIZATION_TO_CELL_SURFACE		44	0.27335694	0.83133775	0.79710144	1.0	1.0	10602	tags=23%, list=29%, signal=32%	
GOBP_CELL_MIGRATION_INVOLVED_IN_HEART_DEVELOPMENT	GOBP_CELL_MIGRATION_INVOLVED_IN_HEART_DEVELOPMENT		19	0.32185182	0.8312839	0.72624433	1.0	1.0	10021	tags=37%, list=27%, signal=51%	
GOBP_MULTIVESICULAR_BODY_ORGANIZATION	GOBP_MULTIVESICULAR_BODY_ORGANIZATION		20	0.32354927	0.8310512	0.7408313	1.0	1.0	25001	tags=100%, list=68%, signal=309%	
GOBP_REGULATION_OF_RNA_SPLICING	GOBP_REGULATION_OF_RNA_SPLICING		194	0.21358617	0.8306524	0.9678571	1.0	1.0	15969	tags=34%, list=43%, signal=60%	
GOBP_NEGATIVE_REGULATION_OF_STRIATED_MUSCLE_CELL_APOPTOTIC_PROCESS	GOBP_NEGATIVE_REGULATION_OF_STRIATED_MUSCLE_CELL_APOPTOTIC_PROCESS		44	0.2666028	0.83010274	0.82245433	1.0	1.0	14346	tags=39%, list=39%, signal=63%	
GOBP_PHOSPHOLIPID_BIOSYNTHETIC_PROCESS	GOBP_PHOSPHOLIPID_BIOSYNTHETIC_PROCESS		224	0.21416852	0.8299395	0.98828125	1.0	1.0	17953	tags=53%, list=49%, signal=103%	
GOBP_POSITIVE_REGULATION_OF_LIPID_CATABOLIC_PROCESS	GOBP_POSITIVE_REGULATION_OF_LIPID_CATABOLIC_PROCESS		33	0.2857027	0.82984966	0.7511848	1.0	1.0	5291	tags=15%, list=14%, signal=18%	
GOBP_HISTONE_MRNA_METABOLIC_PROCESS	GOBP_HISTONE_MRNA_METABOLIC_PROCESS		27	0.3009761	0.82963467	0.7259953	1.0	1.0	1524	tags=4%, list=4%, signal=4%	
GOBP_ADENYLATE_CYCLASE_ACTIVATING_G_PROTEIN_COUPLED_RECEPTOR_SIGNALING_PATHWAY	GOBP_ADENYLATE_CYCLASE_ACTIVATING_G_PROTEIN_COUPLED_RECEPTOR_SIGNALING_PATHWAY		170	0.21677463	0.8295163	0.9572368	1.0	1.0	4070	tags=11%, list=11%, signal=12%	
GOBP_POSITIVE_REGULATION_OF_CARBOHYDRATE_METABOLIC_PROCESS	GOBP_POSITIVE_REGULATION_OF_CARBOHYDRATE_METABOLIC_PROCESS		100	0.23527694	0.8294868	0.89944136	1.0	1.0	10891	tags=23%, list=29%, signal=33%	
GOBP_REGULATION_OF_REGULATORY_NCRNA_PROCESSING	GOBP_REGULATION_OF_REGULATORY_NCRNA_PROCESSING		17	0.33813223	0.8289108	0.7037862	1.0	1.0	11105	tags=47%, list=30%, signal=67%	
GOBP_INHIBITORY_SYNAPSE_ASSEMBLY	GOBP_INHIBITORY_SYNAPSE_ASSEMBLY		25	0.3053379	0.82874656	0.7570755	1.0	1.0	5658	tags=24%, list=15%, signal=28%	
GOBP_POSITIVE_REGULATION_OF_VESICLE_FUSION	GOBP_POSITIVE_REGULATION_OF_VESICLE_FUSION		33	0.28296325	0.8280202	0.7815534	1.0	1.0	5166	tags=15%, list=14%, signal=18%	
GOBP_GLIAL_CELL_PROLIFERATION	GOBP_GLIAL_CELL_PROLIFERATION		75	0.24822797	0.827944	0.8526012	1.0	1.0	10943	tags=31%, list=30%, signal=43%	
GOBP_CELLULAR_DEFENSE_RESPONSE	GOBP_CELLULAR_DEFENSE_RESPONSE		16	0.34280032	0.82790583	0.7227273	1.0	1.0	240	tags=6%, list=1%, signal=6%	
GOBP_REGULATION_OF_AUTOPHAGOSOME_MATURATION	GOBP_REGULATION_OF_AUTOPHAGOSOME_MATURATION		18	0.33208773	0.8277342	0.74285716	1.0	1.0	24685	tags=100%, list=67%, signal=301%	
GOBP_NUCLEOTIDE_SUGAR_METABOLIC_PROCESS	GOBP_NUCLEOTIDE_SUGAR_METABOLIC_PROCESS		41	0.27072656	0.82739955	0.79002625	1.0	1.0	15998	tags=49%, list=43%, signal=86%	
GOBP_ODONTOBLAST_DIFFERENTIATION	GOBP_ODONTOBLAST_DIFFERENTIATION		18	0.3321692	0.82682014	0.7339246	1.0	1.0	24682	tags=100%, list=67%, signal=301%	
GOBP_RELAXATION_OF_CARDIAC_MUSCLE	GOBP_RELAXATION_OF_CARDIAC_MUSCLE		16	0.3411796	0.82676655	0.712963	1.0	1.0	10295	tags=31%, list=28%, signal=43%	
GOBP_CELL_SURFACE_RECEPTOR_SIGNALING_PATHWAY_VIA_STAT	GOBP_CELL_SURFACE_RECEPTOR_SIGNALING_PATHWAY_VIA_STAT		180	0.21694753	0.8267604	0.972	1.0	1.0	11075	tags=23%, list=30%, signal=33%	
GOBP_GLYCOSIDE_METABOLIC_PROCESS	GOBP_GLYCOSIDE_METABOLIC_PROCESS		16	0.33924723	0.8266991	0.71734476	1.0	1.0	9289	tags=25%, list=25%, signal=33%	
GOBP_MYELOID_LEUKOCYTE_MIGRATION	GOBP_MYELOID_LEUKOCYTE_MIGRATION		218	0.21138151	0.826288	0.9885057	1.0	1.0	10574	tags=24%, list=29%, signal=33%	
GOBP_FC_RECEPTOR_MEDIATED_STIMULATORY_SIGNALING_PATHWAY	GOBP_FC_RECEPTOR_MEDIATED_STIMULATORY_SIGNALING_PATHWAY		19	0.3285389	0.8262438	0.7213483	1.0	1.0	357	tags=5%, list=1%, signal=5%	
GOBP_INTRACELLULAR_STEROL_TRANSPORT	GOBP_INTRACELLULAR_STEROL_TRANSPORT		33	0.28953186	0.8261384	0.75288683	1.0	1.0	5530	tags=9%, list=15%, signal=11%	
GOBP_NEGATIVE_REGULATION_OF_LYMPHOCYTE_APOPTOTIC_PROCESS	GOBP_NEGATIVE_REGULATION_OF_LYMPHOCYTE_APOPTOTIC_PROCESS		39	0.27632973	0.8260353	0.76585364	1.0	1.0	5509	tags=15%, list=15%, signal=18%	
GOBP_RESPONSE_TO_TRANSFORMING_GROWTH_FACTOR_BETA	GOBP_RESPONSE_TO_TRANSFORMING_GROWTH_FACTOR_BETA		279	0.20906469	0.8254993	0.992	1.0	1.0	11080	tags=21%, list=30%, signal=29%	
GOBP_REGULATION_OF_MRNA_PROCESSING	GOBP_REGULATION_OF_MRNA_PROCESSING		149	0.22011845	0.8254935	0.9513889	1.0	1.0	17143	tags=44%, list=46%, signal=81%	
GOBP_NEURON_RECOGNITION	GOBP_NEURON_RECOGNITION		52	0.26065314	0.8254094	0.8114754	1.0	1.0	5646	tags=13%, list=15%, signal=16%	
GOBP_REGULATION_OF_POSTSYNAPTIC_MEMBRANE_NEUROTRANSMITTER_RECEPTOR_LEVELS	GOBP_REGULATION_OF_POSTSYNAPTIC_MEMBRANE_NEUROTRANSMITTER_RECEPTOR_LEVELS		170	0.2193987	0.8253778	0.951049	1.0	1.0	5369	tags=8%, list=15%, signal=10%	
GOBP_SULFUR_COMPOUND_METABOLIC_PROCESS	GOBP_SULFUR_COMPOUND_METABOLIC_PROCESS		285	0.20950729	0.82527	0.99122804	1.0	1.0	10991	tags=25%, list=30%, signal=35%	
GOBP_REGULATION_OF_COAGULATION	GOBP_REGULATION_OF_COAGULATION		74	0.24454136	0.8246126	0.8609468	1.0	1.0	11024	tags=31%, list=30%, signal=44%	
GOBP_REGULATION_OF_LEUKOCYTE_ADHESION_TO_VASCULAR_ENDOTHELIAL_CELL	GOBP_REGULATION_OF_LEUKOCYTE_ADHESION_TO_VASCULAR_ENDOTHELIAL_CELL		36	0.28042713	0.82460994	0.77068555	1.0	1.0	5387	tags=14%, list=15%, signal=16%	
GOBP_REGULATION_OF_NITRIC_OXIDE_SYNTHASE_ACTIVITY	GOBP_REGULATION_OF_NITRIC_OXIDE_SYNTHASE_ACTIVITY		15	0.35445076	0.8244245	0.6993318	1.0	1.0	723	tags=7%, list=2%, signal=7%	
GOBP_NUCLEAR_RECEPTOR_MEDIATED_SIGNALING_PATHWAY	GOBP_NUCLEAR_RECEPTOR_MEDIATED_SIGNALING_PATHWAY		184	0.21921438	0.8241969	0.9494585	1.0	1.0	2824	tags=4%, list=8%, signal=5%	
GOBP_B_CELL_PROLIFERATION	GOBP_B_CELL_PROLIFERATION		91	0.23397224	0.82375276	0.9006024	1.0	1.0	3995	tags=8%, list=11%, signal=9%	
GOBP_REGULATION_OF_FAT_CELL_DIFFERENTIATION	GOBP_REGULATION_OF_FAT_CELL_DIFFERENTIATION		149	0.22350085	0.8236306	0.94871795	1.0	1.0	11078	tags=21%, list=30%, signal=30%	
GOBP_MICROTUBULE_POLYMERIZATION_OR_DEPOLYMERIZATION	GOBP_MICROTUBULE_POLYMERIZATION_OR_DEPOLYMERIZATION		151	0.21834901	0.8236118	0.93811077	1.0	1.0	5622	tags=8%, list=15%, signal=9%	
GOBP_POSITIVE_REGULATION_OF_FIBROBLAST_MIGRATION	GOBP_POSITIVE_REGULATION_OF_FIBROBLAST_MIGRATION		22	0.3118567	0.8230763	0.71945703	1.0	1.0	147	tags=5%, list=0%, signal=5%	
GOBP_CENTRAL_NERVOUS_SYSTEM_PROJECTION_NEURON_AXONOGENESIS	GOBP_CENTRAL_NERVOUS_SYSTEM_PROJECTION_NEURON_AXONOGENESIS		31	0.28560945	0.8230031	0.7604938	1.0	1.0	10981	tags=32%, list=30%, signal=46%	
GOBP_RANDOM_INACTIVATION_OF_X_CHROMOSOME	GOBP_RANDOM_INACTIVATION_OF_X_CHROMOSOME		15	0.33520135	0.82298636	0.7297297	1.0	1.0	24569	tags=100%, list=66%, signal=298%	
GOBP_GLYCOLIPID_CATABOLIC_PROCESS	GOBP_GLYCOLIPID_CATABOLIC_PROCESS		16	0.34333286	0.82283264	0.7315436	1.0	1.0	24269	tags=100%, list=66%, signal=291%	
GOBP_NEGATIVE_REGULATION_OF_VIRAL_GENOME_REPLICATION	GOBP_NEGATIVE_REGULATION_OF_VIRAL_GENOME_REPLICATION		50	0.26083654	0.8226159	0.8004926	1.0	1.0	11075	tags=26%, list=30%, signal=37%	
GOBP_CHONDROCYTE_DIFFERENTIATION	GOBP_CHONDROCYTE_DIFFERENTIATION		126	0.22525696	0.8224361	0.94427246	1.0	1.0	11075	tags=26%, list=30%, signal=37%	
GOBP_NEGATIVE_REGULATION_OF_B_CELL_ACTIVATION	GOBP_NEGATIVE_REGULATION_OF_B_CELL_ACTIVATION		33	0.28409564	0.82222205	0.7704918	1.0	1.0	9586	tags=24%, list=26%, signal=33%	
GOBP_PURINERGIC_NUCLEOTIDE_RECEPTOR_SIGNALING_PATHWAY	GOBP_PURINERGIC_NUCLEOTIDE_RECEPTOR_SIGNALING_PATHWAY		31	0.2884317	0.82186943	0.7631579	1.0	1.0	11465	tags=35%, list=31%, signal=51%	
GOBP_POSITIVE_REGULATION_OF_LEUKOCYTE_DEGRANULATION	GOBP_POSITIVE_REGULATION_OF_LEUKOCYTE_DEGRANULATION		27	0.30031154	0.82163894	0.75529414	1.0	1.0	876	tags=4%, list=2%, signal=4%	
GOBP_GLUCOSE_METABOLIC_PROCESS	GOBP_GLUCOSE_METABOLIC_PROCESS		228	0.21135612	0.8215128	0.98	1.0	1.0	7558	tags=13%, list=20%, signal=16%	
GOBP_REGULATION_OF_T_HELPER_CELL_DIFFERENTIATION	GOBP_REGULATION_OF_T_HELPER_CELL_DIFFERENTIATION		45	0.26462954	0.8204119	0.8131579	1.0	1.0	4313	tags=11%, list=12%, signal=13%	
GOBP_FIBROBLAST_APOPTOTIC_PROCESS	GOBP_FIBROBLAST_APOPTOTIC_PROCESS		22	0.31173593	0.82003266	0.7368421	1.0	1.0	16463	tags=50%, list=45%, signal=90%	
GOBP_NEGATIVE_REGULATION_OF_VASCULATURE_DEVELOPMENT	GOBP_NEGATIVE_REGULATION_OF_VASCULATURE_DEVELOPMENT		119	0.2261875	0.81945306	0.9385965	1.0	1.0	9499	tags=19%, list=26%, signal=26%	
GOBP_POSITIVE_REGULATION_OF_NEUROINFLAMMATORY_RESPONSE	GOBP_POSITIVE_REGULATION_OF_NEUROINFLAMMATORY_RESPONSE		17	0.33113372	0.81898516	0.7369614	1.0	1.0	17863	tags=71%, list=48%, signal=137%	
GOBP_CELL_SUBSTRATE_ADHESION	GOBP_CELL_SUBSTRATE_ADHESION		380	0.19944513	0.8188935	0.99	1.0	1.0	11140	tags=20%, list=30%, signal=29%	
GOBP_POSITIVE_REGULATION_OF_CELL_SUBSTRATE_ADHESION	GOBP_POSITIVE_REGULATION_OF_CELL_SUBSTRATE_ADHESION		145	0.22096445	0.8187806	0.94920635	1.0	1.0	10905	tags=21%, list=30%, signal=29%	
GOBP_ENDONUCLEOLYTIC_CLEAVAGE_OF_TRICISTRONIC_RRNA_TRANSCRIPT_SSU_RRNA_5_8S_RRNA_LSU_RRNA	GOBP_ENDONUCLEOLYTIC_CLEAVAGE_OF_TRICISTRONIC_RRNA_TRANSCRIPT_SSU_RRNA_5_8S_RRNA_LSU_RRNA		16	0.3352375	0.8182395	0.73426574	1.0	1.0	24568	tags=100%, list=66%, signal=298%	
GOBP_REGULATION_OF_OSTEOCLAST_DIFFERENTIATION	GOBP_REGULATION_OF_OSTEOCLAST_DIFFERENTIATION		82	0.23898652	0.8178481	0.88429755	1.0	1.0	1971	tags=6%, list=5%, signal=6%	
GOBP_INTERLEUKIN_12_PRODUCTION	GOBP_INTERLEUKIN_12_PRODUCTION		59	0.2524673	0.8177762	0.8505435	1.0	1.0	4724	tags=10%, list=13%, signal=12%	
GOBP_RELEASE_OF_CYTOCHROME_C_FROM_MITOCHONDRIA	GOBP_RELEASE_OF_CYTOCHROME_C_FROM_MITOCHONDRIA		66	0.24487756	0.81758887	0.86141306	1.0	1.0	14737	tags=33%, list=40%, signal=55%	
GOBP_PHOTORECEPTOR_CELL_DEVELOPMENT	GOBP_PHOTORECEPTOR_CELL_DEVELOPMENT		63	0.24729803	0.8174498	0.86633664	1.0	1.0	954	tags=8%, list=3%, signal=8%	
GOBP_ENDOSOME_TO_LYSOSOME_TRANSPORT_VIA_MULTIVESICULAR_BODY_SORTING_PATHWAY	GOBP_ENDOSOME_TO_LYSOSOME_TRANSPORT_VIA_MULTIVESICULAR_BODY_SORTING_PATHWAY		19	0.32354066	0.81662256	0.75313807	1.0	1.0	25001	tags=100%, list=68%, signal=309%	
GOBP_POSITIVE_REGULATION_OF_INSULIN_SECRETION_INVOLVED_IN_CELLULAR_RESPONSE_TO_GLUCOSE_STIMULUS	GOBP_POSITIVE_REGULATION_OF_INSULIN_SECRETION_INVOLVED_IN_CELLULAR_RESPONSE_TO_GLUCOSE_STIMULUS		59	0.25172547	0.8164037	0.85411143	1.0	1.0	9792	tags=20%, list=26%, signal=28%	
GOBP_LACTONE_METABOLIC_PROCESS	GOBP_LACTONE_METABOLIC_PROCESS		15	0.3407895	0.81630987	0.6884876	1.0	1.0	250	tags=7%, list=1%, signal=7%	
GOBP_CD40_SIGNALING_PATHWAY	GOBP_CD40_SIGNALING_PATHWAY		16	0.33575904	0.8159856	0.72624433	1.0	1.0	11069	tags=31%, list=30%, signal=45%	
GOBP_KIDNEY_MORPHOGENESIS	GOBP_KIDNEY_MORPHOGENESIS		108	0.22635727	0.81598264	0.92537314	1.0	1.0	10631	tags=28%, list=29%, signal=39%	
GOBP_MONOSACCHARIDE_METABOLIC_PROCESS	GOBP_MONOSACCHARIDE_METABOLIC_PROCESS		290	0.20118634	0.8159047	0.98706895	1.0	1.0	7558	tags=12%, list=20%, signal=15%	
GOBP_FIBRINOLYSIS	GOBP_FIBRINOLYSIS		22	0.30738494	0.815827	0.72209567	1.0	1.0	9856	tags=32%, list=27%, signal=43%	
GOBP_REGULATION_OF_CELL_GROWTH	GOBP_REGULATION_OF_CELL_GROWTH		427	0.19928184	0.8156903	1.0	1.0	1.0	3848	tags=6%, list=10%, signal=6%	
GOBP_CRISTAE_FORMATION	GOBP_CRISTAE_FORMATION		20	0.3197314	0.8154847	0.73953485	1.0	1.0	25142	tags=100%, list=68%, signal=313%	
GOBP_REGULATION_OF_ACTIN_FILAMENT_ORGANIZATION	GOBP_REGULATION_OF_ACTIN_FILAMENT_ORGANIZATION		271	0.20613293	0.81547546	0.99601597	1.0	1.0	5587	tags=7%, list=15%, signal=9%	
GOBP_SUBSTRATE_ADHESION_DEPENDENT_CELL_SPREADING	GOBP_SUBSTRATE_ADHESION_DEPENDENT_CELL_SPREADING		105	0.22795261	0.8149332	0.9037267	1.0	1.0	16311	tags=38%, list=44%, signal=68%	
GOBP_BIOLOGICAL_PROCESS_INVOLVED_IN_INTERACTION_WITH_SYMBIONT	GOBP_BIOLOGICAL_PROCESS_INVOLVED_IN_INTERACTION_WITH_SYMBIONT		33	0.28513876	0.81488127	0.808933	1.0	1.0	9929	tags=36%, list=27%, signal=50%	
GOBP_ANTIGEN_PROCESSING_AND_PRESENTATION_OF_PEPTIDE_ANTIGEN	GOBP_ANTIGEN_PROCESSING_AND_PRESENTATION_OF_PEPTIDE_ANTIGEN		71	0.24418326	0.8146556	0.8888889	1.0	1.0	7435	tags=18%, list=20%, signal=23%	
GOBP_POSITIVE_REGULATION_OF_MITOCHONDRIAL_TRANSLATION	GOBP_POSITIVE_REGULATION_OF_MITOCHONDRIAL_TRANSLATION		16	0.32754838	0.8146099	0.7399577	1.0	1.0	24852	tags=100%, list=67%, signal=305%	
GOBP_REGULATION_OF_TRANSMEMBRANE_RECEPTOR_PROTEIN_SERINE_THREONINE_KINASE_SIGNALING_PATHWAY	GOBP_REGULATION_OF_TRANSMEMBRANE_RECEPTOR_PROTEIN_SERINE_THREONINE_KINASE_SIGNALING_PATHWAY		269	0.20444003	0.81448907	0.9955556	1.0	1.0	11080	tags=22%, list=30%, signal=31%	
GOBP_P_BODY_ASSEMBLY	GOBP_P_BODY_ASSEMBLY		23	0.30419606	0.81428266	0.7625272	1.0	1.0	19331	tags=70%, list=52%, signal=146%	
GOBP_PHOSPHOLIPID_DEPHOSPHORYLATION	GOBP_PHOSPHOLIPID_DEPHOSPHORYLATION		36	0.2768267	0.81401473	0.7935323	1.0	1.0	14964	tags=31%, list=40%, signal=51%	
GOBP_NEPHRON_EPITHELIUM_DEVELOPMENT	GOBP_NEPHRON_EPITHELIUM_DEVELOPMENT		131	0.22165257	0.81337607	0.9438944	1.0	1.0	10631	tags=25%, list=29%, signal=35%	
GOBP_RNA_DECAPPING	GOBP_RNA_DECAPPING		22	0.30664328	0.81308204	0.76339287	1.0	1.0	14848	tags=41%, list=40%, signal=68%	
GOBP_POSITIVE_REGULATION_OF_INTRACELLULAR_TRANSPORT	GOBP_POSITIVE_REGULATION_OF_INTRACELLULAR_TRANSPORT		148	0.21875091	0.81298155	0.9607843	1.0	1.0	4303	tags=5%, list=12%, signal=6%	
GOBP_SNARE_COMPLEX_ASSEMBLY	GOBP_SNARE_COMPLEX_ASSEMBLY		18	0.3211739	0.81263417	0.73420477	1.0	1.0	1451	tags=6%, list=4%, signal=6%	
GOBP_REGULATION_OF_FATTY_ACID_METABOLIC_PROCESS	GOBP_REGULATION_OF_FATTY_ACID_METABOLIC_PROCESS		116	0.22546422	0.8117183	0.9493671	1.0	1.0	3656	tags=8%, list=10%, signal=9%	
GOBP_RESPONSE_TO_NUTRIENT	GOBP_RESPONSE_TO_NUTRIENT		157	0.21967885	0.8107685	0.9569892	1.0	1.0	10647	tags=22%, list=29%, signal=30%	
GOBP_POSITIVE_REGULATION_OF_VASCULAR_ASSOCIATED_SMOOTH_MUSCLE_CELL_MIGRATION	GOBP_POSITIVE_REGULATION_OF_VASCULAR_ASSOCIATED_SMOOTH_MUSCLE_CELL_MIGRATION		27	0.29556295	0.8107334	0.7885986	1.0	1.0	10891	tags=33%, list=29%, signal=47%	
GOBP_REGULATION_OF_CENTROSOME_CYCLE	GOBP_REGULATION_OF_CENTROSOME_CYCLE		58	0.25295433	0.8107101	0.85106385	1.0	1.0	25001	tags=97%, list=68%, signal=298%	
GOBP_POSITIVE_REGULATION_OF_CATECHOLAMINE_SECRETION	GOBP_POSITIVE_REGULATION_OF_CATECHOLAMINE_SECRETION		18	0.3242051	0.8106444	0.73960614	1.0	1.0	1613	tags=11%, list=4%, signal=12%	
GOBP_POSITIVE_REGULATION_OF_TYROSINE_PHOSPHORYLATION_OF_STAT_PROTEIN	GOBP_POSITIVE_REGULATION_OF_TYROSINE_PHOSPHORYLATION_OF_STAT_PROTEIN		24	0.30082735	0.81061375	0.7688889	1.0	1.0	5536	tags=13%, list=15%, signal=15%	
GOBP_NEGATIVE_REGULATION_OF_INTERLEUKIN_1_BETA_PRODUCTION	GOBP_NEGATIVE_REGULATION_OF_INTERLEUKIN_1_BETA_PRODUCTION		31	0.29017207	0.8103237	0.79953915	1.0	1.0	3087	tags=10%, list=8%, signal=11%	
GOBP_ATTACHMENT_OF_SPINDLE_MICROTUBULES_TO_KINETOCHORE	GOBP_ATTACHMENT_OF_SPINDLE_MICROTUBULES_TO_KINETOCHORE		52	0.2605863	0.8103061	0.85714287	1.0	1.0	14230	tags=31%, list=39%, signal=50%	
GOBP_REGULATION_OF_DEVELOPMENTAL_GROWTH	GOBP_REGULATION_OF_DEVELOPMENTAL_GROWTH		379	0.1978084	0.8097814	1.0	1.0	1.0	5587	tags=8%, list=15%, signal=10%	
GOBP_NEGATIVE_REGULATION_OF_GLIAL_CELL_PROLIFERATION	GOBP_NEGATIVE_REGULATION_OF_GLIAL_CELL_PROLIFERATION		22	0.3035726	0.8092709	0.7777778	1.0	1.0	10943	tags=41%, list=30%, signal=58%	
GOBP_ICOSANOID_CATABOLIC_PROCESS	GOBP_ICOSANOID_CATABOLIC_PROCESS		16	0.32961124	0.80912143	0.7266811	1.0	1.0	2964	tags=13%, list=8%, signal=14%	
GOBP_RNA_METHYLATION	GOBP_RNA_METHYLATION		70	0.24118748	0.8090864	0.8965517	1.0	1.0	16517	tags=49%, list=45%, signal=88%	
GOBP_CHONDROCYTE_DIFFERENTIATION_INVOLVED_IN_ENDOCHONDRAL_BONE_MORPHOGENESIS	GOBP_CHONDROCYTE_DIFFERENTIATION_INVOLVED_IN_ENDOCHONDRAL_BONE_MORPHOGENESIS		15	0.33921802	0.8089384	0.73672056	1.0	1.0	15287	tags=53%, list=41%, signal=91%	
GOBP_INTRINSIC_APOPTOTIC_SIGNALING_PATHWAY_IN_RESPONSE_TO_ENDOPLASMIC_RETICULUM_STRESS	GOBP_INTRINSIC_APOPTOTIC_SIGNALING_PATHWAY_IN_RESPONSE_TO_ENDOPLASMIC_RETICULUM_STRESS		69	0.24002875	0.8080086	0.87533873	1.0	1.0	7300	tags=9%, list=20%, signal=11%	
GOBP_GLYCOSAMINOGLYCAN_BIOSYNTHETIC_PROCESS	GOBP_GLYCOSAMINOGLYCAN_BIOSYNTHETIC_PROCESS		32	0.28458017	0.80794126	0.8146453	1.0	1.0	14618	tags=41%, list=40%, signal=67%	
GOBP_POSITIVE_REGULATION_OF_MITOCHONDRIAL_MEMBRANE_PERMEABILITY	GOBP_POSITIVE_REGULATION_OF_MITOCHONDRIAL_MEMBRANE_PERMEABILITY		38	0.26899597	0.8073539	0.815534	1.0	1.0	8549	tags=13%, list=23%, signal=17%	
GOBP_ENDOCRINE_PROCESS	GOBP_ENDOCRINE_PROCESS		118	0.22503962	0.8071213	0.9625	1.0	1.0	7321	tags=19%, list=20%, signal=23%	
GOBP_B_CELL_MEDIATED_IMMUNITY	GOBP_B_CELL_MEDIATED_IMMUNITY		144	0.21922094	0.8068804	0.9516129	1.0	1.0	5536	tags=13%, list=15%, signal=15%	
GOBP_MYELOID_CELL_DEVELOPMENT	GOBP_MYELOID_CELL_DEVELOPMENT		106	0.2244924	0.80677867	0.90643275	1.0	1.0	7244	tags=12%, list=20%, signal=15%	
GOBP_POSITIVE_REGULATION_OF_STRESS_FIBER_ASSEMBLY	GOBP_POSITIVE_REGULATION_OF_STRESS_FIBER_ASSEMBLY		58	0.24882174	0.8051306	0.86416864	1.0	1.0	3351	tags=5%, list=9%, signal=6%	
GOBP_CELL_MIGRATION_IN_HINDBRAIN	GOBP_CELL_MIGRATION_IN_HINDBRAIN		22	0.30639324	0.80504674	0.77253217	1.0	1.0	10297	tags=27%, list=28%, signal=38%	
GOBP_POSITIVE_REGULATION_OF_SECRETION	GOBP_POSITIVE_REGULATION_OF_SECRETION		417	0.19531418	0.8049553	1.0	1.0	1.0	3606	tags=7%, list=10%, signal=8%	
GOBP_TRANSFORMING_GROWTH_FACTOR_BETA_PRODUCTION	GOBP_TRANSFORMING_GROWTH_FACTOR_BETA_PRODUCTION		36	0.26972362	0.80489963	0.8251748	1.0	1.0	1486	tags=6%, list=4%, signal=6%	
GOBP_NEGATIVE_REGULATION_OF_COAGULATION	GOBP_NEGATIVE_REGULATION_OF_COAGULATION		51	0.25891492	0.80447173	0.8490566	1.0	1.0	11024	tags=33%, list=30%, signal=47%	
GOBP_SUBPALLIUM_DEVELOPMENT	GOBP_SUBPALLIUM_DEVELOPMENT		24	0.29838923	0.80423486	0.791762	1.0	1.0	2058	tags=8%, list=6%, signal=9%	
GOBP_REGULATION_OF_LACTATION	GOBP_REGULATION_OF_LACTATION		28	0.28781632	0.8040402	0.7914692	1.0	1.0	15149	tags=54%, list=41%, signal=91%	
GOBP_PEPTIDYL_SERINE_MODIFICATION	GOBP_PEPTIDYL_SERINE_MODIFICATION		150	0.21212868	0.8038846	0.95637584	1.0	1.0	4062	tags=5%, list=11%, signal=6%	
GOBP_REGULATION_OF_AMINO_ACID_TRANSPORT	GOBP_REGULATION_OF_AMINO_ACID_TRANSPORT		56	0.25043395	0.8034769	0.8810127	1.0	1.0	4205	tags=13%, list=11%, signal=14%	
GOBP_REGULATION_OF_OLIGODENDROCYTE_DIFFERENTIATION	GOBP_REGULATION_OF_OLIGODENDROCYTE_DIFFERENTIATION		48	0.25654462	0.8030947	0.8684211	1.0	1.0	9381	tags=23%, list=25%, signal=31%	
GOBP_SMALL_MOLECULE_CATABOLIC_PROCESS	GOBP_SMALL_MOLECULE_CATABOLIC_PROCESS		357	0.19770117	0.8030763	1.0	1.0	1.0	10980	tags=24%, list=30%, signal=34%	
GOBP_AMEBOIDAL_TYPE_CELL_MIGRATION	GOBP_AMEBOIDAL_TYPE_CELL_MIGRATION		261	0.20304367	0.80281055	0.9834711	1.0	1.0	10310	tags=15%, list=28%, signal=21%	
GOBP_NUCLEAR_CHROMOSOME_SEGREGATION	GOBP_NUCLEAR_CHROMOSOME_SEGREGATION		328	0.19790317	0.80271083	0.9955157	1.0	1.0	5790	tags=9%, list=16%, signal=11%	
GOBP_PROTEIN_COMPLEX_OLIGOMERIZATION	GOBP_PROTEIN_COMPLEX_OLIGOMERIZATION		286	0.19967423	0.8027005	1.0	1.0	1.0	7147	tags=11%, list=19%, signal=14%	
GOBP_REGULATION_OF_PEPTIDE_TRANSPORT	GOBP_REGULATION_OF_PEPTIDE_TRANSPORT		251	0.20290595	0.8025057	1.0	1.0	1.0	2443	tags=6%, list=7%, signal=6%	
GOBP_POSITIVE_REGULATION_OF_G_PROTEIN_COUPLED_RECEPTOR_SIGNALING_PATHWAY	GOBP_POSITIVE_REGULATION_OF_G_PROTEIN_COUPLED_RECEPTOR_SIGNALING_PATHWAY		49	0.2500425	0.80232716	0.9093199	1.0	1.0	2120	tags=8%, list=6%, signal=9%	
GOBP_FEAR_RESPONSE	GOBP_FEAR_RESPONSE		59	0.2479557	0.802326	0.89141417	1.0	1.0	9008	tags=24%, list=24%, signal=31%	
GOBP_INTRACELLULAR_LIPID_TRANSPORT	GOBP_INTRACELLULAR_LIPID_TRANSPORT		46	0.25738636	0.80209047	0.85340315	1.0	1.0	5530	tags=9%, list=15%, signal=10%	
GOBP_SPROUTING_ANGIOGENESIS	GOBP_SPROUTING_ANGIOGENESIS		141	0.21888977	0.80184096	0.9628483	1.0	1.0	10096	tags=16%, list=27%, signal=21%	
GOBP_REGULATION_OF_MYOTUBE_DIFFERENTIATION	GOBP_REGULATION_OF_MYOTUBE_DIFFERENTIATION		45	0.2612848	0.8017824	0.8524173	1.0	1.0	5135	tags=13%, list=14%, signal=15%	
GOBP_PEPTIDYL_GLUTAMIC_ACID_MODIFICATION	GOBP_PEPTIDYL_GLUTAMIC_ACID_MODIFICATION		22	0.30235028	0.8012658	0.7784946	1.0	1.0	1977	tags=9%, list=5%, signal=10%	
GOBP_REGULATION_OF_CELL_KILLING	GOBP_REGULATION_OF_CELL_KILLING		130	0.21727572	0.80123204	0.9657321	1.0	1.0	5509	tags=15%, list=15%, signal=18%	
GOBP_POSITIVE_REGULATION_OF_CELL_ADHESION_MEDIATED_BY_INTEGRIN	GOBP_POSITIVE_REGULATION_OF_CELL_ADHESION_MEDIATED_BY_INTEGRIN		21	0.30060256	0.80122596	0.78401726	1.0	1.0	9110	tags=19%, list=25%, signal=25%	
GOBP_REGULATION_OF_HORMONE_SECRETION	GOBP_REGULATION_OF_HORMONE_SECRETION		312	0.20049764	0.801144	0.99561405	1.0	1.0	4348	tags=9%, list=12%, signal=10%	
GOBP_PYRIMIDINE_RIBONUCLEOTIDE_BIOSYNTHETIC_PROCESS	GOBP_PYRIMIDINE_RIBONUCLEOTIDE_BIOSYNTHETIC_PROCESS		22	0.30983797	0.80081946	0.75446427	1.0	1.0	4025	tags=9%, list=11%, signal=10%	
GOBP_COAGULATION	GOBP_COAGULATION		199	0.20985724	0.8006619	0.996633	1.0	1.0	11258	tags=28%, list=30%, signal=40%	
GOBP_NEGATIVE_REGULATION_OF_NUCLEOTIDE_CATABOLIC_PROCESS	GOBP_NEGATIVE_REGULATION_OF_NUCLEOTIDE_CATABOLIC_PROCESS		23	0.30504873	0.80063987	0.7722096	1.0	1.0	3388	tags=9%, list=9%, signal=10%	
GOBP_REGULATION_OF_THYMOCYTE_APOPTOTIC_PROCESS	GOBP_REGULATION_OF_THYMOCYTE_APOPTOTIC_PROCESS		15	0.335457	0.8003918	0.77262694	1.0	1.0	13764	tags=33%, list=37%, signal=53%	
GOBP_OLIGOSACCHARIDE_BIOSYNTHETIC_PROCESS	GOBP_OLIGOSACCHARIDE_BIOSYNTHETIC_PROCESS		15	0.33373514	0.80009556	0.7725225	1.0	1.0	6880	tags=27%, list=19%, signal=33%	
GOBP_POSITIVE_REGULATION_OF_BLOOD_CIRCULATION	GOBP_POSITIVE_REGULATION_OF_BLOOD_CIRCULATION		47	0.25884676	0.8000014	0.8730159	1.0	1.0	5552	tags=19%, list=15%, signal=23%	
GOBP_FAT_CELL_DIFFERENTIATION	GOBP_FAT_CELL_DIFFERENTIATION		278	0.2013908	0.7996451	1.0	1.0	1.0	3747	tags=6%, list=10%, signal=6%	
GOBP_CELLULAR_RESPONSE_TO_COLD	GOBP_CELLULAR_RESPONSE_TO_COLD		16	0.330553	0.7995786	0.76339287	1.0	1.0	9063	tags=31%, list=25%, signal=41%	
GOBP_REGULATION_OF_HEART_GROWTH	GOBP_REGULATION_OF_HEART_GROWTH		91	0.22743249	0.7995503	0.9429348	1.0	1.0	3300	tags=7%, list=9%, signal=7%	
GOBP_REGULATION_OF_PROTEIN_SUMOYLATION	GOBP_REGULATION_OF_PROTEIN_SUMOYLATION		23	0.30018714	0.7993759	0.78454334	1.0	1.0	5475	tags=9%, list=15%, signal=10%	
GOBP_NEGATIVE_REGULATION_OF_ERBB_SIGNALING_PATHWAY	GOBP_NEGATIVE_REGULATION_OF_ERBB_SIGNALING_PATHWAY		35	0.271864	0.7991701	0.8278302	1.0	1.0	10444	tags=17%, list=28%, signal=24%	
GOBP_MICROTUBULE_DEPOLYMERIZATION	GOBP_MICROTUBULE_DEPOLYMERIZATION		63	0.24205938	0.7991105	0.8707124	1.0	1.0	5622	tags=13%, list=15%, signal=15%	
GOBP_REGULATION_OF_DENDRITIC_SPINE_DEVELOPMENT	GOBP_REGULATION_OF_DENDRITIC_SPINE_DEVELOPMENT		91	0.22922237	0.79876244	0.93731344	1.0	1.0	3412	tags=5%, list=9%, signal=6%	
GOBP_PYRIMIDINE_CONTAINING_COMPOUND_BIOSYNTHETIC_PROCESS	GOBP_PYRIMIDINE_CONTAINING_COMPOUND_BIOSYNTHETIC_PROCESS		40	0.26435757	0.79875296	0.83693045	1.0	1.0	4600	tags=8%, list=12%, signal=9%	
GOBP_REGULATION_OF_RECEPTOR_CLUSTERING	GOBP_REGULATION_OF_RECEPTOR_CLUSTERING		33	0.27763537	0.7987317	0.83732057	1.0	1.0	16660	tags=52%, list=45%, signal=94%	
GOBP_SYNAPTIC_TRANSMISSION_DOPAMINERGIC	GOBP_SYNAPTIC_TRANSMISSION_DOPAMINERGIC		29	0.28518224	0.7983349	0.81647056	1.0	1.0	6567	tags=17%, list=18%, signal=21%	
GOBP_MICROTUBULE_ORGANIZING_CENTER_ORGANIZATION	GOBP_MICROTUBULE_ORGANIZING_CENTER_ORGANIZATION		157	0.21323185	0.79781747	0.97183096	1.0	1.0	10351	tags=16%, list=28%, signal=22%	
GOBP_GLIAL_CELL_APOPTOTIC_PROCESS	GOBP_GLIAL_CELL_APOPTOTIC_PROCESS		23	0.29803464	0.79763293	0.7777778	1.0	1.0	10146	tags=26%, list=27%, signal=36%	
GOBP_REGULATION_OF_CALCIUM_ION_TRANSPORT_INTO_CYTOSOL	GOBP_REGULATION_OF_CALCIUM_ION_TRANSPORT_INTO_CYTOSOL		20	0.30980846	0.79750085	0.7724289	1.0	1.0	9073	tags=25%, list=25%, signal=33%	
GOBP_IMMUNE_SYSTEM_DEVELOPMENT	GOBP_IMMUNE_SYSTEM_DEVELOPMENT		229	0.20320277	0.7974403	0.98333335	1.0	1.0	11102	tags=21%, list=30%, signal=29%	
GOBP_MONOSACCHARIDE_TRANSMEMBRANE_TRANSPORT	GOBP_MONOSACCHARIDE_TRANSMEMBRANE_TRANSPORT		131	0.21556789	0.7973519	0.97530866	1.0	1.0	5371	tags=11%, list=15%, signal=13%	
GOBP_REGULATION_OF_G_PROTEIN_COUPLED_RECEPTOR_SIGNALING_PATHWAY	GOBP_REGULATION_OF_G_PROTEIN_COUPLED_RECEPTOR_SIGNALING_PATHWAY		165	0.21234089	0.7968738	0.9894737	1.0	1.0	4299	tags=8%, list=12%, signal=10%	
GOBP_REGULATION_OF_RESPONSE_TO_WOUNDING	GOBP_REGULATION_OF_RESPONSE_TO_WOUNDING		181	0.20956692	0.79683685	0.98245615	1.0	1.0	10449	tags=18%, list=28%, signal=25%	
GOBP_PEPTIDE_CATABOLIC_PROCESS	GOBP_PEPTIDE_CATABOLIC_PROCESS		20	0.30621597	0.7968215	0.8118162	1.0	1.0	9025	tags=25%, list=24%, signal=33%	
GOBP_ACTIN_POLYMERIZATION_OR_DEPOLYMERIZATION	GOBP_ACTIN_POLYMERIZATION_OR_DEPOLYMERIZATION		186	0.20961264	0.796006	0.99559474	1.0	1.0	5622	tags=8%, list=15%, signal=9%	
GOBP_REGULATION_OF_MAST_CELL_DEGRANULATION	GOBP_REGULATION_OF_MAST_CELL_DEGRANULATION		29	0.28492486	0.795954	0.8185941	1.0	1.0	14105	tags=28%, list=38%, signal=45%	
GOBP_DENDRITIC_SPINE_MAINTENANCE	GOBP_DENDRITIC_SPINE_MAINTENANCE		26	0.2917963	0.7958126	0.8062361	1.0	1.0	5235	tags=12%, list=14%, signal=13%	
GOBP_REGULATION_OF_IMMUNE_EFFECTOR_PROCESS	GOBP_REGULATION_OF_IMMUNE_EFFECTOR_PROCESS		421	0.19303694	0.79569423	1.0	1.0	1.0	5702	tags=11%, list=15%, signal=13%	
GOBP_DECIDUALIZATION	GOBP_DECIDUALIZATION		30	0.28306606	0.7953669	0.8378378	1.0	1.0	64	tags=3%, list=0%, signal=3%	
GOBP_NEGATIVE_REGULATION_OF_CYTOKINE_PRODUCTION_INVOLVED_IN_IMMUNE_RESPONSE	GOBP_NEGATIVE_REGULATION_OF_CYTOKINE_PRODUCTION_INVOLVED_IN_IMMUNE_RESPONSE		24	0.29664248	0.7953034	0.7586207	1.0	1.0	5125	tags=17%, list=14%, signal=19%	
GOBP_CRANIAL_SKELETAL_SYSTEM_DEVELOPMENT	GOBP_CRANIAL_SKELETAL_SYSTEM_DEVELOPMENT		83	0.23083517	0.794789	0.9196676	1.0	1.0	11039	tags=24%, list=30%, signal=34%	
GOBP_B_CELL_ACTIVATION_INVOLVED_IN_IMMUNE_RESPONSE	GOBP_B_CELL_ACTIVATION_INVOLVED_IN_IMMUNE_RESPONSE		96	0.22524823	0.7946934	0.9262537	1.0	1.0	3535	tags=6%, list=10%, signal=7%	
GOBP_NEGATIVE_REGULATION_OF_MYELOID_LEUKOCYTE_DIFFERENTIATION	GOBP_NEGATIVE_REGULATION_OF_MYELOID_LEUKOCYTE_DIFFERENTIATION		53	0.24622808	0.7946866	0.8659794	1.0	1.0	1546	tags=6%, list=4%, signal=6%	
GOBP_POSITIVE_REGULATION_OF_ERBB_SIGNALING_PATHWAY	GOBP_POSITIVE_REGULATION_OF_ERBB_SIGNALING_PATHWAY		31	0.27827734	0.7943282	0.8226164	1.0	1.0	2086	tags=6%, list=6%, signal=7%	
GOBP_KIDNEY_EPITHELIUM_DEVELOPMENT	GOBP_KIDNEY_EPITHELIUM_DEVELOPMENT		166	0.21034722	0.7943061	0.97619045	1.0	1.0	11102	tags=26%, list=30%, signal=37%	
GOBP_NEGATIVE_REGULATION_OF_EXTRINSIC_APOPTOTIC_SIGNALING_PATHWAY_VIA_DEATH_DOMAIN_RECEPTORS	GOBP_NEGATIVE_REGULATION_OF_EXTRINSIC_APOPTOTIC_SIGNALING_PATHWAY_VIA_DEATH_DOMAIN_RECEPTORS		31	0.27903032	0.7942594	0.8221709	1.0	1.0	1962	tags=6%, list=5%, signal=7%	
GOBP_REGULATION_OF_PROTEIN_LOCALIZATION_TO_ENDOSOME	GOBP_REGULATION_OF_PROTEIN_LOCALIZATION_TO_ENDOSOME		16	0.32430837	0.7941395	0.75541127	1.0	1.0	15955	tags=63%, list=43%, signal=110%	
GOBP_NEURAL_PRECURSOR_CELL_PROLIFERATION	GOBP_NEURAL_PRECURSOR_CELL_PROLIFERATION		202	0.20472842	0.7939361	0.9735849	1.0	1.0	10257	tags=21%, list=28%, signal=29%	
GOBP_AMINO_SUGAR_METABOLIC_PROCESS	GOBP_AMINO_SUGAR_METABOLIC_PROCESS		46	0.2579011	0.79379725	0.8452088	1.0	1.0	15934	tags=59%, list=43%, signal=103%	
GOBP_CANONICAL_NF_KAPPAB_SIGNAL_TRANSDUCTION	GOBP_CANONICAL_NF_KAPPAB_SIGNAL_TRANSDUCTION		310	0.19583198	0.7932703	1.0	1.0	1.0	7395	tags=10%, list=20%, signal=12%	
GOBP_APPENDAGE_MORPHOGENESIS	GOBP_APPENDAGE_MORPHOGENESIS		177	0.21032509	0.7932055	0.9665552	1.0	1.0	10108	tags=21%, list=27%, signal=29%	
GOBP_REGULATION_OF_BONE_REMODELING	GOBP_REGULATION_OF_BONE_REMODELING		59	0.24574271	0.79247266	0.8985916	1.0	1.0	7398	tags=17%, list=20%, signal=21%	
GOBP_COLLAGEN_CATABOLIC_PROCESS	GOBP_COLLAGEN_CATABOLIC_PROCESS		42	0.25913227	0.7924148	0.84634763	1.0	1.0	4611	tags=12%, list=12%, signal=14%	
GOBP_ENDOCARDIAL_CUSHION_DEVELOPMENT	GOBP_ENDOCARDIAL_CUSHION_DEVELOPMENT		53	0.24898374	0.7923601	0.88709676	1.0	1.0	15363	tags=40%, list=42%, signal=68%	
GOBP_CELLULAR_RESPONSE_TO_LEPTIN_STIMULUS	GOBP_CELLULAR_RESPONSE_TO_LEPTIN_STIMULUS		19	0.31262326	0.7922504	0.7685393	1.0	1.0	10897	tags=42%, list=29%, signal=60%	
GOBP_ECTODERM_DEVELOPMENT	GOBP_ECTODERM_DEVELOPMENT		17	0.32174107	0.7918491	0.7743363	1.0	1.0	15669	tags=53%, list=42%, signal=92%	
GOBP_ADHERENS_JUNCTION_ASSEMBLY	GOBP_ADHERENS_JUNCTION_ASSEMBLY		15	0.33829865	0.7916374	0.78854626	1.0	1.0	1756	tags=7%, list=5%, signal=7%	
GOBP_MUSCLE_CELL_PROLIFERATION	GOBP_MUSCLE_CELL_PROLIFERATION		266	0.20032777	0.7911406	1.0	1.0	1.0	10239	tags=17%, list=28%, signal=23%	
GOBP_INTERLEUKIN_4_PRODUCTION	GOBP_INTERLEUKIN_4_PRODUCTION		31	0.27457345	0.79107916	0.8074246	1.0	1.0	2518	tags=10%, list=7%, signal=10%	
GOBP_POSITIVE_REGULATION_OF_INTERLEUKIN_4_PRODUCTION	GOBP_POSITIVE_REGULATION_OF_INTERLEUKIN_4_PRODUCTION		24	0.29031464	0.79016715	0.800905	1.0	1.0	2518	tags=13%, list=7%, signal=13%	
GOBP_INTRACELLULAR_GLUCOSE_HOMEOSTASIS	GOBP_INTRACELLULAR_GLUCOSE_HOMEOSTASIS		198	0.20311469	0.7899742	0.9883721	1.0	1.0	5710	tags=10%, list=15%, signal=11%	
GOBP_MITOTIC_CYTOKINETIC_PROCESS	GOBP_MITOTIC_CYTOKINETIC_PROCESS		39	0.26520455	0.7895483	0.86	1.0	1.0	25001	tags=97%, list=68%, signal=301%	
GOBP_REGULATION_OF_B_CELL_PROLIFERATION	GOBP_REGULATION_OF_B_CELL_PROLIFERATION		68	0.23828992	0.7894655	0.93264246	1.0	1.0	600	tags=4%, list=2%, signal=4%	
GOBP_REGULATION_OF_GLIAL_CELL_APOPTOTIC_PROCESS	GOBP_REGULATION_OF_GLIAL_CELL_APOPTOTIC_PROCESS		17	0.31638983	0.7892618	0.78390807	1.0	1.0	10146	tags=29%, list=27%, signal=41%	
GOBP_ESTABLISHMENT_OF_PROTEIN_LOCALIZATION_TO_MEMBRANE	GOBP_ESTABLISHMENT_OF_PROTEIN_LOCALIZATION_TO_MEMBRANE		277	0.19810013	0.78863204	1.0	1.0	1.0	837	tags=2%, list=2%, signal=2%	
GOBP_CELLULAR_RESPONSE_TO_CHEMICAL_STRESS	GOBP_CELLULAR_RESPONSE_TO_CHEMICAL_STRESS		331	0.19297333	0.7883918	1.0	1.0	1.0	4743	tags=7%, list=13%, signal=8%	
GOBP_REGULATION_OF_MICROTUBULE_POLYMERIZATION_OR_DEPOLYMERIZATION	GOBP_REGULATION_OF_MICROTUBULE_POLYMERIZATION_OR_DEPOLYMERIZATION		100	0.22426437	0.78821295	0.9369369	1.0	1.0	5622	tags=8%, list=15%, signal=9%	
GOBP_RESPONSE_TO_ENDOPLASMIC_RETICULUM_STRESS	GOBP_RESPONSE_TO_ENDOPLASMIC_RETICULUM_STRESS		287	0.19499588	0.78813803	1.0	1.0	1.0	17116	tags=43%, list=46%, signal=79%	
GOBP_RESPONSE_TO_AUDITORY_STIMULUS	GOBP_RESPONSE_TO_AUDITORY_STIMULUS		29	0.28385437	0.7881296	0.8294931	1.0	1.0	4574	tags=14%, list=12%, signal=16%	
GOBP_PIGMENT_METABOLIC_PROCESS	GOBP_PIGMENT_METABOLIC_PROCESS		77	0.23280263	0.78797555	0.9085714	1.0	1.0	5536	tags=13%, list=15%, signal=15%	
GOBP_REGULATION_OF_MRNA_CATABOLIC_PROCESS	GOBP_REGULATION_OF_MRNA_CATABOLIC_PROCESS		197	0.20409542	0.787619	0.9964539	1.0	1.0	15970	tags=36%, list=43%, signal=63%	
GOBP_MYELOID_CELL_ACTIVATION_INVOLVED_IN_IMMUNE_RESPONSE	GOBP_MYELOID_CELL_ACTIVATION_INVOLVED_IN_IMMUNE_RESPONSE		102	0.22182368	0.7873536	0.954416	1.0	1.0	10835	tags=20%, list=29%, signal=28%	
GOBP_ADAPTIVE_IMMUNE_RESPONSE_BASED_ON_SOMATIC_RECOMBINATION_OF_IMMUNE_RECEPTORS_BUILT_FROM_IMMUNOGLOBULIN_SUPERFAMILY_DOMAINS	GOBP_ADAPTIVE_IMMUNE_RESPONSE_BASED_ON_SOMATIC_RECOMBINATION_OF_IMMUNE_RECEPTORS_BUILT_FROM_IMMUNOGLOBULIN_SUPERFAMILY_DOMAINS		354	0.19293067	0.7872998	1.0	1.0	1.0	7426	tags=16%, list=20%, signal=20%	
GOBP_DNA_REPLICATION	GOBP_DNA_REPLICATION		285	0.19650847	0.78722066	0.9953052	1.0	1.0	17174	tags=41%, list=46%, signal=77%	
GOBP_CELLULAR_RESPONSE_TO_ESTROGEN_STIMULUS	GOBP_CELLULAR_RESPONSE_TO_ESTROGEN_STIMULUS		21	0.3021856	0.78711766	0.7835294	1.0	1.0	1971	tags=10%, list=5%, signal=10%	
GOBP_NEGATIVE_REGULATION_OF_VIRAL_PROCESS	GOBP_NEGATIVE_REGULATION_OF_VIRAL_PROCESS		76	0.2356056	0.7870938	0.92622954	1.0	1.0	11075	tags=21%, list=30%, signal=30%	
GOBP_RESPONSE_TO_DOPAMINE	GOBP_RESPONSE_TO_DOPAMINE		45	0.2529718	0.78709126	0.86422974	1.0	1.0	7174	tags=13%, list=19%, signal=17%	
GOBP_REGULATION_OF_FIBROBLAST_APOPTOTIC_PROCESS	GOBP_REGULATION_OF_FIBROBLAST_APOPTOTIC_PROCESS		18	0.3084448	0.7864185	0.78833693	1.0	1.0	17897	tags=67%, list=48%, signal=129%	
GOBP_VIRAL_BUDDING_VIA_HOST_ESCRT_COMPLEX	GOBP_VIRAL_BUDDING_VIA_HOST_ESCRT_COMPLEX		17	0.323523	0.78579426	0.75588864	1.0	1.0	25001	tags=100%, list=68%, signal=309%	
GOBP_POSITIVE_REGULATION_OF_CANONICAL_WNT_SIGNALING_PATHWAY	GOBP_POSITIVE_REGULATION_OF_CANONICAL_WNT_SIGNALING_PATHWAY		114	0.22028944	0.7857617	0.9617647	1.0	1.0	9489	tags=15%, list=26%, signal=20%	
GOBP_RNA_MODIFICATION	GOBP_RNA_MODIFICATION		154	0.20693254	0.78542817	0.9691781	1.0	1.0	15791	tags=41%, list=43%, signal=71%	
GOBP_CELLULAR_RESPONSE_TO_BIOTIC_STIMULUS	GOBP_CELLULAR_RESPONSE_TO_BIOTIC_STIMULUS		271	0.19851862	0.7851487	1.0	1.0	1.0	5724	tags=10%, list=15%, signal=11%	
GOBP_ESTABLISHMENT_OF_ORGANELLE_LOCALIZATION	GOBP_ESTABLISHMENT_OF_ORGANELLE_LOCALIZATION		402	0.1922692	0.78509665	1.0	1.0	1.0	4913	tags=5%, list=13%, signal=6%	
GOBP_DENDRITIC_SPINE_MORPHOGENESIS	GOBP_DENDRITIC_SPINE_MORPHOGENESIS		84	0.22661772	0.7848752	0.95543176	1.0	1.0	10854	tags=21%, list=29%, signal=30%	
GOBP_PERIPHERAL_NERVOUS_SYSTEM_DEVELOPMENT	GOBP_PERIPHERAL_NERVOUS_SYSTEM_DEVELOPMENT		81	0.2311279	0.7848232	0.94	1.0	1.0	10709	tags=22%, list=29%, signal=31%	
GOBP_INOSITOL_TRISPHOSPHATE_METABOLIC_PROCESS	GOBP_INOSITOL_TRISPHOSPHATE_METABOLIC_PROCESS		20	0.2987077	0.7846031	0.79028696	1.0	1.0	5493	tags=10%, list=15%, signal=12%	
GOBP_POSTSYNAPTIC_SIGNAL_TRANSDUCTION	GOBP_POSTSYNAPTIC_SIGNAL_TRANSDUCTION		71	0.23124555	0.7845347	0.92054796	1.0	1.0	4877	tags=13%, list=13%, signal=15%	
GOBP_SYNAPSE_MATURATION	GOBP_SYNAPSE_MATURATION		53	0.24800381	0.78446007	0.8871795	1.0	1.0	9597	tags=26%, list=26%, signal=36%	
GOBP_EYE_PHOTORECEPTOR_CELL_DEVELOPMENT	GOBP_EYE_PHOTORECEPTOR_CELL_DEVELOPMENT		42	0.25672966	0.78439236	0.8516624	1.0	1.0	954	tags=10%, list=3%, signal=10%	
GOBP_REGULATION_OF_CANONICAL_WNT_SIGNALING_PATHWAY	GOBP_REGULATION_OF_CANONICAL_WNT_SIGNALING_PATHWAY		258	0.19996296	0.78432304	0.99553573	1.0	1.0	11186	tags=22%, list=30%, signal=31%	
GOBP_ACYL_COA_BIOSYNTHETIC_PROCESS	GOBP_ACYL_COA_BIOSYNTHETIC_PROCESS		45	0.25515115	0.78428143	0.8942308	1.0	1.0	15873	tags=47%, list=43%, signal=82%	
GOBP_ORGANIC_CATION_TRANSPORT	GOBP_ORGANIC_CATION_TRANSPORT		136	0.21360867	0.78391266	0.9904762	1.0	1.0	11053	tags=30%, list=30%, signal=43%	
GOBP_MITRAL_VALVE_DEVELOPMENT	GOBP_MITRAL_VALVE_DEVELOPMENT		17	0.30829835	0.7839051	0.76837415	1.0	1.0	4557	tags=12%, list=12%, signal=13%	
GOBP_CELLULAR_RESPONSE_TO_ABIOTIC_STIMULUS	GOBP_CELLULAR_RESPONSE_TO_ABIOTIC_STIMULUS		361	0.19452746	0.7836113	1.0	1.0	1.0	4145	tags=6%, list=11%, signal=7%	
GOBP_NUCLEOTIDE_SUGAR_BIOSYNTHETIC_PROCESS	GOBP_NUCLEOTIDE_SUGAR_BIOSYNTHETIC_PROCESS		27	0.2790088	0.7834049	0.8205689	1.0	1.0	15855	tags=44%, list=43%, signal=78%	
GOBP_POSITIVE_REGULATION_OF_BMP_SIGNALING_PATHWAY	GOBP_POSITIVE_REGULATION_OF_BMP_SIGNALING_PATHWAY		38	0.26038662	0.7834019	0.8568019	1.0	1.0	9381	tags=21%, list=25%, signal=28%	
GOBP_REGULATION_OF_STEROID_BIOSYNTHETIC_PROCESS	GOBP_REGULATION_OF_STEROID_BIOSYNTHETIC_PROCESS		89	0.22642443	0.783237	0.94957983	1.0	1.0	10925	tags=24%, list=30%, signal=33%	
GOBP_NEUROEPITHELIAL_CELL_DIFFERENTIATION	GOBP_NEUROEPITHELIAL_CELL_DIFFERENTIATION		36	0.26963785	0.78312725	0.87096775	1.0	1.0	418	tags=3%, list=1%, signal=3%	
GOBP_KETONE_METABOLIC_PROCESS	GOBP_KETONE_METABOLIC_PROCESS		236	0.19953217	0.78309	0.9958159	1.0	1.0	11019	tags=23%, list=30%, signal=33%	
GOBP_INTRACELLULAR_POTASSIUM_ION_HOMEOSTASIS	GOBP_INTRACELLULAR_POTASSIUM_ION_HOMEOSTASIS		18	0.31358305	0.7829266	0.8090909	1.0	1.0	8630	tags=22%, list=23%, signal=29%	
GOBP_NEGATIVE_REGULATION_OF_INTRACELLULAR_TRANSPORT	GOBP_NEGATIVE_REGULATION_OF_INTRACELLULAR_TRANSPORT		64	0.23850667	0.7828778	0.9108108	1.0	1.0	2338	tags=5%, list=6%, signal=5%	
GOBP_HOMOTYPIC_CELL_CELL_ADHESION	GOBP_HOMOTYPIC_CELL_CELL_ADHESION		94	0.22088206	0.78253794	0.93700784	1.0	1.0	4613	tags=9%, list=12%, signal=10%	
GOBP_REGULATION_OF_METAPHASE_PLATE_CONGRESSION	GOBP_REGULATION_OF_METAPHASE_PLATE_CONGRESSION		15	0.32946435	0.7823248	0.7740492	1.0	1.0	14017	tags=33%, list=38%, signal=54%	
GOBP_ESTROUS_CYCLE	GOBP_ESTROUS_CYCLE		17	0.3117769	0.7819915	0.8221709	1.0	1.0	5549	tags=18%, list=15%, signal=21%	
GOBP_REGULATION_OF_SYNAPTIC_VESICLE_PRIMING	GOBP_REGULATION_OF_SYNAPTIC_VESICLE_PRIMING		15	0.328539	0.7817151	0.7882883	1.0	1.0	10065	tags=27%, list=27%, signal=37%	
GOBP_POSTSYNAPSE_ORGANIZATION	GOBP_POSTSYNAPSE_ORGANIZATION		330	0.19225068	0.78164274	1.0	1.0	1.0	10924	tags=21%, list=30%, signal=30%	
GOBP_PRIMARY_MIRNA_PROCESSING	GOBP_PRIMARY_MIRNA_PROCESSING		17	0.31793556	0.78160703	0.8187919	1.0	1.0	11105	tags=35%, list=30%, signal=50%	
GOBP_POSITIVE_REGULATION_OF_DNA_BINDING_TRANSCRIPTION_FACTOR_ACTIVITY	GOBP_POSITIVE_REGULATION_OF_DNA_BINDING_TRANSCRIPTION_FACTOR_ACTIVITY		138	0.20955215	0.7812541	0.9773463	1.0	1.0	3711	tags=6%, list=10%, signal=6%	
GOBP_REGULATION_OF_RECEPTOR_SIGNALING_PATHWAY_VIA_STAT	GOBP_REGULATION_OF_RECEPTOR_SIGNALING_PATHWAY_VIA_STAT		110	0.22212605	0.7812291	0.9493671	1.0	1.0	11248	tags=26%, list=30%, signal=38%	
GOBP_PROTEIN_LOCALIZATION_TO_GOLGI_APPARATUS	GOBP_PROTEIN_LOCALIZATION_TO_GOLGI_APPARATUS		29	0.27712798	0.7811425	0.826484	1.0	1.0	24725	tags=97%, list=67%, signal=292%	
GOBP_ESTROGEN_RECEPTOR_SIGNALING_PATHWAY	GOBP_ESTROGEN_RECEPTOR_SIGNALING_PATHWAY		52	0.24351282	0.7810791	0.90839696	1.0	1.0	2086	tags=4%, list=6%, signal=4%	
GOBP_PROTEIN_HOMOTETRAMERIZATION	GOBP_PROTEIN_HOMOTETRAMERIZATION		65	0.23524068	0.78107333	0.918429	1.0	1.0	10578	tags=26%, list=29%, signal=37%	
GOBP_REGULATION_OF_RNA_STABILITY	GOBP_REGULATION_OF_RNA_STABILITY		197	0.20353793	0.780944	0.99626863	1.0	1.0	17143	tags=45%, list=46%, signal=84%	
GOBP_LEARNING	GOBP_LEARNING		198	0.20321196	0.78086543	0.9965278	1.0	1.0	5502	tags=10%, list=15%, signal=12%	
GOBP_TRIPEPTIDE_TRANSPORT	GOBP_TRIPEPTIDE_TRANSPORT		16	0.32462442	0.7806235	0.79859483	1.0	1.0	24960	tags=100%, list=68%, signal=308%	
GOBP_MORPHOGENESIS_OF_EMBRYONIC_EPITHELIUM	GOBP_MORPHOGENESIS_OF_EMBRYONIC_EPITHELIUM		178	0.20473479	0.7803069	0.9894366	1.0	1.0	11127	tags=20%, list=30%, signal=29%	
GOBP_EMBRYONIC_HEMOPOIESIS	GOBP_EMBRYONIC_HEMOPOIESIS		29	0.28041252	0.78016305	0.8181818	1.0	1.0	1196	tags=3%, list=3%, signal=4%	
GOBP_REGULATION_OF_DENDRITE_DEVELOPMENT	GOBP_REGULATION_OF_DENDRITE_DEVELOPMENT		143	0.21194981	0.77999806	0.9782609	1.0	1.0	10941	tags=19%, list=30%, signal=27%	
GOBP_ESTABLISHMENT_OF_PROTEIN_LOCALIZATION_TO_MITOCHONDRIAL_MEMBRANE	GOBP_ESTABLISHMENT_OF_PROTEIN_LOCALIZATION_TO_MITOCHONDRIAL_MEMBRANE		31	0.27707407	0.7797645	0.8383372	1.0	1.0	15664	tags=48%, list=42%, signal=84%	
GOBP_BONE_GROWTH	GOBP_BONE_GROWTH		38	0.26272348	0.77966166	0.87341774	1.0	1.0	4053	tags=8%, list=11%, signal=9%	
GOBP_NEGATIVE_REGULATION_OF_REACTIVE_OXYGEN_SPECIES_BIOSYNTHETIC_PROCESS	GOBP_NEGATIVE_REGULATION_OF_REACTIVE_OXYGEN_SPECIES_BIOSYNTHETIC_PROCESS		23	0.29602703	0.7789487	0.8018868	1.0	1.0	7402	tags=17%, list=20%, signal=22%	
GOBP_VESICLE_COATING	GOBP_VESICLE_COATING		33	0.26945448	0.77887285	0.83990717	1.0	1.0	17805	tags=52%, list=48%, signal=99%	
GOBP_POSITIVE_REGULATION_OF_ENDOCYTOSIS	GOBP_POSITIVE_REGULATION_OF_ENDOCYTOSIS		191	0.20295236	0.7786479	0.9895833	1.0	1.0	10154	tags=16%, list=27%, signal=22%	
GOBP_CELL_CELL_SIGNALING_INVOLVED_IN_CARDIAC_CONDUCTION	GOBP_CELL_CELL_SIGNALING_INVOLVED_IN_CARDIAC_CONDUCTION		23	0.29505786	0.7782512	0.8131068	1.0	1.0	5552	tags=22%, list=15%, signal=26%	
GOBP_PROTEIN_INSERTION_INTO_ER_MEMBRANE	GOBP_PROTEIN_INSERTION_INTO_ER_MEMBRANE		29	0.2813218	0.77799714	0.8168675	1.0	1.0	16289	tags=41%, list=44%, signal=74%	
GOBP_EYE_PHOTORECEPTOR_CELL_DIFFERENTIATION	GOBP_EYE_PHOTORECEPTOR_CELL_DIFFERENTIATION		58	0.24298565	0.7778018	0.879397	1.0	1.0	4598	tags=14%, list=12%, signal=16%	
GOBP_RESPONSE_TO_PROSTAGLANDIN	GOBP_RESPONSE_TO_PROSTAGLANDIN		31	0.2718883	0.77665824	0.8598131	1.0	1.0	8465	tags=23%, list=23%, signal=29%	
GOBP_MAST_CELL_ACTIVATION	GOBP_MAST_CELL_ACTIVATION		82	0.22869055	0.7766129	0.96438354	1.0	1.0	10835	tags=26%, list=29%, signal=36%	
GOBP_ORGANELLE_DISASSEMBLY	GOBP_ORGANELLE_DISASSEMBLY		84	0.22602879	0.7764585	0.9383378	1.0	1.0	28617	tags=100%, list=77%, signal=442%	
GOBP_ANTERIOR_POSTERIOR_AXIS_SPECIFICATION	GOBP_ANTERIOR_POSTERIOR_AXIS_SPECIFICATION		57	0.24374469	0.77623755	0.9100257	1.0	1.0	10449	tags=26%, list=28%, signal=37%	
GOBP_POSITIVE_REGULATION_OF_CARTILAGE_DEVELOPMENT	GOBP_POSITIVE_REGULATION_OF_CARTILAGE_DEVELOPMENT		34	0.26736036	0.7762307	0.8546366	1.0	1.0	4924	tags=12%, list=13%, signal=14%	
GOBP_FATTY_ACID_DERIVATIVE_BIOSYNTHETIC_PROCESS	GOBP_FATTY_ACID_DERIVATIVE_BIOSYNTHETIC_PROCESS		28	0.28121457	0.7760556	0.84725535	1.0	1.0	9457	tags=29%, list=26%, signal=38%	
GOBP_REGULATION_OF_CARBOHYDRATE_BIOSYNTHETIC_PROCESS	GOBP_REGULATION_OF_CARBOHYDRATE_BIOSYNTHETIC_PROCESS		119	0.21748753	0.7759661	0.9713467	1.0	1.0	14257	tags=38%, list=39%, signal=61%	
GOBP_MESODERM_DEVELOPMENT	GOBP_MESODERM_DEVELOPMENT		113	0.21823776	0.7758799	0.9807692	1.0	1.0	11080	tags=21%, list=30%, signal=30%	
GOBP_POSITIVE_REGULATION_OF_GLYCOGEN_BIOSYNTHETIC_PROCESS	GOBP_POSITIVE_REGULATION_OF_GLYCOGEN_BIOSYNTHETIC_PROCESS		19	0.3054051	0.77524	0.802381	1.0	1.0	7419	tags=21%, list=20%, signal=26%	
GOBP_POSITIVE_REGULATION_OF_MITOTIC_CELL_CYCLE_PHASE_TRANSITION	GOBP_POSITIVE_REGULATION_OF_MITOTIC_CELL_CYCLE_PHASE_TRANSITION		96	0.22173604	0.77519494	0.95810056	1.0	1.0	3517	tags=4%, list=10%, signal=5%	
GOBP_REGULATION_OF_MUSCLE_ADAPTATION	GOBP_REGULATION_OF_MUSCLE_ADAPTATION		116	0.21597748	0.7750987	0.9724771	1.0	1.0	4329	tags=9%, list=12%, signal=10%	
GOBP_POSITIVE_REGULATION_OF_NITRIC_OXIDE_BIOSYNTHETIC_PROCESS	GOBP_POSITIVE_REGULATION_OF_NITRIC_OXIDE_BIOSYNTHETIC_PROCESS		50	0.24195872	0.77499634	0.906801	1.0	1.0	3079	tags=6%, list=8%, signal=7%	
GOBP_MORPHOGENESIS_OF_AN_EPITHELIAL_BUD	GOBP_MORPHOGENESIS_OF_AN_EPITHELIAL_BUD		16	0.31496537	0.77471066	0.7964206	1.0	1.0	9357	tags=38%, list=25%, signal=50%	
GOBP_DEFENSE_RESPONSE_TO_GRAM_NEGATIVE_BACTERIUM	GOBP_DEFENSE_RESPONSE_TO_GRAM_NEGATIVE_BACTERIUM		72	0.23347376	0.7746886	0.913649	1.0	1.0	9567	tags=29%, list=26%, signal=39%	
GOBP_POSITIVE_REGULATION_OF_BONE_RESORPTION	GOBP_POSITIVE_REGULATION_OF_BONE_RESORPTION		22	0.29409164	0.7741347	0.83253586	1.0	1.0	5122	tags=18%, list=14%, signal=21%	
GOBP_NEGATIVE_REGULATION_OF_NUCLEOCYTOPLASMIC_TRANSPORT	GOBP_NEGATIVE_REGULATION_OF_NUCLEOCYTOPLASMIC_TRANSPORT		34	0.2642398	0.7738909	0.85089976	1.0	1.0	24851	tags=97%, list=67%, signal=296%	
GOBP_GABAERGIC_NEURON_DIFFERENTIATION	GOBP_GABAERGIC_NEURON_DIFFERENTIATION		16	0.32496503	0.77351886	0.77397263	1.0	1.0	6297	tags=25%, list=17%, signal=30%	
GOBP_NEGATIVE_REGULATION_OF_GENE_SILENCING_BY_REGULATORY_NCRNA	GOBP_NEGATIVE_REGULATION_OF_GENE_SILENCING_BY_REGULATORY_NCRNA		22	0.29586232	0.77350223	0.8161435	1.0	1.0	13806	tags=45%, list=37%, signal=73%	
GOBP_SYNAPTIC_VESICLE_LOCALIZATION	GOBP_SYNAPTIC_VESICLE_LOCALIZATION		71	0.2297116	0.7734661	0.9456522	1.0	1.0	5727	tags=10%, list=15%, signal=12%	
GOBP_MONONUCLEAR_CELL_MIGRATION	GOBP_MONONUCLEAR_CELL_MIGRATION		208	0.1995807	0.77304584	0.99649125	1.0	1.0	7383	tags=15%, list=20%, signal=19%	
GOBP_FRUCTOSE_6_PHOSPHATE_METABOLIC_PROCESS	GOBP_FRUCTOSE_6_PHOSPHATE_METABOLIC_PROCESS		15	0.31910172	0.7728262	0.7728285	1.0	1.0	14802	tags=47%, list=40%, signal=78%	
GOBP_AXON_EXTENSION	GOBP_AXON_EXTENSION		126	0.2096372	0.7726134	0.9907692	1.0	1.0	10945	tags=22%, list=30%, signal=31%	
GOBP_GLIAL_CELL_DEVELOPMENT	GOBP_GLIAL_CELL_DEVELOPMENT		143	0.20783353	0.77257276	0.98913044	1.0	1.0	3747	tags=6%, list=10%, signal=6%	
GOBP_ENDOTHELIAL_CELL_DEVELOPMENT	GOBP_ENDOTHELIAL_CELL_DEVELOPMENT		73	0.22883973	0.77236164	0.93731344	1.0	1.0	1268	tags=3%, list=3%, signal=3%	
GOBP_TAXIS	GOBP_TAXIS		432	0.18738322	0.7723038	1.0	1.0	1.0	10971	tags=22%, list=30%, signal=31%	
GOBP_CELL_RECOGNITION	GOBP_CELL_RECOGNITION		163	0.20476264	0.7720784	0.9962963	1.0	1.0	5724	tags=12%, list=15%, signal=14%	
GOBP_REGULATION_OF_CELL_PROLIFERATION_INVOLVED_IN_KIDNEY_DEVELOPMENT	GOBP_REGULATION_OF_CELL_PROLIFERATION_INVOLVED_IN_KIDNEY_DEVELOPMENT		16	0.31448266	0.7720715	0.82045454	1.0	1.0	10891	tags=31%, list=29%, signal=44%	
GOBP_NADPPLUS_METABOLIC_PROCESS	GOBP_NADPPLUS_METABOLIC_PROCESS		48	0.24777041	0.771848	0.8968059	1.0	1.0	6220	tags=13%, list=17%, signal=15%	
GOBP_NEGATIVE_REGULATION_OF_TRANSMEMBRANE_RECEPTOR_PROTEIN_SERINE_THREONINE_KINASE_SIGNALING_PATHWAY	GOBP_NEGATIVE_REGULATION_OF_TRANSMEMBRANE_RECEPTOR_PROTEIN_SERINE_THREONINE_KINASE_SIGNALING_PATHWAY		156	0.2075507	0.7717257	0.9936306	1.0	1.0	11080	tags=24%, list=30%, signal=34%	
GOBP_SEROTONIN_METABOLIC_PROCESS	GOBP_SEROTONIN_METABOLIC_PROCESS		18	0.3069267	0.7716812	0.8396226	1.0	1.0	9460	tags=28%, list=26%, signal=37%	
GOBP_REGULATION_OF_KETONE_BIOSYNTHETIC_PROCESS	GOBP_REGULATION_OF_KETONE_BIOSYNTHETIC_PROCESS		22	0.2928003	0.7712205	0.8238095	1.0	1.0	11482	tags=27%, list=31%, signal=40%	
GOBP_OSTEOCLAST_DIFFERENTIATION	GOBP_OSTEOCLAST_DIFFERENTIATION		130	0.2092979	0.7712001	0.9935065	1.0	1.0	1971	tags=5%, list=5%, signal=5%	
GOBP_RESPONSE_TO_STIMULUS_INVOLVED_IN_REGULATION_OF_MUSCLE_ADAPTATION	GOBP_RESPONSE_TO_STIMULUS_INVOLVED_IN_REGULATION_OF_MUSCLE_ADAPTATION		15	0.318977	0.7710656	0.8013544	1.0	1.0	11132	tags=33%, list=30%, signal=48%	
GOBP_POSITIVE_REGULATION_OF_CELL_CYCLE_PROCESS	GOBP_POSITIVE_REGULATION_OF_CELL_CYCLE_PROCESS		266	0.19580375	0.770691	1.0	1.0	1.0	7627	tags=10%, list=21%, signal=13%	
GOBP_STEROID_HORMONE_SECRETION	GOBP_STEROID_HORMONE_SECRETION		35	0.26119888	0.77044034	0.84761906	1.0	1.0	9466	tags=26%, list=26%, signal=35%	
GOBP_CELLULAR_COMPONENT_DISASSEMBLY_INVOLVED_IN_EXECUTION_PHASE_OF_APOPTOSIS	GOBP_CELLULAR_COMPONENT_DISASSEMBLY_INVOLVED_IN_EXECUTION_PHASE_OF_APOPTOSIS		34	0.2608026	0.7704368	0.87530565	1.0	1.0	6099	tags=12%, list=17%, signal=14%	
GOBP_REGULATION_OF_RESPONSE_TO_OSMOTIC_STRESS	GOBP_REGULATION_OF_RESPONSE_TO_OSMOTIC_STRESS		15	0.32055703	0.77028567	0.80982906	1.0	1.0	6820	tags=20%, list=18%, signal=25%	
GOBP_NITRIC_OXIDE_MEDIATED_SIGNAL_TRANSDUCTION	GOBP_NITRIC_OXIDE_MEDIATED_SIGNAL_TRANSDUCTION		27	0.2766275	0.77026963	0.8518519	1.0	1.0	3101	tags=7%, list=8%, signal=8%	
GOBP_RENAL_TUBULE_MORPHOGENESIS	GOBP_RENAL_TUBULE_MORPHOGENESIS		91	0.22004372	0.7695055	0.9807692	1.0	1.0	10631	tags=29%, list=29%, signal=40%	
GOBP_C4_DICARBOXYLATE_TRANSPORT	GOBP_C4_DICARBOXYLATE_TRANSPORT		28	0.27937573	0.76870924	0.8306264	1.0	1.0	11163	tags=29%, list=30%, signal=41%	
GOBP_REGULATION_OF_DEFENSE_RESPONSE_TO_VIRUS	GOBP_REGULATION_OF_DEFENSE_RESPONSE_TO_VIRUS		68	0.22778913	0.7683921	0.9444444	1.0	1.0	4611	tags=7%, list=12%, signal=8%	
GOBP_TRANSCRIPTION_PREINITIATION_COMPLEX_ASSEMBLY	GOBP_TRANSCRIPTION_PREINITIATION_COMPLEX_ASSEMBLY		71	0.22757491	0.7683856	0.95027626	1.0	1.0	25108	tags=97%, list=68%, signal=303%	
GOBP_LEUKOCYTE_MEDIATED_IMMUNITY	GOBP_LEUKOCYTE_MEDIATED_IMMUNITY		441	0.18662946	0.76823694	1.0	1.0	1.0	5536	tags=11%, list=15%, signal=13%	
GOBP_RENAL_SYSTEM_PROCESS	GOBP_RENAL_SYSTEM_PROCESS		141	0.21081595	0.76748735	0.98402554	1.0	1.0	5502	tags=12%, list=15%, signal=14%	
GOBP_POSITIVE_REGULATION_OF_INTRINSIC_APOPTOTIC_SIGNALING_PATHWAY	GOBP_POSITIVE_REGULATION_OF_INTRINSIC_APOPTOTIC_SIGNALING_PATHWAY		72	0.22747709	0.76734114	0.97275203	1.0	1.0	3615	tags=6%, list=10%, signal=6%	
GOBP_REGULATION_OF_TOLERANCE_INDUCTION	GOBP_REGULATION_OF_TOLERANCE_INDUCTION		18	0.3029485	0.76671636	0.8321678	1.0	1.0	7184	tags=22%, list=19%, signal=28%	
GOBP_BODY_FLUID_SECRETION	GOBP_BODY_FLUID_SECRETION		128	0.21008493	0.76644915	0.9875776	1.0	1.0	1914	tags=5%, list=5%, signal=6%	
GOBP_ACROSOME_ASSEMBLY	GOBP_ACROSOME_ASSEMBLY		40	0.25388014	0.7661199	0.8715847	1.0	1.0	2204	tags=8%, list=6%, signal=8%	
GOBP_OLIGOSACCHARIDE_METABOLIC_PROCESS	GOBP_OLIGOSACCHARIDE_METABOLIC_PROCESS		38	0.2594421	0.7660497	0.8769231	1.0	1.0	7382	tags=18%, list=20%, signal=23%	
GOBP_NEGATIVE_REGULATION_OF_GLIAL_CELL_DIFFERENTIATION	GOBP_NEGATIVE_REGULATION_OF_GLIAL_CELL_DIFFERENTIATION		34	0.25581405	0.7659409	0.877551	1.0	1.0	9381	tags=32%, list=25%, signal=43%	
GOBP_REGULATION_OF_CELL_JUNCTION_ASSEMBLY	GOBP_REGULATION_OF_CELL_JUNCTION_ASSEMBLY		315	0.19130391	0.76522154	1.0	1.0	1.0	10297	tags=19%, list=28%, signal=26%	
GOBP_TRNA_THREONYLCARBAMOYLADENOSINE_METABOLIC_PROCESS	GOBP_TRNA_THREONYLCARBAMOYLADENOSINE_METABOLIC_PROCESS		19	0.2994302	0.76447594	0.85450345	1.0	1.0	15643	tags=53%, list=42%, signal=91%	
GOBP_RESPONSE_TO_REACTIVE_OXYGEN_SPECIES	GOBP_RESPONSE_TO_REACTIVE_OXYGEN_SPECIES		208	0.19693251	0.76405066	1.0	1.0	1.0	5547	tags=8%, list=15%, signal=10%	
GOBP_STRESS_ACTIVATED_PROTEIN_KINASE_SIGNALING_CASCADE	GOBP_STRESS_ACTIVATED_PROTEIN_KINASE_SIGNALING_CASCADE		59	0.23608436	0.763583	0.9316456	1.0	1.0	4582	tags=7%, list=12%, signal=8%	
GOBP_NEGATIVE_REGULATION_OF_NUCLEOTIDE_METABOLIC_PROCESS	GOBP_NEGATIVE_REGULATION_OF_NUCLEOTIDE_METABOLIC_PROCESS		33	0.26325938	0.7632431	0.86460805	1.0	1.0	4292	tags=9%, list=12%, signal=10%	
GOBP_REGULATION_OF_MUSCLE_CELL_DIFFERENTIATION	GOBP_REGULATION_OF_MUSCLE_CELL_DIFFERENTIATION		164	0.20300351	0.76257807	0.99666667	1.0	1.0	10577	tags=21%, list=29%, signal=30%	
GOBP_CELL_SURFACE_RECEPTOR_PROTEIN_SERINE_THREONINE_KINASE_SIGNALING_PATHWAY	GOBP_CELL_SURFACE_RECEPTOR_PROTEIN_SERINE_THREONINE_KINASE_SIGNALING_PATHWAY		383	0.18641987	0.7625407	1.0	1.0	1.0	9952	tags=18%, list=27%, signal=24%	
GOBP_REGULATION_OF_INTRACELLULAR_TRANSPORT	GOBP_REGULATION_OF_INTRACELLULAR_TRANSPORT		295	0.189015	0.7624548	1.0	1.0	1.0	2432	tags=3%, list=7%, signal=4%	
GOBP_REGULATION_OF_DNA_REPLICATION	GOBP_REGULATION_OF_DNA_REPLICATION		110	0.2152361	0.7623993	0.9757576	1.0	1.0	3919	tags=4%, list=11%, signal=4%	
GOBP_REGULATION_OF_LIPID_CATABOLIC_PROCESS	GOBP_REGULATION_OF_LIPID_CATABOLIC_PROCESS		73	0.22814214	0.7622103	0.9470752	1.0	1.0	5291	tags=12%, list=14%, signal=14%	
GOBP_MECHANORECEPTOR_DIFFERENTIATION	GOBP_MECHANORECEPTOR_DIFFERENTIATION		92	0.21976574	0.7619365	0.9740634	1.0	1.0	2072	tags=5%, list=6%, signal=6%	
GOBP_POSITIVE_REGULATION_OF_SPROUTING_ANGIOGENESIS	GOBP_POSITIVE_REGULATION_OF_SPROUTING_ANGIOGENESIS		24	0.28843054	0.7617549	0.858156	1.0	1.0	276	tags=4%, list=1%, signal=4%	
GOBP_REGULATION_OF_EXTRACELLULAR_MATRIX_ORGANIZATION	GOBP_REGULATION_OF_EXTRACELLULAR_MATRIX_ORGANIZATION		66	0.229877	0.7612629	0.9489247	1.0	1.0	11022	tags=20%, list=30%, signal=28%	
GOBP_REGULATION_OF_MUCUS_SECRETION	GOBP_REGULATION_OF_MUCUS_SECRETION		15	0.3125439	0.76054215	0.81860465	1.0	1.0	876	tags=7%, list=2%, signal=7%	
GOBP_UTERUS_DEVELOPMENT	GOBP_UTERUS_DEVELOPMENT		30	0.2694821	0.7605185	0.86634845	1.0	1.0	10602	tags=30%, list=29%, signal=42%	
GOBP_FORELIMB_MORPHOGENESIS	GOBP_FORELIMB_MORPHOGENESIS		44	0.2473573	0.7598828	0.8990148	1.0	1.0	2212	tags=7%, list=6%, signal=7%	
GOBP_RESPONSE_TO_ACIDIC_PH	GOBP_RESPONSE_TO_ACIDIC_PH		27	0.27703556	0.7598143	0.86698335	1.0	1.0	2089	tags=7%, list=6%, signal=8%	
GOBP_MITOTIC_CYTOKINESIS	GOBP_MITOTIC_CYTOKINESIS		93	0.21696909	0.75974995	0.97843665	1.0	1.0	17961	tags=53%, list=49%, signal=102%	
GOBP_TIGHT_JUNCTION_ORGANIZATION	GOBP_TIGHT_JUNCTION_ORGANIZATION		78	0.22504781	0.7596812	0.9688312	1.0	1.0	1756	tags=4%, list=5%, signal=4%	
GOBP_CORTICOSTEROID_HORMONE_SECRETION	GOBP_CORTICOSTEROID_HORMONE_SECRETION		24	0.284598	0.7592029	0.8672769	1.0	1.0	10952	tags=33%, list=30%, signal=47%	
GOBP_REGULATION_OF_CARDIAC_MUSCLE_CELL_PROLIFERATION	GOBP_REGULATION_OF_CARDIAC_MUSCLE_CELL_PROLIFERATION		53	0.2405494	0.75884	0.9114583	1.0	1.0	3300	tags=8%, list=9%, signal=8%	
GOBP_TERMINATION_OF_RNA_POLYMERASE_III_TRANSCRIPTION	GOBP_TERMINATION_OF_RNA_POLYMERASE_III_TRANSCRIPTION		15	0.3212042	0.7585533	0.8232662	1.0	1.0	25086	tags=100%, list=68%, signal=311%	
GOBP_LEUKOTRIENE_METABOLIC_PROCESS	GOBP_LEUKOTRIENE_METABOLIC_PROCESS		30	0.26927105	0.75852716	0.8729412	1.0	1.0	6981	tags=17%, list=19%, signal=21%	
GOBP_RESPONSE_TO_OXIDATIVE_STRESS	GOBP_RESPONSE_TO_OXIDATIVE_STRESS		426	0.18174772	0.75842994	1.0	1.0	1.0	5547	tags=7%, list=15%, signal=8%	
GOBP_CYCLIC_NUCLEOTIDE_METABOLIC_PROCESS	GOBP_CYCLIC_NUCLEOTIDE_METABOLIC_PROCESS		53	0.23996115	0.7584256	0.9271357	1.0	1.0	623	tags=6%, list=2%, signal=6%	
GOBP_CELLULAR_RESPONSE_TO_RADIATION	GOBP_CELLULAR_RESPONSE_TO_RADIATION		179	0.19930936	0.7575559	1.0	1.0	1.0	4145	tags=7%, list=11%, signal=8%	
GOBP_IMPORT_INTO_NUCLEUS	GOBP_IMPORT_INTO_NUCLEUS		198	0.19713032	0.75751674	1.0	1.0	1.0	5615	tags=6%, list=15%, signal=7%	
GOBP_ANDROGEN_METABOLIC_PROCESS	GOBP_ANDROGEN_METABOLIC_PROCESS		30	0.27194163	0.7573894	0.8744186	1.0	1.0	12224	tags=37%, list=33%, signal=55%	
GOBP_AMIDE_METABOLIC_PROCESS	GOBP_AMIDE_METABOLIC_PROCESS		468	0.18055055	0.75732505	1.0	1.0	1.0	10937	tags=21%, list=30%, signal=29%	
GOBP_DENDRITIC_SPINE_DEVELOPMENT	GOBP_DENDRITIC_SPINE_DEVELOPMENT		142	0.20252988	0.7573093	0.9879154	1.0	1.0	10854	tags=19%, list=29%, signal=27%	
GOBP_NEGATIVE_REGULATION_OF_VASCULAR_ASSOCIATED_SMOOTH_MUSCLE_CELL_PROLIFERATION	GOBP_NEGATIVE_REGULATION_OF_VASCULAR_ASSOCIATED_SMOOTH_MUSCLE_CELL_PROLIFERATION		31	0.26592684	0.7568892	0.8568019	1.0	1.0	3228	tags=10%, list=9%, signal=11%	
GOBP_CYTOKINE_MEDIATED_SIGNALING_PATHWAY	GOBP_CYTOKINE_MEDIATED_SIGNALING_PATHWAY		497	0.17957166	0.7566976	1.0	1.0	1.0	10971	tags=20%, list=30%, signal=28%	
GOBP_POSITIVE_REGULATION_OF_PROTEIN_POLYUBIQUITINATION	GOBP_POSITIVE_REGULATION_OF_PROTEIN_POLYUBIQUITINATION		22	0.2861731	0.7566107	0.82286996	1.0	1.0	10269	tags=27%, list=28%, signal=38%	
GOBP_POSITIVE_REGULATION_OF_NEURON_PROJECTION_DEVELOPMENT	GOBP_POSITIVE_REGULATION_OF_NEURON_PROJECTION_DEVELOPMENT		227	0.19185653	0.7562825	1.0	1.0	1.0	4966	tags=7%, list=13%, signal=8%	
GOBP_TRANSCRIPTION_INITIATION_AT_RNA_POLYMERASE_II_PROMOTER	GOBP_TRANSCRIPTION_INITIATION_AT_RNA_POLYMERASE_II_PROMOTER		181	0.19843122	0.7558179	1.0	1.0	1.0	18004	tags=45%, list=49%, signal=87%	
GOBP_NEURON_PROJECTION_EXTENSION	GOBP_NEURON_PROJECTION_EXTENSION		195	0.19655658	0.7554251	0.99312717	1.0	1.0	3739	tags=6%, list=10%, signal=7%	
GOBP_POSITIVE_REGULATION_OF_SMOOTH_MUSCLE_CELL_APOPTOTIC_PROCESS	GOBP_POSITIVE_REGULATION_OF_SMOOTH_MUSCLE_CELL_APOPTOTIC_PROCESS		15	0.3204178	0.7551147	0.82894737	1.0	1.0	1605	tags=7%, list=4%, signal=7%	
GOBP_TOLL_LIKE_RECEPTOR_3_SIGNALING_PATHWAY	GOBP_TOLL_LIKE_RECEPTOR_3_SIGNALING_PATHWAY		30	0.27078235	0.7550771	0.88135594	1.0	1.0	225	tags=3%, list=1%, signal=3%	
GOBP_RESPONSE_TO_INTERFERON_BETA	GOBP_RESPONSE_TO_INTERFERON_BETA		74	0.22705966	0.7546854	0.954416	1.0	1.0	15644	tags=51%, list=42%, signal=89%	
GOBP_NEUROTROPHIN_TRK_RECEPTOR_SIGNALING_PATHWAY	GOBP_NEUROTROPHIN_TRK_RECEPTOR_SIGNALING_PATHWAY		33	0.26095963	0.75415593	0.8785047	1.0	1.0	15868	tags=42%, list=43%, signal=74%	
GOBP_REGULATION_OF_CALCIUM_ION_IMPORT	GOBP_REGULATION_OF_CALCIUM_ION_IMPORT		46	0.24047808	0.75391454	0.9203297	1.0	1.0	7558	tags=20%, list=20%, signal=25%	
GOBP_REGULATION_OF_POSTSYNAPTIC_SPECIALIZATION_ASSEMBLY	GOBP_REGULATION_OF_POSTSYNAPTIC_SPECIALIZATION_ASSEMBLY		29	0.2676071	0.75351536	0.870229	1.0	1.0	9308	tags=24%, list=25%, signal=32%	
GOBP_NEGATIVE_REGULATION_OF_LEUKOCYTE_MIGRATION	GOBP_NEGATIVE_REGULATION_OF_LEUKOCYTE_MIGRATION		47	0.24437782	0.75347465	0.93261456	1.0	1.0	7326	tags=21%, list=20%, signal=27%	
GOBP_SPINDLE_LOCALIZATION	GOBP_SPINDLE_LOCALIZATION		64	0.22859588	0.7533767	0.95212764	1.0	1.0	10863	tags=19%, list=29%, signal=27%	
GOBP_PYRIMIDINE_NUCLEOTIDE_BIOSYNTHETIC_PROCESS	GOBP_PYRIMIDINE_NUCLEOTIDE_BIOSYNTHETIC_PROCESS		30	0.26354995	0.75316364	0.90238094	1.0	1.0	4025	tags=7%, list=11%, signal=7%	
GOBP_PROSTATE_GLAND_DEVELOPMENT	GOBP_PROSTATE_GLAND_DEVELOPMENT		55	0.2345832	0.75310934	0.93193716	1.0	1.0	14258	tags=42%, list=39%, signal=68%	
GOBP_INSULIN_RECEPTOR_SIGNALING_PATHWAY	GOBP_INSULIN_RECEPTOR_SIGNALING_PATHWAY		158	0.20248166	0.75277615	0.99657536	1.0	1.0	10154	tags=16%, list=27%, signal=22%	
GOBP_PROTEOGLYCAN_METABOLIC_PROCESS	GOBP_PROTEOGLYCAN_METABOLIC_PROCESS		100	0.21419637	0.7526837	0.9860335	1.0	1.0	16541	tags=50%, list=45%, signal=90%	
GOBP_CAMERA_TYPE_EYE_MORPHOGENESIS	GOBP_CAMERA_TYPE_EYE_MORPHOGENESIS		149	0.20102195	0.7524221	0.99335545	1.0	1.0	5503	tags=12%, list=15%, signal=14%	
GOBP_REGULATION_OF_ERBB_SIGNALING_PATHWAY	GOBP_REGULATION_OF_ERBB_SIGNALING_PATHWAY		75	0.2195098	0.7523455	0.9614325	1.0	1.0	2086	tags=4%, list=6%, signal=4%	
GOBP_FOREBRAIN_DEVELOPMENT	GOBP_FOREBRAIN_DEVELOPMENT		440	0.18177703	0.7522463	1.0	1.0	1.0	11075	tags=23%, list=30%, signal=32%	
GOBP_TOLERANCE_INDUCTION	GOBP_TOLERANCE_INDUCTION		31	0.26077586	0.75182724	0.8851675	1.0	1.0	7201	tags=19%, list=19%, signal=24%	
GOBP_REGULATION_OF_DNA_BINDING_TRANSCRIPTION_FACTOR_ACTIVITY	GOBP_REGULATION_OF_DNA_BINDING_TRANSCRIPTION_FACTOR_ACTIVITY		242	0.18975253	0.75181687	1.0	1.0	1.0	11162	tags=20%, list=30%, signal=28%	
GOBP_DETECTION_OF_BIOTIC_STIMULUS	GOBP_DETECTION_OF_BIOTIC_STIMULUS		43	0.24744439	0.75163543	0.8992248	1.0	1.0	5132	tags=12%, list=14%, signal=13%	
GOBP_EMBRYONIC_APPENDAGE_MORPHOGENESIS	GOBP_EMBRYONIC_APPENDAGE_MORPHOGENESIS		142	0.20178634	0.7515603	0.9968254	1.0	1.0	5722	tags=11%, list=15%, signal=12%	
GOBP_CARBOHYDRATE_TRANSPORT	GOBP_CARBOHYDRATE_TRANSPORT		147	0.19789256	0.7512223	0.9966887	1.0	1.0	11078	tags=26%, list=30%, signal=37%	
GOBP_TISSUE_MIGRATION	GOBP_TISSUE_MIGRATION		105	0.21250932	0.75094765	0.9697885	1.0	1.0	10470	tags=15%, list=28%, signal=21%	
GOBP_POSITIVE_REGULATION_OF_MYELOID_CELL_DIFFERENTIATION	GOBP_POSITIVE_REGULATION_OF_MYELOID_CELL_DIFFERENTIATION		111	0.20892628	0.7508364	0.99348533	1.0	1.0	1971	tags=5%, list=5%, signal=5%	
GOBP_NLS_BEARING_PROTEIN_IMPORT_INTO_NUCLEUS	GOBP_NLS_BEARING_PROTEIN_IMPORT_INTO_NUCLEUS		17	0.3011504	0.749742	0.8436123	1.0	1.0	17580	tags=71%, list=48%, signal=135%	
GOBP_NUTRIENT_STORAGE	GOBP_NUTRIENT_STORAGE		100	0.21415128	0.7497371	0.98784196	1.0	1.0	4719	tags=10%, list=13%, signal=11%	
GOBP_POSITIVE_REGULATION_OF_ORGANELLE_ASSEMBLY	GOBP_POSITIVE_REGULATION_OF_ORGANELLE_ASSEMBLY		104	0.20830934	0.7496043	0.9809524	1.0	1.0	604	tags=2%, list=2%, signal=2%	
GOBP_RESPONSE_TO_GONADOTROPIN	GOBP_RESPONSE_TO_GONADOTROPIN		33	0.26336083	0.7493811	0.88349515	1.0	1.0	4876	tags=12%, list=13%, signal=14%	
GOBP_POSITIVE_REGULATION_OF_D_GLUCOSE_TRANSMEMBRANE_TRANSPORT	GOBP_POSITIVE_REGULATION_OF_D_GLUCOSE_TRANSMEMBRANE_TRANSPORT		52	0.23662047	0.74936575	0.9289474	1.0	1.0	4299	tags=8%, list=12%, signal=9%	
GOBP_MITOTIC_CELL_CYCLE_CHECKPOINT_SIGNALING	GOBP_MITOTIC_CELL_CYCLE_CHECKPOINT_SIGNALING		142	0.20002994	0.74932903	0.99655175	1.0	1.0	5618	tags=7%, list=15%, signal=8%	
GOBP_REGULATION_OF_VESICLE_FUSION	GOBP_REGULATION_OF_VESICLE_FUSION		47	0.23948725	0.74917215	0.9354839	1.0	1.0	5166	tags=13%, list=14%, signal=15%	
GOBP_MATURATION_OF_5_8S_RRNA	GOBP_MATURATION_OF_5_8S_RRNA		35	0.2521215	0.7488909	0.9070905	1.0	1.0	24568	tags=97%, list=66%, signal=290%	
GOBP_NEGATIVE_REGULATION_OF_SYSTEMIC_ARTERIAL_BLOOD_PRESSURE	GOBP_NEGATIVE_REGULATION_OF_SYSTEMIC_ARTERIAL_BLOOD_PRESSURE		34	0.26061907	0.74855936	0.9066339	1.0	1.0	5502	tags=15%, list=15%, signal=17%	
GOBP_PROTEIN_LOCALIZATION_TO_CELL_SURFACE	GOBP_PROTEIN_LOCALIZATION_TO_CELL_SURFACE		71	0.22449291	0.7478048	0.96755165	1.0	1.0	15317	tags=39%, list=41%, signal=67%	
GOBP_REGULATION_OF_LIPID_BIOSYNTHETIC_PROCESS	GOBP_REGULATION_OF_LIPID_BIOSYNTHETIC_PROCESS		213	0.19344631	0.7477777	1.0	1.0	1.0	11024	tags=23%, list=30%, signal=33%	
GOBP_NEGATIVE_REGULATION_OF_INTERLEUKIN_1_PRODUCTION	GOBP_NEGATIVE_REGULATION_OF_INTERLEUKIN_1_PRODUCTION		39	0.25337046	0.74766374	0.8927681	1.0	1.0	3087	tags=8%, list=8%, signal=8%	
GOBP_REGULATION_OF_CD4_POSITIVE_ALPHA_BETA_T_CELL_DIFFERENTIATION	GOBP_REGULATION_OF_CD4_POSITIVE_ALPHA_BETA_T_CELL_DIFFERENTIATION		61	0.22595184	0.74726963	0.9566396	1.0	1.0	4970	tags=11%, list=13%, signal=13%	
GOBP_PHOSPHOLIPID_METABOLIC_PROCESS	GOBP_PHOSPHOLIPID_METABOLIC_PROCESS		356	0.18482988	0.7470748	1.0	1.0	1.0	11151	tags=19%, list=30%, signal=27%	
GOBP_NEGATIVE_REGULATION_OF_MICROTUBULE_POLYMERIZATION	GOBP_NEGATIVE_REGULATION_OF_MICROTUBULE_POLYMERIZATION		16	0.30697814	0.7468539	0.81136364	1.0	1.0	3276	tags=6%, list=9%, signal=7%	
GOBP_EMBRYONIC_PATTERN_SPECIFICATION	GOBP_EMBRYONIC_PATTERN_SPECIFICATION		82	0.21809596	0.7467989	0.9676471	1.0	1.0	10449	tags=24%, list=28%, signal=34%	
GOBP_MITOCHONDRIAL_TRANSPORT	GOBP_MITOCHONDRIAL_TRANSPORT		91	0.21324617	0.7467733	0.9848024	1.0	1.0	15019	tags=36%, list=41%, signal=61%	
GOBP_NEGATIVE_REGULATION_OF_REACTIVE_OXYGEN_SPECIES_METABOLIC_PROCESS	GOBP_NEGATIVE_REGULATION_OF_REACTIVE_OXYGEN_SPECIES_METABOLIC_PROCESS		47	0.24521163	0.7466429	0.91161615	1.0	1.0	7402	tags=13%, list=20%, signal=16%	
GOBP_CELLULAR_RESPONSE_TO_PH	GOBP_CELLULAR_RESPONSE_TO_PH		30	0.26060265	0.74605876	0.8538283	1.0	1.0	2089	tags=7%, list=6%, signal=7%	
GOBP_POSITIVE_REGULATION_OF_SYNAPSE_ASSEMBLY	GOBP_POSITIVE_REGULATION_OF_SYNAPSE_ASSEMBLY		81	0.21793412	0.7459391	0.9548023	1.0	1.0	10297	tags=32%, list=28%, signal=44%	
GOBP_B_CELL_RECEPTOR_SIGNALING_PATHWAY	GOBP_B_CELL_RECEPTOR_SIGNALING_PATHWAY		58	0.22765082	0.74558455	0.9402174	1.0	1.0	10059	tags=19%, list=27%, signal=26%	
GOBP_REGULATION_OF_HYDROGEN_PEROXIDE_METABOLIC_PROCESS	GOBP_REGULATION_OF_HYDROGEN_PEROXIDE_METABOLIC_PROCESS		18	0.3042174	0.74535483	0.80930233	1.0	1.0	7226	tags=22%, list=20%, signal=28%	
GOBP_REGULATION_OF_MORPHOGENESIS_OF_AN_EPITHELIUM	GOBP_REGULATION_OF_MORPHOGENESIS_OF_AN_EPITHELIUM		74	0.22467512	0.74533767	0.9544304	1.0	1.0	10602	tags=26%, list=29%, signal=36%	
GOBP_REGULATION_OF_MITOCHONDRIAL_MEMBRANE_PERMEABILITY_INVOLVED_IN_APOPTOTIC_PROCESS	GOBP_REGULATION_OF_MITOCHONDRIAL_MEMBRANE_PERMEABILITY_INVOLVED_IN_APOPTOTIC_PROCESS		41	0.24884222	0.7450759	0.93029493	1.0	1.0	8549	tags=12%, list=23%, signal=16%	
GOBP_PROTEIN_DEACETYLATION	GOBP_PROTEIN_DEACETYLATION		38	0.24913864	0.744936	0.8956311	1.0	1.0	23262	tags=95%, list=63%, signal=255%	
GOBP_MITOCHONDRIAL_TRANSCRIPTION	GOBP_MITOCHONDRIAL_TRANSCRIPTION		21	0.28240696	0.744268	0.8577878	1.0	1.0	5586	tags=10%, list=15%, signal=11%	
GOBP_NEGATIVE_REGULATION_OF_POST_TRANSCRIPTIONAL_GENE_SILENCING	GOBP_NEGATIVE_REGULATION_OF_POST_TRANSCRIPTIONAL_GENE_SILENCING		19	0.2904695	0.7442512	0.8456057	1.0	1.0	13806	tags=47%, list=37%, signal=76%	
GOBP_EXOCRINE_SYSTEM_DEVELOPMENT	GOBP_EXOCRINE_SYSTEM_DEVELOPMENT		59	0.22991027	0.7439976	0.95039165	1.0	1.0	10891	tags=25%, list=29%, signal=36%	
GOBP_VASCULAR_ASSOCIATED_SMOOTH_MUSCLE_CONTRACTION	GOBP_VASCULAR_ASSOCIATED_SMOOTH_MUSCLE_CONTRACTION		30	0.2634014	0.7436427	0.87857145	1.0	1.0	10551	tags=33%, list=29%, signal=47%	
GOBP_REGULATION_OF_CORTICOSTEROID_HORMONE_SECRETION	GOBP_REGULATION_OF_CORTICOSTEROID_HORMONE_SECRETION		19	0.28605106	0.7432719	0.8561798	1.0	1.0	10952	tags=37%, list=30%, signal=52%	
GOBP_MATERNAL_PLACENTA_DEVELOPMENT	GOBP_MATERNAL_PLACENTA_DEVELOPMENT		42	0.24385838	0.7431134	0.9325301	1.0	1.0	64	tags=2%, list=0%, signal=2%	
GOBP_NEGATIVE_REGULATION_OF_ANDROGEN_RECEPTOR_SIGNALING_PATHWAY	GOBP_NEGATIVE_REGULATION_OF_ANDROGEN_RECEPTOR_SIGNALING_PATHWAY		17	0.30655256	0.7430969	0.8366446	1.0	1.0	14231	tags=41%, list=39%, signal=67%	
GOBP_NEUTRAL_AMINO_ACID_TRANSPORT	GOBP_NEUTRAL_AMINO_ACID_TRANSPORT		55	0.2289374	0.74281275	0.93654823	1.0	1.0	4999	tags=11%, list=14%, signal=13%	
GOBP_POSITIVE_REGULATION_OF_SMOOTHENED_SIGNALING_PATHWAY	GOBP_POSITIVE_REGULATION_OF_SMOOTHENED_SIGNALING_PATHWAY		43	0.23912847	0.74258924	0.9352332	1.0	1.0	16444	tags=58%, list=45%, signal=105%	
GOBP_TORC2_SIGNALING	GOBP_TORC2_SIGNALING		24	0.2722864	0.74231017	0.8867925	1.0	1.0	16314	tags=46%, list=44%, signal=82%	
GOBP_CYCLIC_NUCLEOTIDE_BIOSYNTHETIC_PROCESS	GOBP_CYCLIC_NUCLEOTIDE_BIOSYNTHETIC_PROCESS		31	0.2628052	0.7421711	0.8801956	1.0	1.0	623	tags=6%, list=2%, signal=7%	
GOBP_REGULATION_OF_PROTEIN_MATURATION	GOBP_REGULATION_OF_PROTEIN_MATURATION		62	0.22727212	0.7420569	0.9516129	1.0	1.0	1480	tags=5%, list=4%, signal=5%	
GOBP_T_CELL_SELECTION	GOBP_T_CELL_SELECTION		63	0.2260968	0.74196476	0.96419436	1.0	1.0	3535	tags=8%, list=10%, signal=9%	
GOBP_NEGATIVE_REGULATION_OF_STRIATED_MUSCLE_CELL_DIFFERENTIATION	GOBP_NEGATIVE_REGULATION_OF_STRIATED_MUSCLE_CELL_DIFFERENTIATION		43	0.24094775	0.7418509	0.9263158	1.0	1.0	9381	tags=19%, list=25%, signal=25%	
GOBP_HORMONE_MEDIATED_SIGNALING_PATHWAY	GOBP_HORMONE_MEDIATED_SIGNALING_PATHWAY		206	0.19040166	0.7411894	1.0	1.0	1.0	2086	tags=4%, list=6%, signal=4%	
GOBP_POSITIVE_REGULATION_OF_PATTERN_RECOGNITION_RECEPTOR_SIGNALING_PATHWAY	GOBP_POSITIVE_REGULATION_OF_PATTERN_RECOGNITION_RECEPTOR_SIGNALING_PATHWAY		94	0.20888685	0.74109	0.98575497	1.0	1.0	10561	tags=16%, list=29%, signal=22%	
GOBP_UROGENITAL_SYSTEM_DEVELOPMENT	GOBP_UROGENITAL_SYSTEM_DEVELOPMENT		71	0.22050837	0.74100333	0.968	1.0	1.0	14258	tags=39%, list=39%, signal=64%	
GOBP_REGULATION_OF_PROTEIN_CONTAINING_COMPLEX_DISASSEMBLY	GOBP_REGULATION_OF_PROTEIN_CONTAINING_COMPLEX_DISASSEMBLY		142	0.20228384	0.73957276	0.99050635	1.0	1.0	5622	tags=8%, list=15%, signal=9%	
GOBP_AUTOPHAGOSOME_MATURATION	GOBP_AUTOPHAGOSOME_MATURATION		65	0.22330247	0.73949397	0.9485861	1.0	1.0	25114	tags=95%, list=68%, signal=297%	
GOBP_BIOLOGICAL_PROCESS_INVOLVED_IN_SYMBIOTIC_INTERACTION	GOBP_BIOLOGICAL_PROCESS_INVOLVED_IN_SYMBIOTIC_INTERACTION		184	0.19453797	0.7391748	0.99674267	1.0	1.0	5692	tags=9%, list=15%, signal=11%	
GOBP_POSITIVE_REGULATION_OF_PROTEIN_CONTAINING_COMPLEX_ASSEMBLY	GOBP_POSITIVE_REGULATION_OF_PROTEIN_CONTAINING_COMPLEX_ASSEMBLY		221	0.18985614	0.73865014	1.0	1.0	1.0	4931	tags=5%, list=13%, signal=6%	
GOBP_POSITIVE_REGULATION_OF_AXONOGENESIS	GOBP_POSITIVE_REGULATION_OF_AXONOGENESIS		95	0.2118502	0.7386324	0.9744409	1.0	1.0	11127	tags=21%, list=30%, signal=30%	
GOBP_PHOSPHOLIPID_HOMEOSTASIS	GOBP_PHOSPHOLIPID_HOMEOSTASIS		18	0.2982891	0.73837525	0.83294666	1.0	1.0	16033	tags=50%, list=43%, signal=88%	
GOBP_DOLICHOL_LINKED_OLIGOSACCHARIDE_BIOSYNTHETIC_PROCESS	GOBP_DOLICHOL_LINKED_OLIGOSACCHARIDE_BIOSYNTHETIC_PROCESS		19	0.29739437	0.7383162	0.8741419	1.0	1.0	18498	tags=79%, list=50%, signal=158%	
GOBP_INTRACELLULAR_ZINC_ION_HOMEOSTASIS	GOBP_INTRACELLULAR_ZINC_ION_HOMEOSTASIS		31	0.25466704	0.7381582	0.93166286	1.0	1.0	11006	tags=29%, list=30%, signal=41%	
GOBP_NEGATIVE_REGULATION_OF_PROTEOLYSIS_INVOLVED_IN_PROTEIN_CATABOLIC_PROCESS	GOBP_NEGATIVE_REGULATION_OF_PROTEOLYSIS_INVOLVED_IN_PROTEIN_CATABOLIC_PROCESS		87	0.21211594	0.73808146	0.97376096	1.0	1.0	4004	tags=5%, list=11%, signal=5%	
GOBP_TRANSLATIONAL_INITIATION	GOBP_TRANSLATIONAL_INITIATION		156	0.19778417	0.73792684	1.0	1.0	1.0	2832	tags=2%, list=8%, signal=2%	
GOBP_REGULATION_OF_VIRAL_PROCESS	GOBP_REGULATION_OF_VIRAL_PROCESS		144	0.19918008	0.7377751	0.99	1.0	1.0	1387	tags=3%, list=4%, signal=3%	
GOBP_B_CELL_ACTIVATION	GOBP_B_CELL_ACTIVATION		278	0.18898326	0.7375986	1.0	1.0	1.0	10943	tags=19%, list=30%, signal=27%	
GOBP_DNA_TEMPLATED_TRANSCRIPTION_INITIATION	GOBP_DNA_TEMPLATED_TRANSCRIPTION_INITIATION		232	0.18775393	0.7375279	0.99601597	1.0	1.0	18091	tags=45%, list=49%, signal=88%	
GOBP_RECEPTOR_MEDIATED_ENDOCYTOSIS	GOBP_RECEPTOR_MEDIATED_ENDOCYTOSIS		284	0.18456747	0.73711944	1.0	1.0	1.0	5502	tags=8%, list=15%, signal=10%	
GOBP_REGULATION_OF_MICROTUBULE_DEPOLYMERIZATION	GOBP_REGULATION_OF_MICROTUBULE_DEPOLYMERIZATION		43	0.24261077	0.7366896	0.9359606	1.0	1.0	6910	tags=12%, list=19%, signal=14%	
GOBP_MACROMOLECULE_METHYLATION	GOBP_MACROMOLECULE_METHYLATION		123	0.20095457	0.7365618	0.9904762	1.0	1.0	16826	tags=46%, list=46%, signal=85%	
GOBP_POSITIVE_REGULATION_OF_MESENCHYMAL_CELL_PROLIFERATION	GOBP_POSITIVE_REGULATION_OF_MESENCHYMAL_CELL_PROLIFERATION		36	0.24700859	0.7365313	0.8960396	1.0	1.0	15955	tags=56%, list=43%, signal=98%	
GOBP_REGULATION_OF_TRANSMISSION_OF_NERVE_IMPULSE	GOBP_REGULATION_OF_TRANSMISSION_OF_NERVE_IMPULSE		22	0.28251842	0.73567945	0.8770686	1.0	1.0	4089	tags=18%, list=11%, signal=20%	
GOBP_MAINTENANCE_OF_CELL_NUMBER	GOBP_MAINTENANCE_OF_CELL_NUMBER		215	0.18841779	0.7356042	1.0	1.0	1.0	16575	tags=46%, list=45%, signal=82%	
GOBP_PROTEIN_CONTAINING_COMPLEX_DISASSEMBLY	GOBP_PROTEIN_CONTAINING_COMPLEX_DISASSEMBLY		272	0.18519	0.7355023	1.0	1.0	1.0	5622	tags=7%, list=15%, signal=9%	
GOBP_REGULATION_OF_WNT_SIGNALING_PATHWAY	GOBP_REGULATION_OF_WNT_SIGNALING_PATHWAY		334	0.18049401	0.7354495	1.0	1.0	1.0	11186	tags=21%, list=30%, signal=30%	
GOBP_PROSTAGLANDIN_TRANSPORT	GOBP_PROSTAGLANDIN_TRANSPORT		31	0.26151884	0.7354232	0.93453723	1.0	1.0	7580	tags=23%, list=21%, signal=28%	
GOBP_CHROMOSOME_SEGREGATION	GOBP_CHROMOSOME_SEGREGATION		436	0.1771003	0.73533636	1.0	1.0	1.0	10198	tags=15%, list=28%, signal=21%	
GOBP_TRNA_PROCESSING	GOBP_TRNA_PROCESSING		134	0.20107535	0.7352627	0.993994	1.0	1.0	29547	tags=100%, list=80%, signal=497%	
GOBP_CD4_POSITIVE_ALPHA_BETA_T_CELL_ACTIVATION	GOBP_CD4_POSITIVE_ALPHA_BETA_T_CELL_ACTIVATION		131	0.20290263	0.7350928	1.0	1.0	1.0	4970	tags=11%, list=13%, signal=12%	
GOBP_POSITIVE_REGULATION_OF_CALCIUM_ION_IMPORT	GOBP_POSITIVE_REGULATION_OF_CALCIUM_ION_IMPORT		28	0.2632917	0.73489076	0.89767444	1.0	1.0	7558	tags=25%, list=20%, signal=31%	
GOBP_GLYCOSPHINGOLIPID_BIOSYNTHETIC_PROCESS	GOBP_GLYCOSPHINGOLIPID_BIOSYNTHETIC_PROCESS		34	0.25145376	0.73478	0.9236111	1.0	1.0	4879	tags=12%, list=13%, signal=14%	
GOBP_FATTY_ACID_HOMEOSTASIS	GOBP_FATTY_ACID_HOMEOSTASIS		16	0.30030298	0.73376256	0.87276787	1.0	1.0	10647	tags=25%, list=29%, signal=35%	
GOBP_SCHWANN_CELL_DIFFERENTIATION	GOBP_SCHWANN_CELL_DIFFERENTIATION		53	0.23572649	0.73375446	0.9543147	1.0	1.0	10146	tags=17%, list=27%, signal=23%	
GOBP_CELL_CHEMOTAXIS	GOBP_CELL_CHEMOTAXIS		301	0.18405013	0.73360246	1.0	1.0	1.0	7430	tags=13%, list=20%, signal=16%	
GOBP_GLYCEROPHOSPHOLIPID_METABOLIC_PROCESS	GOBP_GLYCEROPHOSPHOLIPID_METABOLIC_PROCESS		276	0.18537337	0.7329311	1.0	1.0	1.0	15367	tags=35%, list=42%, signal=59%	
GOBP_POSITIVE_REGULATION_OF_MYELINATION	GOBP_POSITIVE_REGULATION_OF_MYELINATION		26	0.26681432	0.73287785	0.8958333	1.0	1.0	1887	tags=8%, list=5%, signal=8%	
GOBP_REGULATION_OF_GRANULOCYTE_DIFFERENTIATION	GOBP_REGULATION_OF_GRANULOCYTE_DIFFERENTIATION		18	0.28715476	0.7319439	0.8741259	1.0	1.0	600	tags=6%, list=2%, signal=6%	
GOBP_REGULATION_OF_PLASMINOGEN_ACTIVATION	GOBP_REGULATION_OF_PLASMINOGEN_ACTIVATION		16	0.29815567	0.7317067	0.872093	1.0	1.0	9292	tags=25%, list=25%, signal=33%	
GOBP_IRON_ION_TRANSMEMBRANE_TRANSPORT	GOBP_IRON_ION_TRANSMEMBRANE_TRANSPORT		28	0.25863916	0.7317016	0.89099526	1.0	1.0	10734	tags=36%, list=29%, signal=50%	
GOBP_REGULATION_OF_BODY_FLUID_LEVELS	GOBP_REGULATION_OF_BODY_FLUID_LEVELS		377	0.17956519	0.73145777	1.0	1.0	1.0	11258	tags=26%, list=30%, signal=37%	
GOBP_CELLULAR_EXTRAVASATION	GOBP_CELLULAR_EXTRAVASATION		73	0.2169269	0.7312221	0.9701897	1.0	1.0	10300	tags=19%, list=28%, signal=27%	
GOBP_REGULATION_OF_OXIDATIVE_PHOSPHORYLATION	GOBP_REGULATION_OF_OXIDATIVE_PHOSPHORYLATION		26	0.26917312	0.73035175	0.9004525	1.0	1.0	15219	tags=38%, list=41%, signal=65%	
GOBP_POSITIVE_REGULATION_OF_MYELOID_LEUKOCYTE_DIFFERENTIATION	GOBP_POSITIVE_REGULATION_OF_MYELOID_LEUKOCYTE_DIFFERENTIATION		70	0.21565571	0.7298333	0.96348315	1.0	1.0	1971	tags=6%, list=5%, signal=6%	
GOBP_CEREBELLAR_CORTEX_MORPHOGENESIS	GOBP_CEREBELLAR_CORTEX_MORPHOGENESIS		47	0.22883105	0.72958565	0.95595855	1.0	1.0	4608	tags=11%, list=12%, signal=12%	
GOBP_VESICLE_TRANSPORT_ALONG_MICROTUBULE	GOBP_VESICLE_TRANSPORT_ALONG_MICROTUBULE		51	0.2353827	0.7293323	0.93915343	1.0	1.0	2716	tags=4%, list=7%, signal=4%	
GOBP_REGULATION_OF_MULTICELLULAR_ORGANISM_GROWTH	GOBP_REGULATION_OF_MULTICELLULAR_ORGANISM_GROWTH		82	0.21411994	0.7293045	0.98502994	1.0	1.0	10618	tags=22%, list=29%, signal=31%	
GOBP_NEURON_PROJECTION_EXTENSION_INVOLVED_IN_NEURON_PROJECTION_GUIDANCE	GOBP_NEURON_PROJECTION_EXTENSION_INVOLVED_IN_NEURON_PROJECTION_GUIDANCE		21	0.2810666	0.7292846	0.87259614	1.0	1.0	16874	tags=57%, list=46%, signal=105%	
GOBP_HORMONE_BIOSYNTHETIC_PROCESS	GOBP_HORMONE_BIOSYNTHETIC_PROCESS		69	0.217687	0.7291238	0.96791446	1.0	1.0	7419	tags=14%, list=20%, signal=18%	
GOBP_TYPE_B_PANCREATIC_CELL_DIFFERENTIATION	GOBP_TYPE_B_PANCREATIC_CELL_DIFFERENTIATION		27	0.26993284	0.7290795	0.90702945	1.0	1.0	5727	tags=15%, list=15%, signal=18%	
GOBP_FIBROBLAST_GROWTH_FACTOR_RECEPTOR_SIGNALING_PATHWAY	GOBP_FIBROBLAST_GROWTH_FACTOR_RECEPTOR_SIGNALING_PATHWAY		79	0.21400629	0.7287916	0.9799427	1.0	1.0	11957	tags=29%, list=32%, signal=43%	
GOBP_REGULATION_OF_STEM_CELL_POPULATION_MAINTENANCE	GOBP_REGULATION_OF_STEM_CELL_POPULATION_MAINTENANCE		77	0.21602681	0.72875905	0.97126436	1.0	1.0	17564	tags=55%, list=48%, signal=104%	
GOBP_EPITHELIAL_TUBE_MORPHOGENESIS	GOBP_EPITHELIAL_TUBE_MORPHOGENESIS		396	0.1765592	0.7287274	1.0	1.0	1.0	11127	tags=22%, list=30%, signal=31%	
GOBP_PHYSIOLOGICAL_CARDIAC_MUSCLE_HYPERTROPHY	GOBP_PHYSIOLOGICAL_CARDIAC_MUSCLE_HYPERTROPHY		49	0.2330313	0.72854275	0.94871795	1.0	1.0	3560	tags=8%, list=10%, signal=9%	
GOBP_LIPID_TRANSLOCATION	GOBP_LIPID_TRANSLOCATION		62	0.22553715	0.7282437	0.9641873	1.0	1.0	1743	tags=5%, list=5%, signal=5%	
GOBP_FOREBRAIN_NEURON_DEVELOPMENT	GOBP_FOREBRAIN_NEURON_DEVELOPMENT		39	0.24016903	0.7270034	0.921519	1.0	1.0	5435	tags=15%, list=15%, signal=18%	
GOBP_MITOCHONDRIAL_OUTER_MEMBRANE_PERMEABILIZATION	GOBP_MITOCHONDRIAL_OUTER_MEMBRANE_PERMEABILIZATION		30	0.2580026	0.72688043	0.92743766	1.0	1.0	8549	tags=13%, list=23%, signal=17%	
GOBP_POSITIVE_REGULATION_OF_STRESS_ACTIVATED_PROTEIN_KINASE_SIGNALING_CASCADE	GOBP_POSITIVE_REGULATION_OF_STRESS_ACTIVATED_PROTEIN_KINASE_SIGNALING_CASCADE		25	0.27078465	0.7266193	0.8891509	1.0	1.0	225	tags=4%, list=1%, signal=4%	
GOBP_REGULATION_OF_LEUKOCYTE_MIGRATION	GOBP_REGULATION_OF_LEUKOCYTE_MIGRATION		229	0.18640377	0.7262982	1.0	1.0	1.0	5422	tags=10%, list=15%, signal=12%	
GOBP_CELLULAR_RESPONSE_TO_VIRUS	GOBP_CELLULAR_RESPONSE_TO_VIRUS		51	0.22981672	0.7261052	0.96363634	1.0	1.0	4611	tags=6%, list=12%, signal=7%	
GOBP_POSITIVE_REGULATION_OF_PROTEIN_LOCALIZATION_TO_CELL_SURFACE	GOBP_POSITIVE_REGULATION_OF_PROTEIN_LOCALIZATION_TO_CELL_SURFACE		24	0.26700455	0.7259621	0.8986175	1.0	1.0	13651	tags=38%, list=37%, signal=59%	
GOBP_POSITIVE_REGULATION_OF_NEUROBLAST_PROLIFERATION	GOBP_POSITIVE_REGULATION_OF_NEUROBLAST_PROLIFERATION		25	0.26290318	0.72559035	0.891954	1.0	1.0	2010	tags=8%, list=5%, signal=8%	
GOBP_CELLULAR_RESPONSE_TO_OXIDATIVE_STRESS	GOBP_CELLULAR_RESPONSE_TO_OXIDATIVE_STRESS		257	0.18219274	0.7255713	1.0	1.0	1.0	4642	tags=6%, list=13%, signal=7%	
GOBP_RESPONSE_TO_MOLECULE_OF_BACTERIAL_ORIGIN	GOBP_RESPONSE_TO_MOLECULE_OF_BACTERIAL_ORIGIN		373	0.1805384	0.72541267	1.0	1.0	1.0	9975	tags=19%, list=27%, signal=26%	
GOBP_POSITIVE_REGULATION_OF_STEM_CELL_POPULATION_MAINTENANCE	GOBP_POSITIVE_REGULATION_OF_STEM_CELL_POPULATION_MAINTENANCE		52	0.23072419	0.72478914	0.945	1.0	1.0	15586	tags=42%, list=42%, signal=73%	
GOBP_LUNG_MORPHOGENESIS	GOBP_LUNG_MORPHOGENESIS		75	0.21470203	0.72464985	0.97965115	1.0	1.0	14333	tags=40%, list=39%, signal=65%	
GOBP_CELLULAR_RESPONSE_TO_OSMOTIC_STRESS	GOBP_CELLULAR_RESPONSE_TO_OSMOTIC_STRESS		66	0.2220434	0.7243709	0.9719888	1.0	1.0	4743	tags=8%, list=13%, signal=9%	
GOBP_GLYCEROLIPID_BIOSYNTHETIC_PROCESS	GOBP_GLYCEROLIPID_BIOSYNTHETIC_PROCESS		219	0.1878797	0.7238764	1.0	1.0	1.0	11024	tags=20%, list=30%, signal=28%	
GOBP_KIDNEY_MESENCHYME_DEVELOPMENT	GOBP_KIDNEY_MESENCHYME_DEVELOPMENT		15	0.30694163	0.7238344	0.8552916	1.0	1.0	675	tags=7%, list=2%, signal=7%	
GOBP_POSITIVE_REGULATION_OF_CELL_CYCLE_PHASE_TRANSITION	GOBP_POSITIVE_REGULATION_OF_CELL_CYCLE_PHASE_TRANSITION		114	0.20038895	0.7236127	0.99715906	1.0	1.0	3919	tags=4%, list=11%, signal=5%	
GOBP_GLYCINE_TRANSPORT	GOBP_GLYCINE_TRANSPORT		16	0.29432833	0.72354656	0.8497854	1.0	1.0	4999	tags=25%, list=14%, signal=29%	
GOBP_REGULATION_OF_VASCULATURE_DEVELOPMENT	GOBP_REGULATION_OF_VASCULATURE_DEVELOPMENT		313	0.17931333	0.72347575	1.0	1.0	1.0	5502	tags=8%, list=15%, signal=10%	
GOBP_NEGATIVE_REGULATION_OF_LEUKOCYTE_APOPTOTIC_PROCESS	GOBP_NEGATIVE_REGULATION_OF_LEUKOCYTE_APOPTOTIC_PROCESS		54	0.22708465	0.7234038	0.9586563	1.0	1.0	4029	tags=9%, list=11%, signal=10%	
GOBP_REGULATION_OF_VASOCONSTRICTION	GOBP_REGULATION_OF_VASOCONSTRICTION		89	0.2093882	0.72318774	0.9946524	1.0	1.0	6868	tags=15%, list=19%, signal=18%	
GOBP_POSITIVE_REGULATION_OF_EPITHELIAL_CELL_MIGRATION	GOBP_POSITIVE_REGULATION_OF_EPITHELIAL_CELL_MIGRATION		53	0.23036754	0.72254753	0.9561856	1.0	1.0	10882	tags=19%, list=29%, signal=27%	
GOBP_DOPAMINE_METABOLIC_PROCESS	GOBP_DOPAMINE_METABOLIC_PROCESS		44	0.23497128	0.72251356	0.9517766	1.0	1.0	14566	tags=55%, list=39%, signal=90%	
GOBP_LEUKOCYTE_DEGRANULATION	GOBP_LEUKOCYTE_DEGRANULATION		84	0.20956884	0.72247887	0.9876923	1.0	1.0	11162	tags=21%, list=30%, signal=31%	
GOBP_INTEGRIN_MEDIATED_SIGNALING_PATHWAY	GOBP_INTEGRIN_MEDIATED_SIGNALING_PATHWAY		109	0.20218718	0.72224236	0.99408287	1.0	1.0	11022	tags=22%, list=30%, signal=31%	
GOBP_PROTEIN_TRIMERIZATION	GOBP_PROTEIN_TRIMERIZATION		17	0.2925491	0.7219435	0.8685969	1.0	1.0	10816	tags=29%, list=29%, signal=42%	
GOBP_GLYCOSYLCERAMIDE_METABOLIC_PROCESS	GOBP_GLYCOSYLCERAMIDE_METABOLIC_PROCESS		16	0.29926556	0.7218468	0.8693694	1.0	1.0	9161	tags=19%, list=25%, signal=25%	
GOBP_REGULATION_OF_PROTEIN_CONTAINING_COMPLEX_ASSEMBLY	GOBP_REGULATION_OF_PROTEIN_CONTAINING_COMPLEX_ASSEMBLY		449	0.17624761	0.72102076	1.0	1.0	1.0	15955	tags=34%, list=43%, signal=59%	
GOBP_GENITALIA_DEVELOPMENT	GOBP_GENITALIA_DEVELOPMENT		48	0.23161301	0.720919	0.9478908	1.0	1.0	10474	tags=27%, list=28%, signal=38%	
GOBP_ANATOMICAL_STRUCTURE_ARRANGEMENT	GOBP_ANATOMICAL_STRUCTURE_ARRANGEMENT		21	0.27862152	0.720542	0.8634259	1.0	1.0	10709	tags=33%, list=29%, signal=47%	
GOBP_REGULATION_OF_ENDOCYTOSIS	GOBP_REGULATION_OF_ENDOCYTOSIS		350	0.17642263	0.72032344	1.0	1.0	1.0	5613	tags=8%, list=15%, signal=9%	
GOBP_INSULIN_SECRETION_INVOLVED_IN_CELLULAR_RESPONSE_TO_GLUCOSE_STIMULUS	GOBP_INSULIN_SECRETION_INVOLVED_IN_CELLULAR_RESPONSE_TO_GLUCOSE_STIMULUS		112	0.19918452	0.7203131	1.0	1.0	1.0	2120	tags=5%, list=6%, signal=6%	
GOBP_CEREBELLAR_PURKINJE_CELL_LAYER_FORMATION	GOBP_CEREBELLAR_PURKINJE_CELL_LAYER_FORMATION		18	0.2832199	0.72004807	0.8666667	1.0	1.0	9428	tags=22%, list=26%, signal=30%	
GOBP_RNA_POLYMERASE_II_PREINITIATION_COMPLEX_ASSEMBLY	GOBP_RNA_POLYMERASE_II_PREINITIATION_COMPLEX_ASSEMBLY		60	0.21897343	0.7198299	0.95721924	1.0	1.0	25108	tags=97%, list=68%, signal=301%	
GOBP_NUCLEUS_LOCALIZATION	GOBP_NUCLEUS_LOCALIZATION		43	0.23425554	0.71981376	0.9522613	1.0	1.0	3532	tags=5%, list=10%, signal=5%	
GOBP_ORGANELLE_TRANSPORT_ALONG_MICROTUBULE	GOBP_ORGANELLE_TRANSPORT_ALONG_MICROTUBULE		95	0.20411831	0.7196872	0.9943182	1.0	1.0	4515	tags=5%, list=12%, signal=6%	
GOBP_REGULATION_OF_INFLAMMATORY_RESPONSE	GOBP_REGULATION_OF_INFLAMMATORY_RESPONSE		395	0.17485058	0.7192342	1.0	1.0	1.0	7201	tags=13%, list=19%, signal=16%	
GOBP_NEGATIVE_REGULATION_OF_PROTEIN_POLYMERIZATION	GOBP_NEGATIVE_REGULATION_OF_PROTEIN_POLYMERIZATION		79	0.2128864	0.7189294	0.97692305	1.0	1.0	15947	tags=37%, list=43%, signal=64%	
GOBP_POSITIVE_REGULATION_OF_CELL_CYCLE	GOBP_POSITIVE_REGULATION_OF_CELL_CYCLE		344	0.17724226	0.7185063	1.0	1.0	1.0	11017	tags=17%, list=30%, signal=24%	
GOBP_GLUTAMATE_RECEPTOR_CLUSTERING	GOBP_GLUTAMATE_RECEPTOR_CLUSTERING		19	0.28436643	0.71821195	0.8645598	1.0	1.0	3412	tags=11%, list=9%, signal=12%	
GOBP_REGULATION_OF_LEUKOCYTE_DIFFERENTIATION	GOBP_REGULATION_OF_LEUKOCYTE_DIFFERENTIATION		341	0.1763056	0.7180455	1.0	1.0	1.0	5723	tags=9%, list=15%, signal=10%	
GOBP_DIENCEPHALON_DEVELOPMENT	GOBP_DIENCEPHALON_DEVELOPMENT		75	0.21191268	0.7179441	0.99135447	1.0	1.0	6551	tags=16%, list=18%, signal=19%	
GOBP_NEGATIVE_REGULATION_OF_CARDIAC_MUSCLE_TISSUE_GROWTH	GOBP_NEGATIVE_REGULATION_OF_CARDIAC_MUSCLE_TISSUE_GROWTH		31	0.25618732	0.71787393	0.9047619	1.0	1.0	723	tags=3%, list=2%, signal=3%	
GOBP_NEGATIVE_REGULATION_OF_PROTEIN_CONTAINING_COMPLEX_ASSEMBLY	GOBP_NEGATIVE_REGULATION_OF_PROTEIN_CONTAINING_COMPLEX_ASSEMBLY		159	0.1900709	0.717792	1.0	1.0	1.0	15947	tags=38%, list=43%, signal=67%	
GOBP_MESENCHYMAL_CELL_PROLIFERATION	GOBP_MESENCHYMAL_CELL_PROLIFERATION		57	0.22340581	0.7175156	0.9592875	1.0	1.0	10628	tags=28%, list=29%, signal=39%	
GOBP_TUBE_FORMATION	GOBP_TUBE_FORMATION		176	0.19098301	0.71749866	1.0	1.0	1.0	16837	tags=49%, list=46%, signal=90%	
GOBP_ESTABLISHMENT_OF_BLOOD_BRAIN_BARRIER	GOBP_ESTABLISHMENT_OF_BLOOD_BRAIN_BARRIER		19	0.28774446	0.7174773	0.87871855	1.0	1.0	10142	tags=26%, list=27%, signal=36%	
GOBP_BODY_MORPHOGENESIS	GOBP_BODY_MORPHOGENESIS		59	0.22231793	0.71726316	0.97866666	1.0	1.0	16664	tags=47%, list=45%, signal=86%	
GOBP_ENDOPLASMIC_RETICULUM_CALCIUM_ION_HOMEOSTASIS	GOBP_ENDOPLASMIC_RETICULUM_CALCIUM_ION_HOMEOSTASIS		29	0.2549047	0.716849	0.9128329	1.0	1.0	5633	tags=7%, list=15%, signal=8%	
GOBP_CELL_ADHESION_MEDIATED_BY_INTEGRIN	GOBP_CELL_ADHESION_MEDIATED_BY_INTEGRIN		78	0.21327962	0.716676	0.9845679	1.0	1.0	9730	tags=21%, list=26%, signal=28%	
GOBP_INTERLEUKIN_2_PRODUCTION	GOBP_INTERLEUKIN_2_PRODUCTION		66	0.21727222	0.71666664	0.98333335	1.0	1.0	7201	tags=14%, list=19%, signal=17%	
GOBP_NEGATIVE_REGULATION_OF_MICROTUBULE_POLYMERIZATION_OR_DEPOLYMERIZATION	GOBP_NEGATIVE_REGULATION_OF_MICROTUBULE_POLYMERIZATION_OR_DEPOLYMERIZATION		52	0.22565004	0.71664524	0.965	1.0	1.0	9776	tags=15%, list=26%, signal=21%	
GOBP_VENTRICULAR_TRABECULA_MYOCARDIUM_MORPHOGENESIS	GOBP_VENTRICULAR_TRABECULA_MYOCARDIUM_MORPHOGENESIS		16	0.29565617	0.71630317	0.8464912	1.0	1.0	16097	tags=63%, list=44%, signal=111%	
GOBP_LIPOPOLYSACCHARIDE_MEDIATED_SIGNALING_PATHWAY	GOBP_LIPOPOLYSACCHARIDE_MEDIATED_SIGNALING_PATHWAY		67	0.21513192	0.7158828	0.989011	1.0	1.0	396	tags=3%, list=1%, signal=3%	
GOBP_NEGATIVE_REGULATION_OF_KINASE_ACTIVITY	GOBP_NEGATIVE_REGULATION_OF_KINASE_ACTIVITY		135	0.1957061	0.7152321	0.99705017	1.0	1.0	1962	tags=3%, list=5%, signal=3%	
GOBP_CELLULAR_RESPONSE_TO_VASCULAR_ENDOTHELIAL_GROWTH_FACTOR_STIMULUS	GOBP_CELLULAR_RESPONSE_TO_VASCULAR_ENDOTHELIAL_GROWTH_FACTOR_STIMULUS		67	0.21628201	0.715165	0.9836066	1.0	1.0	10096	tags=15%, list=27%, signal=20%	
GOBP_RESPONSE_TO_INTERLEUKIN_6	GOBP_RESPONSE_TO_INTERLEUKIN_6		43	0.23193325	0.7150612	0.94285715	1.0	1.0	8825	tags=21%, list=24%, signal=27%	
GOBP_NADH_DEHYDROGENASE_COMPLEX_ASSEMBLY	GOBP_NADH_DEHYDROGENASE_COMPLEX_ASSEMBLY		38	0.23299074	0.7149926	0.94554454	1.0	1.0	16625	tags=45%, list=45%, signal=81%	
GOBP_NEGATIVE_REGULATION_OF_FATTY_ACID_OXIDATION	GOBP_NEGATIVE_REGULATION_OF_FATTY_ACID_OXIDATION		15	0.2922419	0.7146857	0.86504424	1.0	1.0	10725	tags=33%, list=29%, signal=47%	
GOBP_TETRAHYDROFOLATE_METABOLIC_PROCESS	GOBP_TETRAHYDROFOLATE_METABOLIC_PROCESS		22	0.27761585	0.71463925	0.8942308	1.0	1.0	11039	tags=36%, list=30%, signal=52%	
GOBP_REGULATION_OF_MYELINATION	GOBP_REGULATION_OF_MYELINATION		59	0.21636772	0.71430683	0.9844156	1.0	1.0	1887	tags=5%, list=5%, signal=5%	
GOBP_RESPONSE_TO_KETONE	GOBP_RESPONSE_TO_KETONE		239	0.18332763	0.71391314	1.0	1.0	1.0	5423	tags=9%, list=15%, signal=10%	
GOBP_NEGATIVE_REGULATION_OF_OSTEOBLAST_DIFFERENTIATION	GOBP_NEGATIVE_REGULATION_OF_OSTEOBLAST_DIFFERENTIATION		62	0.22020505	0.71328497	0.9764398	1.0	1.0	14990	tags=42%, list=41%, signal=70%	
GOBP_HEMATOPOIETIC_PROGENITOR_CELL_DIFFERENTIATION	GOBP_HEMATOPOIETIC_PROGENITOR_CELL_DIFFERENTIATION		158	0.1907638	0.7130323	1.0	1.0	1.0	11169	tags=22%, list=30%, signal=31%	
GOBP_NEGATIVE_REGULATION_OF_TUMOR_NECROSIS_FACTOR_MEDIATED_SIGNALING_PATHWAY	GOBP_NEGATIVE_REGULATION_OF_TUMOR_NECROSIS_FACTOR_MEDIATED_SIGNALING_PATHWAY		28	0.25168502	0.7129339	0.93449783	1.0	1.0	287	tags=4%, list=1%, signal=4%	
GOBP_RIBOSOME_BIOGENESIS	GOBP_RIBOSOME_BIOGENESIS		321	0.17562658	0.71292007	1.0	1.0	1.0	24852	tags=95%, list=67%, signal=288%	
GOBP_POSITIVE_REGULATION_OF_HEMOSTASIS	GOBP_POSITIVE_REGULATION_OF_HEMOSTASIS		26	0.25641695	0.71265274	0.9175947	1.0	1.0	8841	tags=27%, list=24%, signal=35%	
GOBP_POSITIVE_REGULATION_OF_DEFENSE_RESPONSE_TO_BACTERIUM	GOBP_POSITIVE_REGULATION_OF_DEFENSE_RESPONSE_TO_BACTERIUM		15	0.296768	0.71259844	0.858427	1.0	1.0	1752	tags=7%, list=5%, signal=7%	
GOBP_ENDODERM_FORMATION	GOBP_ENDODERM_FORMATION		51	0.22866774	0.7123552	0.9591837	1.0	1.0	5203	tags=10%, list=14%, signal=11%	
GOBP_TRNA_MODIFICATION	GOBP_TRNA_MODIFICATION		92	0.20699368	0.71234924	0.9970238	1.0	1.0	15791	tags=40%, list=43%, signal=70%	
GOBP_CARBOHYDRATE_HOMEOSTASIS	GOBP_CARBOHYDRATE_HOMEOSTASIS		316	0.17563061	0.7122676	1.0	1.0	1.0	5710	tags=9%, list=15%, signal=11%	
GOBP_G_PROTEIN_COUPLED_RECEPTOR_INTERNALIZATION	GOBP_G_PROTEIN_COUPLED_RECEPTOR_INTERNALIZATION		19	0.28048158	0.71183985	0.88286334	1.0	1.0	7390	tags=21%, list=20%, signal=26%	
GOBP_POSITIVE_REGULATION_OF_MACROPHAGE_MIGRATION	GOBP_POSITIVE_REGULATION_OF_MACROPHAGE_MIGRATION		29	0.25299034	0.71161324	0.9245742	1.0	1.0	2457	tags=7%, list=7%, signal=7%	
GOBP_METAPHASE_CHROMOSOME_ALIGNMENT	GOBP_METAPHASE_CHROMOSOME_ALIGNMENT		106	0.19993739	0.711439	0.99071205	1.0	1.0	17656	tags=52%, list=48%, signal=99%	
GOBP_POSITIVE_REGULATION_OF_GLIAL_CELL_PROLIFERATION	GOBP_POSITIVE_REGULATION_OF_GLIAL_CELL_PROLIFERATION		29	0.2537378	0.7113549	0.91366905	1.0	1.0	5168	tags=10%, list=14%, signal=12%	
GOBP_BLOOD_COAGULATION_FIBRIN_CLOT_FORMATION	GOBP_BLOOD_COAGULATION_FIBRIN_CLOT_FORMATION		17	0.28878108	0.7112556	0.88235295	1.0	1.0	10965	tags=41%, list=30%, signal=59%	
GOBP_REGULATION_OF_MEMBRANE_LIPID_DISTRIBUTION	GOBP_REGULATION_OF_MEMBRANE_LIPID_DISTRIBUTION		68	0.2137887	0.711128	0.98933333	1.0	1.0	1743	tags=4%, list=5%, signal=5%	
GOBP_FEMALE_GENITALIA_DEVELOPMENT	GOBP_FEMALE_GENITALIA_DEVELOPMENT		18	0.28510642	0.71093464	0.88839287	1.0	1.0	10052	tags=28%, list=27%, signal=38%	
GOBP_REGULATION_OF_EMBRYONIC_DEVELOPMENT	GOBP_REGULATION_OF_EMBRYONIC_DEVELOPMENT		83	0.20776695	0.71074253	0.98847264	1.0	1.0	15142	tags=33%, list=41%, signal=55%	
GOBP_TOOTH_MINERALIZATION	GOBP_TOOTH_MINERALIZATION		34	0.24497645	0.7102126	0.9488372	1.0	1.0	10560	tags=32%, list=29%, signal=45%	
GOBP_EMBRYONIC_HINDLIMB_MORPHOGENESIS	GOBP_EMBRYONIC_HINDLIMB_MORPHOGENESIS		32	0.24838357	0.7099426	0.92671394	1.0	1.0	10108	tags=28%, list=27%, signal=39%	
GOBP_POSITIVE_REGULATION_OF_MRNA_CATABOLIC_PROCESS	GOBP_POSITIVE_REGULATION_OF_MRNA_CATABOLIC_PROCESS		115	0.19794087	0.70982	1.0	1.0	1.0	16533	tags=42%, list=45%, signal=75%	
GOBP_REGULATION_OF_LIPID_STORAGE	GOBP_REGULATION_OF_LIPID_STORAGE		44	0.2345962	0.7097016	0.94736844	1.0	1.0	4299	tags=9%, list=12%, signal=10%	
GOBP_LEUKOCYTE_TETHERING_OR_ROLLING	GOBP_LEUKOCYTE_TETHERING_OR_ROLLING		34	0.24133444	0.70945644	0.9507772	1.0	1.0	15166	tags=50%, list=41%, signal=85%	
GOBP_REGULATION_OF_TRANSLATION	GOBP_REGULATION_OF_TRANSLATION		381	0.17339744	0.7090067	1.0	1.0	1.0	813	tags=1%, list=2%, signal=1%	
GOBP_LOCOMOTORY_BEHAVIOR	GOBP_LOCOMOTORY_BEHAVIOR		269	0.17911898	0.70899975	1.0	1.0	1.0	10578	tags=25%, list=29%, signal=34%	
GOBP_REGULATION_OF_FIBROBLAST_MIGRATION	GOBP_REGULATION_OF_FIBROBLAST_MIGRATION		46	0.22824596	0.70890176	0.97534245	1.0	1.0	147	tags=2%, list=0%, signal=2%	
GOBP_LIPID_OXIDATION	GOBP_LIPID_OXIDATION		126	0.19129324	0.7088504	1.0	1.0	1.0	5488	tags=10%, list=15%, signal=11%	
GOBP_REGULATION_OF_EXECUTION_PHASE_OF_APOPTOSIS	GOBP_REGULATION_OF_EXECUTION_PHASE_OF_APOPTOSIS		26	0.25805694	0.70833224	0.90909094	1.0	1.0	935	tags=4%, list=3%, signal=4%	
GOBP_REGULATION_OF_ENDOPLASMIC_RETICULUM_STRESS_INDUCED_INTRINSIC_APOPTOTIC_SIGNALING_PATHWAY	GOBP_REGULATION_OF_ENDOPLASMIC_RETICULUM_STRESS_INDUCED_INTRINSIC_APOPTOTIC_SIGNALING_PATHWAY		33	0.24089397	0.70825845	0.9510309	1.0	1.0	749	tags=3%, list=2%, signal=3%	
GOBP_NEGATIVE_REGULATION_OF_T_CELL_PROLIFERATION	GOBP_NEGATIVE_REGULATION_OF_T_CELL_PROLIFERATION		71	0.21132581	0.7079267	0.9562982	1.0	1.0	2907	tags=6%, list=8%, signal=6%	
GOBP_NEGATIVE_REGULATION_OF_CYTOSKELETON_ORGANIZATION	GOBP_NEGATIVE_REGULATION_OF_CYTOSKELETON_ORGANIZATION		176	0.18532456	0.70783013	1.0	1.0	1.0	10183	tags=15%, list=28%, signal=21%	
GOBP_REPRODUCTIVE_SYSTEM_DEVELOPMENT	GOBP_REPRODUCTIVE_SYSTEM_DEVELOPMENT		355	0.17520586	0.7076614	1.0	1.0	1.0	5371	tags=10%, list=15%, signal=11%	
GOBP_SOMATIC_STEM_CELL_POPULATION_MAINTENANCE	GOBP_SOMATIC_STEM_CELL_POPULATION_MAINTENANCE		57	0.22204715	0.70764726	0.97172236	1.0	1.0	16412	tags=47%, list=44%, signal=85%	
GOBP_RESPONSE_TO_LEPTIN	GOBP_RESPONSE_TO_LEPTIN		24	0.25951982	0.70730865	0.92378753	1.0	1.0	10897	tags=38%, list=29%, signal=53%	
GOBP_POSITIVE_REGULATION_OF_FAT_CELL_DIFFERENTIATION	GOBP_POSITIVE_REGULATION_OF_FAT_CELL_DIFFERENTIATION		71	0.21038684	0.7072867	0.99435025	1.0	1.0	1962	tags=4%, list=5%, signal=4%	
GOBP_POSITIVE_REGULATION_OF_RESPONSE_TO_ENDOPLASMIC_RETICULUM_STRESS	GOBP_POSITIVE_REGULATION_OF_RESPONSE_TO_ENDOPLASMIC_RETICULUM_STRESS		34	0.24049973	0.7068952	0.94871795	1.0	1.0	687	tags=3%, list=2%, signal=3%	
GOBP_ORGANELLE_MEMBRANE_FUSION	GOBP_ORGANELLE_MEMBRANE_FUSION		147	0.18850428	0.7068879	1.0	1.0	1.0	5622	tags=7%, list=15%, signal=9%	
GOBP_NEGATIVE_REGULATION_OF_SYNCYTIUM_FORMATION_BY_PLASMA_MEMBRANE_FUSION	GOBP_NEGATIVE_REGULATION_OF_SYNCYTIUM_FORMATION_BY_PLASMA_MEMBRANE_FUSION		53	0.22086316	0.7068822	0.97105265	1.0	1.0	24525	tags=96%, list=66%, signal=286%	
GOBP_REGULATION_OF_LYSOSOMAL_LUMEN_PH	GOBP_REGULATION_OF_LYSOSOMAL_LUMEN_PH		25	0.25939053	0.70627177	0.9239905	1.0	1.0	2253	tags=4%, list=6%, signal=4%	
GOBP_REGULATION_OF_DNA_TEMPLATED_TRANSCRIPTION_INITIATION	GOBP_REGULATION_OF_DNA_TEMPLATED_TRANSCRIPTION_INITIATION		87	0.20586488	0.7058595	0.982659	1.0	1.0	24464	tags=94%, list=66%, signal=278%	
GOBP_POSITIVE_REGULATION_OF_BINDING	GOBP_POSITIVE_REGULATION_OF_BINDING		24	0.2632037	0.705827	0.9099307	1.0	1.0	25122	tags=96%, list=68%, signal=299%	
GOBP_NEGATIVE_REGULATION_OF_CELL_MIGRATION_INVOLVED_IN_SPROUTING_ANGIOGENESIS	GOBP_NEGATIVE_REGULATION_OF_CELL_MIGRATION_INVOLVED_IN_SPROUTING_ANGIOGENESIS		17	0.27738005	0.70580876	0.90909094	1.0	1.0	15140	tags=41%, list=41%, signal=70%	
GOBP_MESODERMAL_CELL_DIFFERENTIATION	GOBP_MESODERMAL_CELL_DIFFERENTIATION		28	0.250203	0.70459306	0.9390519	1.0	1.0	11075	tags=36%, list=30%, signal=51%	
GOBP_ENDOPLASMIC_RETICULUM_ORGANIZATION	GOBP_ENDOPLASMIC_RETICULUM_ORGANIZATION		98	0.20088775	0.70390534	0.99168974	1.0	1.0	17560	tags=44%, list=48%, signal=83%	
GOBP_NUCLEIC_ACID_CATABOLIC_PROCESS	GOBP_NUCLEIC_ACID_CATABOLIC_PROCESS		376	0.1706276	0.70319396	1.0	1.0	1.0	15994	tags=35%, list=43%, signal=61%	
GOBP_MULTICELLULAR_ORGANISMAL_LEVEL_IRON_ION_HOMEOSTASIS	GOBP_MULTICELLULAR_ORGANISMAL_LEVEL_IRON_ION_HOMEOSTASIS		33	0.24188629	0.70303255	0.9339623	1.0	1.0	1350	tags=6%, list=4%, signal=6%	
GOBP_SPINDLE_ORGANIZATION	GOBP_SPINDLE_ORGANIZATION		212	0.18058819	0.70300835	1.0	1.0	1.0	11050	tags=15%, list=30%, signal=21%	
GOBP_LIVER_MORPHOGENESIS	GOBP_LIVER_MORPHOGENESIS		34	0.23985271	0.70291686	0.94074076	1.0	1.0	10914	tags=29%, list=30%, signal=42%	
GOBP_POSITIVE_REGULATION_OF_IMMUNOGLOBULIN_PRODUCTION	GOBP_POSITIVE_REGULATION_OF_IMMUNOGLOBULIN_PRODUCTION		55	0.21818624	0.702853	0.976	1.0	1.0	7363	tags=13%, list=20%, signal=16%	
GOBP_REGULATION_OF_HYDROGEN_PEROXIDE_MEDIATED_PROGRAMMED_CELL_DEATH	GOBP_REGULATION_OF_HYDROGEN_PEROXIDE_MEDIATED_PROGRAMMED_CELL_DEATH		18	0.2823271	0.7028226	0.885514	1.0	1.0	5547	tags=11%, list=15%, signal=13%	
GOBP_CANONICAL_WNT_SIGNALING_PATHWAY	GOBP_CANONICAL_WNT_SIGNALING_PATHWAY		315	0.17345844	0.7026807	1.0	1.0	1.0	11186	tags=21%, list=30%, signal=30%	
GOBP_LEUKOCYTE_ADHESION_TO_VASCULAR_ENDOTHELIAL_CELL	GOBP_LEUKOCYTE_ADHESION_TO_VASCULAR_ENDOTHELIAL_CELL		52	0.22312659	0.70237404	0.9558011	1.0	1.0	15166	tags=46%, list=41%, signal=78%	
GOBP_COPPER_ION_TRANSPORT	GOBP_COPPER_ION_TRANSPORT		15	0.286567	0.70210725	0.90105265	1.0	1.0	10734	tags=27%, list=29%, signal=38%	
GOBP_RESPONSE_TO_MINERALOCORTICOID	GOBP_RESPONSE_TO_MINERALOCORTICOID		43	0.22873177	0.7020723	0.96733665	1.0	1.0	4704	tags=14%, list=13%, signal=16%	
GOBP_RESPONSE_TO_ISOQUINOLINE_ALKALOID	GOBP_RESPONSE_TO_ISOQUINOLINE_ALKALOID		19	0.27302334	0.7019599	0.8984547	1.0	1.0	330	tags=5%, list=1%, signal=5%	
GOBP_NEGATIVE_REGULATION_OF_BEHAVIOR	GOBP_NEGATIVE_REGULATION_OF_BEHAVIOR		23	0.2669181	0.7018827	0.9282297	1.0	1.0	4348	tags=13%, list=12%, signal=15%	
GOBP_CELLULAR_RESPONSE_TO_EXTERNAL_STIMULUS	GOBP_CELLULAR_RESPONSE_TO_EXTERNAL_STIMULUS		84	0.2011065	0.7017749	0.9971347	1.0	1.0	4073	tags=6%, list=11%, signal=7%	
GOBP_CELLULAR_RESPONSE_TO_ACID_CHEMICAL	GOBP_CELLULAR_RESPONSE_TO_ACID_CHEMICAL		111	0.1946083	0.7015962	1.0	1.0	1.0	9982	tags=24%, list=27%, signal=33%	
GOBP_RNA_EXPORT_FROM_NUCLEUS	GOBP_RNA_EXPORT_FROM_NUCLEUS		83	0.20633161	0.70138437	0.99714285	1.0	1.0	24948	tags=98%, list=68%, signal=300%	
GOBP_SMOOTHENED_SIGNALING_PATHWAY	GOBP_SMOOTHENED_SIGNALING_PATHWAY		169	0.1843598	0.7009264	1.0	1.0	1.0	3897	tags=5%, list=11%, signal=6%	
GOBP_CELLULAR_RESPONSE_TO_PROSTAGLANDIN_STIMULUS	GOBP_CELLULAR_RESPONSE_TO_PROSTAGLANDIN_STIMULUS		19	0.27577034	0.7008745	0.8923077	1.0	1.0	8465	tags=21%, list=23%, signal=27%	
GOBP_PHOSPHATIDYLINOSITOL_BIOSYNTHETIC_PROCESS	GOBP_PHOSPHATIDYLINOSITOL_BIOSYNTHETIC_PROCESS		98	0.19936876	0.70083714	0.9917808	1.0	1.0	18012	tags=53%, list=49%, signal=103%	
GOBP_POSITIVE_REGULATION_OF_CELL_PROJECTION_ORGANIZATION	GOBP_POSITIVE_REGULATION_OF_CELL_PROJECTION_ORGANIZATION		447	0.16962065	0.70079184	1.0	1.0	1.0	10947	tags=17%, list=30%, signal=24%	
GOBP_POSITIVE_REGULATION_OF_GRANULOCYTE_CHEMOTAXIS	GOBP_POSITIVE_REGULATION_OF_GRANULOCYTE_CHEMOTAXIS		29	0.24695474	0.69994944	0.9341177	1.0	1.0	577	tags=3%, list=2%, signal=4%	
GOBP_NEGATIVE_REGULATION_OF_CATABOLIC_PROCESS	GOBP_NEGATIVE_REGULATION_OF_CATABOLIC_PROCESS		389	0.16957481	0.6993725	1.0	1.0	1.0	5613	tags=6%, list=15%, signal=7%	
GOBP_NEURON_PROJECTION_REGENERATION	GOBP_NEURON_PROJECTION_REGENERATION		78	0.20813847	0.69935364	0.9889197	1.0	1.0	1494	tags=4%, list=4%, signal=4%	
GOBP_DIGESTIVE_TRACT_MORPHOGENESIS	GOBP_DIGESTIVE_TRACT_MORPHOGENESIS		55	0.21730709	0.69931656	0.9671717	1.0	1.0	9984	tags=20%, list=27%, signal=27%	
GOBP_GOLGI_TO_ENDOSOME_TRANSPORT	GOBP_GOLGI_TO_ENDOSOME_TRANSPORT		17	0.28206056	0.69920635	0.88761467	1.0	1.0	16352	tags=47%, list=44%, signal=84%	
GOBP_RESPONSE_TO_FIBROBLAST_GROWTH_FACTOR	GOBP_RESPONSE_TO_FIBROBLAST_GROWTH_FACTOR		108	0.19522253	0.6989695	1.0	1.0	1.0	10974	tags=23%, list=30%, signal=33%	
GOBP_REGULATION_OF_FATTY_ACID_BIOSYNTHETIC_PROCESS	GOBP_REGULATION_OF_FATTY_ACID_BIOSYNTHETIC_PROCESS		58	0.21820182	0.6983624	0.97409326	1.0	1.0	3656	tags=7%, list=10%, signal=8%	
GOBP_REGULATION_OF_FIBROBLAST_GROWTH_FACTOR_RECEPTOR_SIGNALING_PATHWAY	GOBP_REGULATION_OF_FIBROBLAST_GROWTH_FACTOR_RECEPTOR_SIGNALING_PATHWAY		33	0.24117398	0.6983312	0.93718594	1.0	1.0	3934	tags=9%, list=11%, signal=10%	
GOBP_FOLIC_ACID_CONTAINING_COMPOUND_METABOLIC_PROCESS	GOBP_FOLIC_ACID_CONTAINING_COMPOUND_METABOLIC_PROCESS		26	0.2522257	0.6974611	0.9216152	1.0	1.0	11539	tags=35%, list=31%, signal=50%	
GOBP_GRANULOCYTE_DIFFERENTIATION	GOBP_GRANULOCYTE_DIFFERENTIATION		48	0.2196193	0.69682384	0.974359	1.0	1.0	4821	tags=8%, list=13%, signal=10%	
GOBP_RESPONSE_TO_PLATELET_DERIVED_GROWTH_FACTOR	GOBP_RESPONSE_TO_PLATELET_DERIVED_GROWTH_FACTOR		36	0.24526238	0.69647163	0.9544304	1.0	1.0	10891	tags=19%, list=29%, signal=28%	
GOBP_CELLULAR_RESPONSE_TO_UNFOLDED_PROTEIN	GOBP_CELLULAR_RESPONSE_TO_UNFOLDED_PROTEIN		98	0.19765487	0.6963786	1.0	1.0	1.0	16628	tags=46%, list=45%, signal=83%	
GOBP_ACETYL_COA_METABOLIC_PROCESS	GOBP_ACETYL_COA_METABOLIC_PROCESS		47	0.2215156	0.6962354	0.9715026	1.0	1.0	5385	tags=9%, list=15%, signal=10%	
GOBP_HOMEOSTASIS_OF_NUMBER_OF_CELLS	GOBP_HOMEOSTASIS_OF_NUMBER_OF_CELLS		409	0.16781914	0.6960945	1.0	1.0	1.0	5727	tags=8%, list=15%, signal=9%	
GOBP_POSITIVE_REGULATION_OF_VASCULATURE_DEVELOPMENT	GOBP_POSITIVE_REGULATION_OF_VASCULATURE_DEVELOPMENT		181	0.18269314	0.6958741	1.0	1.0	1.0	5423	tags=9%, list=15%, signal=10%	
GOBP_LEUKOCYTE_CHEMOTAXIS	GOBP_LEUKOCYTE_CHEMOTAXIS		219	0.17726068	0.6948118	1.0	1.0	1.0	10574	tags=22%, list=29%, signal=31%	
GOBP_REGULATION_OF_T_CELL_MIGRATION	GOBP_REGULATION_OF_T_CELL_MIGRATION		50	0.2183381	0.69442797	0.97275203	1.0	1.0	5008	tags=10%, list=14%, signal=12%	
GOBP_REGULATION_OF_MYELOID_LEUKOCYTE_DIFFERENTIATION	GOBP_REGULATION_OF_MYELOID_LEUKOCYTE_DIFFERENTIATION		134	0.18847878	0.6941999	0.9936102	1.0	1.0	1971	tags=4%, list=5%, signal=5%	
GOBP_MULTICELLULAR_ORGANISM_GROWTH	GOBP_MULTICELLULAR_ORGANISM_GROWTH		227	0.17687863	0.6940118	1.0	1.0	1.0	10395	tags=17%, list=28%, signal=23%	
GOBP_POSITIVE_REGULATION_OF_RECEPTOR_MEDIATED_ENDOCYTOSIS	GOBP_POSITIVE_REGULATION_OF_RECEPTOR_MEDIATED_ENDOCYTOSIS		62	0.21028283	0.6939057	0.9889807	1.0	1.0	6246	tags=11%, list=17%, signal=14%	
GOBP_GLOMERULAR_MESANGIUM_DEVELOPMENT	GOBP_GLOMERULAR_MESANGIUM_DEVELOPMENT		18	0.2795804	0.6935951	0.9052864	1.0	1.0	10891	tags=28%, list=29%, signal=39%	
GOBP_RESPONSE_TO_PH	GOBP_RESPONSE_TO_PH		51	0.21960156	0.69300365	0.9820972	1.0	1.0	3583	tags=8%, list=10%, signal=9%	
GOBP_WNT_SIGNALING_PATHWAY	GOBP_WNT_SIGNALING_PATHWAY		465	0.16760673	0.69296026	1.0	1.0	1.0	11101	tags=20%, list=30%, signal=29%	
GOBP_REACTIVE_OXYGEN_SPECIES_METABOLIC_PROCESS	GOBP_REACTIVE_OXYGEN_SPECIES_METABOLIC_PROCESS		242	0.17802754	0.6925417	1.0	1.0	1.0	4609	tags=7%, list=12%, signal=8%	
GOBP_CARBOHYDRATE_BIOSYNTHETIC_PROCESS	GOBP_CARBOHYDRATE_BIOSYNTHETIC_PROCESS		208	0.17784806	0.69241136	1.0	1.0	1.0	10916	tags=21%, list=30%, signal=30%	
GOBP_REGULATION_OF_ODONTOGENESIS	GOBP_REGULATION_OF_ODONTOGENESIS		21	0.26657853	0.6924011	0.88758785	1.0	1.0	1887	tags=10%, list=5%, signal=10%	
GOBP_B_CELL_HOMEOSTASIS	GOBP_B_CELL_HOMEOSTASIS		42	0.23503308	0.69218975	0.96192896	1.0	1.0	2418	tags=5%, list=7%, signal=5%	
GOBP_EPITHELIAL_CELL_DEVELOPMENT	GOBP_EPITHELIAL_CELL_DEVELOPMENT		238	0.17538257	0.69192326	1.0	1.0	1.0	1379	tags=3%, list=4%, signal=3%	
GOBP_POSITIVE_REGULATION_OF_SMOOTH_MUSCLE_CONTRACTION	GOBP_POSITIVE_REGULATION_OF_SMOOTH_MUSCLE_CONTRACTION		33	0.24012648	0.69169974	0.93317974	1.0	1.0	3606	tags=15%, list=10%, signal=17%	
GOBP_PHASIC_SMOOTH_MUSCLE_CONTRACTION	GOBP_PHASIC_SMOOTH_MUSCLE_CONTRACTION		25	0.25630423	0.6914076	0.93647057	1.0	1.0	6944	tags=24%, list=19%, signal=30%	
GOBP_REGULATION_OF_PROTEIN_AUTOPHOSPHORYLATION	GOBP_REGULATION_OF_PROTEIN_AUTOPHOSPHORYLATION		24	0.25589755	0.69119126	0.95035464	1.0	1.0	6349	tags=13%, list=17%, signal=15%	
GOBP_RETROGRADE_TRANSPORT_ENDOSOME_TO_GOLGI	GOBP_RETROGRADE_TRANSPORT_ENDOSOME_TO_GOLGI		97	0.19786611	0.691117	0.99696046	1.0	1.0	17805	tags=48%, list=48%, signal=93%	
GOBP_RNA_LOCALIZATION	GOBP_RNA_LOCALIZATION		177	0.1809988	0.6910546	1.0	1.0	1.0	17238	tags=44%, list=47%, signal=82%	
GOBP_PROTEIN_POLYUBIQUITINATION	GOBP_PROTEIN_POLYUBIQUITINATION		310	0.17067231	0.69085276	1.0	1.0	1.0	7201	tags=6%, list=19%, signal=8%	
GOBP_REGULATION_OF_B_CELL_ACTIVATION	GOBP_REGULATION_OF_B_CELL_ACTIVATION		135	0.18905245	0.6907284	1.0	1.0	1.0	1268	tags=4%, list=3%, signal=4%	
GOBP_PYRIMIDINE_NUCLEOTIDE_METABOLIC_PROCESS	GOBP_PYRIMIDINE_NUCLEOTIDE_METABOLIC_PROCESS		40	0.23242018	0.69060516	0.96666664	1.0	1.0	6953	tags=10%, list=19%, signal=12%	
GOBP_RESPONSE_TO_CORTICOSTEROID	GOBP_RESPONSE_TO_CORTICOSTEROID		166	0.18125632	0.69056624	1.0	1.0	1.0	5234	tags=10%, list=14%, signal=11%	
GOBP_NEUTROPHIL_MEDIATED_IMMUNITY	GOBP_NEUTROPHIL_MEDIATED_IMMUNITY		44	0.22419629	0.69033635	0.9661458	1.0	1.0	13132	tags=36%, list=36%, signal=56%	
GOBP_RIBOSOMAL_LARGE_SUBUNIT_BIOGENESIS	GOBP_RIBOSOMAL_LARGE_SUBUNIT_BIOGENESIS		74	0.2046261	0.69012207	0.99208444	1.0	1.0	29404	tags=100%, list=80%, signal=489%	
GOBP_HEMATOPOIETIC_OR_LYMPHOID_ORGAN_DEVELOPMENT	GOBP_HEMATOPOIETIC_OR_LYMPHOID_ORGAN_DEVELOPMENT		128	0.19161084	0.6900412	1.0	1.0	1.0	11102	tags=23%, list=30%, signal=33%	
GOBP_NEGATIVE_REGULATION_OF_CARBOHYDRATE_METABOLIC_PROCESS	GOBP_NEGATIVE_REGULATION_OF_CARBOHYDRATE_METABOLIC_PROCESS		62	0.21316002	0.68989104	0.9918033	1.0	1.0	3388	tags=8%, list=9%, signal=9%	
GOBP_THYMOCYTE_APOPTOTIC_PROCESS	GOBP_THYMOCYTE_APOPTOTIC_PROCESS		20	0.2663767	0.68988764	0.92967033	1.0	1.0	9073	tags=15%, list=25%, signal=20%	
GOBP_LEUKOCYTE_MIGRATION	GOBP_LEUKOCYTE_MIGRATION		378	0.16905612	0.68968797	1.0	1.0	1.0	10923	tags=24%, list=30%, signal=33%	
GOBP_BRANCHING_MORPHOGENESIS_OF_AN_EPITHELIAL_TUBE	GOBP_BRANCHING_MORPHOGENESIS_OF_AN_EPITHELIAL_TUBE		195	0.17809543	0.68926936	1.0	1.0	1.0	10577	tags=24%, list=29%, signal=33%	
GOBP_REGULATION_OF_CELLULAR_RESPONSE_TO_TRANSFORMING_GROWTH_FACTOR_BETA_STIMULUS	GOBP_REGULATION_OF_CELLULAR_RESPONSE_TO_TRANSFORMING_GROWTH_FACTOR_BETA_STIMULUS		148	0.18627863	0.68923473	1.0	1.0	1.0	11080	tags=21%, list=30%, signal=30%	
GOBP_REGULATION_OF_POSTSYNAPSE_ASSEMBLY	GOBP_REGULATION_OF_POSTSYNAPSE_ASSEMBLY		60	0.21191461	0.6882839	0.99248123	1.0	1.0	17162	tags=50%, list=46%, signal=93%	
GOBP_ORGAN_GROWTH	GOBP_ORGAN_GROWTH		221	0.17750765	0.68809795	1.0	1.0	1.0	10187	tags=19%, list=28%, signal=27%	
GOBP_REGENERATION	GOBP_REGENERATION		223	0.17578873	0.6880785	1.0	1.0	1.0	5125	tags=8%, list=14%, signal=9%	
GOBP_CIRCADIAN_REGULATION_OF_GENE_EXPRESSION	GOBP_CIRCADIAN_REGULATION_OF_GENE_EXPRESSION		70	0.20677884	0.6873969	0.9846939	1.0	1.0	14922	tags=41%, list=40%, signal=69%	
GOBP_MULTI_MULTICELLULAR_ORGANISM_PROCESS	GOBP_MULTI_MULTICELLULAR_ORGANISM_PROCESS		242	0.17237397	0.6872873	1.0	1.0	1.0	10719	tags=22%, list=29%, signal=31%	
GOBP_GLIAL_CELL_DIFFERENTIATION	GOBP_GLIAL_CELL_DIFFERENTIATION		285	0.1721642	0.68723494	1.0	1.0	1.0	11075	tags=22%, list=30%, signal=31%	
GOBP_POSITIVE_REGULATION_OF_CHONDROCYTE_DIFFERENTIATION	GOBP_POSITIVE_REGULATION_OF_CHONDROCYTE_DIFFERENTIATION		23	0.2569334	0.6870926	0.9405034	1.0	1.0	4924	tags=13%, list=13%, signal=15%	
GOBP_CELLULAR_RESPONSE_TO_CORTICOSTEROID_STIMULUS	GOBP_CELLULAR_RESPONSE_TO_CORTICOSTEROID_STIMULUS		74	0.20614022	0.68698555	0.99728996	1.0	1.0	7844	tags=16%, list=21%, signal=21%	
GOBP_POSITIVE_REGULATION_OF_SYSTEMIC_ARTERIAL_BLOOD_PRESSURE	GOBP_POSITIVE_REGULATION_OF_SYSTEMIC_ARTERIAL_BLOOD_PRESSURE		26	0.25060067	0.68687046	0.9622642	1.0	1.0	6528	tags=23%, list=18%, signal=28%	
GOBP_NUCLEAR_BODY_ORGANIZATION	GOBP_NUCLEAR_BODY_ORGANIZATION		17	0.27669552	0.68671376	0.92740047	1.0	1.0	17518	tags=65%, list=47%, signal=123%	
GOBP_POSITIVE_REGULATION_OF_OLIGODENDROCYTE_DIFFERENTIATION	GOBP_POSITIVE_REGULATION_OF_OLIGODENDROCYTE_DIFFERENTIATION		26	0.25099948	0.68625146	0.9511628	1.0	1.0	3404	tags=8%, list=9%, signal=8%	
GOBP_MONOCARBOXYLIC_ACID_CATABOLIC_PROCESS	GOBP_MONOCARBOXYLIC_ACID_CATABOLIC_PROCESS		140	0.18452984	0.6860527	0.996633	1.0	1.0	7391	tags=12%, list=20%, signal=15%	
GOBP_RESPONSE_TO_PROSTAGLANDIN_E	GOBP_RESPONSE_TO_PROSTAGLANDIN_E		25	0.2527785	0.6859824	0.9481132	1.0	1.0	64	tags=4%, list=0%, signal=4%	
GOBP_NEGATIVE_REGULATION_OF_PROTEIN_SERINE_THREONINE_KINASE_ACTIVITY	GOBP_NEGATIVE_REGULATION_OF_PROTEIN_SERINE_THREONINE_KINASE_ACTIVITY		60	0.20810147	0.685945	0.98704666	1.0	1.0	9848	tags=15%, list=27%, signal=20%	
GOBP_NEURAL_TUBE_DEVELOPMENT	GOBP_NEURAL_TUBE_DEVELOPMENT		189	0.17707776	0.6858298	1.0	1.0	1.0	16450	tags=42%, list=45%, signal=75%	
GOBP_POSITIVE_REGULATION_OF_MORPHOGENESIS_OF_AN_EPITHELIUM	GOBP_POSITIVE_REGULATION_OF_MORPHOGENESIS_OF_AN_EPITHELIUM		42	0.2279072	0.6854906	0.96009976	1.0	1.0	3857	tags=10%, list=10%, signal=11%	
GOBP_REGULATION_OF_SYNAPTIC_PLASTICITY	GOBP_REGULATION_OF_SYNAPTIC_PLASTICITY		273	0.1738741	0.68548936	1.0	1.0	1.0	7370	tags=15%, list=20%, signal=18%	
GOBP_DNA_TEMPLATED_TRANSCRIPTION_TERMINATION	GOBP_DNA_TEMPLATED_TRANSCRIPTION_TERMINATION		43	0.2247617	0.6851356	0.9760192	1.0	1.0	17957	tags=51%, list=49%, signal=99%	
GOBP_MAINTENANCE_OF_POSTSYNAPTIC_DENSITY_STRUCTURE	GOBP_MAINTENANCE_OF_POSTSYNAPTIC_DENSITY_STRUCTURE		19	0.26870468	0.68502927	0.9121622	1.0	1.0	9974	tags=32%, list=27%, signal=43%	
GOBP_CIRCADIAN_RHYTHM	GOBP_CIRCADIAN_RHYTHM		229	0.17686184	0.6843995	1.0	1.0	1.0	3747	tags=6%, list=10%, signal=7%	
GOBP_RESPONSE_TO_POTASSIUM_ION	GOBP_RESPONSE_TO_POTASSIUM_ION		20	0.26957053	0.6837174	0.8980044	1.0	1.0	10250	tags=35%, list=28%, signal=48%	
GOBP_REGULATION_OF_UBIQUITIN_PROTEIN_TRANSFERASE_ACTIVITY	GOBP_REGULATION_OF_UBIQUITIN_PROTEIN_TRANSFERASE_ACTIVITY		23	0.25089154	0.6835424	0.9097222	1.0	1.0	6894	tags=13%, list=19%, signal=16%	
GOBP_CONNECTIVE_TISSUE_REPLACEMENT	GOBP_CONNECTIVE_TISSUE_REPLACEMENT		21	0.25977063	0.6832904	0.9407745	1.0	1.0	14352	tags=57%, list=39%, signal=93%	
GOBP_DEFINITIVE_HEMOPOIESIS	GOBP_DEFINITIVE_HEMOPOIESIS		25	0.24939604	0.683129	0.9275701	1.0	1.0	1593	tags=4%, list=4%, signal=4%	
GOBP_MIRNA_PROCESSING	GOBP_MIRNA_PROCESSING		44	0.22672111	0.6829112	0.9713542	1.0	1.0	16621	tags=52%, list=45%, signal=95%	
GOBP_EPIBOLY	GOBP_EPIBOLY		41	0.22961247	0.6828155	0.9640103	1.0	1.0	28475	tags=100%, list=77%, signal=435%	
GOBP_RESPONSE_TO_OXYGEN_LEVELS	GOBP_RESPONSE_TO_OXYGEN_LEVELS		362	0.16524495	0.68278193	1.0	1.0	1.0	5648	tags=8%, list=15%, signal=10%	
GOBP_DENDRITE_MORPHOGENESIS	GOBP_DENDRITE_MORPHOGENESIS		201	0.17684521	0.682465	1.0	1.0	1.0	10315	tags=18%, list=28%, signal=25%	
GOBP_NEGATIVE_REGULATION_OF_NITRIC_OXIDE_BIOSYNTHETIC_PROCESS	GOBP_NEGATIVE_REGULATION_OF_NITRIC_OXIDE_BIOSYNTHETIC_PROCESS		20	0.26473114	0.6822484	0.9322799	1.0	1.0	250	tags=5%, list=1%, signal=5%	
GOBP_SYNAPTIC_VESICLE_RECYCLING	GOBP_SYNAPTIC_VESICLE_RECYCLING		103	0.19401713	0.681549	0.9934426	1.0	1.0	5610	tags=7%, list=15%, signal=8%	
GOBP_NEUROTRANSMITTER_REUPTAKE	GOBP_NEUROTRANSMITTER_REUPTAKE		27	0.24235351	0.68101954	0.9468599	1.0	1.0	9881	tags=37%, list=27%, signal=51%	
GOBP_D_GLUCOSE_IMPORT	GOBP_D_GLUCOSE_IMPORT		89	0.19208412	0.6801828	0.98554915	1.0	1.0	15383	tags=42%, list=42%, signal=71%	
GOBP_NEGATIVE_REGULATION_OF_ENDOTHELIAL_CELL_MIGRATION	GOBP_NEGATIVE_REGULATION_OF_ENDOTHELIAL_CELL_MIGRATION		54	0.2170773	0.67954886	0.97662336	1.0	1.0	10564	tags=24%, list=29%, signal=34%	
GOBP_CARDIAC_MUSCLE_CELL_PROLIFERATION	GOBP_CARDIAC_MUSCLE_CELL_PROLIFERATION		68	0.20084839	0.67942744	0.9941691	1.0	1.0	10104	tags=16%, list=27%, signal=22%	
GOBP_RESPONSE_TO_AXON_INJURY	GOBP_RESPONSE_TO_AXON_INJURY		95	0.19411224	0.67885447	1.0	1.0	1.0	14706	tags=37%, list=40%, signal=61%	
GOBP_REGULATION_OF_DENDRITIC_SPINE_MORPHOGENESIS	GOBP_REGULATION_OF_DENDRITIC_SPINE_MORPHOGENESIS		67	0.20781879	0.67879707	0.99712646	1.0	1.0	10854	tags=21%, list=29%, signal=30%	
GOBP_REGULATION_OF_MITOTIC_CYTOKINESIS	GOBP_REGULATION_OF_MITOTIC_CYTOKINESIS		15	0.28665727	0.67877585	0.90444446	1.0	1.0	11788	tags=27%, list=32%, signal=39%	
GOBP_TELOMERE_MAINTENANCE	GOBP_TELOMERE_MAINTENANCE		153	0.17844376	0.6787726	1.0	1.0	1.0	15649	tags=35%, list=42%, signal=61%	
GOBP_CELLULAR_RESPONSE_TO_LIGHT_STIMULUS	GOBP_CELLULAR_RESPONSE_TO_LIGHT_STIMULUS		112	0.18956482	0.67841655	0.99159664	1.0	1.0	4145	tags=8%, list=11%, signal=9%	
GOBP_ENDOTHELIAL_CELL_DIFFERENTIATION	GOBP_ENDOTHELIAL_CELL_DIFFERENTIATION		120	0.18590069	0.67794067	1.0	1.0	1.0	16276	tags=39%, list=44%, signal=70%	
GOBP_REGULATION_OF_KIDNEY_DEVELOPMENT	GOBP_REGULATION_OF_KIDNEY_DEVELOPMENT		37	0.2283377	0.6779042	0.9536083	1.0	1.0	10562	tags=30%, list=29%, signal=42%	
GOBP_REGULATION_OF_GLIAL_CELL_DIFFERENTIATION	GOBP_REGULATION_OF_GLIAL_CELL_DIFFERENTIATION		89	0.19348985	0.67782915	0.9971182	1.0	1.0	3747	tags=8%, list=10%, signal=9%	
GOBP_POSITIVE_REGULATION_OF_SMALL_GTPASE_MEDIATED_SIGNAL_TRANSDUCTION	GOBP_POSITIVE_REGULATION_OF_SMALL_GTPASE_MEDIATED_SIGNAL_TRANSDUCTION		79	0.19985832	0.6775236	0.9942029	1.0	1.0	15334	tags=39%, list=41%, signal=67%	
GOBP_NEGATIVE_REGULATION_OF_ACTIN_FILAMENT_BUNDLE_ASSEMBLY	GOBP_NEGATIVE_REGULATION_OF_ACTIN_FILAMENT_BUNDLE_ASSEMBLY		41	0.21928716	0.67735505	0.97007483	1.0	1.0	6802	tags=12%, list=18%, signal=15%	
GOBP_REGULATION_OF_MEMBRANE_INVAGINATION	GOBP_REGULATION_OF_MEMBRANE_INVAGINATION		20	0.26562086	0.67689675	0.91460675	1.0	1.0	4299	tags=10%, list=12%, signal=11%	
GOBP_REGULATION_OF_RESPONSE_TO_FOOD	GOBP_REGULATION_OF_RESPONSE_TO_FOOD		19	0.26750815	0.6767209	0.9037037	1.0	1.0	9191	tags=37%, list=25%, signal=49%	
GOBP_REGULATION_OF_CELL_MORPHOGENESIS	GOBP_REGULATION_OF_CELL_MORPHOGENESIS		277	0.1708041	0.6766001	1.0	1.0	1.0	5587	tags=6%, list=15%, signal=7%	
GOBP_REGULATION_OF_VASCULOGENESIS	GOBP_REGULATION_OF_VASCULOGENESIS		18	0.26731968	0.67641824	0.9014989	1.0	1.0	2072	tags=6%, list=6%, signal=6%	
GOBP_NEGATIVE_REGULATION_OF_RESPONSE_TO_BIOTIC_STIMULUS	GOBP_NEGATIVE_REGULATION_OF_RESPONSE_TO_BIOTIC_STIMULUS		149	0.18156049	0.67616606	1.0	1.0	1.0	4611	tags=8%, list=12%, signal=9%	
GOBP_POSITIVE_REGULATION_OF_ACTIVATED_T_CELL_PROLIFERATION	GOBP_POSITIVE_REGULATION_OF_ACTIVATED_T_CELL_PROLIFERATION		26	0.2464627	0.67613775	0.92807424	1.0	1.0	13918	tags=54%, list=38%, signal=86%	
GOBP_REGULATION_OF_HORMONE_BIOSYNTHETIC_PROCESS	GOBP_REGULATION_OF_HORMONE_BIOSYNTHETIC_PROCESS		27	0.2495034	0.6756369	0.94074076	1.0	1.0	7419	tags=15%, list=20%, signal=19%	
GOBP_OXIDATIVE_PHOSPHORYLATION	GOBP_OXIDATIVE_PHOSPHORYLATION		140	0.17995872	0.675316	0.996633	1.0	1.0	18182	tags=53%, list=49%, signal=104%	
GOBP_ANTIGEN_PROCESSING_AND_PRESENTATION	GOBP_ANTIGEN_PROCESSING_AND_PRESENTATION		118	0.1882781	0.6751969	1.0	1.0	1.0	7435	tags=14%, list=20%, signal=18%	
GOBP_CELLULAR_RESPONSE_TO_IONIZING_RADIATION	GOBP_CELLULAR_RESPONSE_TO_IONIZING_RADIATION		76	0.20043868	0.6751464	0.99691355	1.0	1.0	3857	tags=4%, list=10%, signal=4%	
GOBP_REGULATION_OF_ALPHA_BETA_T_CELL_ACTIVATION	GOBP_REGULATION_OF_ALPHA_BETA_T_CELL_ACTIVATION		118	0.18723099	0.6750721	0.99707603	1.0	1.0	4970	tags=9%, list=13%, signal=11%	
GOBP_REGULATION_OF_MYOBLAST_PROLIFERATION	GOBP_REGULATION_OF_MYOBLAST_PROLIFERATION		18	0.2715711	0.6741611	0.9160998	1.0	1.0	7844	tags=22%, list=21%, signal=28%	
GOBP_NEGATIVE_REGULATION_OF_PROTEASOMAL_PROTEIN_CATABOLIC_PROCESS	GOBP_NEGATIVE_REGULATION_OF_PROTEASOMAL_PROTEIN_CATABOLIC_PROCESS		66	0.20377961	0.6740066	0.9887955	1.0	1.0	4004	tags=5%, list=11%, signal=5%	
GOBP_POSITIVE_REGULATION_OF_RECEPTOR_SIGNALING_PATHWAY_VIA_STAT	GOBP_POSITIVE_REGULATION_OF_RECEPTOR_SIGNALING_PATHWAY_VIA_STAT		70	0.20157564	0.673853	0.9971347	1.0	1.0	10719	tags=24%, list=29%, signal=34%	
GOBP_NEGATIVE_REGULATION_OF_CYTOKINE_PRODUCTION	GOBP_NEGATIVE_REGULATION_OF_CYTOKINE_PRODUCTION		316	0.16848737	0.673844	1.0	1.0	1.0	5125	tags=7%, list=14%, signal=8%	
GOBP_NEGATIVE_REGULATION_OF_CGAS_STING_SIGNALING_PATHWAY	GOBP_NEGATIVE_REGULATION_OF_CGAS_STING_SIGNALING_PATHWAY		19	0.26389185	0.67347854	0.92719483	1.0	1.0	3855	tags=5%, list=10%, signal=6%	
GOBP_CELL_FATE_COMMITMENT_INVOLVED_IN_FORMATION_OF_PRIMARY_GERM_LAYER	GOBP_CELL_FATE_COMMITMENT_INVOLVED_IN_FORMATION_OF_PRIMARY_GERM_LAYER		28	0.24144606	0.6731687	0.96270394	1.0	1.0	9288	tags=25%, list=25%, signal=33%	
GOBP_POSITIVE_REGULATION_OF_PROTEIN_UBIQUITINATION	GOBP_POSITIVE_REGULATION_OF_PROTEIN_UBIQUITINATION		111	0.18989025	0.67277163	1.0	1.0	1.0	4715	tags=5%, list=13%, signal=6%	
GOBP_CD4_POSITIVE_ALPHA_BETA_T_CELL_DIFFERENTIATION	GOBP_CD4_POSITIVE_ALPHA_BETA_T_CELL_DIFFERENTIATION		110	0.18900587	0.67249274	1.0	1.0	1.0	4970	tags=11%, list=13%, signal=13%	
GOBP_POSITIVE_REGULATION_OF_CELL_MIGRATION_INVOLVED_IN_SPROUTING_ANGIOGENESIS	GOBP_POSITIVE_REGULATION_OF_CELL_MIGRATION_INVOLVED_IN_SPROUTING_ANGIOGENESIS		23	0.25659466	0.67229116	0.9304933	1.0	1.0	3934	tags=9%, list=11%, signal=10%	
GOBP_REGULATION_OF_LYMPHOCYTE_DIFFERENTIATION	GOBP_REGULATION_OF_LYMPHOCYTE_DIFFERENTIATION		219	0.17282332	0.67169565	1.0	1.0	1.0	5619	tags=9%, list=15%, signal=11%	
GOBP_POSITIVE_REGULATION_OF_CELL_JUNCTION_ASSEMBLY	GOBP_POSITIVE_REGULATION_OF_CELL_JUNCTION_ASSEMBLY		130	0.18405855	0.6715217	1.0	1.0	1.0	10297	tags=24%, list=28%, signal=33%	
GOBP_POSITIVE_REGULATION_OF_STRIATED_MUSCLE_CELL_DIFFERENTIATION	GOBP_POSITIVE_REGULATION_OF_STRIATED_MUSCLE_CELL_DIFFERENTIATION		59	0.20752096	0.6713346	0.98895025	1.0	1.0	7856	tags=20%, list=21%, signal=26%	
GOBP_POSITIVE_REGULATION_OF_SMOOTH_MUSCLE_CELL_MIGRATION	GOBP_POSITIVE_REGULATION_OF_SMOOTH_MUSCLE_CELL_MIGRATION		73	0.20055452	0.6712595	0.988604	1.0	1.0	10965	tags=22%, list=30%, signal=31%	
GOBP_REGULATION_OF_BONE_RESORPTION	GOBP_REGULATION_OF_BONE_RESORPTION		50	0.21277025	0.670959	0.9837838	1.0	1.0	7398	tags=16%, list=20%, signal=20%	
GOBP_MEMBRANE_LIPID_CATABOLIC_PROCESS	GOBP_MEMBRANE_LIPID_CATABOLIC_PROCESS		40	0.22422041	0.6698221	0.985	1.0	1.0	119	tags=3%, list=0%, signal=3%	
GOBP_FACE_DEVELOPMENT	GOBP_FACE_DEVELOPMENT		63	0.20598334	0.6696031	0.9873737	1.0	1.0	10911	tags=17%, list=30%, signal=25%	
GOBP_HEMATOPOIETIC_STEM_CELL_PROLIFERATION	GOBP_HEMATOPOIETIC_STEM_CELL_PROLIFERATION		33	0.23413724	0.66958565	0.97149646	1.0	1.0	16378	tags=45%, list=44%, signal=82%	
GOBP_POSITIVE_REGULATION_OF_D_GLUCOSE_IMPORT	GOBP_POSITIVE_REGULATION_OF_D_GLUCOSE_IMPORT		41	0.22246628	0.66920465	0.9669031	1.0	1.0	10154	tags=20%, list=27%, signal=27%	
GOBP_NUCLEAR_MEMBRANE_ORGANIZATION	GOBP_NUCLEAR_MEMBRANE_ORGANIZATION		40	0.2200882	0.66918004	0.96649486	1.0	1.0	25116	tags=95%, list=68%, signal=296%	
GOBP_CELL_CYCLE_DNA_REPLICATION	GOBP_CELL_CYCLE_DNA_REPLICATION		42	0.22401191	0.66863006	0.9848101	1.0	1.0	782	tags=2%, list=2%, signal=2%	
GOBP_MYELIN_ASSEMBLY	GOBP_MYELIN_ASSEMBLY		27	0.24122304	0.6683142	0.9549763	1.0	1.0	646	tags=4%, list=2%, signal=4%	
GOBP_PYRIMIDINE_CONTAINING_COMPOUND_TRANSMEMBRANE_TRANSPORT	GOBP_PYRIMIDINE_CONTAINING_COMPOUND_TRANSMEMBRANE_TRANSPORT		18	0.26166153	0.6676708	0.9241706	1.0	1.0	10416	tags=28%, list=28%, signal=39%	
GOBP_GLAND_MORPHOGENESIS	GOBP_GLAND_MORPHOGENESIS		156	0.1777053	0.66720873	1.0	1.0	1.0	10914	tags=23%, list=30%, signal=33%	
GOBP_POSITIVE_REGULATION_OF_CELLULAR_RESPONSE_TO_TRANSFORMING_GROWTH_FACTOR_BETA_STIMULUS	GOBP_POSITIVE_REGULATION_OF_CELLULAR_RESPONSE_TO_TRANSFORMING_GROWTH_FACTOR_BETA_STIMULUS		31	0.23384736	0.6670787	0.9774775	1.0	1.0	16860	tags=45%, list=46%, signal=83%	
GOBP_NEGATIVE_REGULATION_OF_ACTIN_FILAMENT_POLYMERIZATION	GOBP_NEGATIVE_REGULATION_OF_ACTIN_FILAMENT_POLYMERIZATION		63	0.20407136	0.6668791	0.9866667	1.0	1.0	15947	tags=38%, list=43%, signal=67%	
GOBP_CELL_PROLIFERATION_INVOLVED_IN_KIDNEY_DEVELOPMENT	GOBP_CELL_PROLIFERATION_INVOLVED_IN_KIDNEY_DEVELOPMENT		22	0.24933772	0.66665316	0.94457275	1.0	1.0	10891	tags=27%, list=29%, signal=39%	
GOBP_REGULATION_OF_LIPOPROTEIN_PARTICLE_CLEARANCE	GOBP_REGULATION_OF_LIPOPROTEIN_PARTICLE_CLEARANCE		22	0.25589925	0.666179	0.92540795	1.0	1.0	3656	tags=9%, list=10%, signal=10%	
GOBP_GLUCAN_METABOLIC_PROCESS	GOBP_GLUCAN_METABOLIC_PROCESS		96	0.18869264	0.66611975	0.9971989	1.0	1.0	16412	tags=46%, list=44%, signal=82%	
GOBP_MITOCHONDRIAL_TRANSLATION	GOBP_MITOCHONDRIAL_TRANSLATION		127	0.18132615	0.66575855	1.0	1.0	1.0	25132	tags=94%, list=68%, signal=294%	
GOBP_OPTIC_NERVE_DEVELOPMENT	GOBP_OPTIC_NERVE_DEVELOPMENT		19	0.26373985	0.66511005	0.92	1.0	1.0	3404	tags=11%, list=9%, signal=12%	
GOBP_REGULATION_OF_D_GLUCOSE_TRANSMEMBRANE_TRANSPORT	GOBP_REGULATION_OF_D_GLUCOSE_TRANSMEMBRANE_TRANSPORT		88	0.19033694	0.66505283	0.99450547	1.0	1.0	11078	tags=23%, list=30%, signal=32%	
GOBP_ORGANIC_ACID_CATABOLIC_PROCESS	GOBP_ORGANIC_ACID_CATABOLIC_PROCESS		244	0.16926703	0.6643019	1.0	1.0	1.0	7404	tags=13%, list=20%, signal=16%	
GOBP_MRNA_EXPORT_FROM_NUCLEUS	GOBP_MRNA_EXPORT_FROM_NUCLEUS		65	0.2022387	0.6642784	0.9868074	1.0	1.0	24501	tags=97%, list=66%, signal=287%	
GOBP_DETERMINATION_OF_ADULT_LIFESPAN	GOBP_DETERMINATION_OF_ADULT_LIFESPAN		49	0.21304382	0.6640435	0.9975186	1.0	1.0	111	tags=2%, list=0%, signal=2%	
GOBP_DENDRITE_DEVELOPMENT	GOBP_DENDRITE_DEVELOPMENT		330	0.1637281	0.66333646	1.0	1.0	1.0	10315	tags=17%, list=28%, signal=23%	
GOBP_REGULATION_OF_PLASMA_LIPOPROTEIN_PARTICLE_LEVELS	GOBP_REGULATION_OF_PLASMA_LIPOPROTEIN_PARTICLE_LEVELS		80	0.19389178	0.66332746	1.0	1.0	1.0	5125	tags=11%, list=14%, signal=13%	
GOBP_POSITIVE_REGULATION_OF_NON_CANONICAL_NF_KAPPAB_SIGNAL_TRANSDUCTION	GOBP_POSITIVE_REGULATION_OF_NON_CANONICAL_NF_KAPPAB_SIGNAL_TRANSDUCTION		63	0.2000273	0.6630088	0.99182564	1.0	1.0	5696	tags=10%, list=15%, signal=11%	
GOBP_POSITIVE_REGULATION_OF_MUSCLE_CELL_DIFFERENTIATION	GOBP_POSITIVE_REGULATION_OF_MUSCLE_CELL_DIFFERENTIATION		85	0.19142172	0.6629751	0.9941691	1.0	1.0	10411	tags=24%, list=28%, signal=33%	
GOBP_PHENOL_CONTAINING_COMPOUND_BIOSYNTHETIC_PROCESS	GOBP_PHENOL_CONTAINING_COMPOUND_BIOSYNTHETIC_PROCESS		49	0.20928836	0.6627924	0.98740554	1.0	1.0	4877	tags=10%, list=13%, signal=12%	
GOBP_INSULIN_RECEPTOR_RECYCLING	GOBP_INSULIN_RECEPTOR_RECYCLING		15	0.27911797	0.661819	0.9275053	1.0	1.0	4303	tags=7%, list=12%, signal=8%	
GOBP_POSITIVE_REGULATION_OF_ALPHA_BETA_T_CELL_ACTIVATION	GOBP_POSITIVE_REGULATION_OF_ALPHA_BETA_T_CELL_ACTIVATION		71	0.19807595	0.660798	0.99728996	1.0	1.0	7145	tags=13%, list=19%, signal=16%	
GOBP_MORPHOGENESIS_OF_A_POLARIZED_EPITHELIUM	GOBP_MORPHOGENESIS_OF_A_POLARIZED_EPITHELIUM		60	0.2038792	0.6604582	0.9949622	1.0	1.0	10737	tags=23%, list=29%, signal=33%	
GOBP_ENDODERMAL_CELL_DIFFERENTIATION	GOBP_ENDODERMAL_CELL_DIFFERENTIATION		41	0.2182815	0.6604369	0.97	1.0	1.0	11075	tags=24%, list=30%, signal=35%	
GOBP_POSITIVE_REGULATION_OF_MRNA_METABOLIC_PROCESS	GOBP_POSITIVE_REGULATION_OF_MRNA_METABOLIC_PROCESS		149	0.17749533	0.6600873	1.0	1.0	1.0	15805	tags=38%, list=43%, signal=65%	
GOBP_VESICLE_TETHERING	GOBP_VESICLE_TETHERING		32	0.22864057	0.6596649	0.9577465	1.0	1.0	15287	tags=28%, list=41%, signal=48%	
GOBP_TISSUE_HOMEOSTASIS	GOBP_TISSUE_HOMEOSTASIS		294	0.16433303	0.65951097	1.0	1.0	1.0	10187	tags=20%, list=28%, signal=27%	
GOBP_NEGATIVE_REGULATION_OF_RESPONSE_TO_CYTOKINE_STIMULUS	GOBP_NEGATIVE_REGULATION_OF_RESPONSE_TO_CYTOKINE_STIMULUS		91	0.18703587	0.65937924	1.0	1.0	1.0	2907	tags=4%, list=8%, signal=5%	
GOBP_INOSITOL_PHOSPHATE_BIOSYNTHETIC_PROCESS	GOBP_INOSITOL_PHOSPHATE_BIOSYNTHETIC_PROCESS		31	0.22971895	0.65884733	0.98263025	1.0	1.0	15461	tags=42%, list=42%, signal=72%	
GOBP_NEGATIVE_REGULATION_OF_DNA_REPLICATION	GOBP_NEGATIVE_REGULATION_OF_DNA_REPLICATION		19	0.25737464	0.6581342	0.9402655	1.0	1.0	10753	tags=21%, list=29%, signal=30%	
GOBP_EMBRYONIC_AXIS_SPECIFICATION	GOBP_EMBRYONIC_AXIS_SPECIFICATION		43	0.21375382	0.657706	0.9896104	1.0	1.0	8723	tags=21%, list=24%, signal=27%	
GOBP_REGULATION_OF_VASCULAR_PERMEABILITY	GOBP_REGULATION_OF_VASCULAR_PERMEABILITY		53	0.20971085	0.6576192	0.98762375	1.0	1.0	624	tags=4%, list=2%, signal=4%	
GOBP_POSITIVE_REGULATION_OF_CATALYTIC_ACTIVITY	GOBP_POSITIVE_REGULATION_OF_CATALYTIC_ACTIVITY		431	0.15901224	0.65729415	1.0	1.0	1.0	1964	tags=3%, list=5%, signal=3%	
GOBP_ALCOHOL_CATABOLIC_PROCESS	GOBP_ALCOHOL_CATABOLIC_PROCESS		30	0.23130256	0.6568324	0.9670051	1.0	1.0	14936	tags=53%, list=40%, signal=89%	
GOBP_SUPEROXIDE_METABOLIC_PROCESS	GOBP_SUPEROXIDE_METABOLIC_PROCESS		72	0.19531247	0.6564068	0.994709	1.0	1.0	11056	tags=19%, list=30%, signal=28%	
GOBP_NEGATIVE_REGULATION_OF_ACTIN_FILAMENT_DEPOLYMERIZATION	GOBP_NEGATIVE_REGULATION_OF_ACTIN_FILAMENT_DEPOLYMERIZATION		47	0.21016379	0.6557378	0.9870801	1.0	1.0	5587	tags=9%, list=15%, signal=10%	
GOBP_HEAD_MORPHOGENESIS	GOBP_HEAD_MORPHOGENESIS		48	0.21224576	0.6554972	0.9825	1.0	1.0	16664	tags=46%, list=45%, signal=83%	
GOBP_RESPONSE_TO_FORSKOLIN	GOBP_RESPONSE_TO_FORSKOLIN		24	0.24209549	0.6551996	0.9445783	1.0	1.0	7383	tags=21%, list=20%, signal=26%	
GOBP_PROTEIN_INSERTION_INTO_MITOCHONDRIAL_INNER_MEMBRANE	GOBP_PROTEIN_INSERTION_INTO_MITOCHONDRIAL_INNER_MEMBRANE		17	0.26260534	0.6548279	0.9293362	1.0	1.0	15664	tags=53%, list=42%, signal=92%	
GOBP_GLYCOSAMINOGLYCAN_METABOLIC_PROCESS	GOBP_GLYCOSAMINOGLYCAN_METABOLIC_PROCESS		68	0.1953341	0.65474266	0.9940299	1.0	1.0	14777	tags=37%, list=40%, signal=61%	
GOBP_VASCULOGENESIS	GOBP_VASCULOGENESIS		99	0.18639666	0.65457404	0.99691355	1.0	1.0	10187	tags=18%, list=28%, signal=25%	
GOBP_RAB_PROTEIN_SIGNAL_TRANSDUCTION	GOBP_RAB_PROTEIN_SIGNAL_TRANSDUCTION		24	0.243826	0.6545141	0.96458334	1.0	1.0	1872	tags=4%, list=5%, signal=4%	
GOBP_MUSCLE_CELL_MIGRATION	GOBP_MUSCLE_CELL_MIGRATION		134	0.1800081	0.6544563	1.0	1.0	1.0	4881	tags=7%, list=13%, signal=8%	
GOBP_POSITIVE_REGULATION_OF_COAGULATION	GOBP_POSITIVE_REGULATION_OF_COAGULATION		31	0.23039213	0.6543901	0.9708029	1.0	1.0	8841	tags=23%, list=24%, signal=30%	
GOBP_NON_MOTILE_CILIUM_ASSEMBLY	GOBP_NON_MOTILE_CILIUM_ASSEMBLY		72	0.19802639	0.65423596	0.99418604	1.0	1.0	48	tags=1%, list=0%, signal=1%	
GOBP_NEGATIVE_REGULATION_OF_BONE_REMODELING	GOBP_NEGATIVE_REGULATION_OF_BONE_REMODELING		22	0.24670869	0.65421444	0.92740047	1.0	1.0	6695	tags=18%, list=18%, signal=22%	
GOBP_IMP_METABOLIC_PROCESS	GOBP_IMP_METABOLIC_PROCESS		22	0.24420519	0.6540216	0.9511628	1.0	1.0	3900	tags=9%, list=11%, signal=10%	
GOBP_CELLULAR_RESPONSE_TO_HYDROGEN_PEROXIDE	GOBP_CELLULAR_RESPONSE_TO_HYDROGEN_PEROXIDE		78	0.19091775	0.6538007	1.0	1.0	1.0	910	tags=3%, list=2%, signal=3%	
GOBP_ATP_BIOSYNTHETIC_PROCESS	GOBP_ATP_BIOSYNTHETIC_PROCESS		100	0.18380252	0.6537119	1.0	1.0	1.0	18048	tags=53%, list=49%, signal=103%	
GOBP_POSITIVE_REGULATION_OF_FATTY_ACID_BIOSYNTHETIC_PROCESS	GOBP_POSITIVE_REGULATION_OF_FATTY_ACID_BIOSYNTHETIC_PROCESS		31	0.23109278	0.6534833	0.9807692	1.0	1.0	3656	tags=10%, list=10%, signal=11%	
GOBP_REGULATION_OF_HORMONE_METABOLIC_PROCESS	GOBP_REGULATION_OF_HORMONE_METABOLIC_PROCESS		46	0.21126515	0.65311533	0.984375	1.0	1.0	7419	tags=13%, list=20%, signal=16%	
GOBP_ACTIN_FILAMENT_BUNDLE_ORGANIZATION	GOBP_ACTIN_FILAMENT_BUNDLE_ORGANIZATION		185	0.17110309	0.6530307	1.0	1.0	1.0	9784	tags=12%, list=26%, signal=17%	
GOBP_ENDOTHELIUM_DEVELOPMENT	GOBP_ENDOTHELIUM_DEVELOPMENT		146	0.1757782	0.652509	1.0	1.0	1.0	16042	tags=36%, list=43%, signal=64%	
GOBP_DEPHOSPHORYLATION	GOBP_DEPHOSPHORYLATION		161	0.1718028	0.65110314	1.0	1.0	1.0	5716	tags=6%, list=15%, signal=7%	
GOBP_T_CELL_MIGRATION	GOBP_T_CELL_MIGRATION		67	0.19523026	0.6510744	0.99415207	1.0	1.0	5008	tags=9%, list=14%, signal=10%	
GOBP_PROTEIN_K11_LINKED_UBIQUITINATION	GOBP_PROTEIN_K11_LINKED_UBIQUITINATION		39	0.21384174	0.6505419	0.9772152	1.0	1.0	17941	tags=54%, list=49%, signal=105%	
GOBP_MAMMARY_GLAND_DEVELOPMENT	GOBP_MAMMARY_GLAND_DEVELOPMENT		176	0.17136072	0.6501423	1.0	1.0	1.0	10301	tags=22%, list=28%, signal=31%	
GOBP_POSITIVE_REGULATION_OF_NON_CANONICAL_WNT_SIGNALING_PATHWAY	GOBP_POSITIVE_REGULATION_OF_NON_CANONICAL_WNT_SIGNALING_PATHWAY		16	0.270115	0.64981866	0.9439462	1.0	1.0	805	tags=6%, list=2%, signal=6%	
GOBP_POSITIVE_REGULATION_OF_NF_KAPPAB_TRANSCRIPTION_FACTOR_ACTIVITY	GOBP_POSITIVE_REGULATION_OF_NF_KAPPAB_TRANSCRIPTION_FACTOR_ACTIVITY		97	0.18330285	0.6495513	1.0	1.0	1.0	3711	tags=5%, list=10%, signal=6%	
GOBP_FATTY_ACID_DERIVATIVE_CATABOLIC_PROCESS	GOBP_FATTY_ACID_DERIVATIVE_CATABOLIC_PROCESS		27	0.23399726	0.64909655	0.968599	1.0	1.0	2964	tags=7%, list=8%, signal=8%	
GOBP_METHYLATION	GOBP_METHYLATION		206	0.1678488	0.64785445	1.0	1.0	1.0	16540	tags=44%, list=45%, signal=80%	
GOBP_POSITIVE_REGULATION_OF_T_CELL_APOPTOTIC_PROCESS	GOBP_POSITIVE_REGULATION_OF_T_CELL_APOPTOTIC_PROCESS		15	0.2664219	0.64741504	0.9273128	1.0	1.0	6840	tags=13%, list=19%, signal=16%	
GOBP_NEGATIVE_REGULATION_OF_DOUBLE_STRAND_BREAK_REPAIR_VIA_HOMOLOGOUS_RECOMBINATION	GOBP_NEGATIVE_REGULATION_OF_DOUBLE_STRAND_BREAK_REPAIR_VIA_HOMOLOGOUS_RECOMBINATION		29	0.22981207	0.64740974	0.9721578	1.0	1.0	15042	tags=41%, list=41%, signal=70%	
GOBP_CATECHOL_CONTAINING_COMPOUND_METABOLIC_PROCESS	GOBP_CATECHOL_CONTAINING_COMPOUND_METABOLIC_PROCESS		57	0.20203222	0.64712775	0.9844961	1.0	1.0	11132	tags=32%, list=30%, signal=45%	
GOBP_COLLAGEN_METABOLIC_PROCESS	GOBP_COLLAGEN_METABOLIC_PROCESS		132	0.17637189	0.6468346	1.0	1.0	1.0	9865	tags=20%, list=27%, signal=27%	
GOBP_POLARIZED_EPITHELIAL_CELL_DIFFERENTIATION	GOBP_POLARIZED_EPITHELIAL_CELL_DIFFERENTIATION		23	0.24282312	0.6467747	0.96585363	1.0	1.0	2283	tags=4%, list=6%, signal=5%	
GOBP_PYRIMIDINE_CONTAINING_COMPOUND_METABOLIC_PROCESS	GOBP_PYRIMIDINE_CONTAINING_COMPOUND_METABOLIC_PROCESS		61	0.19955412	0.6464323	0.9973684	1.0	1.0	6953	tags=10%, list=19%, signal=12%	
GOBP_REGULATION_OF_INTRACELLULAR_PROTEIN_TRANSPORT	GOBP_REGULATION_OF_INTRACELLULAR_PROTEIN_TRANSPORT		175	0.16872774	0.6458829	1.0	1.0	1.0	16458	tags=40%, list=45%, signal=72%	
GOBP_REGULATION_OF_NOTCH_SIGNALING_PATHWAY	GOBP_REGULATION_OF_NOTCH_SIGNALING_PATHWAY		94	0.18485193	0.64559954	1.0	1.0	1.0	2072	tags=3%, list=6%, signal=3%	
GOBP_POSITIVE_REGULATION_OF_ACTIN_FILAMENT_BUNDLE_ASSEMBLY	GOBP_POSITIVE_REGULATION_OF_ACTIN_FILAMENT_BUNDLE_ASSEMBLY		68	0.19444545	0.64547044	1.0	1.0	1.0	3351	tags=4%, list=9%, signal=5%	
GOBP_POSITIVE_REGULATION_OF_VIRAL_LIFE_CYCLE	GOBP_POSITIVE_REGULATION_OF_VIRAL_LIFE_CYCLE		23	0.24145372	0.64536816	0.9590909	1.0	1.0	4068	tags=9%, list=11%, signal=10%	
GOBP_TISSUE_REGENERATION	GOBP_TISSUE_REGENERATION		85	0.18578888	0.64517325	0.99715906	1.0	1.0	5453	tags=9%, list=15%, signal=11%	
GOBP_LIPOPROTEIN_BIOSYNTHETIC_PROCESS	GOBP_LIPOPROTEIN_BIOSYNTHETIC_PROCESS		58	0.19975461	0.64494175	0.98626375	1.0	1.0	15442	tags=34%, list=42%, signal=59%	
GOBP_POSITIVE_REGULATION_OF_KINASE_ACTIVITY	GOBP_POSITIVE_REGULATION_OF_KINASE_ACTIVITY		216	0.16573052	0.64469653	1.0	1.0	1.0	7419	tags=11%, list=20%, signal=13%	
GOBP_RESPONSE_TO_VIRUS	GOBP_RESPONSE_TO_VIRUS		399	0.15706243	0.6445962	1.0	1.0	1.0	11150	tags=18%, list=30%, signal=26%	
GOBP_MYELOID_LEUKOCYTE_ACTIVATION	GOBP_MYELOID_LEUKOCYTE_ACTIVATION		271	0.16132022	0.6444934	1.0	1.0	1.0	5702	tags=8%, list=15%, signal=10%	
GOBP_POSITIVE_REGULATION_OF_WOUND_HEALING	GOBP_POSITIVE_REGULATION_OF_WOUND_HEALING		63	0.19666398	0.64435804	0.9945946	1.0	1.0	9401	tags=16%, list=25%, signal=21%	
GOBP_REGULATION_OF_HUMORAL_IMMUNE_RESPONSE_MEDIATED_BY_CIRCULATING_IMMUNOGLOBULIN	GOBP_REGULATION_OF_HUMORAL_IMMUNE_RESPONSE_MEDIATED_BY_CIRCULATING_IMMUNOGLOBULIN		15	0.27076212	0.64430296	0.9187359	1.0	1.0	5536	tags=20%, list=15%, signal=24%	
GOBP_REGULATION_OF_RELEASE_OF_CYTOCHROME_C_FROM_MITOCHONDRIA	GOBP_REGULATION_OF_RELEASE_OF_CYTOCHROME_C_FROM_MITOCHONDRIA		49	0.20485163	0.6442861	0.9924433	1.0	1.0	15451	tags=37%, list=42%, signal=63%	
GOBP_POSITIVE_REGULATION_OF_HIPPO_SIGNALING	GOBP_POSITIVE_REGULATION_OF_HIPPO_SIGNALING		22	0.24086763	0.6437708	0.9609544	1.0	1.0	28055	tags=100%, list=76%, signal=415%	
GOBP_REGULATION_OF_MORPHOGENESIS_OF_A_BRANCHING_STRUCTURE	GOBP_REGULATION_OF_MORPHOGENESIS_OF_A_BRANCHING_STRUCTURE		65	0.1951663	0.6437018	1.0	1.0	1.0	10602	tags=23%, list=29%, signal=32%	
GOBP_EPITHELIAL_CELL_DIFFERENTIATION_INVOLVED_IN_KIDNEY_DEVELOPMENT	GOBP_EPITHELIAL_CELL_DIFFERENTIATION_INVOLVED_IN_KIDNEY_DEVELOPMENT		50	0.2036141	0.64318377	0.98329353	1.0	1.0	10891	tags=24%, list=29%, signal=34%	
GOBP_NEGATIVE_REGULATION_OF_T_CELL_MEDIATED_IMMUNITY	GOBP_NEGATIVE_REGULATION_OF_T_CELL_MEDIATED_IMMUNITY		32	0.22313674	0.6430007	0.98160917	1.0	1.0	6997	tags=16%, list=19%, signal=19%	
GOBP_APICAL_PROTEIN_LOCALIZATION	GOBP_APICAL_PROTEIN_LOCALIZATION		15	0.26798627	0.64299005	0.9164786	1.0	1.0	17642	tags=73%, list=48%, signal=140%	
GOBP_PROTEIN_N_LINKED_GLYCOSYLATION	GOBP_PROTEIN_N_LINKED_GLYCOSYLATION		88	0.18479529	0.6428742	1.0	1.0	1.0	16417	tags=49%, list=44%, signal=88%	
GOBP_REGULATION_OF_APPETITE	GOBP_REGULATION_OF_APPETITE		23	0.2440679	0.6422193	0.97906977	1.0	1.0	9881	tags=35%, list=27%, signal=47%	
GOBP_POSITIVE_REGULATION_OF_FOCAL_ADHESION_ASSEMBLY	GOBP_POSITIVE_REGULATION_OF_FOCAL_ADHESION_ASSEMBLY		34	0.21931525	0.6421237	0.98156685	1.0	1.0	1392	tags=3%, list=4%, signal=3%	
GOBP_REGULATION_OF_HEMOPOIESIS	GOBP_REGULATION_OF_HEMOPOIESIS		423	0.15576349	0.64208853	1.0	1.0	1.0	5723	tags=8%, list=15%, signal=9%	
GOBP_POSITIVE_REGULATION_OF_EPITHELIAL_CELL_PROLIFERATION	GOBP_POSITIVE_REGULATION_OF_EPITHELIAL_CELL_PROLIFERATION		209	0.16595404	0.64169586	1.0	1.0	1.0	11122	tags=22%, list=30%, signal=31%	
GOBP_REGULATION_OF_EXTRINSIC_APOPTOTIC_SIGNALING_PATHWAY_VIA_DEATH_DOMAIN_RECEPTORS	GOBP_REGULATION_OF_EXTRINSIC_APOPTOTIC_SIGNALING_PATHWAY_VIA_DEATH_DOMAIN_RECEPTORS		50	0.20413311	0.6415758	0.9892761	1.0	1.0	1962	tags=4%, list=5%, signal=4%	
GOBP_EMBRYONIC_FORELIMB_MORPHOGENESIS	GOBP_EMBRYONIC_FORELIMB_MORPHOGENESIS		33	0.22422938	0.6410953	0.97619045	1.0	1.0	2212	tags=6%, list=6%, signal=6%	
GOBP_STEROL_HOMEOSTASIS	GOBP_STEROL_HOMEOSTASIS		106	0.18090928	0.641042	0.9937107	1.0	1.0	10986	tags=26%, list=30%, signal=37%	
GOBP_NEGATIVE_REGULATION_OF_MUSCLE_CELL_APOPTOTIC_PROCESS	GOBP_NEGATIVE_REGULATION_OF_MUSCLE_CELL_APOPTOTIC_PROCESS		73	0.18986724	0.6407441	1.0	1.0	1.0	9393	tags=16%, list=25%, signal=22%	
GOBP_CELLULAR_RESPONSE_TO_INSULIN_STIMULUS	GOBP_CELLULAR_RESPONSE_TO_INSULIN_STIMULUS		245	0.16116495	0.64053875	1.0	1.0	1.0	8559	tags=11%, list=23%, signal=15%	
GOBP_POSITIVE_REGULATION_OF_NOTCH_SIGNALING_PATHWAY	GOBP_POSITIVE_REGULATION_OF_NOTCH_SIGNALING_PATHWAY		41	0.21319355	0.6405238	0.99308753	1.0	1.0	418	tags=2%, list=1%, signal=2%	
GOBP_LYMPHOCYTE_DIFFERENTIATION	GOBP_LYMPHOCYTE_DIFFERENTIATION		448	0.15139084	0.6402959	1.0	1.0	1.0	5619	tags=8%, list=15%, signal=9%	
GOBP_POSITIVE_REGULATION_OF_PRODUCTION_OF_MOLECULAR_MEDIATOR_OF_IMMUNE_RESPONSE	GOBP_POSITIVE_REGULATION_OF_PRODUCTION_OF_MOLECULAR_MEDIATOR_OF_IMMUNE_RESPONSE		123	0.17795154	0.63990134	1.0	1.0	1.0	5536	tags=9%, list=15%, signal=10%	
GOBP_CELLULAR_RESPONSE_TO_TOPOLOGICALLY_INCORRECT_PROTEIN	GOBP_CELLULAR_RESPONSE_TO_TOPOLOGICALLY_INCORRECT_PROTEIN		117	0.17684999	0.63989794	0.9970588	1.0	1.0	17116	tags=44%, list=46%, signal=81%	
GOBP_REGULATION_OF_LONG_TERM_NEURONAL_SYNAPTIC_PLASTICITY	GOBP_REGULATION_OF_LONG_TERM_NEURONAL_SYNAPTIC_PLASTICITY		34	0.21634682	0.6393848	0.97953963	1.0	1.0	10297	tags=24%, list=28%, signal=33%	
GOBP_REVERSE_CHOLESTEROL_TRANSPORT	GOBP_REVERSE_CHOLESTEROL_TRANSPORT		16	0.26393875	0.63905644	0.9435666	1.0	1.0	12009	tags=44%, list=32%, signal=65%	
GOBP_REGULATION_OF_KETONE_METABOLIC_PROCESS	GOBP_REGULATION_OF_KETONE_METABOLIC_PROCESS		154	0.16868228	0.6387024	1.0	1.0	1.0	3656	tags=6%, list=10%, signal=6%	
GOBP_ERAD_PATHWAY	GOBP_ERAD_PATHWAY		107	0.17957139	0.6385859	1.0	1.0	1.0	18006	tags=54%, list=49%, signal=105%	
GOBP_REGULATION_OF_NEUTROPHIL_MIGRATION	GOBP_REGULATION_OF_NEUTROPHIL_MIGRATION		47	0.20744811	0.6383079	0.99509805	1.0	1.0	9597	tags=23%, list=26%, signal=32%	
GOBP_REGULATION_OF_SKELETAL_MUSCLE_ACETYLCHOLINE_GATED_CHANNEL_CLUSTERING	GOBP_REGULATION_OF_SKELETAL_MUSCLE_ACETYLCHOLINE_GATED_CHANNEL_CLUSTERING		15	0.27297735	0.63828796	0.9246575	1.0	1.0	16303	tags=60%, list=44%, signal=107%	
GOBP_PHOTORECEPTOR_CELL_MAINTENANCE	GOBP_PHOTORECEPTOR_CELL_MAINTENANCE		48	0.20454894	0.6374243	0.99036145	1.0	1.0	509	tags=4%, list=1%, signal=4%	
GOBP_REGULATION_OF_ALPHA_BETA_T_CELL_DIFFERENTIATION	GOBP_REGULATION_OF_ALPHA_BETA_T_CELL_DIFFERENTIATION		80	0.18694004	0.6373127	0.997191	1.0	1.0	4970	tags=9%, list=13%, signal=10%	
GOBP_NEGATIVE_REGULATION_OF_SMALL_MOLECULE_METABOLIC_PROCESS	GOBP_NEGATIVE_REGULATION_OF_SMALL_MOLECULE_METABOLIC_PROCESS		121	0.17766918	0.6365464	1.0	1.0	1.0	10925	tags=22%, list=30%, signal=32%	
GOBP_REGULATION_OF_T_CELL_DIFFERENTIATION	GOBP_REGULATION_OF_T_CELL_DIFFERENTIATION		186	0.16789217	0.63579273	1.0	1.0	1.0	5563	tags=9%, list=15%, signal=10%	
GOBP_T_HELPER_1_TYPE_IMMUNE_RESPONSE	GOBP_T_HELPER_1_TYPE_IMMUNE_RESPONSE		52	0.20045051	0.63577724	0.9974811	1.0	1.0	10061	tags=23%, list=27%, signal=32%	
GOBP_EPITHELIAL_TUBE_FORMATION	GOBP_EPITHELIAL_TUBE_FORMATION		162	0.1700103	0.63547593	1.0	1.0	1.0	16837	tags=49%, list=46%, signal=90%	
GOBP_NEGATIVE_REGULATION_OF_ENDOCYTOSIS	GOBP_NEGATIVE_REGULATION_OF_ENDOCYTOSIS		71	0.18887101	0.63519436	0.9971671	1.0	1.0	5429	tags=10%, list=15%, signal=12%	
GOBP_NEGATIVE_REGULATION_OF_STEM_CELL_POPULATION_MAINTENANCE	GOBP_NEGATIVE_REGULATION_OF_STEM_CELL_POPULATION_MAINTENANCE		25	0.23618603	0.6346294	0.96428573	1.0	1.0	14922	tags=40%, list=40%, signal=67%	
GOBP_REGULATION_OF_SYNAPSE_MATURATION	GOBP_REGULATION_OF_SYNAPSE_MATURATION		32	0.223409	0.63432866	0.97761196	1.0	1.0	7279	tags=19%, list=20%, signal=23%	
GOBP_T_CELL_DIFFERENTIATION	GOBP_T_CELL_DIFFERENTIATION		337	0.15625067	0.63431287	1.0	1.0	1.0	5563	tags=8%, list=15%, signal=10%	
GOBP_POSITIVE_REGULATION_OF_LIPID_BIOSYNTHETIC_PROCESS	GOBP_POSITIVE_REGULATION_OF_LIPID_BIOSYNTHETIC_PROCESS		119	0.17489026	0.6341648	1.0	1.0	1.0	10963	tags=24%, list=30%, signal=33%	
GOBP_VESICLE_MEDIATED_TRANSPORT_BETWEEN_ENDOSOMAL_COMPARTMENTS	GOBP_VESICLE_MEDIATED_TRANSPORT_BETWEEN_ENDOSOMAL_COMPARTMENTS		49	0.20142554	0.63398015	0.98740554	1.0	1.0	29517	tags=100%, list=80%, signal=496%	
GOBP_CELLULAR_RESPONSE_TO_LITHIUM_ION	GOBP_CELLULAR_RESPONSE_TO_LITHIUM_ION		15	0.25693217	0.6337735	0.9439462	1.0	1.0	10943	tags=40%, list=30%, signal=57%	
GOBP_REGULATION_OF_MICROTUBULE_BASED_PROCESS	GOBP_REGULATION_OF_MICROTUBULE_BASED_PROCESS		272	0.15782496	0.6336489	1.0	1.0	1.0	5283	tags=7%, list=14%, signal=8%	
GOBP_ENERGY_RESERVE_METABOLIC_PROCESS	GOBP_ENERGY_RESERVE_METABOLIC_PROCESS		105	0.17723298	0.63364875	1.0	1.0	1.0	16412	tags=45%, list=44%, signal=80%	
GOBP_ASTROCYTE_DEVELOPMENT	GOBP_ASTROCYTE_DEVELOPMENT		39	0.2116832	0.633436	0.99242425	1.0	1.0	4595	tags=8%, list=12%, signal=9%	
GOBP_REGULATION_OF_REACTIVE_OXYGEN_SPECIES_BIOSYNTHETIC_PROCESS	GOBP_REGULATION_OF_REACTIVE_OXYGEN_SPECIES_BIOSYNTHETIC_PROCESS		52	0.19852321	0.6328361	0.9893899	1.0	1.0	8021	tags=15%, list=22%, signal=20%	
GOBP_REGULATION_OF_INTRINSIC_APOPTOTIC_SIGNALING_PATHWAY	GOBP_REGULATION_OF_INTRINSIC_APOPTOTIC_SIGNALING_PATHWAY		192	0.16268064	0.6326966	1.0	1.0	1.0	2407	tags=3%, list=7%, signal=3%	
GOBP_BONE_RESORPTION	GOBP_BONE_RESORPTION		79	0.18514548	0.6324887	1.0	1.0	1.0	10059	tags=23%, list=27%, signal=31%	
GOBP_EMBRYONIC_HEART_TUBE_DEVELOPMENT	GOBP_EMBRYONIC_HEART_TUBE_DEVELOPMENT		93	0.18056576	0.6324023	1.0	1.0	1.0	14466	tags=37%, list=39%, signal=60%	
GOBP_EXTRINSIC_APOPTOTIC_SIGNALING_PATHWAY	GOBP_EXTRINSIC_APOPTOTIC_SIGNALING_PATHWAY		247	0.1600976	0.6316647	1.0	1.0	1.0	9567	tags=15%, list=26%, signal=20%	
GOBP_AMINOGLYCAN_BIOSYNTHETIC_PROCESS	GOBP_AMINOGLYCAN_BIOSYNTHETIC_PROCESS		39	0.21434045	0.6316515	0.9829684	1.0	1.0	14618	tags=36%, list=40%, signal=59%	
GOBP_PERICARDIUM_DEVELOPMENT	GOBP_PERICARDIUM_DEVELOPMENT		26	0.22817253	0.6312471	0.9662651	1.0	1.0	10911	tags=27%, list=30%, signal=38%	
GOBP_PURINE_NUCLEOBASE_METABOLIC_PROCESS	GOBP_PURINE_NUCLEOBASE_METABOLIC_PROCESS		21	0.24152137	0.6308742	0.9584296	1.0	1.0	10400	tags=24%, list=28%, signal=33%	
GOBP_SPHINGOLIPID_METABOLIC_PROCESS	GOBP_SPHINGOLIPID_METABOLIC_PROCESS		154	0.16779874	0.63080305	1.0	1.0	1.0	7452	tags=12%, list=20%, signal=15%	
GOBP_NEGATIVE_REGULATION_OF_EXTRINSIC_APOPTOTIC_SIGNALING_PATHWAY	GOBP_NEGATIVE_REGULATION_OF_EXTRINSIC_APOPTOTIC_SIGNALING_PATHWAY		105	0.17755726	0.63057387	1.0	1.0	1.0	9856	tags=18%, list=27%, signal=25%	
GOBP_CARDIAC_NEURAL_CREST_CELL_DEVELOPMENT_INVOLVED_IN_OUTFLOW_TRACT_MORPHOGENESIS	GOBP_CARDIAC_NEURAL_CREST_CELL_DEVELOPMENT_INVOLVED_IN_OUTFLOW_TRACT_MORPHOGENESIS		15	0.26473832	0.6303973	0.9217391	1.0	1.0	14331	tags=47%, list=39%, signal=76%	
GOBP_WOUND_HEALING_SPREADING_OF_EPIDERMAL_CELLS	GOBP_WOUND_HEALING_SPREADING_OF_EPIDERMAL_CELLS		24	0.22950684	0.6292458	0.9704546	1.0	1.0	28475	tags=100%, list=77%, signal=436%	
GOBP_ANIMAL_ORGAN_REGENERATION	GOBP_ANIMAL_ORGAN_REGENERATION		64	0.19087926	0.62763095	1.0	1.0	1.0	5125	tags=9%, list=14%, signal=11%	
GOBP_NEGATIVE_REGULATION_OF_CARTILAGE_DEVELOPMENT	GOBP_NEGATIVE_REGULATION_OF_CARTILAGE_DEVELOPMENT		30	0.22533622	0.6274333	0.9736842	1.0	1.0	9073	tags=27%, list=25%, signal=35%	
GOBP_RESPONSE_TO_HYDROGEN_PEROXIDE	GOBP_RESPONSE_TO_HYDROGEN_PEROXIDE		115	0.17368719	0.62725013	1.0	1.0	1.0	910	tags=3%, list=2%, signal=3%	
GOBP_ALPHA_BETA_T_CELL_DIFFERENTIATION	GOBP_ALPHA_BETA_T_CELL_DIFFERENTIATION		147	0.17147587	0.6261608	1.0	1.0	1.0	4970	tags=10%, list=13%, signal=11%	
GOBP_NUCLEAR_TRANSPORT	GOBP_NUCLEAR_TRANSPORT		358	0.15326077	0.6261477	1.0	1.0	1.0	17617	tags=44%, list=48%, signal=83%	
GOBP_POSITIVE_REGULATION_OF_PHOSPHORYLATION	GOBP_POSITIVE_REGULATION_OF_PHOSPHORYLATION		450	0.15193906	0.6261392	1.0	1.0	1.0	5724	tags=8%, list=15%, signal=9%	
GOBP_NEGATIVE_REGULATION_OF_PROTEIN_CONTAINING_COMPLEX_DISASSEMBLY	GOBP_NEGATIVE_REGULATION_OF_PROTEIN_CONTAINING_COMPLEX_DISASSEMBLY		94	0.18054864	0.62581664	1.0	1.0	1.0	5622	tags=7%, list=15%, signal=9%	
GOBP_MESONEPHROS_DEVELOPMENT	GOBP_MESONEPHROS_DEVELOPMENT		115	0.17256857	0.62554795	1.0	1.0	1.0	10577	tags=25%, list=29%, signal=35%	
GOBP_HAIR_CELL_DIFFERENTIATION	GOBP_HAIR_CELL_DIFFERENTIATION		64	0.19044113	0.6250012	1.0	1.0	1.0	9990	tags=20%, list=27%, signal=28%	
GOBP_SPECIFICATION_OF_SYMMETRY	GOBP_SPECIFICATION_OF_SYMMETRY		139	0.16847874	0.6244185	1.0	1.0	1.0	11101	tags=24%, list=30%, signal=35%	
GOBP_REGULATION_OF_ENDOTHELIAL_CELL_MIGRATION	GOBP_REGULATION_OF_ENDOTHELIAL_CELL_MIGRATION		172	0.16514242	0.6243432	1.0	1.0	1.0	10257	tags=17%, list=28%, signal=23%	
GOBP_REGULATION_OF_SPINDLE_ASSEMBLY	GOBP_REGULATION_OF_SPINDLE_ASSEMBLY		33	0.20997892	0.62360847	0.98507464	1.0	1.0	29198	tags=100%, list=79%, signal=476%	
GOBP_PYRIMIDINE_DEOXYRIBONUCLEOTIDE_METABOLIC_PROCESS	GOBP_PYRIMIDINE_DEOXYRIBONUCLEOTIDE_METABOLIC_PROCESS		19	0.24545366	0.6233842	0.95381063	1.0	1.0	6391	tags=11%, list=17%, signal=13%	
GOBP_REGULATION_OF_CELL_SUBSTRATE_JUNCTION_ORGANIZATION	GOBP_REGULATION_OF_CELL_SUBSTRATE_JUNCTION_ORGANIZATION		75	0.18362889	0.6230634	1.0	1.0	1.0	4876	tags=5%, list=13%, signal=6%	
GOBP_REGULATION_OF_CELL_MIGRATION_INVOLVED_IN_SPROUTING_ANGIOGENESIS	GOBP_REGULATION_OF_CELL_MIGRATION_INVOLVED_IN_SPROUTING_ANGIOGENESIS		41	0.20878923	0.6229367	0.9851852	1.0	1.0	10096	tags=17%, list=27%, signal=23%	
GOBP_GLYCOPROTEIN_CATABOLIC_PROCESS	GOBP_GLYCOPROTEIN_CATABOLIC_PROCESS		39	0.2100641	0.62267303	0.98507464	1.0	1.0	5241	tags=8%, list=14%, signal=9%	
GOBP_MESODERM_MORPHOGENESIS	GOBP_MESODERM_MORPHOGENESIS		72	0.18766302	0.6224528	1.0	1.0	1.0	11075	tags=21%, list=30%, signal=30%	
GOBP_HINDBRAIN_MORPHOGENESIS	GOBP_HINDBRAIN_MORPHOGENESIS		60	0.1916348	0.6219551	0.9974293	1.0	1.0	10187	tags=20%, list=28%, signal=28%	
GOBP_CAMP_BIOSYNTHETIC_PROCESS	GOBP_CAMP_BIOSYNTHETIC_PROCESS		17	0.2559423	0.62162447	0.9558824	1.0	1.0	8479	tags=29%, list=23%, signal=38%	
GOBP_CELLULAR_HYPEROSMOTIC_RESPONSE	GOBP_CELLULAR_HYPEROSMOTIC_RESPONSE		23	0.23381631	0.62100655	0.9736842	1.0	1.0	2135	tags=4%, list=6%, signal=5%	
GOBP_VESICLE_TARGETING_ROUGH_ER_TO_CIS_GOLGI	GOBP_VESICLE_TARGETING_ROUGH_ER_TO_CIS_GOLGI		20	0.2417273	0.6204501	0.9785714	1.0	1.0	3919	tags=5%, list=11%, signal=6%	
GOBP_CELLULAR_RESPONSE_TO_REACTIVE_OXYGEN_SPECIES	GOBP_CELLULAR_RESPONSE_TO_REACTIVE_OXYGEN_SPECIES		149	0.16694449	0.61925685	1.0	1.0	1.0	4609	tags=6%, list=12%, signal=7%	
GOBP_STRESS_FIBER_ASSEMBLY	GOBP_STRESS_FIBER_ASSEMBLY		119	0.17035748	0.6187288	1.0	1.0	1.0	3622	tags=4%, list=10%, signal=5%	
GOBP_REGULATION_OF_REACTIVE_OXYGEN_SPECIES_METABOLIC_PROCESS	GOBP_REGULATION_OF_REACTIVE_OXYGEN_SPECIES_METABOLIC_PROCESS		155	0.1650464	0.6183604	1.0	1.0	1.0	11002	tags=18%, list=30%, signal=26%	
GOBP_RESPONSE_TO_OSMOTIC_STRESS	GOBP_RESPONSE_TO_OSMOTIC_STRESS		98	0.17399484	0.6182098	1.0	1.0	1.0	4743	tags=7%, list=13%, signal=8%	
GOBP_PYRIMIDINE_CONTAINING_COMPOUND_CATABOLIC_PROCESS	GOBP_PYRIMIDINE_CONTAINING_COMPOUND_CATABOLIC_PROCESS		19	0.24254137	0.61743325	0.9717391	1.0	1.0	6391	tags=16%, list=17%, signal=19%	
GOBP_POSITIVE_REGULATION_OF_POST_TRANSLATIONAL_PROTEIN_MODIFICATION	GOBP_POSITIVE_REGULATION_OF_POST_TRANSLATIONAL_PROTEIN_MODIFICATION		138	0.16564304	0.6173455	1.0	1.0	1.0	6894	tags=7%, list=19%, signal=9%	
GOBP_RESPONSE_TO_COCAINE	GOBP_RESPONSE_TO_COCAINE		62	0.18956938	0.61647666	1.0	1.0	1.0	10350	tags=23%, list=28%, signal=31%	
GOBP_POSITIVE_REGULATION_OF_ENDOTHELIAL_CELL_PROLIFERATION	GOBP_POSITIVE_REGULATION_OF_ENDOTHELIAL_CELL_PROLIFERATION		90	0.17597754	0.6161571	1.0	1.0	1.0	7419	tags=12%, list=20%, signal=15%	
GOBP_HOMEOSTASIS_OF_NUMBER_OF_CELLS_WITHIN_A_TISSUE	GOBP_HOMEOSTASIS_OF_NUMBER_OF_CELLS_WITHIN_A_TISSUE		49	0.1944856	0.6160186	0.992268	1.0	1.0	16068	tags=47%, list=43%, signal=83%	
GOBP_RESPONSE_TO_IONIZING_RADIATION	GOBP_RESPONSE_TO_IONIZING_RADIATION		146	0.16427447	0.6157307	1.0	1.0	1.0	5140	tags=5%, list=14%, signal=6%	
GOBP_SEMAPHORIN_PLEXIN_SIGNALING_PATHWAY	GOBP_SEMAPHORIN_PLEXIN_SIGNALING_PATHWAY		53	0.19255969	0.61559176	0.9896373	1.0	1.0	11127	tags=23%, list=30%, signal=32%	
GOBP_GPI_ANCHOR_METABOLIC_PROCESS	GOBP_GPI_ANCHOR_METABOLIC_PROCESS		32	0.20941186	0.6154348	0.9776675	1.0	1.0	10745	tags=19%, list=29%, signal=26%	
GOBP_GASTRULATION_WITH_MOUTH_FORMING_SECOND	GOBP_GASTRULATION_WITH_MOUTH_FORMING_SECOND		34	0.20833498	0.615399	0.9868421	1.0	1.0	4593	tags=9%, list=12%, signal=10%	
GOBP_CYTOKINETIC_PROCESS	GOBP_CYTOKINETIC_PROCESS		53	0.19375026	0.6152048	0.9944904	1.0	1.0	29801	tags=100%, list=81%, signal=516%	
GOBP_RESPONSE_TO_PROGESTERONE	GOBP_RESPONSE_TO_PROGESTERONE		35	0.20580551	0.61504173	0.9766839	1.0	1.0	15254	tags=40%, list=41%, signal=68%	
GOBP_REGULATION_OF_SYNCYTIUM_FORMATION_BY_PLASMA_MEMBRANE_FUSION	GOBP_REGULATION_OF_SYNCYTIUM_FORMATION_BY_PLASMA_MEMBRANE_FUSION		79	0.17927021	0.61500704	1.0	1.0	1.0	9339	tags=10%, list=25%, signal=14%	
GOBP_MITOTIC_METAPHASE_CHROMOSOME_ALIGNMENT	GOBP_MITOTIC_METAPHASE_CHROMOSOME_ALIGNMENT		65	0.18588421	0.6146895	0.99731904	1.0	1.0	9849	tags=14%, list=27%, signal=19%	
GOBP_ADAPTIVE_THERMOGENESIS	GOBP_ADAPTIVE_THERMOGENESIS		170	0.16343011	0.6142016	1.0	1.0	1.0	5502	tags=8%, list=15%, signal=9%	
GOBP_NON_CANONICAL_WNT_SIGNALING_PATHWAY	GOBP_NON_CANONICAL_WNT_SIGNALING_PATHWAY		60	0.19020386	0.61342806	0.9946524	1.0	1.0	14231	tags=38%, list=39%, signal=62%	
GOBP_HEPATIC_STELLATE_CELL_ACTIVATION	GOBP_HEPATIC_STELLATE_CELL_ACTIVATION		19	0.24981514	0.61332405	0.95194507	1.0	1.0	11056	tags=37%, list=30%, signal=53%	
GOBP_EXTRACELLULAR_TRANSPORT	GOBP_EXTRACELLULAR_TRANSPORT		55	0.19282284	0.61312884	0.9971989	1.0	1.0	11101	tags=35%, list=30%, signal=49%	
GOBP_POSITIVE_REGULATION_OF_APOPTOTIC_SIGNALING_PATHWAY	GOBP_POSITIVE_REGULATION_OF_APOPTOTIC_SIGNALING_PATHWAY		174	0.16140436	0.6130989	1.0	1.0	1.0	2407	tags=3%, list=7%, signal=4%	
GOBP_POSITIVE_REGULATION_OF_STEROID_METABOLIC_PROCESS	GOBP_POSITIVE_REGULATION_OF_STEROID_METABOLIC_PROCESS		47	0.19368209	0.6127135	0.99242425	1.0	1.0	15405	tags=49%, list=42%, signal=84%	
GOBP_SODIUM_ION_IMPORT_ACROSS_PLASMA_MEMBRANE	GOBP_SODIUM_ION_IMPORT_ACROSS_PLASMA_MEMBRANE		25	0.22905286	0.61237186	0.9705882	1.0	1.0	9517	tags=32%, list=26%, signal=43%	
GOBP_INTERLEUKIN_10_PRODUCTION	GOBP_INTERLEUKIN_10_PRODUCTION		59	0.1863511	0.61098874	1.0	1.0	1.0	4724	tags=8%, list=13%, signal=10%	
GOBP_REGULATION_OF_MYELOID_CELL_DIFFERENTIATION	GOBP_REGULATION_OF_MYELOID_CELL_DIFFERENTIATION		215	0.15623553	0.6104213	1.0	1.0	1.0	1971	tags=3%, list=5%, signal=3%	
GOBP_PROTEIN_TARGETING_TO_MEMBRANE	GOBP_PROTEIN_TARGETING_TO_MEMBRANE		121	0.1689061	0.61034757	1.0	1.0	1.0	837	tags=2%, list=2%, signal=2%	
GOBP_REGULATION_OF_DOUBLE_STRAND_BREAK_REPAIR_VIA_HOMOLOGOUS_RECOMBINATION	GOBP_REGULATION_OF_DOUBLE_STRAND_BREAK_REPAIR_VIA_HOMOLOGOUS_RECOMBINATION		85	0.17679003	0.60989153	1.0	1.0	1.0	16418	tags=38%, list=44%, signal=68%	
GOBP_RIBOSOME_ASSEMBLY	GOBP_RIBOSOME_ASSEMBLY		69	0.18274513	0.60985804	0.99725276	1.0	1.0	30210	tags=100%, list=82%, signal=547%	
GOBP_REGULATION_OF_ENDOTHELIAL_CELL_CHEMOTAXIS	GOBP_REGULATION_OF_ENDOTHELIAL_CELL_CHEMOTAXIS		20	0.23633622	0.60967404	0.94974875	1.0	1.0	9381	tags=20%, list=25%, signal=27%	
GOBP_CELL_MIGRATION_INVOLVED_IN_SPROUTING_ANGIOGENESIS	GOBP_CELL_MIGRATION_INVOLVED_IN_SPROUTING_ANGIOGENESIS		60	0.18962407	0.60965496	0.99462366	1.0	1.0	10575	tags=17%, list=29%, signal=23%	
GOBP_LYMPHOCYTE_APOPTOTIC_PROCESS	GOBP_LYMPHOCYTE_APOPTOTIC_PROCESS		88	0.17468672	0.6081905	1.0	1.0	1.0	7371	tags=13%, list=20%, signal=16%	
GOBP_PHOSPHOLIPID_CATABOLIC_PROCESS	GOBP_PHOSPHOLIPID_CATABOLIC_PROCESS		53	0.18924606	0.60786027	0.9973262	1.0	1.0	14327	tags=38%, list=39%, signal=62%	
GOBP_POSITIVE_REGULATION_OF_NATURAL_KILLER_CELL_ACTIVATION	GOBP_POSITIVE_REGULATION_OF_NATURAL_KILLER_CELL_ACTIVATION		24	0.2258418	0.6077162	0.993228	1.0	1.0	4966	tags=8%, list=13%, signal=10%	
GOBP_POSITIVE_REGULATION_OF_MIRNA_METABOLIC_PROCESS	GOBP_POSITIVE_REGULATION_OF_MIRNA_METABOLIC_PROCESS		65	0.18664259	0.6074559	0.9947644	1.0	1.0	3264	tags=6%, list=9%, signal=7%	
GOBP_REGULATION_OF_MONONUCLEAR_CELL_MIGRATION	GOBP_REGULATION_OF_MONONUCLEAR_CELL_MIGRATION		138	0.16166745	0.60729975	1.0	1.0	1.0	5221	tags=9%, list=14%, signal=10%	
GOBP_DNA_DAMAGE_RESPONSE_SIGNAL_TRANSDUCTION_BY_P53_CLASS_MEDIATOR	GOBP_DNA_DAMAGE_RESPONSE_SIGNAL_TRANSDUCTION_BY_P53_CLASS_MEDIATOR		78	0.17974444	0.60712844	1.0	1.0	1.0	254	tags=1%, list=1%, signal=1%	
GOBP_CELL_DIFFERENTIATION_INVOLVED_IN_METANEPHROS_DEVELOPMENT	GOBP_CELL_DIFFERENTIATION_INVOLVED_IN_METANEPHROS_DEVELOPMENT		23	0.22611365	0.6068825	0.9699769	1.0	1.0	11102	tags=30%, list=30%, signal=43%	
GOBP_NEURON_PROJECTION_ORGANIZATION	GOBP_NEURON_PROJECTION_ORGANIZATION		128	0.1670968	0.60669166	1.0	1.0	1.0	10882	tags=20%, list=29%, signal=28%	
GOBP_REGULATION_OF_LOW_DENSITY_LIPOPROTEIN_PARTICLE_CLEARANCE	GOBP_REGULATION_OF_LOW_DENSITY_LIPOPROTEIN_PARTICLE_CLEARANCE		16	0.25372636	0.6066546	0.9642058	1.0	1.0	1510	tags=6%, list=4%, signal=7%	
GOBP_MALE_SEX_DIFFERENTIATION	GOBP_MALE_SEX_DIFFERENTIATION		182	0.15803511	0.6061408	1.0	1.0	1.0	5282	tags=9%, list=14%, signal=11%	
GOBP_NEGATIVE_REGULATION_OF_PHAGOCYTOSIS	GOBP_NEGATIVE_REGULATION_OF_PHAGOCYTOSIS		25	0.226011	0.6061127	0.97167754	1.0	1.0	3646	tags=8%, list=10%, signal=9%	
GOBP_REGULATION_OF_CELL_DIVISION	GOBP_REGULATION_OF_CELL_DIVISION		175	0.15918049	0.6059682	1.0	1.0	1.0	15765	tags=39%, list=43%, signal=67%	
GOBP_RESPONSE_TO_ZINC_ION	GOBP_RESPONSE_TO_ZINC_ION		40	0.20472464	0.605953	0.9845758	1.0	1.0	9938	tags=23%, list=27%, signal=31%	
GOBP_DNA_TEMPLATED_TRANSCRIPTION_ELONGATION	GOBP_DNA_TEMPLATED_TRANSCRIPTION_ELONGATION		161	0.16047831	0.60536164	1.0	1.0	1.0	31046	tags=100%, list=84%, signal=623%	
GOBP_CELL_DIFFERENTIATION_INVOLVED_IN_KIDNEY_DEVELOPMENT	GOBP_CELL_DIFFERENTIATION_INVOLVED_IN_KIDNEY_DEVELOPMENT		59	0.1856594	0.6053276	0.99750626	1.0	1.0	11102	tags=24%, list=30%, signal=34%	
GOBP_POSITIVE_REGULATION_OF_CELL_CYCLE_G2_M_PHASE_TRANSITION	GOBP_POSITIVE_REGULATION_OF_CELL_CYCLE_G2_M_PHASE_TRANSITION		33	0.20819102	0.6051123	0.99224806	1.0	1.0	29264	tags=100%, list=79%, signal=480%	
GOBP_CELLULAR_RESPONSE_TO_NUTRIENT_LEVELS	GOBP_CELLULAR_RESPONSE_TO_NUTRIENT_LEVELS		283	0.15292959	0.60375184	1.0	1.0	1.0	1510	tags=2%, list=4%, signal=2%	
GOBP_HYALURONAN_CATABOLIC_PROCESS	GOBP_HYALURONAN_CATABOLIC_PROCESS		17	0.24078932	0.6034489	0.9707207	1.0	1.0	7336	tags=12%, list=20%, signal=15%	
GOBP_RESPONSE_TO_CAMP	GOBP_RESPONSE_TO_CAMP		93	0.17215185	0.6030473	1.0	1.0	1.0	9458	tags=19%, list=26%, signal=26%	
GOBP_MOTOR_BEHAVIOR	GOBP_MOTOR_BEHAVIOR		39	0.20038493	0.60293645	0.9899749	1.0	1.0	11132	tags=26%, list=30%, signal=37%	
GOBP_NEGATIVE_REGULATION_OF_CELL_ADHESION	GOBP_NEGATIVE_REGULATION_OF_CELL_ADHESION		312	0.150022	0.6024525	1.0	1.0	1.0	5677	tags=8%, list=15%, signal=9%	
GOBP_TORC1_SIGNALING	GOBP_TORC1_SIGNALING		122	0.16323216	0.60244054	1.0	1.0	1.0	29382	tags=99%, list=80%, signal=483%	
GOBP_MACROPHAGE_DERIVED_FOAM_CELL_DIFFERENTIATION	GOBP_MACROPHAGE_DERIVED_FOAM_CELL_DIFFERENTIATION		29	0.21468998	0.602065	0.9859155	1.0	1.0	2923	tags=7%, list=8%, signal=7%	
GOBP_REGULATION_OF_PROTEIN_POLYUBIQUITINATION	GOBP_REGULATION_OF_PROTEIN_POLYUBIQUITINATION		34	0.20491023	0.6016476	0.99255586	1.0	1.0	450	tags=3%, list=1%, signal=3%	
GOBP_DENDRITIC_CELL_DIFFERENTIATION	GOBP_DENDRITIC_CELL_DIFFERENTIATION		44	0.19426309	0.6014965	0.9974293	1.0	1.0	2440	tags=5%, list=7%, signal=5%	
GOBP_VACUOLAR_ACIDIFICATION	GOBP_VACUOLAR_ACIDIFICATION		29	0.21251836	0.6012766	0.9779951	1.0	1.0	8487	tags=10%, list=23%, signal=13%	
GOBP_SUBSTRATE_DEPENDENT_CELL_MIGRATION	GOBP_SUBSTRATE_DEPENDENT_CELL_MIGRATION		29	0.21270958	0.60105735	0.9887387	1.0	1.0	15987	tags=48%, list=43%, signal=85%	
GOBP_SPLEEN_DEVELOPMENT	GOBP_SPLEEN_DEVELOPMENT		51	0.19090022	0.6009885	0.9949875	1.0	1.0	11102	tags=24%, list=30%, signal=34%	
GOBP_RESPONSE_TO_INSULIN	GOBP_RESPONSE_TO_INSULIN		313	0.14743185	0.6007869	1.0	1.0	1.0	5530	tags=7%, list=15%, signal=8%	
GOBP_REGULATION_OF_SPROUTING_ANGIOGENESIS	GOBP_REGULATION_OF_SPROUTING_ANGIOGENESIS		45	0.19280767	0.60059184	0.9949622	1.0	1.0	5393	tags=7%, list=15%, signal=8%	
GOBP_WNT_SIGNALING_PATHWAY_PLANAR_CELL_POLARITY_PATHWAY	GOBP_WNT_SIGNALING_PATHWAY_PLANAR_CELL_POLARITY_PATHWAY		32	0.21095856	0.60034466	0.9844961	1.0	1.0	14231	tags=44%, list=39%, signal=71%	
GOBP_CELL_ACTIVATION_INVOLVED_IN_IMMUNE_RESPONSE	GOBP_CELL_ACTIVATION_INVOLVED_IN_IMMUNE_RESPONSE		313	0.14869918	0.5999312	1.0	1.0	1.0	10835	tags=19%, list=29%, signal=26%	
GOBP_BLOOD_VESSEL_ENDOTHELIAL_CELL_MIGRATION	GOBP_BLOOD_VESSEL_ENDOTHELIAL_CELL_MIGRATION		127	0.1637247	0.59983903	1.0	1.0	1.0	30921	tags=100%, list=84%, signal=611%	
GOBP_PROTEIN_LOCALIZATION_TO_NUCLEUS	GOBP_PROTEIN_LOCALIZATION_TO_NUCLEUS		358	0.14593513	0.5985803	1.0	1.0	1.0	17168	tags=41%, list=46%, signal=76%	
GOBP_TRANSFORMING_GROWTH_FACTOR_BETA_RECEPTOR_SIGNALING_PATHWAY	GOBP_TRANSFORMING_GROWTH_FACTOR_BETA_RECEPTOR_SIGNALING_PATHWAY		214	0.1546292	0.5982491	1.0	1.0	1.0	15505	tags=38%, list=42%, signal=66%	
GOBP_CELLULAR_RESPONSE_TO_ARSENIC_CONTAINING_SUBSTANCE	GOBP_CELLULAR_RESPONSE_TO_ARSENIC_CONTAINING_SUBSTANCE		18	0.23372391	0.5978899	0.97471267	1.0	1.0	24314	tags=94%, list=66%, signal=276%	
GOBP_REGULATION_OF_CD8_POSITIVE_ALPHA_BETA_T_CELL_ACTIVATION	GOBP_REGULATION_OF_CD8_POSITIVE_ALPHA_BETA_T_CELL_ACTIVATION		17	0.24309602	0.5978352	0.97477067	1.0	1.0	7145	tags=18%, list=19%, signal=22%	
GOBP_POSITIVE_REGULATION_OF_NEUTROPHIL_MIGRATION	GOBP_POSITIVE_REGULATION_OF_NEUTROPHIL_MIGRATION		36	0.20255701	0.5977716	0.9898219	1.0	1.0	8759	tags=14%, list=24%, signal=18%	
GOBP_TYROSINE_PHOSPHORYLATION_OF_STAT_PROTEIN	GOBP_TYROSINE_PHOSPHORYLATION_OF_STAT_PROTEIN		37	0.20259993	0.5970393	0.9879808	1.0	1.0	2457	tags=5%, list=7%, signal=6%	
GOBP_CELL_MATRIX_ADHESION	GOBP_CELL_MATRIX_ADHESION		244	0.15059555	0.597031	1.0	1.0	1.0	7131	tags=10%, list=19%, signal=12%	
GOBP_ESTABLISHMENT_OF_CELL_POLARITY	GOBP_ESTABLISHMENT_OF_CELL_POLARITY		166	0.15777369	0.596633	1.0	1.0	1.0	745	tags=2%, list=2%, signal=2%	
GOBP_REGULATION_OF_NATURAL_KILLER_CELL_ACTIVATION	GOBP_REGULATION_OF_NATURAL_KILLER_CELL_ACTIVATION		43	0.1948155	0.5960735	0.9950372	1.0	1.0	7689	tags=16%, list=21%, signal=21%	
GOBP_ACTIVATED_T_CELL_PROLIFERATION	GOBP_ACTIVATED_T_CELL_PROLIFERATION		48	0.19059135	0.59592885	0.99248123	1.0	1.0	2907	tags=6%, list=8%, signal=7%	
GOBP_NEUROTROPHIN_SIGNALING_PATHWAY	GOBP_NEUROTROPHIN_SIGNALING_PATHWAY		46	0.19004191	0.59592646	0.99497485	1.0	1.0	15868	tags=37%, list=43%, signal=65%	
GOBP_POSITIVE_REGULATION_OF_RECEPTOR_INTERNALIZATION	GOBP_POSITIVE_REGULATION_OF_RECEPTOR_INTERNALIZATION		35	0.20534897	0.59574836	0.99228793	1.0	1.0	8535	tags=17%, list=23%, signal=22%	
GOBP_PURINE_NUCLEOSIDE_MONOPHOSPHATE_METABOLIC_PROCESS	GOBP_PURINE_NUCLEOSIDE_MONOPHOSPHATE_METABOLIC_PROCESS		42	0.19637428	0.5957141	0.9974425	1.0	1.0	3900	tags=7%, list=11%, signal=8%	
GOBP_REGULATION_OF_TISSUE_REMODELING	GOBP_REGULATION_OF_TISSUE_REMODELING		80	0.17512538	0.59514195	1.0	1.0	1.0	10059	tags=19%, list=27%, signal=26%	
GOBP_REGULATION_OF_OXIDATIVE_STRESS_INDUCED_INTRINSIC_APOPTOTIC_SIGNALING_PATHWAY	GOBP_REGULATION_OF_OXIDATIVE_STRESS_INDUCED_INTRINSIC_APOPTOTIC_SIGNALING_PATHWAY		44	0.19397189	0.5949678	1.0	1.0	1.0	2407	tags=5%, list=7%, signal=5%	
GOBP_POSITIVE_REGULATION_OF_MITOTIC_CELL_CYCLE	GOBP_POSITIVE_REGULATION_OF_MITOTIC_CELL_CYCLE		131	0.16381042	0.59485704	1.0	1.0	1.0	1823	tags=2%, list=5%, signal=2%	
GOBP_NEGATIVE_REGULATION_OF_APOPTOTIC_SIGNALING_PATHWAY	GOBP_NEGATIVE_REGULATION_OF_APOPTOTIC_SIGNALING_PATHWAY		253	0.14993753	0.59371793	1.0	1.0	1.0	10981	tags=15%, list=30%, signal=21%	
GOBP_MODULATION_OF_PROCESS_OF_ANOTHER_ORGANISM	GOBP_MODULATION_OF_PROCESS_OF_ANOTHER_ORGANISM		121	0.16272637	0.59365714	1.0	1.0	1.0	2907	tags=3%, list=8%, signal=4%	
GOBP_TOLL_LIKE_RECEPTOR_9_SIGNALING_PATHWAY	GOBP_TOLL_LIKE_RECEPTOR_9_SIGNALING_PATHWAY		20	0.23005441	0.5936543	0.9711752	1.0	1.0	3703	tags=5%, list=10%, signal=6%	
GOBP_NATURAL_KILLER_CELL_DIFFERENTIATION	GOBP_NATURAL_KILLER_CELL_DIFFERENTIATION		35	0.2013483	0.5933882	0.9952153	1.0	1.0	10850	tags=29%, list=29%, signal=40%	
GOBP_DNA_TEMPLATED_DNA_REPLICATION	GOBP_DNA_TEMPLATED_DNA_REPLICATION		153	0.15674172	0.5932312	1.0	1.0	1.0	17174	tags=44%, list=46%, signal=81%	
GOBP_NEGATIVE_REGULATION_OF_PROGRAMMED_NECROTIC_CELL_DEATH	GOBP_NEGATIVE_REGULATION_OF_PROGRAMMED_NECROTIC_CELL_DEATH		21	0.22770256	0.5931293	0.9830097	1.0	1.0	3019	tags=5%, list=8%, signal=5%	
GOBP_MORPHOGENESIS_OF_AN_EPITHELIAL_SHEET	GOBP_MORPHOGENESIS_OF_AN_EPITHELIAL_SHEET		67	0.18048485	0.5929614	1.0	1.0	1.0	30293	tags=100%, list=82%, signal=554%	
GOBP_REGULATION_OF_LYMPHOCYTE_APOPTOTIC_PROCESS	GOBP_REGULATION_OF_LYMPHOCYTE_APOPTOTIC_PROCESS		66	0.18246464	0.59242576	0.9972678	1.0	1.0	6989	tags=14%, list=19%, signal=17%	
GOBP_ESTABLISHMENT_OF_EPITHELIAL_CELL_POLARITY	GOBP_ESTABLISHMENT_OF_EPITHELIAL_CELL_POLARITY		34	0.20134363	0.59187114	0.9904535	1.0	1.0	29517	tags=100%, list=80%, signal=497%	
GOBP_MIRNA_METABOLIC_PROCESS	GOBP_MIRNA_METABOLIC_PROCESS		108	0.16382909	0.5917619	1.0	1.0	1.0	5073	tags=6%, list=14%, signal=7%	
GOBP_POSITIVE_REGULATION_OF_INTERLEUKIN_2_PRODUCTION	GOBP_POSITIVE_REGULATION_OF_INTERLEUKIN_2_PRODUCTION		40	0.19473729	0.59172684	0.992126	1.0	1.0	9539	tags=18%, list=26%, signal=24%	
GOBP_REGULATION_OF_PROGRAMMED_NECROTIC_CELL_DEATH	GOBP_REGULATION_OF_PROGRAMMED_NECROTIC_CELL_DEATH		31	0.20441504	0.5911263	0.9832536	1.0	1.0	29403	tags=100%, list=80%, signal=489%	
GOBP_POSITIVE_REGULATION_OF_CELL_SUBSTRATE_JUNCTION_ORGANIZATION	GOBP_POSITIVE_REGULATION_OF_CELL_SUBSTRATE_JUNCTION_ORGANIZATION		41	0.19373935	0.59028393	0.9974874	1.0	1.0	1392	tags=2%, list=4%, signal=3%	
GOBP_SMOOTH_MUSCLE_CELL_PROLIFERATION	GOBP_SMOOTH_MUSCLE_CELL_PROLIFERATION		190	0.15495032	0.5898227	1.0	1.0	1.0	10577	tags=17%, list=29%, signal=23%	
GOBP_REGULATION_OF_APOPTOTIC_SIGNALING_PATHWAY	GOBP_REGULATION_OF_APOPTOTIC_SIGNALING_PATHWAY		435	0.1416014	0.5897374	1.0	1.0	1.0	2407	tags=3%, list=7%, signal=3%	
GOBP_INFLAMMATORY_RESPONSE_TO_WOUNDING	GOBP_INFLAMMATORY_RESPONSE_TO_WOUNDING		32	0.2037439	0.58913374	0.9949495	1.0	1.0	14737	tags=38%, list=40%, signal=62%	
GOBP_NUCLEOTIDE_CATABOLIC_PROCESS	GOBP_NUCLEOTIDE_CATABOLIC_PROCESS		177	0.1535859	0.5888599	1.0	1.0	1.0	7419	tags=12%, list=20%, signal=15%	
GOBP_TRANSCRIPTION_ELONGATION_BY_RNA_POLYMERASE_II	GOBP_TRANSCRIPTION_ELONGATION_BY_RNA_POLYMERASE_II		135	0.16036516	0.58847004	1.0	1.0	1.0	31046	tags=100%, list=84%, signal=623%	
GOBP_BARBED_END_ACTIN_FILAMENT_CAPPING	GOBP_BARBED_END_ACTIN_FILAMENT_CAPPING		25	0.21450566	0.5881085	0.98829037	1.0	1.0	5587	tags=8%, list=15%, signal=9%	
GOBP_RESPONSE_TO_FLUID_SHEAR_STRESS	GOBP_RESPONSE_TO_FLUID_SHEAR_STRESS		33	0.19931966	0.58806324	0.9925373	1.0	1.0	3941	tags=6%, list=11%, signal=7%	
GOBP_T_CELL_DIFFERENTIATION_IN_THYMUS	GOBP_T_CELL_DIFFERENTIATION_IN_THYMUS		94	0.16794805	0.5879365	1.0	1.0	1.0	2518	tags=4%, list=7%, signal=5%	
GOBP_ASTROCYTE_DIFFERENTIATION	GOBP_ASTROCYTE_DIFFERENTIATION		93	0.1670861	0.58731765	1.0	1.0	1.0	4924	tags=8%, list=13%, signal=9%	
GOBP_NEGATIVE_REGULATION_OF_INTRINSIC_APOPTOTIC_SIGNALING_PATHWAY	GOBP_NEGATIVE_REGULATION_OF_INTRINSIC_APOPTOTIC_SIGNALING_PATHWAY		109	0.16275771	0.587027	1.0	1.0	1.0	2194	tags=3%, list=6%, signal=3%	
GOBP_RNA_3_END_PROCESSING	GOBP_RNA_3_END_PROCESSING		100	0.16513062	0.5853165	1.0	1.0	1.0	17070	tags=43%, list=46%, signal=80%	
GOBP_CEREBELLAR_PURKINJE_CELL_LAYER_MORPHOGENESIS	GOBP_CEREBELLAR_PURKINJE_CELL_LAYER_MORPHOGENESIS		23	0.21781433	0.5851958	0.96897376	1.0	1.0	9849	tags=22%, list=27%, signal=30%	
GOBP_REGULATION_OF_CHONDROCYTE_DIFFERENTIATION	GOBP_REGULATION_OF_CHONDROCYTE_DIFFERENTIATION		56	0.18469696	0.5847225	1.0	1.0	1.0	9288	tags=21%, list=25%, signal=29%	
GOBP_GTP_METABOLIC_PROCESS	GOBP_GTP_METABOLIC_PROCESS		28	0.20879424	0.5846166	0.98878926	1.0	1.0	4014	tags=7%, list=11%, signal=8%	
GOBP_DIOL_BIOSYNTHETIC_PROCESS	GOBP_DIOL_BIOSYNTHETIC_PROCESS		22	0.22278805	0.5842092	0.97722095	1.0	1.0	8544	tags=14%, list=23%, signal=18%	
GOBP_PIGMENT_BIOSYNTHETIC_PROCESS	GOBP_PIGMENT_BIOSYNTHETIC_PROCESS		53	0.18073148	0.5840305	1.0	1.0	1.0	5371	tags=9%, list=15%, signal=11%	
GOBP_FOCAL_ADHESION_ASSEMBLY	GOBP_FOCAL_ADHESION_ASSEMBLY		93	0.1655614	0.5828556	1.0	1.0	1.0	4876	tags=5%, list=13%, signal=6%	
GOBP_PHOSPHATIDYLCHOLINE_METABOLIC_PROCESS	GOBP_PHOSPHATIDYLCHOLINE_METABOLIC_PROCESS		63	0.17426026	0.5828253	1.0	1.0	1.0	10963	tags=27%, list=30%, signal=38%	
GOBP_PTERIDINE_CONTAINING_COMPOUND_METABOLIC_PROCESS	GOBP_PTERIDINE_CONTAINING_COMPOUND_METABOLIC_PROCESS		31	0.20860669	0.5828221	1.0	1.0	1.0	11539	tags=29%, list=31%, signal=42%	
GOBP_MESONEPHRIC_TUBULE_MORPHOGENESIS	GOBP_MESONEPHRIC_TUBULE_MORPHOGENESIS		78	0.17198734	0.5827038	1.0	1.0	1.0	10577	tags=28%, list=29%, signal=39%	
GOBP_MEMBRANE_LIPID_METABOLIC_PROCESS	GOBP_MEMBRANE_LIPID_METABOLIC_PROCESS		206	0.14907278	0.5826781	1.0	1.0	1.0	10849	tags=20%, list=29%, signal=29%	
GOBP_NUCLEOBASE_METABOLIC_PROCESS	GOBP_NUCLEOBASE_METABOLIC_PROCESS		39	0.19169293	0.582452	0.992228	1.0	1.0	3900	tags=8%, list=11%, signal=9%	
GOBP_ISOPRENOID_BIOSYNTHETIC_PROCESS	GOBP_ISOPRENOID_BIOSYNTHETIC_PROCESS		36	0.19346856	0.58237016	0.99268293	1.0	1.0	13275	tags=42%, list=36%, signal=65%	
GOBP_GLIAL_CELL_MIGRATION	GOBP_GLIAL_CELL_MIGRATION		70	0.17177099	0.58169115	0.9971671	1.0	1.0	10943	tags=27%, list=30%, signal=38%	
GOBP_REGULATION_OF_BLOOD_VESSEL_ENDOTHELIAL_CELL_MIGRATION	GOBP_REGULATION_OF_BLOOD_VESSEL_ENDOTHELIAL_CELL_MIGRATION		99	0.16360037	0.5814301	1.0	1.0	1.0	30921	tags=100%, list=84%, signal=611%	
GOBP_LIPID_HOMEOSTASIS	GOBP_LIPID_HOMEOSTASIS		190	0.15136257	0.5810791	1.0	1.0	1.0	5125	tags=7%, list=14%, signal=9%	
GOBP_REGULATION_OF_DNA_RECOMBINATION	GOBP_REGULATION_OF_DNA_RECOMBINATION		137	0.15718965	0.5810252	1.0	1.0	1.0	7418	tags=10%, list=20%, signal=13%	
GOBP_NEGATIVE_REGULATION_OF_MYELOID_CELL_DIFFERENTIATION	GOBP_NEGATIVE_REGULATION_OF_MYELOID_CELL_DIFFERENTIATION		87	0.1656658	0.5793091	1.0	1.0	1.0	2972	tags=5%, list=8%, signal=5%	
GOBP_ESTABLISHMENT_OF_TISSUE_POLARITY	GOBP_ESTABLISHMENT_OF_TISSUE_POLARITY		37	0.19491224	0.5781546	0.99531615	1.0	1.0	10832	tags=30%, list=29%, signal=42%	
GOBP_REGULATION_OF_LIPID_LOCALIZATION	GOBP_REGULATION_OF_LIPID_LOCALIZATION		172	0.15340036	0.5778841	1.0	1.0	1.0	5644	tags=9%, list=15%, signal=11%	
GOBP_REGULATION_OF_CHEMOTAXIS	GOBP_REGULATION_OF_CHEMOTAXIS		207	0.14871456	0.5777844	1.0	1.0	1.0	11090	tags=20%, list=30%, signal=29%	
GOBP_POSITIVE_REGULATION_OF_LAMELLIPODIUM_ORGANIZATION	GOBP_POSITIVE_REGULATION_OF_LAMELLIPODIUM_ORGANIZATION		36	0.19515634	0.57757586	0.99242425	1.0	1.0	5587	tags=8%, list=15%, signal=10%	
GOBP_GAMMA_DELTA_T_CELL_DIFFERENTIATION	GOBP_GAMMA_DELTA_T_CELL_DIFFERENTIATION		18	0.23459727	0.576948	0.9892473	1.0	1.0	6989	tags=17%, list=19%, signal=21%	
GOBP_POSITIVE_REGULATION_OF_RESPONSE_TO_WOUNDING	GOBP_POSITIVE_REGULATION_OF_RESPONSE_TO_WOUNDING		82	0.16916777	0.57672787	1.0	1.0	1.0	10257	tags=17%, list=28%, signal=24%	
GOBP_NEGATIVE_REGULATION_OF_PROTEIN_UBIQUITINATION	GOBP_NEGATIVE_REGULATION_OF_PROTEIN_UBIQUITINATION		75	0.17024559	0.5766595	1.0	1.0	1.0	10690	tags=17%, list=29%, signal=24%	
GOBP_POSITIVE_REGULATION_OF_CALCIUM_ION_TRANSPORT_INTO_CYTOSOL	GOBP_POSITIVE_REGULATION_OF_CALCIUM_ION_TRANSPORT_INTO_CYTOSOL		16	0.2360987	0.5764735	0.96710527	1.0	1.0	9073	tags=25%, list=25%, signal=33%	
GOBP_REGULATION_OF_ORGANELLE_ASSEMBLY	GOBP_REGULATION_OF_ORGANELLE_ASSEMBLY		260	0.1448681	0.57643336	1.0	1.0	1.0	2120	tags=2%, list=6%, signal=2%	
GOBP_REGULATION_OF_MACROPHAGE_DIFFERENTIATION	GOBP_REGULATION_OF_MACROPHAGE_DIFFERENTIATION		22	0.21985352	0.5761197	0.98858446	1.0	1.0	9939	tags=23%, list=27%, signal=31%	
GOBP_POSITIVE_REGULATION_OF_DOUBLE_STRAND_BREAK_REPAIR_VIA_NONHOMOLOGOUS_END_JOINING	GOBP_POSITIVE_REGULATION_OF_DOUBLE_STRAND_BREAK_REPAIR_VIA_NONHOMOLOGOUS_END_JOINING		17	0.23530585	0.5756154	0.9872612	1.0	1.0	14052	tags=41%, list=38%, signal=66%	
GOBP_DOSAGE_COMPENSATION_BY_INACTIVATION_OF_X_CHROMOSOME	GOBP_DOSAGE_COMPENSATION_BY_INACTIVATION_OF_X_CHROMOSOME		26	0.21245381	0.57538897	0.9858156	1.0	1.0	17763	tags=50%, list=48%, signal=96%	
GOBP_ORGANELLE_FUSION	GOBP_ORGANELLE_FUSION		194	0.14900388	0.5753101	1.0	1.0	1.0	5622	tags=7%, list=15%, signal=8%	
GOBP_SNRNA_TRANSCRIPTION	GOBP_SNRNA_TRANSCRIPTION		18	0.23168978	0.5752159	0.9676026	1.0	1.0	28393	tags=100%, list=77%, signal=432%	
GOBP_GLOMERULUS_DEVELOPMENT	GOBP_GLOMERULUS_DEVELOPMENT		77	0.1700877	0.57469827	1.0	1.0	1.0	15398	tags=39%, list=42%, signal=67%	
GOBP_CELLULAR_RESPONSE_TO_STEROL	GOBP_CELLULAR_RESPONSE_TO_STEROL		25	0.2166136	0.5742053	0.9795455	1.0	1.0	911	tags=4%, list=2%, signal=4%	
GOBP_POSITIVE_REGULATION_OF_HORMONE_METABOLIC_PROCESS	GOBP_POSITIVE_REGULATION_OF_HORMONE_METABOLIC_PROCESS		23	0.21165213	0.5740459	0.98039216	1.0	1.0	7419	tags=13%, list=20%, signal=16%	
GOBP_COLLAGEN_BIOSYNTHETIC_PROCESS	GOBP_COLLAGEN_BIOSYNTHETIC_PROCESS		72	0.17233765	0.57393193	1.0	1.0	1.0	9608	tags=19%, list=26%, signal=26%	
GOBP_REGULATION_OF_MITOTIC_CELL_CYCLE_PHASE_TRANSITION	GOBP_REGULATION_OF_MITOTIC_CELL_CYCLE_PHASE_TRANSITION		334	0.1425363	0.57292736	1.0	1.0	1.0	3855	tags=3%, list=10%, signal=4%	
GOBP_BRANCHING_INVOLVED_IN_BLOOD_VESSEL_MORPHOGENESIS	GOBP_BRANCHING_INVOLVED_IN_BLOOD_VESSEL_MORPHOGENESIS		44	0.18661727	0.5722699	0.9950495	1.0	1.0	16755	tags=43%, list=45%, signal=79%	
GOBP_REGULATION_OF_MICROTUBULE_CYTOSKELETON_ORGANIZATION	GOBP_REGULATION_OF_MICROTUBULE_CYTOSKELETON_ORGANIZATION		167	0.15390372	0.57111585	1.0	1.0	1.0	5622	tags=6%, list=15%, signal=7%	
GOBP_NEURAL_CREST_FORMATION	GOBP_NEURAL_CREST_FORMATION		16	0.23702809	0.571114	0.98125	1.0	1.0	3295	tags=6%, list=9%, signal=7%	
GOBP_PLASMA_LIPOPROTEIN_PARTICLE_CLEARANCE	GOBP_PLASMA_LIPOPROTEIN_PARTICLE_CLEARANCE		45	0.18397895	0.5709959	1.0	1.0	1.0	10963	tags=31%, list=30%, signal=44%	
GOBP_BONE_MATURATION	GOBP_BONE_MATURATION		31	0.20004481	0.5705579	0.9929907	1.0	1.0	9049	tags=23%, list=24%, signal=30%	
GOBP_REGULATION_OF_INTRACELLULAR_ESTROGEN_RECEPTOR_SIGNALING_PATHWAY	GOBP_REGULATION_OF_INTRACELLULAR_ESTROGEN_RECEPTOR_SIGNALING_PATHWAY		37	0.19332793	0.5700478	0.9925	1.0	1.0	1494	tags=3%, list=4%, signal=3%	
GOBP_DNA_BIOSYNTHETIC_PROCESS	GOBP_DNA_BIOSYNTHETIC_PROCESS		165	0.15137918	0.5699804	1.0	1.0	1.0	832	tags=2%, list=2%, signal=2%	
GOBP_REGULATION_OF_KINASE_ACTIVITY	GOBP_REGULATION_OF_KINASE_ACTIVITY		373	0.13841455	0.56966704	1.0	1.0	1.0	1964	tags=3%, list=5%, signal=3%	
GOBP_NEGATIVE_REGULATION_OF_CHEMOTAXIS	GOBP_NEGATIVE_REGULATION_OF_CHEMOTAXIS		45	0.185064	0.5693587	1.0	1.0	1.0	9597	tags=27%, list=26%, signal=36%	
GOBP_TYPE_B_PANCREATIC_CELL_DEVELOPMENT	GOBP_TYPE_B_PANCREATIC_CELL_DEVELOPMENT		20	0.22038913	0.5693224	0.98206276	1.0	1.0	10187	tags=30%, list=28%, signal=41%	
GOBP_REGULATION_OF_AEROBIC_RESPIRATION	GOBP_REGULATION_OF_AEROBIC_RESPIRATION		34	0.1962874	0.5686574	0.9975	1.0	1.0	11002	tags=18%, list=30%, signal=25%	
GOBP_MESENCHYMAL_TO_EPITHELIAL_TRANSITION	GOBP_MESENCHYMAL_TO_EPITHELIAL_TRANSITION		20	0.22197257	0.56832826	0.9887387	1.0	1.0	13366	tags=40%, list=36%, signal=63%	
GOBP_NEGATIVE_REGULATION_OF_TRANSFORMING_GROWTH_FACTOR_BETA_RECEPTOR_SIGNALING_PATHWAY	GOBP_NEGATIVE_REGULATION_OF_TRANSFORMING_GROWTH_FACTOR_BETA_RECEPTOR_SIGNALING_PATHWAY		99	0.16066787	0.56779057	1.0	1.0	1.0	11080	tags=23%, list=30%, signal=33%	
GOBP_RESPONSE_TO_DECREASED_OXYGEN_LEVELS	GOBP_RESPONSE_TO_DECREASED_OXYGEN_LEVELS		326	0.14032005	0.56754535	1.0	1.0	1.0	11056	tags=19%, list=30%, signal=27%	
GOBP_SPHINGOID_METABOLIC_PROCESS	GOBP_SPHINGOID_METABOLIC_PROCESS		22	0.21683954	0.56754357	0.9906103	1.0	1.0	5597	tags=9%, list=15%, signal=11%	
GOBP_ENDOSOMAL_TRANSPORT	GOBP_ENDOSOMAL_TRANSPORT		291	0.14243981	0.56707007	1.0	1.0	1.0	17805	tags=45%, list=48%, signal=86%	
GOBP_PORPHYRIN_CONTAINING_COMPOUND_METABOLIC_PROCESS	GOBP_PORPHYRIN_CONTAINING_COMPOUND_METABOLIC_PROCESS		49	0.17927814	0.566722	1.0	1.0	1.0	5536	tags=10%, list=15%, signal=12%	
GOBP_MAINTENANCE_OF_GASTROINTESTINAL_EPITHELIUM	GOBP_MAINTENANCE_OF_GASTROINTESTINAL_EPITHELIUM		23	0.21089709	0.565654	0.98689955	1.0	1.0	15753	tags=57%, list=43%, signal=98%	
GOBP_MITOCHONDRIAL_GENE_EXPRESSION	GOBP_MITOCHONDRIAL_GENE_EXPRESSION		166	0.14968537	0.56543136	1.0	1.0	1.0	25132	tags=93%, list=68%, signal=291%	
GOBP_RIBOSOMAL_LARGE_SUBUNIT_ASSEMBLY	GOBP_RIBOSOMAL_LARGE_SUBUNIT_ASSEMBLY		28	0.20437136	0.5652466	0.9885321	1.0	1.0	29404	tags=100%, list=80%, signal=489%	
GOBP_GLUTAMINE_FAMILY_AMINO_ACID_METABOLIC_PROCESS	GOBP_GLUTAMINE_FAMILY_AMINO_ACID_METABOLIC_PROCESS		64	0.17045365	0.5647915	1.0	1.0	1.0	7224	tags=13%, list=20%, signal=16%	
GOBP_REGULATION_OF_LEUKOCYTE_CHEMOTAXIS	GOBP_REGULATION_OF_LEUKOCYTE_CHEMOTAXIS		123	0.15489428	0.56470627	1.0	1.0	1.0	10574	tags=20%, list=29%, signal=28%	
GOBP_RESPONSE_TO_MUSCLE_STRETCH	GOBP_RESPONSE_TO_MUSCLE_STRETCH		24	0.21576603	0.5644811	0.9880952	1.0	1.0	723	tags=4%, list=2%, signal=4%	
GOBP_REGULATION_OF_MITOCHONDRIAL_MEMBRANE_PERMEABILITY	GOBP_REGULATION_OF_MITOCHONDRIAL_MEMBRANE_PERMEABILITY		56	0.17443371	0.5642779	1.0	1.0	1.0	15019	tags=34%, list=41%, signal=57%	
GOBP_FATTY_ACID_CATABOLIC_PROCESS	GOBP_FATTY_ACID_CATABOLIC_PROCESS		116	0.15518755	0.56325966	1.0	1.0	1.0	7391	tags=12%, list=20%, signal=15%	
GOBP_MEGAKARYOCYTE_DEVELOPMENT	GOBP_MEGAKARYOCYTE_DEVELOPMENT		26	0.20442691	0.5632325	0.9951923	1.0	1.0	10376	tags=19%, list=28%, signal=27%	
GOBP_SUCKLING_BEHAVIOR	GOBP_SUCKLING_BEHAVIOR		16	0.22982964	0.5617858	0.9805195	1.0	1.0	6551	tags=13%, list=18%, signal=15%	
GOBP_ROOF_OF_MOUTH_DEVELOPMENT	GOBP_ROOF_OF_MOUTH_DEVELOPMENT		103	0.15840061	0.5617723	1.0	1.0	1.0	10444	tags=18%, list=28%, signal=26%	
GOBP_POLYSACCHARIDE_METABOLIC_PROCESS	GOBP_POLYSACCHARIDE_METABOLIC_PROCESS		115	0.15813884	0.5617499	1.0	1.0	1.0	16412	tags=45%, list=44%, signal=81%	
GOBP_REGULATION_OF_PROTEIN_LOCALIZATION_TO_SYNAPSE	GOBP_REGULATION_OF_PROTEIN_LOCALIZATION_TO_SYNAPSE		36	0.1919428	0.5617148	1.0	1.0	1.0	15868	tags=50%, list=43%, signal=88%	
GOBP_PHOSPHATIDIC_ACID_BIOSYNTHETIC_PROCESS	GOBP_PHOSPHATIDIC_ACID_BIOSYNTHETIC_PROCESS		25	0.20315899	0.5617	0.9877751	1.0	1.0	17136	tags=52%, list=46%, signal=97%	
GOBP_REGULATION_OF_AXON_EXTENSION_INVOLVED_IN_AXON_GUIDANCE	GOBP_REGULATION_OF_AXON_EXTENSION_INVOLVED_IN_AXON_GUIDANCE		16	0.23525995	0.560907	0.9647577	1.0	1.0	16874	tags=56%, list=46%, signal=103%	
GOBP_REGULATION_OF_NEUROTRANSMITTER_RECEPTOR_LOCALIZATION_TO_POSTSYNAPTIC_SPECIALIZATION_MEMBRANE	GOBP_REGULATION_OF_NEUROTRANSMITTER_RECEPTOR_LOCALIZATION_TO_POSTSYNAPTIC_SPECIALIZATION_MEMBRANE		27	0.20123564	0.5606982	0.9929742	1.0	1.0	15868	tags=56%, list=43%, signal=97%	
GOBP_NEGATIVE_REGULATION_OF_MAPK_CASCADE	GOBP_NEGATIVE_REGULATION_OF_MAPK_CASCADE		182	0.14699544	0.5600044	1.0	1.0	1.0	2086	tags=3%, list=6%, signal=3%	
GOBP_POSITIVE_REGULATION_OF_INTERFERON_ALPHA_PRODUCTION	GOBP_POSITIVE_REGULATION_OF_INTERFERON_ALPHA_PRODUCTION		27	0.20245181	0.5590368	0.9894958	1.0	1.0	6917	tags=11%, list=19%, signal=14%	
GOBP_REGULATION_OF_EXTRACELLULAR_MATRIX_ASSEMBLY	GOBP_REGULATION_OF_EXTRACELLULAR_MATRIX_ASSEMBLY		15	0.23355143	0.5584462	0.98245615	1.0	1.0	17484	tags=73%, list=47%, signal=139%	
GOBP_MALE_GENITALIA_DEVELOPMENT	GOBP_MALE_GENITALIA_DEVELOPMENT		21	0.21697113	0.5582514	0.99316627	1.0	1.0	10474	tags=33%, list=28%, signal=46%	
GOBP_MRNA_CATABOLIC_PROCESS	GOBP_MRNA_CATABOLIC_PROCESS		270	0.14154272	0.5576883	1.0	1.0	1.0	17143	tags=40%, list=46%, signal=73%	
GOBP_REGULATION_OF_PEPTIDYL_TYROSINE_PHOSPHORYLATION	GOBP_REGULATION_OF_PEPTIDYL_TYROSINE_PHOSPHORYLATION		148	0.14808723	0.55761856	1.0	1.0	1.0	7419	tags=12%, list=20%, signal=15%	
GOBP_REGULATION_OF_DNA_METABOLIC_PROCESS	GOBP_REGULATION_OF_DNA_METABOLIC_PROCESS		491	0.13391306	0.5574153	1.0	1.0	1.0	3919	tags=3%, list=11%, signal=4%	
GOBP_EMBRYONIC_CRANIAL_SKELETON_MORPHOGENESIS	GOBP_EMBRYONIC_CRANIAL_SKELETON_MORPHOGENESIS		52	0.17706105	0.55689394	0.9974555	1.0	1.0	9436	tags=17%, list=26%, signal=23%	
GOBP_REGULATION_OF_EPITHELIAL_CELL_DIFFERENTIATION_INVOLVED_IN_KIDNEY_DEVELOPMENT	GOBP_REGULATION_OF_EPITHELIAL_CELL_DIFFERENTIATION_INVOLVED_IN_KIDNEY_DEVELOPMENT		19	0.21550764	0.5565257	0.9780702	1.0	1.0	9975	tags=21%, list=27%, signal=29%	
GOBP_ARF_PROTEIN_SIGNAL_TRANSDUCTION	GOBP_ARF_PROTEIN_SIGNAL_TRANSDUCTION		23	0.20979518	0.55646974	0.99512196	1.0	1.0	2145	tags=4%, list=6%, signal=5%	
GOBP_NEGATIVE_REGULATION_OF_SMOOTH_MUSCLE_CELL_MIGRATION	GOBP_NEGATIVE_REGULATION_OF_SMOOTH_MUSCLE_CELL_MIGRATION		35	0.18762971	0.55644566	0.9946092	1.0	1.0	7309	tags=11%, list=20%, signal=14%	
GOBP_ELECTRON_TRANSPORT_CHAIN	GOBP_ELECTRON_TRANSPORT_CHAIN		99	0.15819912	0.55618995	1.0	1.0	1.0	2738	tags=3%, list=7%, signal=3%	
GOBP_INTEGRIN_ACTIVATION	GOBP_INTEGRIN_ACTIVATION		28	0.19643418	0.5555598	1.0	1.0	1.0	10613	tags=25%, list=29%, signal=35%	
GOBP_NEGATIVE_REGULATION_OF_DNA_METABOLIC_PROCESS	GOBP_NEGATIVE_REGULATION_OF_DNA_METABOLIC_PROCESS		131	0.1493844	0.55525047	1.0	1.0	1.0	5978	tags=8%, list=16%, signal=9%	
GOBP_NEGATIVE_REGULATION_OF_FERROPTOSIS	GOBP_NEGATIVE_REGULATION_OF_FERROPTOSIS		22	0.20875186	0.5544742	0.9883721	1.0	1.0	29241	tags=100%, list=79%, signal=479%	
GOBP_REGULATION_OF_PROTEIN_TARGETING_TO_MITOCHONDRION	GOBP_REGULATION_OF_PROTEIN_TARGETING_TO_MITOCHONDRION		20	0.21670258	0.554392	0.9717647	1.0	1.0	2683	tags=5%, list=7%, signal=5%	
GOBP_REGULATION_OF_TRANSFERASE_ACTIVITY	GOBP_REGULATION_OF_TRANSFERASE_ACTIVITY		413	0.13411993	0.55366445	1.0	1.0	1.0	11088	tags=16%, list=30%, signal=23%	
GOBP_ESTABLISHMENT_OR_MAINTENANCE_OF_MONOPOLAR_CELL_POLARITY	GOBP_ESTABLISHMENT_OR_MAINTENANCE_OF_MONOPOLAR_CELL_POLARITY		26	0.20129985	0.5535664	0.99012345	1.0	1.0	29517	tags=100%, list=80%, signal=497%	
GOBP_REGULATION_OF_PROTEIN_STABILITY	GOBP_REGULATION_OF_PROTEIN_STABILITY		376	0.13373095	0.55280536	1.0	1.0	1.0	10812	tags=13%, list=29%, signal=19%	
GOBP_REGULATION_OF_PLASMA_MEMBRANE_ORGANIZATION	GOBP_REGULATION_OF_PLASMA_MEMBRANE_ORGANIZATION		17	0.22500946	0.5525374	0.981982	1.0	1.0	10060	tags=24%, list=27%, signal=32%	
GOBP_REGULATION_OF_CARBOHYDRATE_METABOLIC_PROCESS	GOBP_REGULATION_OF_CARBOHYDRATE_METABOLIC_PROCESS		202	0.14184262	0.5518544	1.0	1.0	1.0	10916	tags=20%, list=30%, signal=28%	
GOBP_REGULATION_OF_PROTEIN_TARGETING_TO_MEMBRANE	GOBP_REGULATION_OF_PROTEIN_TARGETING_TO_MEMBRANE		38	0.18738613	0.5516517	0.997555	1.0	1.0	837	tags=3%, list=2%, signal=3%	
GOBP_FOAM_CELL_DIFFERENTIATION	GOBP_FOAM_CELL_DIFFERENTIATION		33	0.19127263	0.5513429	0.99761903	1.0	1.0	2923	tags=6%, list=8%, signal=7%	
GOBP_ACTIVATION_OF_INNATE_IMMUNE_RESPONSE	GOBP_ACTIVATION_OF_INNATE_IMMUNE_RESPONSE		359	0.13576381	0.5504456	1.0	1.0	1.0	4043	tags=4%, list=11%, signal=5%	
GOBP_VESICLE_ORGANIZATION	GOBP_VESICLE_ORGANIZATION		398	0.13427809	0.549918	1.0	1.0	1.0	5396	tags=6%, list=15%, signal=7%	
GOBP_RAP_PROTEIN_SIGNAL_TRANSDUCTION	GOBP_RAP_PROTEIN_SIGNAL_TRANSDUCTION		20	0.2124275	0.54956263	0.9893843	1.0	1.0	2650	tags=5%, list=7%, signal=5%	
GOBP_ESTABLISHMENT_OF_ENDOTHELIAL_BARRIER	GOBP_ESTABLISHMENT_OF_ENDOTHELIAL_BARRIER		51	0.17558266	0.54930884	1.0	1.0	1.0	30471	tags=100%, list=82%, signal=569%	
GOBP_REGULATION_OF_NEURONAL_SYNAPTIC_PLASTICITY	GOBP_REGULATION_OF_NEURONAL_SYNAPTIC_PLASTICITY		73	0.16179124	0.5486456	1.0	1.0	1.0	10297	tags=22%, list=28%, signal=30%	
GOBP_INTRACELLULAR_RECEPTOR_SIGNALING_PATHWAY	GOBP_INTRACELLULAR_RECEPTOR_SIGNALING_PATHWAY		426	0.132084	0.547246	1.0	1.0	1.0	11108	tags=16%, list=30%, signal=23%	
GOBP_GLYCOLIPID_BIOSYNTHETIC_PROCESS	GOBP_GLYCOLIPID_BIOSYNTHETIC_PROCESS		77	0.16148415	0.5467522	1.0	1.0	1.0	10745	tags=19%, list=29%, signal=27%	
GOBP_NEGATIVE_REGULATION_OF_MYOBLAST_DIFFERENTIATION	GOBP_NEGATIVE_REGULATION_OF_MYOBLAST_DIFFERENTIATION		33	0.18518884	0.5460377	0.99255586	1.0	1.0	10785	tags=27%, list=29%, signal=38%	
GOBP_POSITIVE_REGULATION_OF_ENDOTHELIAL_CELL_MIGRATION	GOBP_POSITIVE_REGULATION_OF_ENDOTHELIAL_CELL_MIGRATION		112	0.15089987	0.54603404	1.0	1.0	1.0	31391	tags=100%, list=85%, signal=663%	
GOBP_POSITIVE_REGULATION_OF_INTERLEUKIN_10_PRODUCTION	GOBP_POSITIVE_REGULATION_OF_INTERLEUKIN_10_PRODUCTION		42	0.17982888	0.5460312	1.0	1.0	1.0	4724	tags=10%, list=13%, signal=11%	
GOBP_NEGATIVE_REGULATION_OF_D_GLUCOSE_TRANSMEMBRANE_TRANSPORT	GOBP_NEGATIVE_REGULATION_OF_D_GLUCOSE_TRANSMEMBRANE_TRANSPORT		27	0.19591463	0.545732	0.99511003	1.0	1.0	14869	tags=44%, list=40%, signal=74%	
GOBP_REGULATION_OF_PROTEIN_UBIQUITINATION	GOBP_REGULATION_OF_PROTEIN_UBIQUITINATION		201	0.14217848	0.54568845	1.0	1.0	1.0	11150	tags=16%, list=30%, signal=23%	
GOBP_NUCLEOSIDE_TRIPHOSPHATE_BIOSYNTHETIC_PROCESS	GOBP_NUCLEOSIDE_TRIPHOSPHATE_BIOSYNTHETIC_PROCESS		122	0.14915615	0.54466754	1.0	1.0	1.0	18176	tags=55%, list=49%, signal=108%	
GOBP_HYPEROSMOTIC_RESPONSE	GOBP_HYPEROSMOTIC_RESPONSE		29	0.19033843	0.5442346	0.99531615	1.0	1.0	2135	tags=3%, list=6%, signal=4%	
GOBP_ESTABLISHMENT_OR_MAINTENANCE_OF_CELL_POLARITY	GOBP_ESTABLISHMENT_OR_MAINTENANCE_OF_CELL_POLARITY		238	0.13825867	0.54413754	1.0	1.0	1.0	1404	tags=2%, list=4%, signal=2%	
GOBP_CHROMOSOME_LOCALIZATION	GOBP_CHROMOSOME_LOCALIZATION		128	0.1509962	0.54379857	1.0	1.0	1.0	10987	tags=17%, list=30%, signal=24%	
GOBP_CARDIAC_NEURAL_CREST_CELL_DIFFERENTIATION_INVOLVED_IN_HEART_DEVELOPMENT	GOBP_CARDIAC_NEURAL_CREST_CELL_DIFFERENTIATION_INVOLVED_IN_HEART_DEVELOPMENT		19	0.21720946	0.5434271	0.9845133	1.0	1.0	14331	tags=37%, list=39%, signal=60%	
GOBP_REGULATION_OF_MITOCHONDRION_ORGANIZATION	GOBP_REGULATION_OF_MITOCHONDRION_ORGANIZATION		127	0.14832473	0.5434239	1.0	1.0	1.0	10048	tags=13%, list=27%, signal=17%	
GOBP_ORGANOPHOSPHATE_ESTER_TRANSPORT	GOBP_ORGANOPHOSPHATE_ESTER_TRANSPORT		172	0.14446007	0.54312146	1.0	1.0	1.0	5125	tags=6%, list=14%, signal=7%	
GOBP_EMBRYO_IMPLANTATION	GOBP_EMBRYO_IMPLANTATION		71	0.16487084	0.54303265	1.0	1.0	1.0	10613	tags=23%, list=29%, signal=32%	
GOBP_CELLULAR_SENESCENCE	GOBP_CELLULAR_SENESCENCE		89	0.15528229	0.54222393	1.0	1.0	1.0	31226	tags=100%, list=85%, signal=644%	
GOBP_RESPONSE_TO_UV_B	GOBP_RESPONSE_TO_UV_B		23	0.1981193	0.54165566	0.98858446	1.0	1.0	5499	tags=9%, list=15%, signal=10%	
GOBP_MATERNAL_PROCESS_INVOLVED_IN_FEMALE_PREGNANCY	GOBP_MATERNAL_PROCESS_INVOLVED_IN_FEMALE_PREGNANCY		64	0.16517363	0.5412562	1.0	1.0	1.0	64	tags=2%, list=0%, signal=2%	
GOBP_REGULATION_OF_CHOLESTEROL_STORAGE	GOBP_REGULATION_OF_CHOLESTEROL_STORAGE		18	0.21826814	0.54082483	0.9927711	1.0	1.0	3778	tags=11%, list=10%, signal=12%	
GOBP_POSITIVE_REGULATION_OF_BLOOD_VESSEL_ENDOTHELIAL_CELL_MIGRATION	GOBP_POSITIVE_REGULATION_OF_BLOOD_VESSEL_ENDOTHELIAL_CELL_MIGRATION		62	0.1634362	0.53991395	0.9973545	1.0	1.0	30921	tags=100%, list=84%, signal=612%	
GOBP_POSITIVE_REGULATION_OF_PHOSPHOLIPID_METABOLIC_PROCESS	GOBP_POSITIVE_REGULATION_OF_PHOSPHOLIPID_METABOLIC_PROCESS		16	0.21807788	0.5397455	0.99346405	1.0	1.0	6538	tags=13%, list=18%, signal=15%	
GOBP_POSITIVE_REGULATION_OF_DNA_BIOSYNTHETIC_PROCESS	GOBP_POSITIVE_REGULATION_OF_DNA_BIOSYNTHETIC_PROCESS		56	0.16630046	0.53880614	1.0	1.0	1.0	147	tags=2%, list=0%, signal=2%	
GOBP_SULFUR_AMINO_ACID_METABOLIC_PROCESS	GOBP_SULFUR_AMINO_ACID_METABOLIC_PROCESS		30	0.18985473	0.53879553	0.9977925	1.0	1.0	13753	tags=43%, list=37%, signal=69%	
GOBP_AMINE_METABOLIC_PROCESS	GOBP_AMINE_METABOLIC_PROCESS		93	0.15520217	0.53810483	1.0	1.0	1.0	1823	tags=4%, list=5%, signal=5%	
GOBP_DICARBOXYLIC_ACID_CATABOLIC_PROCESS	GOBP_DICARBOXYLIC_ACID_CATABOLIC_PROCESS		16	0.22083223	0.53802234	0.9822222	1.0	1.0	6613	tags=13%, list=18%, signal=15%	
GOBP_MEMBRANE_LIPID_BIOSYNTHETIC_PROCESS	GOBP_MEMBRANE_LIPID_BIOSYNTHETIC_PROCESS		148	0.14413825	0.53792655	1.0	1.0	1.0	10745	tags=21%, list=29%, signal=29%	
GOBP_REGULATION_OF_LEUKOCYTE_DEGRANULATION	GOBP_REGULATION_OF_LEUKOCYTE_DEGRANULATION		47	0.17166059	0.5373365	0.99733335	1.0	1.0	876	tags=2%, list=2%, signal=2%	
GOBP_RIBOSE_PHOSPHATE_BIOSYNTHETIC_PROCESS	GOBP_RIBOSE_PHOSPHATE_BIOSYNTHETIC_PROCESS		189	0.13742447	0.5371805	1.0	1.0	1.0	15923	tags=38%, list=43%, signal=66%	
GOBP_VESICLE_TARGETING_TO_FROM_OR_WITHIN_GOLGI	GOBP_VESICLE_TARGETING_TO_FROM_OR_WITHIN_GOLGI		29	0.19129504	0.5357871	0.99049884	1.0	1.0	29887	tags=100%, list=81%, signal=523%	
GOBP_MITOTIC_CELL_CYCLE_PHASE_TRANSITION	GOBP_MITOTIC_CELL_CYCLE_PHASE_TRANSITION		441	0.13026062	0.53561276	1.0	1.0	1.0	3855	tags=3%, list=10%, signal=4%	
GOBP_PROTEIN_AUTOPROCESSING	GOBP_PROTEIN_AUTOPROCESSING		28	0.19225694	0.53533924	0.99760765	1.0	1.0	1510	tags=4%, list=4%, signal=4%	
GOBP_POSITIVE_REGULATION_OF_COLD_INDUCED_THERMOGENESIS	GOBP_POSITIVE_REGULATION_OF_COLD_INDUCED_THERMOGENESIS		97	0.15191321	0.5346363	1.0	1.0	1.0	10048	tags=16%, list=27%, signal=23%	
GOBP_GLYCEROPHOSPHOLIPID_CATABOLIC_PROCESS	GOBP_GLYCEROPHOSPHOLIPID_CATABOLIC_PROCESS		34	0.18132092	0.5344857	1.0	1.0	1.0	14313	tags=35%, list=39%, signal=58%	
GOBP_REGULATION_OF_NATURAL_KILLER_CELL_DIFFERENTIATION	GOBP_REGULATION_OF_NATURAL_KILLER_CELL_DIFFERENTIATION		17	0.22035773	0.53367	0.99311924	1.0	1.0	10850	tags=29%, list=29%, signal=42%	
GOBP_NUCLEAR_ENVELOPE_ORGANIZATION	GOBP_NUCLEAR_ENVELOPE_ORGANIZATION		60	0.1631311	0.53293574	1.0	1.0	1.0	25116	tags=95%, list=68%, signal=296%	
GOBP_INTRINSIC_APOPTOTIC_SIGNALING_PATHWAY	GOBP_INTRINSIC_APOPTOTIC_SIGNALING_PATHWAY		333	0.13094643	0.5328614	1.0	1.0	1.0	2407	tags=3%, list=7%, signal=3%	
GOBP_NEGATIVE_REGULATION_OF_CELL_SUBSTRATE_JUNCTION_ORGANIZATION	GOBP_NEGATIVE_REGULATION_OF_CELL_SUBSTRATE_JUNCTION_ORGANIZATION		19	0.21122594	0.53143376	0.984127	1.0	1.0	29149	tags=100%, list=79%, signal=473%	
GOBP_NUCLEAR_EXPORT	GOBP_NUCLEAR_EXPORT		165	0.14060701	0.5311572	1.0	1.0	1.0	24949	tags=94%, list=68%, signal=288%	
GOBP_NEGATIVE_REGULATION_OF_PHOSPHORUS_METABOLIC_PROCESS	GOBP_NEGATIVE_REGULATION_OF_PHOSPHORUS_METABOLIC_PROCESS		282	0.13178386	0.5306173	1.0	1.0	1.0	4403	tags=4%, list=12%, signal=5%	
GOBP_TELOMERE_MAINTENANCE_VIA_RECOMBINATION	GOBP_TELOMERE_MAINTENANCE_VIA_RECOMBINATION		16	0.21789639	0.5297055	0.9828694	1.0	1.0	28902	tags=100%, list=78%, signal=459%	
GOBP_EMBRYONIC_HEART_TUBE_MORPHOGENESIS	GOBP_EMBRYONIC_HEART_TUBE_MORPHOGENESIS		69	0.1599535	0.5296913	1.0	1.0	1.0	14314	tags=35%, list=39%, signal=57%	
GOBP_REGULATION_OF_EPITHELIAL_CELL_MIGRATION	GOBP_REGULATION_OF_EPITHELIAL_CELL_MIGRATION		74	0.15692689	0.529577	1.0	1.0	1.0	31163	tags=100%, list=84%, signal=637%	
GOBP_POSITIVE_REGULATION_OF_CELLULAR_RESPIRATION	GOBP_POSITIVE_REGULATION_OF_CELLULAR_RESPIRATION		23	0.19963518	0.5290174	0.9954233	1.0	1.0	10828	tags=30%, list=29%, signal=43%	
GOBP_REGULATION_OF_NON_CANONICAL_WNT_SIGNALING_PATHWAY	GOBP_REGULATION_OF_NON_CANONICAL_WNT_SIGNALING_PATHWAY		27	0.19687995	0.52894986	0.9976134	1.0	1.0	805	tags=4%, list=2%, signal=4%	
GOBP_NUCLEOSIDE_PHOSPHATE_BIOSYNTHETIC_PROCESS	GOBP_NUCLEOSIDE_PHOSPHATE_BIOSYNTHETIC_PROCESS		321	0.13086347	0.52872795	1.0	1.0	1.0	15923	tags=37%, list=43%, signal=65%	
GOBP_CELL_CYCLE_G2_M_PHASE_TRANSITION	GOBP_CELL_CYCLE_G2_M_PHASE_TRANSITION		162	0.14074415	0.52871513	1.0	1.0	1.0	17162	tags=42%, list=46%, signal=78%	
GOBP_GLUTATHIONE_METABOLIC_PROCESS	GOBP_GLUTATHIONE_METABOLIC_PROCESS		67	0.1587655	0.5285421	1.0	1.0	1.0	10937	tags=22%, list=30%, signal=32%	
GOBP_COPPER_ION_HOMEOSTASIS	GOBP_COPPER_ION_HOMEOSTASIS		17	0.21547851	0.52830863	0.9933775	1.0	1.0	7229	tags=12%, list=20%, signal=15%	
GOBP_POSITIVE_REGULATION_OF_AUTOPHAGY	GOBP_POSITIVE_REGULATION_OF_AUTOPHAGY		178	0.1381026	0.52798873	1.0	1.0	1.0	1413	tags=2%, list=4%, signal=2%	
GOBP_PRESYNAPTIC_ENDOCYTOSIS	GOBP_PRESYNAPTIC_ENDOCYTOSIS		91	0.15193197	0.52785903	1.0	1.0	1.0	18067	tags=64%, list=49%, signal=124%	
GOBP_NUCLEOBASE_CONTAINING_COMPOUND_TRANSPORT	GOBP_NUCLEOBASE_CONTAINING_COMPOUND_TRANSPORT		220	0.13468623	0.52784127	1.0	1.0	1.0	16818	tags=41%, list=46%, signal=75%	
GOBP_MAMMARY_GLAND_EPITHELIUM_DEVELOPMENT	GOBP_MAMMARY_GLAND_EPITHELIUM_DEVELOPMENT		82	0.15379448	0.52756953	1.0	1.0	1.0	10230	tags=20%, list=28%, signal=27%	
GOBP_FIBROBLAST_MIGRATION	GOBP_FIBROBLAST_MIGRATION		63	0.1606221	0.5270746	1.0	1.0	1.0	147	tags=2%, list=0%, signal=2%	
GOBP_BLASTOCYST_GROWTH	GOBP_BLASTOCYST_GROWTH		27	0.1887662	0.5267099	0.9977324	1.0	1.0	29980	tags=100%, list=81%, signal=530%	
GOBP_NEGATIVE_REGULATION_OF_PROTEIN_LOCALIZATION_TO_MEMBRANE	GOBP_NEGATIVE_REGULATION_OF_PROTEIN_LOCALIZATION_TO_MEMBRANE		35	0.18125908	0.52660006	1.0	1.0	1.0	17427	tags=57%, list=47%, signal=108%	
GOBP_PHOSPHATIDIC_ACID_METABOLIC_PROCESS	GOBP_PHOSPHATIDIC_ACID_METABOLIC_PROCESS		29	0.18902078	0.52640754	0.99747473	1.0	1.0	17136	tags=52%, list=46%, signal=96%	
GOBP_FIBROBLAST_ACTIVATION	GOBP_FIBROBLAST_ACTIVATION		25	0.19278848	0.52602607	0.99520385	1.0	1.0	11056	tags=28%, list=30%, signal=40%	
GOBP_RUFFLE_ORGANIZATION	GOBP_RUFFLE_ORGANIZATION		54	0.16550425	0.52557045	1.0	1.0	1.0	15987	tags=39%, list=43%, signal=68%	
GOBP_LYSOSOMAL_MEMBRANE_ORGANIZATION	GOBP_LYSOSOMAL_MEMBRANE_ORGANIZATION		19	0.20711103	0.52492076	0.9929078	1.0	1.0	23952	tags=95%, list=65%, signal=269%	
GOBP_NEGATIVE_REGULATION_OF_CELL_CYCLE	GOBP_NEGATIVE_REGULATION_OF_CELL_CYCLE		373	0.12939802	0.5248641	1.0	1.0	1.0	11077	tags=17%, list=30%, signal=24%	
GOBP_REGULATION_OF_D_GLUCOSE_IMPORT	GOBP_REGULATION_OF_D_GLUCOSE_IMPORT		66	0.15822053	0.52485496	1.0	1.0	1.0	10562	tags=20%, list=29%, signal=28%	
GOBP_ENDOCYTIC_RECYCLING	GOBP_ENDOCYTIC_RECYCLING		93	0.14904779	0.5247044	1.0	1.0	1.0	18205	tags=55%, list=49%, signal=108%	
GOBP_NEGATIVE_REGULATION_OF_PLATELET_DERIVED_GROWTH_FACTOR_RECEPTOR_SIGNALING_PATHWAY	GOBP_NEGATIVE_REGULATION_OF_PLATELET_DERIVED_GROWTH_FACTOR_RECEPTOR_SIGNALING_PATHWAY		15	0.21935187	0.5243677	0.97254	1.0	1.0	4677	tags=13%, list=13%, signal=15%	
GOBP_REGULATION_OF_PROTEIN_TARGETING	GOBP_REGULATION_OF_PROTEIN_TARGETING		59	0.163289	0.5240797	1.0	1.0	1.0	4895	tags=5%, list=13%, signal=6%	
GOBP_MACROPHAGE_MIGRATION	GOBP_MACROPHAGE_MIGRATION		64	0.16239408	0.5235588	1.0	1.0	1.0	10551	tags=22%, list=29%, signal=31%	
GOBP_CEREBELLAR_CORTEX_DEVELOPMENT	GOBP_CEREBELLAR_CORTEX_DEVELOPMENT		69	0.15740192	0.52349454	1.0	1.0	1.0	14993	tags=41%, list=41%, signal=68%	
GOBP_REGULATION_OF_PATTERN_RECOGNITION_RECEPTOR_SIGNALING_PATHWAY	GOBP_REGULATION_OF_PATTERN_RECOGNITION_RECEPTOR_SIGNALING_PATHWAY		193	0.13536601	0.5233807	1.0	1.0	1.0	3855	tags=4%, list=10%, signal=4%	
GOBP_NEURAL_TUBE_FORMATION	GOBP_NEURAL_TUBE_FORMATION		128	0.14421785	0.5228038	1.0	1.0	1.0	17081	tags=48%, list=46%, signal=88%	
GOBP_PSEUDOPODIUM_ORGANIZATION	GOBP_PSEUDOPODIUM_ORGANIZATION		15	0.22049224	0.5221157	0.9916667	1.0	1.0	9929	tags=20%, list=27%, signal=27%	
GOBP_NEGATIVE_REGULATION_OF_BLOOD_VESSEL_ENDOTHELIAL_CELL_MIGRATION	GOBP_NEGATIVE_REGULATION_OF_BLOOD_VESSEL_ENDOTHELIAL_CELL_MIGRATION		36	0.176297	0.5213205	1.0	1.0	1.0	30442	tags=100%, list=82%, signal=567%	
GOBP_POSITIVE_REGULATION_OF_LEUKOCYTE_CHEMOTAXIS	GOBP_POSITIVE_REGULATION_OF_LEUKOCYTE_CHEMOTAXIS		95	0.14758511	0.5208849	1.0	1.0	1.0	5221	tags=6%, list=14%, signal=7%	
GOBP_MULTICELLULAR_ORGANISMAL_LEVEL_CHEMICAL_HOMEOSTASIS	GOBP_MULTICELLULAR_ORGANISMAL_LEVEL_CHEMICAL_HOMEOSTASIS		88	0.15007982	0.52011085	1.0	1.0	1.0	1916	tags=5%, list=5%, signal=5%	
GOBP_POSITIVE_REGULATION_OF_DNA_METABOLIC_PROCESS	GOBP_POSITIVE_REGULATION_OF_DNA_METABOLIC_PROCESS		306	0.12947401	0.51997167	1.0	1.0	1.0	15891	tags=33%, list=43%, signal=57%	
GOBP_VACUOLE_ORGANIZATION	GOBP_VACUOLE_ORGANIZATION		275	0.13190801	0.5197714	1.0	1.0	1.0	2253	tags=2%, list=6%, signal=2%	
GOBP_INTESTINAL_EPITHELIAL_CELL_DEVELOPMENT	GOBP_INTESTINAL_EPITHELIAL_CELL_DEVELOPMENT		16	0.21524194	0.5188944	0.9930233	1.0	1.0	5954	tags=13%, list=16%, signal=15%	
GOBP_RHO_PROTEIN_SIGNAL_TRANSDUCTION	GOBP_RHO_PROTEIN_SIGNAL_TRANSDUCTION		142	0.13901453	0.5188372	1.0	1.0	1.0	7305	tags=8%, list=20%, signal=10%	
GOBP_PYRIDINE_CONTAINING_COMPOUND_CATABOLIC_PROCESS	GOBP_PYRIDINE_CONTAINING_COMPOUND_CATABOLIC_PROCESS		126	0.14215142	0.51883036	1.0	1.0	1.0	10810	tags=21%, list=29%, signal=29%	
GOBP_REGULATION_OF_VASCULAR_ENDOTHELIAL_GROWTH_FACTOR_RECEPTOR_SIGNALING_PATHWAY	GOBP_REGULATION_OF_VASCULAR_ENDOTHELIAL_GROWTH_FACTOR_RECEPTOR_SIGNALING_PATHWAY		35	0.1746766	0.51861066	0.99515736	1.0	1.0	16116	tags=43%, list=44%, signal=76%	
GOBP_ENDOTHELIAL_CELL_MIGRATION	GOBP_ENDOTHELIAL_CELL_MIGRATION		233	0.13247173	0.5180632	1.0	1.0	1.0	10575	tags=16%, list=29%, signal=22%	
GOBP_ENDOTHELIAL_CELL_APOPTOTIC_PROCESS	GOBP_ENDOTHELIAL_CELL_APOPTOTIC_PROCESS		62	0.1589473	0.5180579	1.0	1.0	1.0	10965	tags=19%, list=30%, signal=27%	
GOBP_SYNAPTIC_VESICLE_TRANSPORT	GOBP_SYNAPTIC_VESICLE_TRANSPORT		56	0.16188732	0.5174704	1.0	1.0	1.0	4743	tags=5%, list=13%, signal=6%	
GOBP_TERPENOID_BIOSYNTHETIC_PROCESS	GOBP_TERPENOID_BIOSYNTHETIC_PROCESS		30	0.18107775	0.51683295	0.9977169	1.0	1.0	13275	tags=43%, list=36%, signal=68%	
GOBP_STEM_CELL_DIVISION	GOBP_STEM_CELL_DIVISION		42	0.16832307	0.5166457	1.0	1.0	1.0	9381	tags=17%, list=25%, signal=22%	
GOBP_NEGATIVE_REGULATION_OF_SMOOTH_MUSCLE_CONTRACTION	GOBP_NEGATIVE_REGULATION_OF_SMOOTH_MUSCLE_CONTRACTION		21	0.1967294	0.516025	0.99572647	1.0	1.0	1546	tags=5%, list=4%, signal=5%	
GOBP_MITOCHONDRION_LOCALIZATION	GOBP_MITOCHONDRION_LOCALIZATION		62	0.15579611	0.5160163	0.9973545	1.0	1.0	1977	tags=3%, list=5%, signal=3%	
GOBP_STRIATED_MUSCLE_CELL_APOPTOTIC_PROCESS	GOBP_STRIATED_MUSCLE_CELL_APOPTOTIC_PROCESS		78	0.15083256	0.5151476	1.0	1.0	1.0	14908	tags=35%, list=40%, signal=58%	
GOBP_CHOLESTEROL_STORAGE	GOBP_CHOLESTEROL_STORAGE		24	0.18852684	0.51433986	0.9976415	1.0	1.0	3778	tags=8%, list=10%, signal=9%	
GOBP_NEGATIVE_REGULATION_OF_PROTEIN_MODIFICATION_PROCESS	GOBP_NEGATIVE_REGULATION_OF_PROTEIN_MODIFICATION_PROCESS		318	0.12739293	0.51412874	1.0	1.0	1.0	11088	tags=14%, list=30%, signal=20%	
GOBP_REGULATION_OF_DNA_REPAIR	GOBP_REGULATION_OF_DNA_REPAIR		231	0.13057615	0.5140731	1.0	1.0	1.0	31403	tags=100%, list=85%, signal=659%	
GOBP_REGULATION_OF_AUTOPHAGY	GOBP_REGULATION_OF_AUTOPHAGY		314	0.12720937	0.5134789	1.0	1.0	1.0	1413	tags=2%, list=4%, signal=2%	
GOBP_PROTEIN_METHYLATION	GOBP_PROTEIN_METHYLATION		54	0.16083583	0.5134711	1.0	1.0	1.0	16826	tags=43%, list=46%, signal=78%	
GOBP_POSITIVE_REGULATION_OF_STEM_CELL_DIFFERENTIATION	GOBP_POSITIVE_REGULATION_OF_STEM_CELL_DIFFERENTIATION		25	0.18986914	0.51339644	0.987013	1.0	1.0	10782	tags=24%, list=29%, signal=34%	
GOBP_RESPONSE_TO_MERCURY_ION	GOBP_RESPONSE_TO_MERCURY_ION		15	0.21067677	0.51325125	0.989083	1.0	1.0	10906	tags=33%, list=30%, signal=47%	
GOBP_L_TRYPTOPHAN_METABOLIC_PROCESS	GOBP_L_TRYPTOPHAN_METABOLIC_PROCESS		16	0.20691323	0.5131788	0.9913793	1.0	1.0	10109	tags=31%, list=27%, signal=43%	
GOBP_PROTEIN_EXPORT_FROM_NUCLEUS	GOBP_PROTEIN_EXPORT_FROM_NUCLEUS		65	0.15537079	0.512273	1.0	1.0	1.0	31219	tags=100%, list=84%, signal=644%	
GOBP_RESPONSE_TO_COLD	GOBP_RESPONSE_TO_COLD		49	0.16176474	0.51166916	1.0	1.0	1.0	7427	tags=14%, list=20%, signal=18%	
GOBP_DIOL_METABOLIC_PROCESS	GOBP_DIOL_METABOLIC_PROCESS		29	0.18103027	0.5114346	0.9976134	1.0	1.0	30266	tags=100%, list=82%, signal=552%	
GOBP_SMOOTH_MUSCLE_CELL_MIGRATION	GOBP_SMOOTH_MUSCLE_CELL_MIGRATION		119	0.14193234	0.51125443	1.0	1.0	1.0	10965	tags=18%, list=30%, signal=26%	
GOBP_NEGATIVE_REGULATION_OF_DNA_REPAIR	GOBP_NEGATIVE_REGULATION_OF_DNA_REPAIR		41	0.1649961	0.5109211	1.0	1.0	1.0	30860	tags=100%, list=84%, signal=606%	
GOBP_VASCULAR_ASSOCIATED_SMOOTH_MUSCLE_CELL_MIGRATION	GOBP_VASCULAR_ASSOCIATED_SMOOTH_MUSCLE_CELL_MIGRATION		43	0.16692528	0.50950307	1.0	1.0	1.0	10891	tags=23%, list=29%, signal=33%	
GOBP_MRNA_3_END_PROCESSING	GOBP_MRNA_3_END_PROCESSING		49	0.16230537	0.5090527	1.0	1.0	1.0	1524	tags=2%, list=4%, signal=2%	
GOBP_ESTABLISHMENT_OF_EPITHELIAL_CELL_APICAL_BASAL_POLARITY	GOBP_ESTABLISHMENT_OF_EPITHELIAL_CELL_APICAL_BASAL_POLARITY		18	0.20125626	0.508527	0.99141634	1.0	1.0	29517	tags=100%, list=80%, signal=497%	
GOBP_NEGATIVE_REGULATION_OF_CYCLIN_DEPENDENT_PROTEIN_SERINE_THREONINE_KINASE_ACTIVITY	GOBP_NEGATIVE_REGULATION_OF_CYCLIN_DEPENDENT_PROTEIN_SERINE_THREONINE_KINASE_ACTIVITY		17	0.20701425	0.5071078	0.9978261	1.0	1.0	8754	tags=12%, list=24%, signal=15%	
GOBP_REGULATION_OF_ACTIN_FILAMENT_BUNDLE_ASSEMBLY	GOBP_REGULATION_OF_ACTIN_FILAMENT_BUNDLE_ASSEMBLY		115	0.14064407	0.5061526	1.0	1.0	1.0	16820	tags=43%, list=46%, signal=78%	
GOBP_RESPONSE_TO_TYPE_II_INTERFERON	GOBP_RESPONSE_TO_TYPE_II_INTERFERON		144	0.13557664	0.50512516	1.0	1.0	1.0	9025	tags=13%, list=24%, signal=16%	
GOBP_CENTROSOME_DUPLICATION	GOBP_CENTROSOME_DUPLICATION		80	0.1473694	0.5039895	1.0	1.0	1.0	10351	tags=16%, list=28%, signal=23%	
GOBP_NOTCH_SIGNALING_PATHWAY	GOBP_NOTCH_SIGNALING_PATHWAY		183	0.13228865	0.50307375	1.0	1.0	1.0	2624	tags=3%, list=7%, signal=4%	
GOBP_SPHINGOLIPID_BIOSYNTHETIC_PROCESS	GOBP_SPHINGOLIPID_BIOSYNTHETIC_PROCESS		106	0.14179058	0.5006685	1.0	1.0	1.0	7452	tags=13%, list=20%, signal=16%	
GOBP_REGULATION_OF_LYMPHOCYTE_CHEMOTAXIS	GOBP_REGULATION_OF_LYMPHOCYTE_CHEMOTAXIS		25	0.1851839	0.50064665	1.0	1.0	1.0	9110	tags=16%, list=25%, signal=21%	
GOBP_REGULATION_OF_CELL_CYCLE_PHASE_TRANSITION	GOBP_REGULATION_OF_CELL_CYCLE_PHASE_TRANSITION		434	0.120626494	0.5000155	1.0	1.0	1.0	11077	tags=15%, list=30%, signal=21%	
GOBP_XENOPHAGY	GOBP_XENOPHAGY		17	0.20422919	0.4986902	0.99071926	1.0	1.0	29407	tags=100%, list=80%, signal=490%	
GOBP_POSITIVE_REGULATION_OF_WNT_SIGNALING_PATHWAY	GOBP_POSITIVE_REGULATION_OF_WNT_SIGNALING_PATHWAY		149	0.13253093	0.4982714	1.0	1.0	1.0	10584	tags=16%, list=29%, signal=22%	
GOBP_REGULATION_OF_CELL_CELL_ADHESION_MEDIATED_BY_CADHERIN	GOBP_REGULATION_OF_CELL_CELL_ADHESION_MEDIATED_BY_CADHERIN		18	0.20025451	0.49765295	0.978308	1.0	1.0	29554	tags=100%, list=80%, signal=499%	
GOBP_ORGANOPHOSPHATE_CATABOLIC_PROCESS	GOBP_ORGANOPHOSPHATE_CATABOLIC_PROCESS		258	0.12606409	0.4974416	1.0	1.0	1.0	7419	tags=11%, list=20%, signal=14%	
GOBP_REGULATION_OF_HEMATOPOIETIC_PROGENITOR_CELL_DIFFERENTIATION	GOBP_REGULATION_OF_HEMATOPOIETIC_PROGENITOR_CELL_DIFFERENTIATION		35	0.16743697	0.49686593	0.9974555	1.0	1.0	16230	tags=43%, list=44%, signal=76%	
GOBP_REGULATION_OF_RESPONSE_TO_CYTOKINE_STIMULUS	GOBP_REGULATION_OF_RESPONSE_TO_CYTOKINE_STIMULUS		177	0.13026369	0.49579048	1.0	1.0	1.0	3730	tags=5%, list=10%, signal=5%	
GOBP_LACTATE_METABOLIC_PROCESS	GOBP_LACTATE_METABOLIC_PROCESS		21	0.1893311	0.4954232	0.99769586	1.0	1.0	29958	tags=100%, list=81%, signal=528%	
GOBP_CELLULAR_RESPONSE_TO_STARVATION	GOBP_CELLULAR_RESPONSE_TO_STARVATION		200	0.12809208	0.4942016	1.0	1.0	1.0	16876	tags=38%, list=46%, signal=69%	
GOBP_GASTRULATION	GOBP_GASTRULATION		190	0.12793751	0.49385828	1.0	1.0	1.0	11075	tags=20%, list=30%, signal=28%	
GOBP_NEGATIVE_REGULATION_OF_MITOTIC_CELL_CYCLE	GOBP_NEGATIVE_REGULATION_OF_MITOTIC_CELL_CYCLE		237	0.12587911	0.4938398	1.0	1.0	1.0	11060	tags=16%, list=30%, signal=23%	
GOBP_REGULATION_OF_ESTABLISHMENT_OF_PROTEIN_LOCALIZATION_TO_MITOCHONDRION	GOBP_REGULATION_OF_ESTABLISHMENT_OF_PROTEIN_LOCALIZATION_TO_MITOCHONDRION		26	0.179373	0.49373373	1.0	1.0	1.0	2683	tags=4%, list=7%, signal=4%	
GOBP_MIRNA_TRANSCRIPTION	GOBP_MIRNA_TRANSCRIPTION		81	0.14397483	0.49351782	1.0	1.0	1.0	3264	tags=5%, list=9%, signal=5%	
GOBP_MUSCLE_CELL_APOPTOTIC_PROCESS	GOBP_MUSCLE_CELL_APOPTOTIC_PROCESS		125	0.13509288	0.49350244	1.0	1.0	1.0	15655	tags=37%, list=42%, signal=64%	
GOBP_ASTRAL_MICROTUBULE_ORGANIZATION	GOBP_ASTRAL_MICROTUBULE_ORGANIZATION		15	0.2098766	0.49325338	0.98678416	1.0	1.0	29198	tags=100%, list=79%, signal=476%	
GOBP_RIBOSOMAL_SMALL_SUBUNIT_ASSEMBLY	GOBP_RIBOSOMAL_SMALL_SUBUNIT_ASSEMBLY		25	0.18252718	0.4926218	0.99022007	1.0	1.0	30210	tags=100%, list=82%, signal=548%	
GOBP_RUFFLE_ASSEMBLY	GOBP_RUFFLE_ASSEMBLY		43	0.16221416	0.4915781	1.0	1.0	1.0	30963	tags=100%, list=84%, signal=616%	
GOBP_PROTEIN_MONOUBIQUITINATION	GOBP_PROTEIN_MONOUBIQUITINATION		63	0.15143137	0.49084106	1.0	1.0	1.0	31364	tags=100%, list=85%, signal=660%	
GOBP_NEGATIVE_REGULATION_OF_LIPID_TRANSPORT	GOBP_NEGATIVE_REGULATION_OF_LIPID_TRANSPORT		36	0.16604064	0.49021095	1.0	1.0	1.0	5125	tags=8%, list=14%, signal=10%	
GOBP_PYRIMIDINE_NUCLEOSIDE_MONOPHOSPHATE_METABOLIC_PROCESS	GOBP_PYRIMIDINE_NUCLEOSIDE_MONOPHOSPHATE_METABOLIC_PROCESS		22	0.18475984	0.48990178	1.0	1.0	1.0	30127	tags=100%, list=82%, signal=541%	
GOBP_LACTATION	GOBP_LACTATION		67	0.14801267	0.4894245	1.0	1.0	1.0	10719	tags=21%, list=29%, signal=29%	
GOBP_SUPEROXIDE_ANION_GENERATION	GOBP_SUPEROXIDE_ANION_GENERATION		45	0.15836206	0.48889172	1.0	1.0	1.0	2433	tags=4%, list=7%, signal=5%	
GOBP_POSITIVE_REGULATION_OF_EXTRINSIC_APOPTOTIC_SIGNALING_PATHWAY	GOBP_POSITIVE_REGULATION_OF_EXTRINSIC_APOPTOTIC_SIGNALING_PATHWAY		68	0.14753519	0.4887761	1.0	1.0	1.0	9466	tags=15%, list=26%, signal=20%	
GOBP_DEFENSE_RESPONSE_TO_VIRUS	GOBP_DEFENSE_RESPONSE_TO_VIRUS		312	0.122128986	0.48806834	1.0	1.0	1.0	11150	tags=18%, list=30%, signal=26%	
GOBP_INSULIN_LIKE_GROWTH_FACTOR_RECEPTOR_SIGNALING_PATHWAY	GOBP_INSULIN_LIKE_GROWTH_FACTOR_RECEPTOR_SIGNALING_PATHWAY		52	0.15310931	0.4880266	1.0	1.0	1.0	15642	tags=42%, list=42%, signal=73%	
GOBP_TETRAPYRROLE_METABOLIC_PROCESS	GOBP_TETRAPYRROLE_METABOLIC_PROCESS		59	0.14958581	0.48787042	1.0	1.0	1.0	9121	tags=15%, list=25%, signal=20%	
GOBP_NUCLEOTIDE_BIOSYNTHETIC_PROCESS	GOBP_NUCLEOTIDE_BIOSYNTHETIC_PROCESS		236	0.12362241	0.48776332	1.0	1.0	1.0	10636	tags=16%, list=29%, signal=22%	
GOBP_AUTOPHAGOSOME_ORGANIZATION	GOBP_AUTOPHAGOSOME_ORGANIZATION		165	0.12974924	0.48687065	1.0	1.0	1.0	2187	tags=2%, list=6%, signal=2%	
GOBP_NEPHRON_TUBULE_EPITHELIAL_CELL_DIFFERENTIATION	GOBP_NEPHRON_TUBULE_EPITHELIAL_CELL_DIFFERENTIATION		15	0.20227693	0.48626298	0.9978118	1.0	1.0	3133	tags=7%, list=8%, signal=7%	
GOBP_CGAS_STING_SIGNALING_PATHWAY	GOBP_CGAS_STING_SIGNALING_PATHWAY		34	0.1697863	0.48616332	1.0	1.0	1.0	30682	tags=100%, list=83%, signal=589%	
GOBP_POSITIVE_REGULATION_OF_AXON_EXTENSION	GOBP_POSITIVE_REGULATION_OF_AXON_EXTENSION		52	0.15283285	0.4856404	1.0	1.0	1.0	14331	tags=35%, list=39%, signal=56%	
GOBP_REGULATION_OF_PHAGOCYTOSIS	GOBP_REGULATION_OF_PHAGOCYTOSIS		114	0.13446893	0.48540637	1.0	1.0	1.0	10120	tags=16%, list=27%, signal=22%	
GOBP_ESTABLISHMENT_OF_PROTEIN_LOCALIZATION_TO_VACUOLE	GOBP_ESTABLISHMENT_OF_PROTEIN_LOCALIZATION_TO_VACUOLE		63	0.14752765	0.48514047	1.0	1.0	1.0	31508	tags=100%, list=85%, signal=678%	
GOBP_NEGATIVE_REGULATION_OF_AUTOPHAGY	GOBP_NEGATIVE_REGULATION_OF_AUTOPHAGY		97	0.13754204	0.48459446	1.0	1.0	1.0	3560	tags=3%, list=10%, signal=3%	
GOBP_MICROTUBULE_BASED_TRANSPORT	GOBP_MICROTUBULE_BASED_TRANSPORT		245	0.12399531	0.48450056	1.0	1.0	1.0	11101	tags=18%, list=30%, signal=26%	
GOBP_POSITIVE_REGULATION_OF_INFLAMMASOME_MEDIATED_SIGNALING_PATHWAY	GOBP_POSITIVE_REGULATION_OF_INFLAMMASOME_MEDIATED_SIGNALING_PATHWAY		38	0.15888698	0.48410642	1.0	1.0	1.0	31085	tags=100%, list=84%, signal=629%	
GOBP_INTERSTRAND_CROSS_LINK_REPAIR	GOBP_INTERSTRAND_CROSS_LINK_REPAIR		39	0.15992098	0.48404267	1.0	1.0	1.0	31047	tags=100%, list=84%, signal=625%	
GOBP_NEGATIVE_REGULATION_OF_PLASMA_MEMBRANE_BOUNDED_CELL_PROJECTION_ASSEMBLY	GOBP_NEGATIVE_REGULATION_OF_PLASMA_MEMBRANE_BOUNDED_CELL_PROJECTION_ASSEMBLY		45	0.15618059	0.4838123	1.0	1.0	1.0	31186	tags=100%, list=84%, signal=640%	
GOBP_POSITIVE_REGULATION_OF_PLASMA_MEMBRANE_BOUNDED_CELL_PROJECTION_ASSEMBLY	GOBP_POSITIVE_REGULATION_OF_PLASMA_MEMBRANE_BOUNDED_CELL_PROJECTION_ASSEMBLY		123	0.13203868	0.48372772	1.0	1.0	1.0	16195	tags=37%, list=44%, signal=65%	
GOBP_RECEPTOR_INTERNALIZATION	GOBP_RECEPTOR_INTERNALIZATION		160	0.1294425	0.48344478	1.0	1.0	1.0	5308	tags=6%, list=14%, signal=7%	
GOBP_PROTEIN_AUTOPHOSPHORYLATION	GOBP_PROTEIN_AUTOPHOSPHORYLATION		188	0.1258581	0.4833403	1.0	1.0	1.0	4298	tags=4%, list=12%, signal=4%	
GOBP_LAMELLIPODIUM_MORPHOGENESIS	GOBP_LAMELLIPODIUM_MORPHOGENESIS		17	0.19632314	0.4814988	0.99105144	1.0	1.0	29699	tags=100%, list=80%, signal=509%	
GOBP_REGULATION_OF_MIRNA_METABOLIC_PROCESS	GOBP_REGULATION_OF_MIRNA_METABOLIC_PROCESS		92	0.13713479	0.48093358	1.0	1.0	1.0	3264	tags=4%, list=9%, signal=5%	
GOBP_PYRIMIDINE_NUCLEOSIDE_MONOPHOSPHATE_BIOSYNTHETIC_PROCESS	GOBP_PYRIMIDINE_NUCLEOSIDE_MONOPHOSPHATE_BIOSYNTHETIC_PROCESS		17	0.19312833	0.4807889	0.99770117	1.0	1.0	29817	tags=100%, list=81%, signal=518%	
GOBP_NEGATIVE_REGULATION_OF_POST_TRANSLATIONAL_PROTEIN_MODIFICATION	GOBP_NEGATIVE_REGULATION_OF_POST_TRANSLATIONAL_PROTEIN_MODIFICATION		92	0.13897029	0.48015437	1.0	1.0	1.0	17174	tags=42%, list=46%, signal=79%	
GOBP_MITOCHONDRIAL_MEMBRANE_ORGANIZATION	GOBP_MITOCHONDRIAL_MEMBRANE_ORGANIZATION		117	0.13240817	0.47948518	1.0	1.0	1.0	15664	tags=36%, list=42%, signal=62%	
GOBP_SURFACTANT_HOMEOSTASIS	GOBP_SURFACTANT_HOMEOSTASIS		30	0.16724408	0.4793402	1.0	1.0	1.0	10828	tags=23%, list=29%, signal=33%	
GOBP_NEUTROPHIL_ACTIVATION_INVOLVED_IN_IMMUNE_RESPONSE	GOBP_NEUTROPHIL_ACTIVATION_INVOLVED_IN_IMMUNE_RESPONSE		23	0.17997932	0.47926623	0.99526066	1.0	1.0	2429	tags=4%, list=7%, signal=5%	
GOBP_TETRAPYRROLE_BIOSYNTHETIC_PROCESS	GOBP_TETRAPYRROLE_BIOSYNTHETIC_PROCESS		32	0.16612054	0.47902688	0.9975787	1.0	1.0	30817	tags=100%, list=83%, signal=602%	
GOBP_REGULATION_OF_RECEPTOR_MEDIATED_ENDOCYTOSIS	GOBP_REGULATION_OF_RECEPTOR_MEDIATED_ENDOCYTOSIS		143	0.12855023	0.4786619	1.0	1.0	1.0	10154	tags=16%, list=27%, signal=22%	
GOBP_HEME_BIOSYNTHETIC_PROCESS	GOBP_HEME_BIOSYNTHETIC_PROCESS		27	0.16872962	0.47845897	0.9976415	1.0	1.0	16622	tags=44%, list=45%, signal=81%	
GOBP_MYELOID_CELL_HOMEOSTASIS	GOBP_MYELOID_CELL_HOMEOSTASIS		211	0.12364505	0.4784479	1.0	1.0	1.0	9744	tags=12%, list=26%, signal=16%	
GOBP_POSITIVE_REGULATION_OF_DEFENSE_RESPONSE_TO_VIRUS_BY_HOST	GOBP_POSITIVE_REGULATION_OF_DEFENSE_RESPONSE_TO_VIRUS_BY_HOST		33	0.16333589	0.47829407	0.99270076	1.0	1.0	1605	tags=3%, list=4%, signal=3%	
GOBP_REGULATION_OF_STEM_CELL_DIFFERENTIATION	GOBP_REGULATION_OF_STEM_CELL_DIFFERENTIATION		81	0.14072418	0.47804275	1.0	1.0	1.0	16637	tags=36%, list=45%, signal=65%	
GOBP_POSITIVE_REGULATION_OF_TUMOR_NECROSIS_FACTOR_SUPERFAMILY_CYTOKINE_PRODUCTION	GOBP_POSITIVE_REGULATION_OF_TUMOR_NECROSIS_FACTOR_SUPERFAMILY_CYTOKINE_PRODUCTION		117	0.13364436	0.47789085	1.0	1.0	1.0	10828	tags=19%, list=29%, signal=27%	
GOBP_MRNA_TRANSPORT	GOBP_MRNA_TRANSPORT		123	0.13021421	0.47768313	1.0	1.0	1.0	17516	tags=44%, list=47%, signal=83%	
GOBP_POSITIVE_REGULATION_OF_SMOOTH_MUSCLE_CELL_PROLIFERATION	GOBP_POSITIVE_REGULATION_OF_SMOOTH_MUSCLE_CELL_PROLIFERATION		116	0.13212462	0.47704458	1.0	1.0	1.0	10891	tags=16%, list=29%, signal=22%	
GOBP_METANEPHRIC_NEPHRON_EPITHELIUM_DEVELOPMENT	GOBP_METANEPHRIC_NEPHRON_EPITHELIUM_DEVELOPMENT		23	0.18265264	0.4766101	1.0	1.0	1.0	30205	tags=100%, list=82%, signal=547%	
GOBP_TYPE_I_INTERFERON_PRODUCTION	GOBP_TYPE_I_INTERFERON_PRODUCTION		146	0.12662248	0.47654948	1.0	1.0	1.0	15279	tags=34%, list=41%, signal=58%	
GOBP_MITOTIC_SPINDLE_ORGANIZATION	GOBP_MITOTIC_SPINDLE_ORGANIZATION		135	0.12942725	0.4755282	1.0	1.0	1.0	11050	tags=16%, list=30%, signal=22%	
GOBP_EXECUTION_PHASE_OF_APOPTOSIS	GOBP_EXECUTION_PHASE_OF_APOPTOSIS		80	0.1404141	0.4753874	1.0	1.0	1.0	3618	tags=5%, list=10%, signal=6%	
GOBP_REGULATION_OF_DOUBLE_STRAND_BREAK_REPAIR	GOBP_REGULATION_OF_DOUBLE_STRAND_BREAK_REPAIR		148	0.12727217	0.47514635	1.0	1.0	1.0	32266	tags=100%, list=87%, signal=786%	
GOBP_CELL_CYCLE_CHECKPOINT_SIGNALING	GOBP_CELL_CYCLE_CHECKPOINT_SIGNALING		187	0.1245752	0.4747244	1.0	1.0	1.0	5618	tags=5%, list=15%, signal=6%	
GOBP_INTRINSIC_APOPTOTIC_SIGNALING_PATHWAY_IN_RESPONSE_TO_OXIDATIVE_STRESS	GOBP_INTRINSIC_APOPTOTIC_SIGNALING_PATHWAY_IN_RESPONSE_TO_OXIDATIVE_STRESS		64	0.14247318	0.4739148	1.0	1.0	1.0	2407	tags=3%, list=7%, signal=3%	
GOBP_MYELOID_CELL_DIFFERENTIATION	GOBP_MYELOID_CELL_DIFFERENTIATION		485	0.11290313	0.47347608	1.0	1.0	1.0	5723	tags=6%, list=15%, signal=7%	
GOBP_APOPTOTIC_DNA_FRAGMENTATION	GOBP_APOPTOTIC_DNA_FRAGMENTATION		22	0.17638545	0.47225645	1.0	1.0	1.0	2601	tags=5%, list=7%, signal=5%	
GOBP_NEGATIVE_REGULATION_OF_TISSUE_REMODELING	GOBP_NEGATIVE_REGULATION_OF_TISSUE_REMODELING		30	0.16299364	0.4712824	0.99759614	1.0	1.0	6695	tags=13%, list=18%, signal=16%	
GOBP_REGULATION_OF_LAMELLIPODIUM_ORGANIZATION	GOBP_REGULATION_OF_LAMELLIPODIUM_ORGANIZATION		53	0.14599535	0.47080246	1.0	1.0	1.0	5587	tags=8%, list=15%, signal=9%	
GOBP_VESICLE_CYTOSKELETAL_TRAFFICKING	GOBP_VESICLE_CYTOSKELETAL_TRAFFICKING		63	0.14153613	0.47074327	1.0	1.0	1.0	2716	tags=3%, list=7%, signal=3%	
GOBP_POSITIVE_REGULATION_OF_DNA_REPAIR	GOBP_POSITIVE_REGULATION_OF_DNA_REPAIR		146	0.1272654	0.46989155	1.0	1.0	1.0	32266	tags=100%, list=87%, signal=786%	
GOBP_REGULATION_OF_CELL_MATRIX_ADHESION	GOBP_REGULATION_OF_CELL_MATRIX_ADHESION		131	0.12774417	0.46979022	1.0	1.0	1.0	4876	tags=5%, list=13%, signal=6%	
GOBP_POSITIVE_REGULATION_OF_TYPE_I_INTERFERON_PRODUCTION	GOBP_POSITIVE_REGULATION_OF_TYPE_I_INTERFERON_PRODUCTION		102	0.1345837	0.46906352	1.0	1.0	1.0	15279	tags=36%, list=41%, signal=62%	
GOBP_SULFUR_COMPOUND_BIOSYNTHETIC_PROCESS	GOBP_SULFUR_COMPOUND_BIOSYNTHETIC_PROCESS		107	0.13174424	0.46895805	1.0	1.0	1.0	14871	tags=39%, list=40%, signal=65%	
GOBP_REGULATION_OF_RECEPTOR_LOCALIZATION_TO_SYNAPSE	GOBP_REGULATION_OF_RECEPTOR_LOCALIZATION_TO_SYNAPSE		42	0.15226638	0.4687795	1.0	1.0	1.0	31330	tags=100%, list=85%, signal=657%	
GOBP_REGULATION_OF_POST_TRANSLATIONAL_PROTEIN_MODIFICATION	GOBP_REGULATION_OF_POST_TRANSLATIONAL_PROTEIN_MODIFICATION		243	0.11749083	0.46824998	1.0	1.0	1.0	16901	tags=38%, list=46%, signal=70%	
GOBP_PURINE_CONTAINING_COMPOUND_BIOSYNTHETIC_PROCESS	GOBP_PURINE_CONTAINING_COMPOUND_BIOSYNTHETIC_PROCESS		264	0.117448986	0.46716446	1.0	1.0	1.0	15923	tags=38%, list=43%, signal=66%	
GOBP_REGULATION_OF_RUFFLE_ASSEMBLY	GOBP_REGULATION_OF_RUFFLE_ASSEMBLY		30	0.16508222	0.4662305	1.0	1.0	1.0	30855	tags=100%, list=84%, signal=606%	
GOBP_NEGATIVE_REGULATION_OF_PHOSPHORYLATION	GOBP_NEGATIVE_REGULATION_OF_PHOSPHORYLATION		235	0.118133	0.46492422	1.0	1.0	1.0	4403	tags=4%, list=12%, signal=4%	
GOBP_MULTIVESICULAR_BODY_SORTING_PATHWAY	GOBP_MULTIVESICULAR_BODY_SORTING_PATHWAY		38	0.153519	0.46482652	1.0	1.0	1.0	25001	tags=92%, list=68%, signal=285%	
GOBP_MITOCHONDRION_ORGANIZATION	GOBP_MITOCHONDRION_ORGANIZATION		446	0.112484775	0.46461114	1.0	1.0	1.0	15980	tags=36%, list=43%, signal=63%	
GOBP_INNER_CELL_MASS_CELL_PROLIFERATION	GOBP_INNER_CELL_MASS_CELL_PROLIFERATION		17	0.18871501	0.46444094	0.9955556	1.0	1.0	29980	tags=100%, list=81%, signal=530%	
GOBP_POSITIVE_REGULATION_OF_MEMBRANE_PERMEABILITY	GOBP_POSITIVE_REGULATION_OF_MEMBRANE_PERMEABILITY		46	0.1510341	0.46420714	1.0	1.0	1.0	8832	tags=13%, list=24%, signal=17%	
GOBP_POSITIVE_REGULATION_OF_DOUBLE_STRAND_BREAK_REPAIR_VIA_HOMOLOGOUS_RECOMBINATION	GOBP_POSITIVE_REGULATION_OF_DOUBLE_STRAND_BREAK_REPAIR_VIA_HOMOLOGOUS_RECOMBINATION		46	0.15030491	0.46384442	0.9975186	1.0	1.0	31403	tags=100%, list=85%, signal=665%	
GOBP_EXTRINSIC_APOPTOTIC_SIGNALING_PATHWAY_VIA_DEATH_DOMAIN_RECEPTORS	GOBP_EXTRINSIC_APOPTOTIC_SIGNALING_PATHWAY_VIA_DEATH_DOMAIN_RECEPTORS		84	0.1342881	0.46285057	1.0	1.0	1.0	3604	tags=4%, list=10%, signal=4%	
GOBP_MICROTUBULE_CYTOSKELETON_ORGANIZATION_INVOLVED_IN_MITOSIS	GOBP_MICROTUBULE_CYTOSKELETON_ORGANIZATION_INVOLVED_IN_MITOSIS		168	0.12095684	0.4619539	1.0	1.0	1.0	11050	tags=17%, list=30%, signal=24%	
GOBP_NEGATIVE_REGULATION_OF_DNA_BINDING_TRANSCRIPTION_FACTOR_ACTIVITY	GOBP_NEGATIVE_REGULATION_OF_DNA_BINDING_TRANSCRIPTION_FACTOR_ACTIVITY		94	0.12997402	0.45882586	1.0	1.0	1.0	10832	tags=17%, list=29%, signal=24%	
GOBP_PEPTIDYL_LYSINE_MODIFICATION	GOBP_PEPTIDYL_LYSINE_MODIFICATION		129	0.124329455	0.45848012	1.0	1.0	1.0	5475	tags=5%, list=15%, signal=6%	
GOBP_ESTABLISHMENT_OF_SPINDLE_ORIENTATION	GOBP_ESTABLISHMENT_OF_SPINDLE_ORIENTATION		47	0.14920022	0.4583545	1.0	1.0	1.0	10863	tags=19%, list=29%, signal=27%	
GOBP_POSITIVE_REGULATION_OF_JUN_KINASE_ACTIVITY	GOBP_POSITIVE_REGULATION_OF_JUN_KINASE_ACTIVITY		32	0.15886132	0.4577203	1.0	1.0	1.0	31085	tags=100%, list=84%, signal=629%	
GOBP_REGULATION_OF_DEFENSE_RESPONSE_TO_VIRUS_BY_HOST	GOBP_REGULATION_OF_DEFENSE_RESPONSE_TO_VIRUS_BY_HOST		43	0.1496001	0.4573135	1.0	1.0	1.0	11150	tags=19%, list=30%, signal=27%	
GOBP_REGULATION_OF_EXTRACELLULAR_MATRIX_DISASSEMBLY	GOBP_REGULATION_OF_EXTRACELLULAR_MATRIX_DISASSEMBLY		19	0.17721945	0.4568221	0.9927711	1.0	1.0	5677	tags=11%, list=15%, signal=12%	
GOBP_POSITIVE_REGULATION_OF_VIRAL_PROCESS	GOBP_POSITIVE_REGULATION_OF_VIRAL_PROCESS		60	0.13852368	0.45636657	1.0	1.0	1.0	15833	tags=40%, list=43%, signal=70%	
GOBP_EMBRYONIC_DIGESTIVE_TRACT_DEVELOPMENT	GOBP_EMBRYONIC_DIGESTIVE_TRACT_DEVELOPMENT		35	0.15666994	0.45511505	1.0	1.0	1.0	11102	tags=26%, list=30%, signal=37%	
GOBP_CELL_SUBSTRATE_JUNCTION_ORGANIZATION	GOBP_CELL_SUBSTRATE_JUNCTION_ORGANIZATION		113	0.12620544	0.45407864	1.0	1.0	1.0	4876	tags=4%, list=13%, signal=5%	
GOBP_ONE_CARBON_METABOLIC_PROCESS	GOBP_ONE_CARBON_METABOLIC_PROCESS		26	0.16768892	0.45404226	1.0	1.0	1.0	14695	tags=46%, list=40%, signal=77%	
GOBP_S_ADENOSYLMETHIONINE_METABOLIC_PROCESS	GOBP_S_ADENOSYLMETHIONINE_METABOLIC_PROCESS		16	0.1879286	0.45352733	0.9951691	1.0	1.0	14754	tags=50%, list=40%, signal=83%	
GOBP_POSITIVE_REGULATION_OF_CYCLASE_ACTIVITY	GOBP_POSITIVE_REGULATION_OF_CYCLASE_ACTIVITY		26	0.16606192	0.45182323	1.0	1.0	1.0	15424	tags=54%, list=42%, signal=92%	
GOBP_HEMATOPOIETIC_STEM_CELL_DIFFERENTIATION	GOBP_HEMATOPOIETIC_STEM_CELL_DIFFERENTIATION		35	0.15794815	0.4493662	1.0	1.0	1.0	2135	tags=3%, list=6%, signal=3%	
GOBP_ACTIVATION_OF_GTPASE_ACTIVITY	GOBP_ACTIVATION_OF_GTPASE_ACTIVITY		35	0.15407966	0.44930756	1.0	1.0	1.0	31262	tags=100%, list=85%, signal=649%	
GOBP_POSITIVE_REGULATION_OF_DOUBLE_STRAND_BREAK_REPAIR	GOBP_POSITIVE_REGULATION_OF_DOUBLE_STRAND_BREAK_REPAIR		101	0.12710993	0.44799477	1.0	1.0	1.0	32266	tags=100%, list=87%, signal=787%	
GOBP_NUCLEAR_MIGRATION	GOBP_NUCLEAR_MIGRATION		34	0.15171862	0.4473712	1.0	1.0	1.0	31349	tags=100%, list=85%, signal=659%	
GOBP_NEGATIVE_REGULATION_OF_INTRACELLULAR_STEROID_HORMONE_RECEPTOR_SIGNALING_PATHWAY	GOBP_NEGATIVE_REGULATION_OF_INTRACELLULAR_STEROID_HORMONE_RECEPTOR_SIGNALING_PATHWAY		43	0.1473988	0.44581535	1.0	1.0	1.0	14381	tags=28%, list=39%, signal=46%	
GOBP_REGULATION_OF_CELLULAR_RESPIRATION	GOBP_REGULATION_OF_CELLULAR_RESPIRATION		55	0.14066048	0.445566	1.0	1.0	1.0	15219	tags=38%, list=41%, signal=65%	
GOBP_NEGATIVE_REGULATION_OF_OXIDATIVE_STRESS_INDUCED_INTRINSIC_APOPTOTIC_SIGNALING_PATHWAY	GOBP_NEGATIVE_REGULATION_OF_OXIDATIVE_STRESS_INDUCED_INTRINSIC_APOPTOTIC_SIGNALING_PATHWAY		31	0.15625517	0.4446702	1.0	1.0	1.0	2194	tags=3%, list=6%, signal=3%	
GOBP_INTERFERON_ALPHA_PRODUCTION	GOBP_INTERFERON_ALPHA_PRODUCTION		32	0.15242086	0.44336593	0.99757284	1.0	1.0	6917	tags=9%, list=19%, signal=12%	
GOBP_REGULATION_OF_INTRINSIC_APOPTOTIC_SIGNALING_PATHWAY_BY_P53_CLASS_MEDIATOR	GOBP_REGULATION_OF_INTRINSIC_APOPTOTIC_SIGNALING_PATHWAY_BY_P53_CLASS_MEDIATOR		35	0.14733437	0.44309422	1.0	1.0	1.0	31511	tags=100%, list=85%, signal=679%	
GOBP_POSITIVE_REGULATION_OF_PHAGOCYTOSIS	GOBP_POSITIVE_REGULATION_OF_PHAGOCYTOSIS		83	0.12870395	0.4425013	1.0	1.0	1.0	10120	tags=17%, list=27%, signal=23%	
GOBP_ESTABLISHMENT_OF_PROTEIN_LOCALIZATION_TO_PLASMA_MEMBRANE	GOBP_ESTABLISHMENT_OF_PROTEIN_LOCALIZATION_TO_PLASMA_MEMBRANE		73	0.13159609	0.4423142	1.0	1.0	1.0	32097	tags=100%, list=87%, signal=760%	
GOBP_REGULATION_OF_SUPEROXIDE_METABOLIC_PROCESS	GOBP_REGULATION_OF_SUPEROXIDE_METABOLIC_PROCESS		35	0.1509751	0.44199258	1.0	1.0	1.0	13113	tags=26%, list=35%, signal=40%	
GOBP_PLACENTA_DEVELOPMENT	GOBP_PLACENTA_DEVELOPMENT		191	0.114812404	0.44110367	1.0	1.0	1.0	11025	tags=18%, list=30%, signal=26%	
GOBP_REGULATION_OF_SMALL_GTPASE_MEDIATED_SIGNAL_TRANSDUCTION	GOBP_REGULATION_OF_SMALL_GTPASE_MEDIATED_SIGNAL_TRANSDUCTION		254	0.11119927	0.43927056	1.0	1.0	1.0	15665	tags=34%, list=42%, signal=59%	
GOBP_HEPARAN_SULFATE_PROTEOGLYCAN_METABOLIC_PROCESS	GOBP_HEPARAN_SULFATE_PROTEOGLYCAN_METABOLIC_PROCESS		40	0.14528273	0.43749994	1.0	1.0	1.0	17704	tags=65%, list=48%, signal=125%	
GOBP_ERYTHROCYTE_HOMEOSTASIS	GOBP_ERYTHROCYTE_HOMEOSTASIS		171	0.11738937	0.43581155	1.0	1.0	1.0	9524	tags=11%, list=26%, signal=14%	
GOBP_CELLULAR_RESPONSE_TO_LIPOPROTEIN_PARTICLE_STIMULUS	GOBP_CELLULAR_RESPONSE_TO_LIPOPROTEIN_PARTICLE_STIMULUS		42	0.14335282	0.43342248	1.0	1.0	1.0	15763	tags=52%, list=43%, signal=91%	
GOBP_INTERFERON_BETA_PRODUCTION	GOBP_INTERFERON_BETA_PRODUCTION		72	0.12860355	0.43311152	1.0	1.0	1.0	15139	tags=38%, list=41%, signal=63%	
GOBP_REGULATION_OF_ACTIVIN_RECEPTOR_SIGNALING_PATHWAY	GOBP_REGULATION_OF_ACTIVIN_RECEPTOR_SIGNALING_PATHWAY		25	0.1578659	0.4311828	1.0	1.0	1.0	11080	tags=24%, list=30%, signal=34%	
GOBP_ACTIN_NUCLEATION	GOBP_ACTIN_NUCLEATION		60	0.13318966	0.43060532	1.0	1.0	1.0	5622	tags=7%, list=15%, signal=8%	
GOBP_RESPONSE_TO_PHORBOL_13_ACETATE_12_MYRISTATE	GOBP_RESPONSE_TO_PHORBOL_13_ACETATE_12_MYRISTATE		16	0.17790705	0.43053555	1.0	1.0	1.0	30379	tags=100%, list=82%, signal=562%	
GOBP_REGULATION_OF_NEUTROPHIL_CHEMOTAXIS	GOBP_REGULATION_OF_NEUTROPHIL_CHEMOTAXIS		34	0.14733063	0.4294204	1.0	1.0	1.0	31511	tags=100%, list=85%, signal=679%	
GOBP_MITOCHONDRIAL_RNA_METABOLIC_PROCESS	GOBP_MITOCHONDRIAL_RNA_METABOLIC_PROCESS		60	0.13073838	0.4293166	1.0	1.0	1.0	15899	tags=35%, list=43%, signal=61%	
GOBP_INTRINSIC_APOPTOTIC_SIGNALING_PATHWAY_IN_RESPONSE_TO_DNA_DAMAGE	GOBP_INTRINSIC_APOPTOTIC_SIGNALING_PATHWAY_IN_RESPONSE_TO_DNA_DAMAGE		114	0.11827794	0.42902997	1.0	1.0	1.0	32593	tags=100%, list=88%, signal=845%	
GOBP_PROTEIN_PALMITOYLATION	GOBP_PROTEIN_PALMITOYLATION		25	0.15701662	0.4273206	1.0	1.0	1.0	31152	tags=100%, list=84%, signal=637%	
GOBP_ADENYLATE_CYCLASE_ACTIVATING_ADRENERGIC_RECEPTOR_SIGNALING_PATHWAY	GOBP_ADENYLATE_CYCLASE_ACTIVATING_ADRENERGIC_RECEPTOR_SIGNALING_PATHWAY		17	0.17310691	0.4261812	0.9954233	1.0	1.0	5502	tags=12%, list=15%, signal=14%	
GOBP_PROTEIN_DEPHOSPHORYLATION	GOBP_PROTEIN_DEPHOSPHORYLATION		91	0.12230057	0.42544416	1.0	1.0	1.0	32442	tags=100%, list=88%, signal=817%	
GOBP_SALIVARY_GLAND_DEVELOPMENT	GOBP_SALIVARY_GLAND_DEVELOPMENT		45	0.14042673	0.42543158	1.0	1.0	1.0	3173	tags=4%, list=9%, signal=5%	
GOBP_REGULATION_OF_MONOATOMIC_ANION_TRANSPORT	GOBP_REGULATION_OF_MONOATOMIC_ANION_TRANSPORT		17	0.17251293	0.42477655	1.0	1.0	1.0	10564	tags=24%, list=29%, signal=33%	
GOBP_REGULATION_OF_RECEPTOR_INTERNALIZATION	GOBP_REGULATION_OF_RECEPTOR_INTERNALIZATION		100	0.11948017	0.42182073	1.0	1.0	1.0	15955	tags=43%, list=43%, signal=75%	
GOBP_RESPONSE_TO_UV	GOBP_RESPONSE_TO_UV		157	0.11284168	0.4208783	1.0	1.0	1.0	5618	tags=6%, list=15%, signal=7%	
GOBP_PROTEIN_TARGETING_TO_LYSOSOME	GOBP_PROTEIN_TARGETING_TO_LYSOSOME		31	0.14739968	0.4200769	1.0	1.0	1.0	31508	tags=100%, list=85%, signal=678%	
GOBP_SCF_DEPENDENT_PROTEASOMAL_UBIQUITIN_DEPENDENT_PROTEIN_CATABOLIC_PROCESS	GOBP_SCF_DEPENDENT_PROTEASOMAL_UBIQUITIN_DEPENDENT_PROTEIN_CATABOLIC_PROCESS		71	0.124702	0.41864118	1.0	1.0	1.0	925	tags=1%, list=3%, signal=1%	
GOBP_VESICLE_MEDIATED_TRANSPORT_TO_THE_PLASMA_MEMBRANE	GOBP_VESICLE_MEDIATED_TRANSPORT_TO_THE_PLASMA_MEMBRANE		168	0.10999704	0.41711745	1.0	1.0	1.0	17544	tags=48%, list=47%, signal=90%	
GOBP_PHOSPHATIDYLCHOLINE_CATABOLIC_PROCESS	GOBP_PHOSPHATIDYLCHOLINE_CATABOLIC_PROCESS		15	0.16999677	0.4166014	1.0	1.0	1.0	30671	tags=100%, list=83%, signal=588%	
GOBP_REGULATION_OF_SUPEROXIDE_ANION_GENERATION	GOBP_REGULATION_OF_SUPEROXIDE_ANION_GENERATION		29	0.1469941	0.414663	1.0	1.0	1.0	13113	tags=28%, list=35%, signal=43%	
GOBP_PROTEIN_LOCALIZATION_TO_CHROMOSOME	GOBP_PROTEIN_LOCALIZATION_TO_CHROMOSOME		118	0.114571184	0.41362408	1.0	1.0	1.0	32730	tags=100%, list=89%, signal=873%	
GOBP_INTRINSIC_APOPTOTIC_SIGNALING_PATHWAY_BY_P53_CLASS_MEDIATOR	GOBP_INTRINSIC_APOPTOTIC_SIGNALING_PATHWAY_BY_P53_CLASS_MEDIATOR		88	0.11819435	0.4131326	1.0	1.0	1.0	32593	tags=100%, list=88%, signal=846%	
GOBP_POSITIVE_REGULATION_OF_GTPASE_ACTIVITY	GOBP_POSITIVE_REGULATION_OF_GTPASE_ACTIVITY		112	0.113983385	0.40989244	1.0	1.0	1.0	250	tags=1%, list=1%, signal=1%	
GOBP_POSITIVE_REGULATION_OF_ISOTYPE_SWITCHING	GOBP_POSITIVE_REGULATION_OF_ISOTYPE_SWITCHING		28	0.14521976	0.40819237	1.0	1.0	1.0	10789	tags=21%, list=29%, signal=30%	
GOBP_CARBOHYDRATE_DERIVATIVE_TRANSPORT	GOBP_CARBOHYDRATE_DERIVATIVE_TRANSPORT		87	0.11497496	0.4066174	1.0	1.0	1.0	10963	tags=18%, list=30%, signal=26%	
GOBP_REGULATION_OF_CYTOPLASMIC_PATTERN_RECOGNITION_RECEPTOR_SIGNALING_PATHWAY	GOBP_REGULATION_OF_CYTOPLASMIC_PATTERN_RECOGNITION_RECEPTOR_SIGNALING_PATHWAY		136	0.10873315	0.40113747	1.0	1.0	1.0	31085	tags=99%, list=84%, signal=623%	
GOBP_PROTEIN_K27_LINKED_UBIQUITINATION	GOBP_PROTEIN_K27_LINKED_UBIQUITINATION		18	0.15819016	0.40059566	0.9976798	1.0	1.0	4878	tags=6%, list=13%, signal=6%	
GOBP_ANOIKIS	GOBP_ANOIKIS		30	0.14108683	0.39976463	1.0	1.0	1.0	15584	tags=40%, list=42%, signal=69%	
GOBP_ATP_SYNTHESIS_COUPLED_ELECTRON_TRANSPORT	GOBP_ATP_SYNTHESIS_COUPLED_ELECTRON_TRANSPORT		73	0.11909311	0.39857286	1.0	1.0	1.0	18176	tags=48%, list=49%, signal=94%	
GOBP_NEGATIVE_REGULATION_OF_CELL_CYCLE_PROCESS	GOBP_NEGATIVE_REGULATION_OF_CELL_CYCLE_PROCESS		301	0.09849536	0.39831895	1.0	1.0	1.0	11077	tags=16%, list=30%, signal=23%	
GOBP_MITOTIC_SISTER_CHROMATID_COHESION	GOBP_MITOTIC_SISTER_CHROMATID_COHESION		29	0.14078328	0.39743662	1.0	1.0	1.0	31752	tags=100%, list=86%, signal=710%	
GOBP_VENTRICULAR_SYSTEM_DEVELOPMENT	GOBP_VENTRICULAR_SYSTEM_DEVELOPMENT		37	0.13243522	0.3971406	1.0	1.0	1.0	1231	tags=3%, list=3%, signal=3%	
GOBP_CELL_MIGRATION_INVOLVED_IN_GASTRULATION	GOBP_CELL_MIGRATION_INVOLVED_IN_GASTRULATION		16	0.16350545	0.39679894	1.0	1.0	1.0	15168	tags=50%, list=41%, signal=85%	
GOBP_FIBROBLAST_PROLIFERATION	GOBP_FIBROBLAST_PROLIFERATION		120	0.109233715	0.39348072	1.0	1.0	1.0	15384	tags=36%, list=42%, signal=61%	
GOBP_INTESTINAL_EPITHELIAL_CELL_DIFFERENTIATION	GOBP_INTESTINAL_EPITHELIAL_CELL_DIFFERENTIATION		23	0.14647241	0.3928652	1.0	1.0	1.0	16116	tags=52%, list=44%, signal=92%	
GOBP_RETINA_VASCULATURE_DEVELOPMENT_IN_CAMERA_TYPE_EYE	GOBP_RETINA_VASCULATURE_DEVELOPMENT_IN_CAMERA_TYPE_EYE		26	0.1437779	0.39237684	1.0	1.0	1.0	31641	tags=100%, list=86%, signal=695%	
GOBP_INTERFERON_MEDIATED_SIGNALING_PATHWAY	GOBP_INTERFERON_MEDIATED_SIGNALING_PATHWAY		97	0.11174274	0.38928965	1.0	1.0	1.0	15628	tags=36%, list=42%, signal=62%	
GOBP_AMINOGLYCAN_METABOLIC_PROCESS	GOBP_AMINOGLYCAN_METABOLIC_PROCESS		83	0.113932356	0.38841426	1.0	1.0	1.0	15234	tags=37%, list=41%, signal=63%	
GOBP_CYTOSKELETON_DEPENDENT_INTRACELLULAR_TRANSPORT	GOBP_CYTOSKELETON_DEPENDENT_INTRACELLULAR_TRANSPORT		215	0.09941049	0.38832852	1.0	1.0	1.0	16343	tags=37%, list=44%, signal=66%	
GOBP_PROTEIN_LOCALIZATION_TO_ENDOSOME	GOBP_PROTEIN_LOCALIZATION_TO_ENDOSOME		30	0.13764408	0.38723737	1.0	1.0	1.0	16390	tags=50%, list=44%, signal=90%	
GOBP_POSITIVE_REGULATION_OF_TRANSMEMBRANE_RECEPTOR_PROTEIN_SERINE_THREONINE_KINASE_SIGNALING_PATHWAY	GOBP_POSITIVE_REGULATION_OF_TRANSMEMBRANE_RECEPTOR_PROTEIN_SERINE_THREONINE_KINASE_SIGNALING_PATHWAY		106	0.10793386	0.38586226	1.0	1.0	1.0	15825	tags=39%, list=43%, signal=67%	
GOBP_RESPONSE_TO_MANGANESE_ION	GOBP_RESPONSE_TO_MANGANESE_ION		17	0.15568933	0.38353696	1.0	1.0	1.0	16622	tags=59%, list=45%, signal=107%	
GOBP_LOCOMOTION_INVOLVED_IN_LOCOMOTORY_BEHAVIOR	GOBP_LOCOMOTION_INVOLVED_IN_LOCOMOTORY_BEHAVIOR		18	0.15284425	0.3802598	1.0	1.0	1.0	31305	tags=100%, list=85%, signal=654%	
GOBP_REGULATION_OF_PROTEASOMAL_UBIQUITIN_DEPENDENT_PROTEIN_CATABOLIC_PROCESS	GOBP_REGULATION_OF_PROTEASOMAL_UBIQUITIN_DEPENDENT_PROTEIN_CATABOLIC_PROCESS		137	0.10335465	0.3801459	1.0	1.0	1.0	24768	tags=92%, list=67%, signal=278%	
GOBP_POSITIVE_REGULATION_OF_INTERFERON_BETA_PRODUCTION	GOBP_POSITIVE_REGULATION_OF_INTERFERON_BETA_PRODUCTION		52	0.11745221	0.3692461	1.0	1.0	1.0	11150	tags=23%, list=30%, signal=33%	
GOBP_PROTEIN_LOCALIZATION_TO_CHROMATIN	GOBP_PROTEIN_LOCALIZATION_TO_CHROMATIN		56	0.11524598	0.3666834	1.0	1.0	1.0	32698	tags=100%, list=88%, signal=868%	
GOBP_KINETOCHORE_ORGANIZATION	GOBP_KINETOCHORE_ORGANIZATION		32	0.12711605	0.36499	1.0	1.0	1.0	32257	tags=100%, list=87%, signal=787%	
GOBP_POSITIVE_REGULATION_OF_EXTRINSIC_APOPTOTIC_SIGNALING_PATHWAY_IN_ABSENCE_OF_LIGAND	GOBP_POSITIVE_REGULATION_OF_EXTRINSIC_APOPTOTIC_SIGNALING_PATHWAY_IN_ABSENCE_OF_LIGAND		15	0.15289876	0.36379328	0.9978261	1.0	1.0	5132	tags=7%, list=14%, signal=8%	
GOBP_REGULATION_OF_PROTEIN_SERINE_THREONINE_KINASE_ACTIVITY	GOBP_REGULATION_OF_PROTEIN_SERINE_THREONINE_KINASE_ACTIVITY		172	0.095146745	0.3618207	1.0	1.0	1.0	7104	tags=6%, list=19%, signal=8%	
GOBP_POSITIVE_REGULATION_OF_MUSCLE_CELL_APOPTOTIC_PROCESS	GOBP_POSITIVE_REGULATION_OF_MUSCLE_CELL_APOPTOTIC_PROCESS		44	0.11780296	0.36172774	1.0	1.0	1.0	1605	tags=2%, list=4%, signal=2%	
GOBP_PROTEIN_AUTOUBIQUITINATION	GOBP_PROTEIN_AUTOUBIQUITINATION		74	0.106972426	0.36034906	1.0	1.0	1.0	4878	tags=4%, list=13%, signal=5%	
GOBP_REGULATION_OF_PROTEOLYSIS_INVOLVED_IN_PROTEIN_CATABOLIC_PROCESS	GOBP_REGULATION_OF_PROTEOLYSIS_INVOLVED_IN_PROTEIN_CATABOLIC_PROCESS		252	0.09047139	0.35933155	1.0	1.0	1.0	4004	tags=3%, list=11%, signal=3%	
GOBP_CYTOSOLIC_TRANSPORT	GOBP_CYTOSOLIC_TRANSPORT		135	0.09564902	0.35783416	1.0	1.0	1.0	16644	tags=39%, list=45%, signal=71%	
GOBP_POSITIVE_REGULATION_OF_MACROAUTOPHAGY	GOBP_POSITIVE_REGULATION_OF_MACROAUTOPHAGY		104	0.09973008	0.35556135	1.0	1.0	1.0	24685	tags=91%, list=67%, signal=274%	
GOBP_REGULATION_OF_MACROAUTOPHAGY	GOBP_REGULATION_OF_MACROAUTOPHAGY		154	0.09503514	0.3544837	1.0	1.0	1.0	33453	tags=100%, list=91%, signal=1052%	
GOBP_CELLULAR_RESPONSE_TO_UV	GOBP_CELLULAR_RESPONSE_TO_UV		93	0.09994712	0.35087404	1.0	1.0	1.0	5507	tags=6%, list=15%, signal=8%	
GOBP_ESTABLISHMENT_OF_PROTEIN_LOCALIZATION_TO_ORGANELLE	GOBP_ESTABLISHMENT_OF_PROTEIN_LOCALIZATION_TO_ORGANELLE		461	0.08436184	0.3497445	1.0	1.0	1.0	204	tags=1%, list=1%, signal=1%	
GOBP_LYTIC_VACUOLE_ORGANIZATION	GOBP_LYTIC_VACUOLE_ORGANIZATION		115	0.09526278	0.34647235	1.0	1.0	1.0	5132	tags=3%, list=14%, signal=4%	
GOBP_REGULATION_OF_PROTEIN_CATABOLIC_PROCESS	GOBP_REGULATION_OF_PROTEIN_CATABOLIC_PROCESS		382	0.08212764	0.3362792	1.0	1.0	1.0	5241	tags=4%, list=14%, signal=4%	
GOBP_POSITIVE_REGULATION_OF_DNA_RECOMBINATION	GOBP_POSITIVE_REGULATION_OF_DNA_RECOMBINATION		78	0.09690024	0.33000848	1.0	1.0	1.0	33377	tags=100%, list=90%, signal=1032%	
GOBP_REGULATION_OF_PHOSPHOLIPID_METABOLIC_PROCESS	GOBP_REGULATION_OF_PHOSPHOLIPID_METABOLIC_PROCESS		36	0.112014174	0.3285038	1.0	1.0	1.0	32815	tags=100%, list=89%, signal=893%	
GOBP_CYTOPLASMIC_PATTERN_RECOGNITION_RECEPTOR_SIGNALING_PATHWAY	GOBP_CYTOPLASMIC_PATTERN_RECOGNITION_RECEPTOR_SIGNALING_PATHWAY		223	0.07697689	0.3003147	1.0	1.0	1.0	16258	tags=35%, list=44%, signal=62%	
GOBP_MACROAUTOPHAGY	GOBP_MACROAUTOPHAGY		361	0.071631014	0.29312262	1.0	1.0	1.0	2187	tags=1%, list=6%, signal=1%	
GOBP_REGULATION_OF_PROTEASOMAL_PROTEIN_CATABOLIC_PROCESS	GOBP_REGULATION_OF_PROTEASOMAL_PROTEIN_CATABOLIC_PROCESS		210	0.07300172	0.28060833	1.0	1.0	1.0	32382	tags=100%, list=88%, signal=800%	
