NAME	TITLE	SCORE	
Krt1		8.932145	
Krt5		7.5399656	
Krt6b		6.992098	
Krt15		6.9598703	
Myh3		6.607912	
Ckm		6.492571	
Pkp1		6.4881363	
Casq2		6.449581	
Loricrin		6.2197485	
Myh8		6.2036586	
Stfa3		6.0955076	
Pigr		6.080205	
Mybpc1		6.06907	
Angptl7		5.963877	
Klk1b1		5.7133074	
Krtdap		5.639879	
Cldn10		5.618712	
Glp1r		5.6094995	
Platr22		5.335406	
Sprr1b		5.24522	
Krt13		5.2301145	
C1rb		5.2225347	
Arhgap36		5.058596	
Slc26a4		5.051424	
Hapln1		4.988152	
4930429F24Rik		4.9697948	
Cacna1h		4.9467993	
Acot5		4.918151	
Cd300ld		4.890445	
9230009I02Rik		4.8497686	
Sprr2f		4.7677307	
Tdh		4.765616	
Pzp		4.752289	
Serpinb2		4.7271123	
ENSMUSG00000137813		4.725533	
Prss22		4.638539	
Cadm3		4.62925	
Sprr2d		4.60888	
Muc16		4.5960503	
Hrnr		4.5369697	
Tll1		4.5229273	
Myh6		4.481905	
Gm56602		4.4806604	
Gm5602		4.459912	
A830052D11Rik		4.452404	
Asb12		4.4361444	
ENSMUSG00000132047		4.418869	
Galr2		4.417363	
Kcnf1		4.4121585	
4930442L01Rik		4.4118047	
Slco4c1		4.392883	
Stoml3		4.3906674	
Cbr2		4.388904	
C130073F10Rik		4.367578	
1700052H01Rik		4.346436	
ENSMUSG00000126038		4.325901	
ENSMUSG00000130888		4.3106537	
Tnfsf15		4.304752	
Gm45084		4.301175	
Myoz1		4.2999315	
Rimkla		4.293218	
Gm15635		4.2918706	
5330432J10Rik		4.2636237	
ENSMUSG00000131543		4.2523274	
Cyp27b1		4.250586	
ENSMUSG00000137248		4.2365427	
Zfp872		4.2358294	
ENSMUSG00000125059		4.2314715	
Cpa3		4.2290897	
Cdh26		4.2207074	
9530052E02Rik		4.2107425	
Gm39529		4.203481	
Gm49808		4.2001767	
Gm37499		4.194489	
Zfp85os		4.188197	
Zscan10		4.183953	
Gm57446		4.180668	
Gm16146		4.170416	
Tshr		4.16689	
Serpinb1b		4.1540313	
Gm38329		4.146503	
Gm12637		4.139295	
Nmur1		4.1370597	
Upk3bl		4.133466	
Gm9761		4.1297626	
Gm15777		4.128901	
ENSMUSG00000135591		4.122674	
Gm42585		4.1115623	
Serpinb5		4.1032596	
ENSMUSG00000134955		4.094973	
Gm49064		4.0814753	
Klk10		4.066959	
Myl1		4.0656514	
Kcnn3		4.053891	
Ctnna3		4.0524178	
Atp1b4		4.0521235	
Bambi-ps1		4.050675	
Pinlyp		4.048422	
Gm50202		4.040655	
ENSMUSG00000130853		4.0241766	
ENSMUSG00000139248		4.0127845	
Gm48412		4.01053	
Gm47484		4.009851	
Cyp26a1		4.007836	
Gucy1a2		3.9880877	
ENSMUSG00000132140		3.9830894	
ENSMUSG00000140836		3.9830894	
ENSMUSG00000138888		3.9760308	
ENSMUSG00000131659		3.9744227	
Anxa10		3.966144	
Them5		3.958413	
Kcnj11		3.954359	
Grin3b		3.953229	
9330136K24Rik		3.9467719	
ENSMUSG00000135094		3.9404256	
ENSMUSG00000122838		3.939836	
ENSMUSG00000137391		3.932728	
Gm13470		3.930684	
Htr1b		3.9270284	
Zpbp2		3.9270284	
Prr16		3.9270284	
Cyp2b19		3.9106688	
Gfap		3.899173	
Gm17096		3.895532	
Gm57408		3.8942246	
Gm15597		3.893513	
ENSMUSG00000138251		3.8755572	
Gm35281		3.8731127	
ENSMUSG00000124300		3.8730211	
1700047M11Rik		3.855178	
Hcrtr2		3.855178	
ENSMUSG00000132565		3.8548315	
Gipr		3.849943	
Syt1		3.848436	
Gm43963		3.8388348	
Rap1gapos		3.8344407	
Cfap57		3.8341212	
Gm43362		3.833515	
AU017674		3.833163	
ENSMUSG00000144185		3.8330529	
ENSMUSG00000135972		3.8308	
A230083N12Rik		3.81854	
B430010I23Rik		3.81463	
Krt77		3.8131263	
Gm47416		3.806483	
Lrrc9		3.8038218	
Fam3b		3.7936432	
Pak3		3.789835	
BC037039		3.7830555	
Fen1		3.7756834	
4930479D17Rik		3.7702804	
Efcab11		3.7636945	
ENSMUSG00000141850		3.7632189	
Gm5095		3.7608082	
Snord83b		3.7576082	
Gm11772		3.754084	
Zfp652os		3.7485623	
Sema4f		3.747279	
Tmprss11d		3.7457402	
ENSMUSG00000123619		3.7317147	
Aox3		3.7260146	
Gm56897		3.7260146	
Zyg11a		3.7258577	
Fstl4		3.722345	
ENSMUSG00000122303		3.7184498	
Gm14046		3.715206	
Gm12426		3.7144086	
Chp2		3.7144086	
Trem5		3.7075698	
ENSMUSG00000143782		3.7072387	
ENSMUSG00000127475		3.7023346	
ENSMUSG00000131652		3.6942549	
Gm536		3.693976	
Armc12		3.6909962	
Serpinb12		3.6902423	
ENSMUSG00000137882		3.6901875	
ENSMUSG00000140895		3.685036	
1810012K16Rik		3.6816404	
Fgf2os		3.6774738	
Mmp7		3.677137	
Gm31356		3.677137	
ENSMUSG00000125684		3.6769636	
ENSMUSG00000133495		3.6614962	
Gm26826		3.6614962	
Styxl1		3.6583219	
A2ml1		3.6573007	
Cirop		3.6548016	
ENSMUSG00000129334		3.6548016	
Gm15712		3.6548016	
Gm42727		3.6531801	
ENSMUSG00000138722		3.6393924	
Pik3c2g		3.6344025	
ENSMUSG00000134906		3.631754	
Gm15743		3.6309009	
BB019430		3.6295886	
ENSMUSG00000139119		3.6258097	
Gm8369		3.6258097	
ENSMUSG00000136789		3.6229546	
ENSMUSG00000131337		3.621569	
ENSMUSG00000126501		3.6161335	
Spmip6		3.6102984	
Foxn1		3.6102984	
ENSMUSG00000124672		3.6075306	
ENSMUSG00000129119		3.6019094	
Six3		3.5906844	
ENSMUSG00000140950		3.588292	
Gm49975		3.588292	
ENSMUSG00000134470		3.588292	
Npm2		3.5871751	
C78859		3.5843883	
Gm23517		3.5838666	
Faxdc2		3.582804	
Gm50322		3.582796	
ENSMUSG00000136489		3.5823536	
Krt87		3.5751796	
Hepacam2		3.5705109	
Gm17111		3.5632892	
Gm45112		3.5620935	
Trpc4		3.560846	
ENSMUSG00000138835		3.5502377	
Fbxo47		3.5501046	
ENSMUSG00000130750		3.5489225	
Gm7910		3.5423443	
ENSMUSG00000141434		3.5406613	
Gm57361		3.5405953	
Scimp		3.5339518	
Dbx2		3.5339518	
Tmprss11e		3.5220492	
Spic		3.516303	
ENSMUSG00000129887		3.516303	
ENSMUSG00000141393		3.516303	
ENSMUSG00000124679		3.5095043	
Lgi3		3.509182	
Arpp21		3.5018044	
Gm36161		3.5008004	
Gm5322		3.4974108	
Ibsp		3.4892168	
1110002J07Rik		3.4872441	
Gm16185		3.4861202	
Tgm5		3.4847162	
Lat		3.481397	
Gm6525		3.4744236	
ENSMUSG00000140527		3.4744236	
Myot		3.474304	
ENSMUSG00000131263		3.4683952	
Gm40478		3.4682415	
Gm14097		3.4676704	
Sult2a3		3.4659293	
B020010K11Rik		3.4609869	
Gm7357		3.4590223	
Rgn		3.4563468	
ENSMUSG00000130653		3.4502182	
Ywhaq-ps1		3.4502182	
A630072L19Rik		3.4502182	
Prap1		3.4494085	
Col9a1		3.4462435	
Gm10848		3.4420664	
Il36rn		3.4413888	
ENSMUSG00000143812		3.4411564	
ENSMUSG00000125565		3.433521	
5033421B08Rik		3.433521	
ENSMUSG00000131816		3.433521	
ENSMUSG00000137728		3.4317443	
ENSMUSG00000128780		3.430528	
ENSMUSG00000124946		3.43033	
Gm44566		3.425495	
ENSMUSG00000132652		3.425495	
Gm56907		3.425495	
Pla2g2f		3.4253652	
Fam25a		3.4253652	
Dsc1		3.4253652	
Stpg3		3.4232752	
ENSMUSG00000141548		3.418744	
ENSMUSG00000123053		3.4175694	
ENSMUSG00000125440		3.4133317	
4933411K16Rik		3.4074788	
Tnn		3.4071512	
ENSMUSG00000140572		3.4071512	
Gm16024		3.405871	
Stac		3.405374	
Asb16		3.4041007	
Gm46432		3.4041007	
Rapsn		3.4025993	
ENSMUSG00000124577		3.4025993	
Hdac1-ps		3.4025993	
Col2a1		3.4017146	
ENSMUSG00000135456		3.399853	
Naip1		3.3945565	
ENSMUSG00000127656		3.3944085	
Gm2381		3.3944085	
Muc21		3.3882184	
Cuzd1		3.3827102	
ENSMUSG00000121767		3.3786917	
Gm36840		3.3786917	
Cckbr		3.3771684	
Gm56532		3.3771684	
ENSMUSG00000131903		3.3771684	
Gm13387		3.374262	
AA413626		3.374262	
ENSMUSG00000134361		3.374262	
4921525O09Rik		3.374262	
Gm49097		3.374262	
Pdzph1		3.374262	
Akain1		3.374262	
Trdn		3.3646183	
Fgf13		3.3646183	
4930539M17Rik		3.360856	
ENSMUSG00000135902		3.360856	
Gm28529		3.3584466	
Mospd4		3.3556178	
Gm8153		3.3500507	
Gm14222		3.3480673	
Ube2u		3.3470376	
ENSMUSG00000121804		3.3470376	
ENSMUSG00000123375		3.3468235	
Ikzf3		3.3468235	
ENSMUSG00000126255		3.3461769	
ENSMUSG00000126688		3.345388	
ENSMUSG00000142655		3.342232	
ENSMUSG00000134809		3.342232	
Il27ra		3.342232	
Thsd7b		3.3401797	
Olig3		3.3343177	
Gm32352		3.3327887	
ENSMUSG00000139020		3.3290184	
2900060B14Rik		3.3227296	
Gm42679		3.3227296	
Edil3		3.3227296	
ENSMUSG00000135516		3.3186884	
Gm26703		3.3186884	
Npy1r		3.3158255	
Slc38a8		3.3158255	
B430212C06Rik		3.3104553	
Gm11821		3.3047059	
Gm17108		3.3047059	
Sv2b		3.3032727	
Tslrn1		3.3028064	
Aqp10-ps		3.3013108	
Rhcg		3.2997627	
9530046B11Rik		3.292069	
Gm44414		3.2906995	
ENSMUSG00000144054		3.2887928	
ENSMUSG00000122356		3.2871692	
9230104M06Rik		3.2825606	
Gm9616		3.2768953	
1700001K23Rik		3.2728355	
Cdh19		3.2614803	
Gm34411		3.2614803	
Gm45737		3.2614803	
ENSMUSG00000141869		3.2614803	
ENSMUSG00000128418		3.2580862	
ENSMUSG00000124472		3.2580862	
Gm6377		3.2580862	
Rps15-ps2		3.2565143	
ENSMUSG00000133307		3.2565143	
ENSMUSG00000129307		3.2563448	
Serpinb3a		3.256044	
Fcer2a		3.256044	
Gm4740		3.256044	
ENSMUSG00000134880		3.253768	
Gm10961		3.2417462	
ENSMUSG00000137720		3.2417462	
ENSMUSG00000134165		3.2417462	
Prss27		3.2384787	
Gm30146		3.227921	
Or6e1		3.227921	
Tssk4		3.227921	
ENSMUSG00000125346		3.227921	
AI314278		3.2266686	
Gm57013		3.2255702	
Bmncr		3.2251577	
ENSMUSG00000143491		3.2251577	
Gm57249		3.2203856	
Gm47220		3.2193642	
Ugt3a2		3.2193642	
Klhdc9		3.2182648	
Zeb2os		3.2182648	
2810036E18Rik		3.2182648	
Galnt9		3.2182648	
ENSMUSG00000127291		3.2182648	
Spink5		3.21356	
Gm2245		3.2129571	
Cldn9		3.2129571	
Tm4sf5		3.2104	
ENSMUSG00000136834		3.199592	
Gm10766		3.199592	
ENSMUSG00000140964		3.19445	
Mylk2		3.19445	
ENSMUSG00000132959		3.19445	
Gm37720		3.19445	
ENSMUSG00000140738		3.19445	
Gm17399		3.19445	
Fbxw10		3.19445	
ENSMUSG00000137574		3.19445	
Fam83a		3.1908934	
Klk11		3.1858878	
Ltf		3.1851544	
Gm28981		3.182631	
Gm8801		3.182631	
Cngb1		3.1824377	
Gm32184		3.1824377	
Flg		3.18105	
Rbfox1		3.18105	
Gm49328		3.1808941	
Gm43258		3.17903	
ENSMUSG00000134133		3.17903	
Gm16401		3.167228	
ENSMUSG00000135514		3.167228	
ENSMUSG00000121840		3.1634328	
Chrna3		3.1634328	
Mcpt4		3.1634328	
B430219N15Rik		3.161727	
Fgf17		3.1593907	
Alx4		3.1579523	
Gm43141		3.1579523	
Capn9		3.1579523	
Slc5a9		3.1562564	
ENSMUSG00000131344		3.1443932	
Ascl1		3.1443932	
ENSMUSG00000139497		3.1443932	
Gm20540		3.1443932	
4930512H18Rik		3.1299517	
Gm42450		3.1282995	
D830026I12Rik		3.1282995	
Pou2af3		3.1282995	
Ak9		3.1282995	
Ppp1r36		3.1282995	
Gm41662		3.1282995	
Gm37696		3.122456	
Gm42867		3.122456	
Guca2b		3.117221	
ENSMUSG00000133684		3.1153035	
ENSMUSG00000122982		3.1121528	
5430414B19Rik		3.112013	
Gm43372		3.1062002	
Gm30692		3.1062002	
Scn2b		3.1062002	
Gm56985		3.093924	
Rpl36a-ps1		3.093924	
Gm49312		3.093924	
Gm36423		3.0934901	
Tnip3		3.092561	
ENSMUSG00000127844		3.092561	
Gm26577		3.092561	
Mip		3.092561	
Gm20703		3.092561	
Bicdl2		3.0899286	
Nalf1		3.0873756	
5031425F14Rik		3.0803905	
Wfdc6a		3.0786645	
Ube2v1		3.0786645	
ENSMUSG00000124562		3.0770047	
Snord89		3.0687401	
Iyd		3.0674152	
Nsg2		3.0674152	
ENSMUSG00000127976		3.0666962	
ENSMUSG00000125171		3.0666962	
Gm36459		3.0666962	
Gm57021		3.0666962	
Gpr75		3.0666962	
ENSMUSG00000130844		3.0666962	
Evi2		3.0666962	
Gm38120		3.0640588	
Lce1c		3.0640588	
ENSMUSG00000122477		3.0620413	
ENSMUSG00000139421		3.0620413	
Gm16341		3.0602129	
ENSMUSG00000133180		3.0602129	
Prokr2		3.058271	
Gm12531		3.058271	
ENSMUSG00000127242		3.058271	
Gm43268		3.058271	
Nkx6-2		3.058271	
Lman1l		3.058271	
Gm29571		3.0573552	
Gm50334		3.0573552	
Gm13269		3.0507677	
Gm12418		3.0470402	
ENSMUSG00000140870		3.0470402	
ENSMUSG00000143969		3.0433247	
Gsdmc		3.0430017	
C1ql4		3.0386024	
5031434C07Rik		3.0287142	
Gm44140		3.02772	
Ky		3.02772	
Gm37475		3.02772	
Gm56731		3.02772	
Gm18842		3.02772	
Prr32		3.02772	
Bpifb6		3.025639	
ENSMUSG00000128150		3.025639	
H2-M9		3.025639	
Chodl		3.0244231	
Gm38252		3.0243547	
ENSMUSG00000140979		3.0243547	
Gm42980		3.0243547	
Prox2os		3.0243547	
ENSMUSG00000121409		3.0243547	
Megf10		3.0243547	
Gm13778		3.0206766	
Gm48808		3.019922	
Tnmd		3.019922	
Gm42696		3.0157106	
Gm43327		3.0131485	
Col10a1		3.0131485	
Gm36496		3.0131485	
Gm28883		3.0104408	
Gm57214		3.0104408	
ENSMUSG00000132011		3.0104408	
Crb1		3.0088284	
Gm56991		3.0084894	
ENSMUSG00000134200		3.00695	
Gm23346		3.00695	
Gm2762		3.00695	
Zfp457		3.00695	
Pira2-ps2		3.0045805	
ENSMUSG00000123856		3.0045805	
Gm35290		3.0039062	
D030055H07Rik		3.0015438	
ENSMUSG00000141785		2.9970303	
ENSMUSG00000127043		2.9970303	
ENSMUSG00000122716		2.9970303	
Col11a1		2.9942224	
E330023G01Rik		2.9905334	
ENSMUSG00000127535		2.9900098	
Gm37915		2.9891565	
Gm32051		2.9891565	
ENSMUSG00000123510		2.9891565	
Gm44673		2.9891565	
Angptl8		2.9891565	
Or8b54		2.9891565	
Ano4		2.9891565	
ENSMUSG00000139642		2.9891565	
ENSMUSG00000143564		2.9891565	
Gm30726		2.9891565	
Gm14703		2.9891565	
9230116L04Rik		2.988805	
Ctla4		2.987532	
Tnk2os		2.987532	
Gm49894		2.987532	
ENSMUSG00000127904		2.9871545	
ENSMUSG00000125086		2.9835107	
Gm27028		2.974381	
Zfp108		2.9736676	
ENSMUSG00000138178		2.9735842	
Gm6485		2.970828	
Eqtn		2.970828	
Smarca5-ps		2.970828	
Hsd3b3		2.9623547	
Gm47956		2.9623547	
ENSMUSG00000132859		2.959468	
Vsnl1		2.959468	
ENSMUSG00000139079		2.9529173	
Speer4a1		2.9529173	
Gm10416		2.9529173	
Gm44735		2.9529173	
Gm38042		2.9529173	
Gm48552		2.9529173	
Gm16230		2.9529173	
ENSMUSG00000137690		2.9529173	
Gm56938		2.9510045	
Gm45441		2.9510045	
Klkb1		2.9510045	
Gm49371		2.9493716	
ENSMUSG00000132653		2.9493716	
1700108J01Rik		2.9493716	
ENSMUSG00000140339		2.9492054	
ENSMUSG00000132180		2.9492054	
Cdh22		2.947285	
Gm57233		2.947285	
ENSMUSG00000125445		2.9422	
Gm28800		2.9342453	
Prr9		2.9342453	
Gm28707		2.9342453	
Gm94		2.9342453	
ENSMUSG00000140137		2.9342453	
Serpina3n		2.9309058	
Ppbp		2.930714	
Gm15419		2.9307106	
ENSMUSG00000137201		2.9283633	
ENSMUSG00000126170		2.922385	
Krt10		2.9216547	
ENSMUSG00000131846		2.9200666	
ENSMUSG00000142509		2.9170842	
Tmem240		2.914306	
ENSMUSG00000140287		2.914306	
Zfp1005		2.912239	
Dthd1		2.912239	
Chaer1		2.912239	
Ovol3		2.912239	
Gm12766		2.912239	
Gm47687		2.912239	
Gm31848		2.912239	
ENSMUSG00000128899		2.912239	
Gm6878		2.912239	
Kcns3		2.9091809	
Gm5088		2.9091809	
Gm13787		2.908771	
Sdr9c7		2.9016864	
Kcnip1		2.9016864	
Il5		2.9016864	
ENSMUSG00000136742		2.897608	
ENSMUSG00000135892		2.897608	
ENSMUSG00000126809		2.897608	
Elapor1		2.891758	
Gm9257		2.8911636	
ENSMUSG00000137088		2.8911636	
Cfap20dc		2.889682	
Ifi202b		2.8881364	
ENSMUSG00000125974		2.8862598	
AI606473		2.8839457	
ENSMUSG00000141169		2.876613	
Cldnd2		2.876613	
ENSMUSG00000143199		2.8759153	
Gm12946		2.874971	
Gm32552		2.874971	
ENSMUSG00000141989		2.874971	
Gm29367		2.8733475	
ENSMUSG00000137991		2.8733475	
Gm5447		2.8733475	
ENSMUSG00000139568		2.8733475	
1700119H24Rik		2.8725104	
Gm47015		2.8719702	
Nppa		2.8673172	
Hrh1		2.8673172	
ENSMUSG00000136919		2.8673172	
Mobp		2.8673172	
5530401A14Rik		2.8673172	
Lrrc37		2.8673172	
Gm11722		2.8673172	
ENSMUSG00000142110		2.8673172	
ENSMUSG00000128136		2.8673172	
Gm49240		2.8673172	
2600002D14Rik		2.8673172	
Gm773		2.8673172	
ENSMUSG00000123490		2.862488	
ENSMUSG00000136494		2.862488	
ENSMUSG00000142282		2.862488	
Podnl1		2.862488	
Nrxn3		2.8621275	
Plch1		2.861069	
Ddit4l		2.859877	
Gm9908		2.859877	
ENSMUSG00000131449		2.859877	
Gm49584		2.8575184	
Gm37600		2.8544693	
Mag		2.8544693	
Gm55442		2.8544693	
ENSMUSG00000129870		2.8544693	
Snord55		2.8506248	
Gm33728		2.8506248	
ENSMUSG00000140564		2.8498702	
Gm44214		2.8498702	
Gm47545		2.8498702	
ENSMUSG00000135335		2.847385	
ENSMUSG00000127342		2.8432405	
Pof1b		2.8424149	
Tmem238		2.8371542	
ENSMUSG00000134304		2.83486	
ENSMUSG00000124502		2.83486	
ENSMUSG00000131748		2.83486	
Gm56819		2.83486	
Gabrr1		2.83486	
Gm9057		2.83486	
ENSMUSG00000130738		2.83486	
Gm15846		2.83486	
Agxt2		2.83486	
ENSMUSG00000123888		2.83486	
ENSMUSG00000121444		2.832961	
Gm16712		2.8323665	
Gm57109		2.831397	
Gm44136		2.831397	
Gm56927		2.831397	
ENSMUSG00000123434		2.831397	
Gm47889		2.831397	
Six1		2.831397	
9030404E10Rik		2.831397	
Gm19522		2.831397	
Gm54420		2.831397	
Gm13236		2.8312154	
Gja3		2.829156	
B230317F23Rik		2.825606	
Mir670hg		2.8182237	
Smim43		2.8182237	
B230322F03Rik		2.8182237	
ENSMUSG00000142139		2.8182237	
Kcnh4		2.8182237	
Agr2		2.816535	
ENSMUSG00000129037		2.8127522	
Gm13986		2.811112	
Lrrc69		2.811112	
ENSMUSG00000137702		2.811112	
Gm28609		2.803059	
Slc24a5		2.8025866	
Gm14455		2.8025866	
Gm14616		2.8025866	
Ssmem1		2.8025866	
Gm26714		2.8025866	
ENSMUSG00000130115		2.8025866	
ENSMUSG00000127921		2.8025866	
ENSMUSG00000134894		2.8025866	
1110028F11Rik		2.8025866	
Gm40884		2.8025866	
Gm47439		2.8025866	
ENSMUSG00000126243		2.8025866	
Gm48881		2.8025866	
ENSMUSG00000132105		2.800578	
Car7		2.7986403	
Gm26787		2.7930849	
ENSMUSG00000139037		2.7930849	
ENSMUSG00000141358		2.7930849	
Pard3bos3		2.7906182	
Gstm3		2.7906182	
ENSMUSG00000139164		2.7906182	
ENSMUSG00000130820		2.7906182	
ENSMUSG00000130772		2.7906182	
Gm11735		2.7906182	
Gm15932		2.7906182	
Gm4577		2.7906182	
Gm4755		2.789215	
Gm49937		2.7883062	
ENSMUSG00000143922		2.7807853	
ENSMUSG00000142939		2.7807853	
Cav3		2.7807853	
Ccr9		2.7807853	
ENSMUSG00000131997		2.7807853	
ENSMUSG00000132202		2.7807853	
ENSMUSG00000135107		2.7807853	
Mylk4		2.7807853	
S100z		2.7760055	
Cimip2b		2.7702107	
Gm12843		2.7702107	
ENSMUSG00000129819		2.7702107	
ENSMUSG00000141752		2.7702107	
Gm20900		2.7702107	
ENSMUSG00000123106		2.7702107	
Akr1c18		2.7702067	
Gm38883		2.7653558	
Gm16048		2.7649992	
ENSMUSG00000126511		2.7613127	
Gm12678		2.7613127	
Gm20620		2.7613127	
Prr23a4		2.7613127	
Sp6		2.7613127	
Gm46603		2.7613127	
Ska1		2.7613127	
ENSMUSG00000131811		2.7604282	
Gm56637		2.7587488	
Gm22935		2.7546809	
Pdx1		2.7546809	
Tlx2		2.7546809	
Gm55788		2.7546809	
ENSMUSG00000133478		2.7546809	
Gscdt		2.7546809	
Gm47586		2.7546809	
ENSMUSG00000135637		2.7546809	
ENSMUSG00000130151		2.7546809	
ENSMUSG00000139939		2.752188	
Gm11730		2.752188	
Gm40685		2.749689	
ENSMUSG00000122148		2.749689	
Gm41787		2.749689	
ENSMUSG00000125098		2.749689	
Gm56623		2.7489638	
Gm14412		2.7473729	
ENSMUSG00000129080		2.7473729	
Th		2.7473729	
Gm30400		2.7473729	
ENSMUSG00000132755		2.7473729	
Gm38253		2.7431567	
ENSMUSG00000140380		2.7431567	
Emilin3		2.7389762	
Ccdc168		2.7382913	
Gm37519		2.7382913	
Gm44190		2.7382913	
Gm7276		2.7382913	
ENSMUSG00000137142		2.7382913	
Cacng8		2.7353961	
Gm13991		2.7314427	
Gm10180		2.7314427	
Gvin1		2.7312155	
ENSMUSG00000138267		2.726125	
Aicda		2.7238002	
Sprr2h		2.7172995	
Dsc3		2.7172995	
ENSMUSG00000122310		2.7159843	
ENSMUSG00000140760		2.7129583	
Gm13176		2.7093892	
Gm6745		2.7093892	
Gm13861		2.7093892	
ENSMUSG00000141432		2.7093892	
Ly6f		2.7093892	
Uts2b		2.7093892	
ENSMUSG00000129429		2.7088041	
ENSMUSG00000136636		2.707456	
Gm38155		2.7073987	
Pate2		2.7065778	
ENSMUSG00000127680		2.7065778	
Slc17a1		2.7065778	
Gm2670		2.7065778	
Gm32358		2.7065778	
Cdk5r2		2.7064426	
ENSMUSG00000126242		2.7064426	
Gm9889		2.7064426	
ENSMUSG00000123543		2.7064426	
Rspo1		2.7064426	
Gm43311		2.7064426	
ENSMUSG00000135654		2.7064426	
ENSMUSG00000130148		2.7064426	
ENSMUSG00000122652		2.7064426	
Gm38114		2.7064426	
Erp27		2.7064426	
Gm20684		2.7064426	
Nanos3		2.7064426	
Syce1l		2.7064426	
ENSMUSG00000138933		2.7064426	
Gm12171		2.7064426	
ENSMUSG00000139104		2.7064426	
Gm48188		2.7064426	
Gm48603		2.7064426	
ENSMUSG00000127223		2.7064426	
ENSMUSG00000140639		2.7064426	
Mir365-1		2.7064426	
Gm32461		2.7064426	
Gm20109		2.7064426	
Gm19183		2.7064426	
4933401L05Rik		2.7064426	
ENSMUSG00000134796		2.7060866	
ENSMUSG00000123371		2.7048905	
ENSMUSG00000133253		2.7048905	
Ryr3		2.7027152	
Gm45059		2.7027152	
Pif1		2.7027152	
ENSMUSG00000137187		2.7027152	
Ict1os		2.7027152	
ENSMUSG00000122629		2.7027152	
ENSMUSG00000124737		2.7027152	
Kcne1		2.7027152	
Gm50070		2.7027152	
Clip4		2.6999018	
4833404L02Rik		2.6966913	
Tmem266		2.6960566	
Rnls		2.6945333	
Gm21451		2.691213	
Gm34376		2.6894271	
ENSMUSG00000124989		2.6882546	
C78283		2.6882546	
Gm43361		2.6882546	
ENSMUSG00000142345		2.6882546	
Gm57204		2.6882546	
Usp17ld		2.6882546	
ENSMUSG00000128117		2.6882546	
ENSMUSG00000123730		2.6882546	
ENSMUSG00000130539		2.6882546	
Gm4211		2.6882546	
Tmc1		2.6882546	
Crabp1		2.6856446	
Gm14322		2.6821206	
ENSMUSG00000122922		2.6821206	
ENSMUSG00000141843		2.6821206	
ENSMUSG00000142945		2.6809628	
Gm37116		2.6808777	
ENSMUSG00000143381		2.678272	
Igfn1		2.6778944	
Mansc4		2.6778944	
Oscar		2.6778944	
1700063D05Rik		2.6778944	
Rskr		2.6778944	
Cstdc6		2.6778944	
D930019O06Rik		2.6692188	
Notumos		2.6649685	
ENSMUSG00000123255		2.6578588	
ENSMUSG00000136036		2.6578588	
Gm37328		2.6578588	
Lmx1a		2.6578588	
ENSMUSG00000131131		2.6578588	
Adora3		2.6578588	
Tsga13		2.6578588	
Gm45869		2.6578588	
Mybpc2		2.6578588	
Siglech		2.6578588	
Gm44623		2.6578588	
Gm11983		2.6578588	
Gm12092		2.6578588	
ENSMUSG00000125772		2.6578588	
Gm29266		2.6578588	
ENSMUSG00000139463		2.6578588	
Gm15950		2.6578588	
ENSMUSG00000131458		2.6569178	
Gm13657		2.6558552	
Rpsa-ps10		2.6487215	
ENSMUSG00000129230		2.6487215	
Mir3109		2.6487215	
Gm10827		2.6487215	
ENSMUSG00000137736		2.6487215	
ENSMUSG00000129967		2.6487215	
H4c12		2.6487215	
ENSMUSG00000141927		2.6487215	
Myh7		2.6387846	
Gm18734		2.6371913	
Cd55os		2.635311	
Gm40787		2.635311	
ENSMUSG00000123289		2.635311	
Gm50416		2.635311	
Gm38948		2.633223	
Gm56917		2.633223	
Zfp985		2.6309314	
Gm11953		2.6309314	
Efcab9		2.6309314	
Gm10357		2.6309314	
Trpm2		2.6298234	
Dynap		2.6287725	
Gm10432		2.6252415	
Ccdc187		2.62295	
ENSMUSG00000141340		2.62295	
ENSMUSG00000127785		2.62295	
ENSMUSG00000127852		2.62295	
ENSMUSG00000128891		2.62295	
Gm9968		2.62295	
Mfsd4b5		2.6222432	
Fscn2		2.6206172	
Gm12002		2.6172283	
ENSMUSG00000139745		2.6143227	
Frrs1l		2.6143227	
ENSMUSG00000126927		2.6143227	
Fbxl13		2.6143227	
Dnajc5g		2.6143227	
ENSMUSG00000138799		2.6143227	
C730045M19Rik		2.6143227	
Nobox		2.6143227	
D530018E20Rik		2.6143227	
Gm19345		2.6143227	
Gm45822		2.6143227	
ENSMUSG00000141426		2.6143227	
4930455J16Rik		2.6143227	
Cxcr3		2.6143227	
Gm56804		2.6143036	
ENSMUSG00000143943		2.610221	
ENSMUSG00000143523		2.610221	
Gm37383		2.6072376	
Gm36569		2.6072376	
Gm56205		2.6072376	
ENSMUSG00000126898		2.6072376	
ENSMUSG00000143612		2.6072376	
Faiml		2.6072376	
Gm48727		2.6072376	
ENSMUSG00000131018		2.6072376	
ENSMUSG00000133645		2.6072376	
ENSMUSG00000126720		2.6072376	
Pcdhb16		2.6072376	
Lipn		2.6072376	
ENSMUSG00000131195		2.6072376	
Emx2os		2.6072376	
Gm55371		2.6071599	
Rab37		2.6035028	
ENSMUSG00000122816		2.6022666	
Oprl1		2.6022666	
Gm37558		2.6022666	
Gm17098		2.6022666	
ENSMUSG00000127986		2.6022666	
4930524O07Rik		2.6022666	
ENSMUSG00000131270		2.6022666	
Shisal1		2.6022666	
Gm26497		2.5990345	
Gm56749		2.5990345	
ENSMUSG00000136781		2.5959132	
4930595D18Rik		2.5959132	
1810044D09Rik		2.5939438	
Gm45165		2.5899854	
ENSMUSG00000141366		2.5845833	
A930040O22Rik		2.5845833	
Gm10036		2.580936	
Gm2223		2.580936	
Gm37904		2.5802488	
Gm45477		2.5802488	
Lce1d		2.5802488	
Klk5		2.5802488	
Apba2		2.5802488	
Cacng3		2.5802488	
Gm36670		2.5802488	
A330074K22Rik		2.5802488	
9330159F19Rik		2.5802488	
Gm14662		2.5802488	
Cnfn		2.5799496	
Tex35		2.5782454	
Hoxc5		2.577313	
4833427F10Rik		2.56916	
Gm29456		2.5685866	
ENSMUSG00000138878		2.5685866	
Gm17981		2.5685866	
Gm48248		2.5685866	
ENSMUSG00000135072		2.5685866	
Rhox13		2.5685866	
D030025E07Rik		2.5661979	
Gm15489		2.5661979	
1700020N01Rik		2.5661979	
ENSMUSG00000140672		2.5661979	
Gm36964		2.5612042	
Gm57465		2.5612042	
Pramel6		2.5612042	
Or4c12		2.5612042	
Myt1		2.5612042	
ENSMUSG00000135219		2.5612042	
Negr1		2.5612042	
4933424M12Rik		2.5612042	
ENSMUSG00000127450		2.5612042	
Anp32b-ps1		2.5612042	
Gm56928		2.5612042	
ENSMUSG00000126399		2.5612042	
Gm49058		2.5612042	
Klk14		2.5612042	
ENSMUSG00000132424		2.5612042	
ENSMUSG00000127038		2.5612042	
ENSMUSG00000128182		2.5612042	
Gm30934		2.5612042	
Gm47199		2.5612042	
Acss3		2.5612042	
ENSMUSG00000138180		2.5612042	
ENSMUSG00000124591		2.5612042	
Dnmt3aos		2.5612042	
Gm48210		2.5612042	
Gm48783		2.5612042	
Gm48623		2.5612042	
ENSMUSG00000142951		2.5612042	
1700001G11Rik		2.5612042	
Gm41183		2.5612042	
Gm26634		2.5612042	
Gm30339		2.5612042	
Gm49861		2.5612042	
Gm10501		2.5612042	
ENSMUSG00000138759		2.5612042	
ENSMUSG00000131812		2.5567696	
ENSMUSG00000123669		2.5560977	
H2-Q1		2.5560977	
4930445N18Rik		2.5560977	
D130017N08Rik		2.55503	
Gm57011		2.5480099	
Trim60		2.5480099	
ENSMUSG00000141914		2.5480099	
Ackr1		2.547329	
ENSMUSG00000134103		2.547329	
Zfp114		2.547329	
ENSMUSG00000127554		2.547329	
ENSMUSG00000134195		2.547329	
Gm41032		2.5426242	
Gm15816		2.540915	
ENSMUSG00000143145		2.540915	
Gm43958		2.5403357	
ENSMUSG00000123177		2.5391161	
Exo1		2.5366313	
ENSMUSG00000122750		2.5351279	
Clec4a2		2.5284698	
Gm56799		2.5218396	
Gm37728		2.5201488	
ENSMUSG00000133868		2.5197375	
Gm3791		2.5172222	
Gm13398		2.5148542	
BB557941		2.5148542	
Gm33104		2.5148542	
Mir341		2.5148542	
Or51e2		2.5138571	
Gm35686		2.5138083	
ENSMUSG00000124204		2.5138083	
ENSMUSG00000126085		2.5138083	
Gm14089		2.512849	
Gm37940		2.5121803	
Adig		2.5121028	
ENSMUSG00000136986		2.5121028	
Gm26628		2.5121028	
4930502E09Rik		2.5121028	
Gm49067		2.5121028	
ENSMUSG00000139399		2.509919	
Mir5106		2.509919	
Gm8013		2.509919	
ENSMUSG00000142997		2.509919	
Ly6g6e		2.5049303	
Npbwr1		2.5031998	
Erfe		2.5031998	
Gm9687		2.5031998	
ENSMUSG00000133896		2.5031998	
Rpl13-ps6		2.5031998	
Gm43714		2.5031998	
Gm40124		2.5031998	
0610033M10Rik		2.5031998	
Gm34933		2.5031998	
Gm10351		2.5031998	
Gm40528		2.5031998	
ENSMUSG00000137651		2.5031998	
Sntg2		2.5031998	
Gm33467		2.5031998	
ENSMUSG00000135075		2.5031998	
Gm40830		2.5031998	
ENSMUSG00000123471		2.5031998	
ENSMUSG00000134831		2.5031998	
ENSMUSG00000142975		2.4929795	
ENSMUSG00000125007		2.4929795	
1700018A04Rik		2.4926805	
ENSMUSG00000133604		2.4890485	
Gm13814		2.486526	
Csn3		2.486526	
Gm15409		2.486526	
ENSMUSG00000129308		2.486526	
Meiosin		2.486526	
ENSMUSG00000141972		2.486526	
ENSMUSG00000143916		2.486526	
ENSMUSG00000125069		2.486526	
ENSMUSG00000138906		2.486526	
Dsg1b		2.486526	
ENSMUSG00000133331		2.486363	
ENSMUSG00000136462		2.486363	
Wfdc10		2.486363	
ENSMUSG00000127318		2.486363	
Padi3		2.486363	
Tmem72		2.486363	
Gm35208		2.486363	
ENSMUSG00000124165		2.486363	
Dleu7		2.486363	
Gm13256		2.4824276	
ENSMUSG00000123240		2.4824276	
Gm38226		2.4824276	
Gm37296		2.4824276	
ENSMUSG00000139212		2.4811125	
Itgb1bp2		2.47906	
Gm19514		2.4743283	
Stum		2.4713953	
Golt1a		2.4701803	
Snord73b		2.4648216	
Klhdc7a		2.4648216	
Gm42778		2.4648216	
Gm56946		2.4648216	
Gm56723		2.4648216	
Gm42577		2.4592535	
Gm29155		2.4586346	
ENSMUSG00000142940		2.4586346	
Gm10059		2.4586346	
Gm57297		2.4586346	
Gm16104		2.4586346	
Gm37238		2.4586346	
Gm15609		2.4586346	
Gm50225		2.4586346	
ENSMUSG00000132793		2.4586346	
ENSMUSG00000138353		2.457193	
ENSMUSG00000143424		2.457193	
4930528H21Rik		2.457193	
Gm44380		2.457193	
ENSMUSG00000141406		2.457193	
Gm45223		2.457193	
ENSMUSG00000129229		2.457193	
Gm28793		2.4519212	
ENSMUSG00000141006		2.4519212	
Gm32611		2.4519212	
Gm45564		2.4519212	
1190028D05Rik		2.4519212	
S1pr5		2.4519212	
Gm29824		2.4519212	
ENSMUSG00000128779		2.4519212	
ENSMUSG00000131655		2.4519212	
ENSMUSG00000123325		2.4519212	
Gm12153		2.4519212	
Sgca		2.4519212	
Gm56537		2.4519212	
Mdga2		2.4519212	
Samd15		2.4519212	
A930027P06Rik		2.4519212	
ENSMUSG00000131901		2.4519212	
Gm36693		2.4519212	
ENSMUSG00000123182		2.4519212	
Gm56680		2.4519212	
Gm26944		2.4505365	
ENSMUSG00000134824		2.4498942	
ENSMUSG00000134393		2.4492404	
ENSMUSG00000133691		2.4482813	
AA536875		2.4482813	
Tmem132c		2.4464726	
Gm42929		2.437299	
Lncpint		2.436409	
Slco1b2		2.4305675	
Calr-ps		2.4303763	
ENSMUSG00000130994		2.4303763	
Hes2		2.4303763	
Gm5432		2.4303763	
ENSMUSG00000141242		2.4303763	
Spmap1		2.4287288	
Gm50403		2.4287288	
Gm8566		2.4274364	
Gm14539		2.4274364	
ENSMUSG00000134964		2.4238222	
Gm27000		2.4198	
ENSMUSG00000122655		2.4178321	
Gm38251		2.4178321	
ENSMUSG00000127233		2.4178321	
ENSMUSG00000127788		2.4178321	
Gm12902		2.4178321	
Gm13204		2.4178321	
2210406H18Rik		2.4178321	
Sgcz		2.4178321	
Klf1		2.4178321	
Gm45854		2.4178321	
H60b		2.4178321	
ENSMUSG00000128709		2.4178321	
Timd4		2.4178321	
Tex21		2.4178321	
ENSMUSG00000125032		2.4178321	
ENSMUSG00000126874		2.4178321	
ENSMUSG00000141939		2.4178321	
ENSMUSG00000142043		2.4178321	
ENSMUSG00000128217		2.4178321	
Rnf151		2.4178321	
ENSMUSG00000125200		2.4178321	
Cndp1		2.4178321	
ENSMUSG00000144045		2.4178321	
Dio3os		2.415873	
Gm6119		2.4040728	
Mgat4f		2.4040728	
Gm13963		2.4040728	
Gm37876		2.4040728	
Cym		2.4040728	
A630031M04Rik		2.4040728	
ENSMUSG00000123726		2.4040728	
ENSMUSG00000139213		2.4040728	
Gm45060		2.4040728	
Gm56873		2.4040728	
Gm29895		2.4040728	
Gm48865		2.4040728	
Gm12246		2.4040728	
Ccdc200		2.4040728	
Lsmem1		2.4040728	
Gm26645		2.4040728	
Gm7054		2.4040728	
Gm30108		2.4040728	
ENSMUSG00000135178		2.4040728	
Dnah5		2.4040728	
Gm56714		2.4040728	
Rgs22		2.4040728	
ENSMUSG00000136918		2.4040728	
Tmem217		2.4040728	
ENSMUSG00000137230		2.4030411	
Gm37885		2.4002085	
Kif12		2.4002085	
Gm48427		2.4002085	
Mpo		2.4002085	
ENSMUSG00000126471		2.4002085	
Gm30093		2.4002085	
Nxf2		2.4002085	
Prok1		2.3963156	
Spata17		2.3962667	
E230020A03Rik		2.3957307	
ENSMUSG00000137288		2.3915317	
Ly6g6f		2.3915317	
Gm29128		2.3909762	
ENSMUSG00000131524		2.3909762	
Gm37368		2.3909762	
A130050O07Rik		2.3909762	
Smtnl1		2.3909762	
ENSMUSG00000140994		2.3909762	
ENSMUSG00000132161		2.3909762	
Gm42944		2.3909762	
Lce1m		2.3909762	
Rps10-ps4		2.3909762	
Or10am5		2.3909762	
Gm28258		2.3909762	
Gm37204		2.3909762	
Gm32688		2.3909762	
Gm49390		2.3909762	
Gm23217		2.3909762	
Gm1600		2.3909762	
Gm35455		2.3909762	
Mymx		2.3909762	
Foxp3		2.3909762	
3300002I08Rik		2.387988	
Pkd1l2		2.386602	
Gm30018		2.3865345	
Eif3j2		2.3817005	
ENSMUSG00000126854		2.377097	
Gm15547		2.377097	
Gm56109		2.377097	
Gm29296		2.377097	
Gm16346		2.377097	
Gm15656		2.377097	
Lncbate1		2.377097	
Mir3473d		2.377097	
Ddi1		2.377097	
Deup1		2.377097	
ENSMUSG00000143112		2.377097	
ENSMUSG00000126487		2.377097	
Gm48933		2.377097	
Fam181b		2.3745496	
Gm45627		2.3745496	
Gm57397		2.3745496	
Gm11723		2.3745496	
Gm5824		2.3745496	
Gm8806		2.3745496	
ENSMUSG00000125468		2.374016	
Gm7450		2.3683352	
ENSMUSG00000130362		2.3662932	
Asb17		2.3659327	
Hrc		2.365424	
ENSMUSG00000122916		2.3560207	
Rgs20		2.3549116	
ENSMUSG00000126978		2.3549116	
4631405J19Rik		2.3549116	
ENSMUSG00000127711		2.3549116	
ENSMUSG00000141377		2.3549116	
ENSMUSG00000124757		2.3549116	
Gm13206		2.3549116	
Lrcol1		2.3549116	
ENSMUSG00000122765		2.3549116	
ENSMUSG00000130685		2.3549116	
ENSMUSG00000133306		2.3549116	
Gm19541		2.3549116	
ENSMUSG00000135121		2.3549116	
Gm47107		2.3549116	
ENSMUSG00000126865		2.3549116	
ENSMUSG00000126453		2.3549116	
Gm39822		2.3549116	
Cdrt4		2.3549116	
ENSMUSG00000126685		2.3549116	
1700081N11Rik		2.3549116	
ENSMUSG00000135756		2.3549116	
Serpina3d-ps		2.3549116	
ENSMUSG00000124173		2.3549116	
Gm24616		2.3549116	
Rhag		2.3549116	
ENSMUSG00000137062		2.3549116	
4930426D05Rik		2.3549116	
ENSMUSG00000122797		2.3549116	
Gm35194		2.353194	
ENSMUSG00000142131		2.353194	
ENSMUSG00000127901		2.3472345	
1700061I17Rik		2.3472345	
Lrrc23		2.3472345	
Gm10052		2.3472345	
Hbq1b		2.3472345	
Gm11626		2.3472345	
ENSMUSG00000129578		2.3472345	
Gm7644		2.3472345	
Ndufb11b		2.3472345	
ENSMUSG00000127529		2.3472345	
Gm49960		2.3472345	
ENSMUSG00000131723		2.3472345	
ENSMUSG00000139160		2.347041	
ENSMUSG00000136002		2.3411956	
Gm26781		2.3411956	
Pld5		2.3411956	
ENSMUSG00000130170		2.3411956	
Cyp4a12b		2.3411956	
Gm57081		2.3411956	
ENSMUSG00000141257		2.3411956	
Gm42676		2.3411956	
Gm3716		2.3411956	
Tfr2		2.3411956	
1700041I07Rik		2.3411956	
Dpysl4		2.3411956	
Gm56993		2.3411956	
ENSMUSG00000141767		2.3411956	
4930435M08Rik		2.3411956	
Gm35867		2.3411956	
Atp6v0c-ps2		2.3377705	
Treml2		2.33614	
Edar		2.3350518	
Gm50394		2.3307889	
Cxcl17		2.3306391	
C030017G13Rik		2.3306105	
Serpina1e		2.3301723	
Dreg1		2.321164	
1500035N22Rik		2.321164	
ENSMUSG00000123840		2.321164	
Gm34152		2.321164	
Gm49708		2.321164	
Gm3739		2.3201008	
Zfp433		2.3193276	
Gm4349		2.3170025	
Mettl21e		2.3165512	
ENSMUSG00000134664		2.3165512	
Gm14051		2.3165512	
Eif5al3-ps		2.3165512	
ENSMUSG00000129828		2.3165512	
Gm2479		2.3165512	
ENSMUSG00000124816		2.3165512	
Adam7		2.3165512	
6720468P15Rik		2.3165512	
9530051G07Rik		2.3165512	
Bod1-ps		2.315384	
Gm10644		2.314431	
Kcnk16		2.307544	
Kcng1		2.307502	
Abcg3		2.3001473	
Tmprss4		2.2997706	
ENSMUSG00000132811		2.299013	
Gm12743		2.299013	
Gm38319		2.2979565	
Gm4208		2.2979565	
Myoc		2.2979565	
ENSMUSG00000121748		2.2979565	
Gm13407		2.2979565	
ENSMUSG00000132796		2.2979565	
ENSMUSG00000131611		2.2979565	
ENSMUSG00000141511		2.2979565	
ENSMUSG00000124129		2.2979565	
Gm14342		2.2979565	
Gm13307		2.2979565	
Gm11209		2.2979565	
ENSMUSG00000124339		2.2979565	
Stk32b		2.2979565	
Fscn3		2.2979565	
Gm13855		2.2979565	
Cd207		2.2979565	
Cntn4		2.2979565	
Il5ra		2.2979565	
Dyrk4		2.2979565	
Ttc29		2.2979565	
B230323A14Rik		2.2979565	
Fbxw16		2.2979565	
Slc35d3		2.2979565	
Gm56951		2.2979565	
ENSMUSG00000141161		2.2979565	
Gm48581		2.2979565	
Zfp708		2.2979565	
Zic2		2.2979565	
ENSMUSG00000126899		2.2979565	
D730005E14Rik		2.2979565	
ENSMUSG00000124726		2.2979565	
Gm36587		2.2979565	
ENSMUSG00000129982		2.2977898	
ENSMUSG00000139499		2.2912524	
Gm10972		2.2912524	
Acnat2		2.2912524	
Tmem52		2.2912524	
ENSMUSG00000132357		2.2912524	
ENSMUSG00000140414		2.2912524	
Gm44369		2.2912524	
ENSMUSG00000135382		2.2912524	
Gm16556		2.2912524	
Gm35037		2.2912524	
ENSMUSG00000131663		2.2912524	
BC046251		2.2912524	
4930583K01Rik		2.2912524	
ENSMUSG00000133191		2.2912524	
Rcvrn		2.2912524	
Atp12a		2.2912524	
Gm49486		2.2912524	
ENSMUSG00000126273		2.2912524	
ENSMUSG00000131809		2.2912524	
Fate1		2.2912524	
ENSMUSG00000124632		2.2896254	
Gm11951		2.2896254	
ENSMUSG00000129661		2.2896254	
ENSMUSG00000132654		2.2896254	
1700031A10Rik		2.2896254	
ENSMUSG00000141955		2.2896254	
Gm14523		2.2896254	
Cltrn		2.285972	
Gm10829		2.2838776	
Gm44027		2.2838776	
ENSMUSG00000141194		2.2838776	
Gm11687		2.2838776	
ENSMUSG00000138544		2.2838776	
ENSMUSG00000142102		2.2838776	
ENSMUSG00000121671		2.2838776	
Gm57203		2.2838776	
ENSMUSG00000138574		2.2838776	
ENSMUSG00000136480		2.2838776	
Gm12256		2.2838776	
Pipox		2.2838776	
Gm32954		2.2838776	
ENSMUSG00000131876		2.2838776	
Lincmd1		2.2797518	
1700001O22Rik		2.2797518	
ENSMUSG00000139500		2.2797518	
Gm56004		2.2797518	
ENSMUSG00000140399		2.2797518	
Smim31		2.2797518	
ENSMUSG00000133203		2.2797518	
D330046F09Rik		2.2797518	
ENSMUSG00000137214		2.2797518	
Prkcq		2.2766085	
9830132P13Rik		2.2763581	
Gm31974		2.2713878	
Kif18b		2.2699409	
Slc7a10		2.2656515	
Clec3b		2.2638595	
E230029C05Rik		2.2622342	
ENSMUSG00000138625		2.2605546	
Gm15894		2.2605546	
ENSMUSG00000124506		2.2605546	
ENSMUSG00000130369		2.2605546	
Serpinb7		2.2596326	
ENSMUSG00000124304		2.2596326	
Kplce		2.2596326	
Gm42463		2.2596326	
Ccdc60		2.2596326	
Gm56997		2.2596326	
ENSMUSG00000143898		2.2596326	
Gm9979		2.2596326	
Isl1		2.2596326	
Kcnj4		2.2596326	
Aldh3b3		2.2596326	
Gabrq		2.2596326	
4930562F07Rik		2.2578433	
Gm37353		2.2553215	
ENSMUSG00000141911		2.2553215	
ENSMUSG00000124124		2.2553215	
ENSMUSG00000121758		2.2553215	
ENSMUSG00000130158		2.2553215	
Rpl31-ps13		2.2513022	
Klra4		2.250812	
A830035A12Rik		2.246875	
Gm4491		2.24509	
ENSMUSG00000122011		2.2447932	
ENSMUSG00000138947		2.2426233	
Pcsk9		2.2423584	
Macc1		2.240736	
Gm23058		2.2371864	
Gm15760		2.231678	
Gm25777		2.2288942	
ENSMUSG00000126886		2.2275639	
ENSMUSG00000141363		2.2275639	
Fcamr		2.2275639	
Gm29630		2.2275639	
Gm26685		2.2275639	
Gm37785		2.2275639	
Sohlh1		2.2275639	
Sp5		2.2275639	
ENSMUSG00000129773		2.2275639	
Gm14010		2.2275639	
Gm38227		2.2275639	
Gm42699		2.2275639	
ENSMUSG00000131455		2.2275639	
Gm12602		2.2275639	
Gm12862		2.2275639	
Gm12915		2.2275639	
Gm57101		2.2275639	
Gm13195		2.2275639	
Gm43728		2.2275639	
ENSMUSG00000124104		2.2275639	
Cxcl5		2.2275639	
Gm26597		2.2275639	
Tmem178b		2.2275639	
Atoh1		2.2275639	
Gm15644		2.2275639	
1700124L16Rik		2.2275639	
Gm44045		2.2275639	
Gm55545		2.2275639	
ENSMUSG00000133484		2.2275639	
Tsks		2.2275639	
ENSMUSG00000142132		2.2275639	
Calca		2.2275639	
Gm45153		2.2275639	
ENSMUSG00000141572		2.2275639	
Adprhl1		2.2275639	
Gm56828		2.2275639	
ENSMUSG00000137129		2.2275639	
ENSMUSG00000138469		2.2275639	
ENSMUSG00000123262		2.2275639	
Gm47257		2.2275639	
ENSMUSG00000135841		2.2275639	
ENSMUSG00000135159		2.2275639	
4930459C07Rik		2.2275639	
Gm47093		2.2275639	
ENSMUSG00000138201		2.2275639	
Gm47848		2.2275639	
Gm30655		2.2275639	
ENSMUSG00000131868		2.2275639	
Gnpnat1		2.2275639	
Gm20667		2.2275639	
Cyp2d26		2.2275639	
Gm15722		2.2275639	
Atp13a5		2.2275639	
Slc22a7		2.2275639	
Gm17830		2.2275639	
Gm16555		2.2275639	
Plin5		2.2275639	
ENSMUSG00000143310		2.2275639	
ENSMUSG00000123831		2.2275639	
ENSMUSG00000122326		2.2275639	
ENSMUSG00000122291		2.2275639	
Rtl4		2.2275639	
Gm23318		2.22538	
ENSMUSG00000124733		2.22538	
Gm47465		2.22538	
ENSMUSG00000123131		2.22538	
Gm48295		2.22538	
ENSMUSG00000144085		2.22538	
Car15		2.2252033	
1700101I11Rik		2.2249324	
ENSMUSG00000130771		2.2220192	
1700040K01Rik		2.2220192	
Gm25312		2.2220192	
ENSMUSG00000124457		2.2220192	
ENSMUSG00000143520		2.2220192	
Gm44941		2.2220192	
Gm50383		2.2220192	
Gm26760		2.221808	
Hoxb3		2.2197492	
Glt8d2		2.2160497	
2310016D23Rik		2.215428	
Gm13446		2.215428	
ENSMUSG00000132051		2.215428	
Gm33044		2.215428	
ENSMUSG00000131070		2.215428	
ENSMUSG00000127922		2.215428	
Spaca7		2.215428	
Gm48677		2.215428	
ENSMUSG00000141266		2.215428	
1700020G17Rik		2.215428	
Il12b		2.215428	
Gm55860		2.215428	
Gm57364		2.215428	
Gm56597		2.215428	
ENSMUSG00000138755		2.215428	
Cblif		2.215428	
Gm15261		2.215428	
Gm26873		2.207881	
Htr6		2.2072034	
ENSMUSG00000125810		2.2034678	
Gm47644		2.1998951	
ENSMUSG00000130138		2.1994367	
Gm13417		2.199084	
Gm42743		2.199084	
Tex38		2.199084	
F830115B05Rik		2.199084	
Gm44020		2.199084	
EU599041		2.199084	
Itgad		2.199084	
ENSMUSG00000122434		2.199084	
Gm34799		2.199084	
Klhl3		2.1957214	
Gm35101		2.194617	
Trim43a		2.194404	
ENSMUSG00000132145		2.1870077	
Gm11608		2.1837807	
ENSMUSG00000143527		2.1837807	
ENSMUSG00000127244		2.1837807	
Gm26871		2.1837807	
ENSMUSG00000136890		2.1837807	
ENSMUSG00000139774		2.1837807	
ENSMUSG00000141675		2.179004	
Gm17113		2.179004	
ENSMUSG00000133008		2.179004	
Efcab6		2.1782112	
Gm37962		2.178128	
Ccdc65		2.1720257	
Gprin1		2.1691523	
A530016L24Rik		2.1686552	
4930473A02Rik		2.1636188	
ENSMUSG00000142038		2.1634974	
ENSMUSG00000133534		2.1634974	
ENSMUSG00000134518		2.1634974	
ENSMUSG00000130847		2.1634974	
Gm5904		2.1634974	
Gm12158		2.1634974	
Gm9574		2.1634974	
ENSMUSG00000140383		2.162575	
Vwa3b		2.1585069	
Gm15179		2.1585069	
Gm37017		2.1585069	
Ugt1a6a		2.1585069	
Gal3st2c		2.1585069	
ENSMUSG00000143912		2.1585069	
Gm38009		2.1585069	
Gm2061		2.1585069	
Armc3		2.1585069	
ENSMUSG00000142159		2.1585069	
Gm38034		2.1585069	
C130075A20Rik		2.1585069	
AI849053		2.1585069	
ENSMUSG00000126051		2.1585069	
ENSMUSG00000138101		2.1585069	
Gm9403		2.1585069	
Gm37689		2.1585069	
Hmx1		2.1585069	
5430427N15Rik		2.1585069	
Gm15921		2.1585069	
Gm43156		2.1585069	
Kcnd2		2.1585069	
Gm45094		2.1585069	
Rpl17-ps9		2.1585069	
Gm44644		2.1585069	
4933432K03Rik		2.1585069	
4933440M02Rik		2.1585069	
Gm19096		2.1585069	
ENSMUSG00000127678		2.1585069	
ENSMUSG00000123937		2.1585069	
Gm28979		2.1585069	
ENSMUSG00000131391		2.1585069	
Gm48065		2.1585069	
Lin28b		2.1585069	
ENSMUSG00000129519		2.1585069	
Otogl		2.1585069	
Gm11401		2.1585069	
ENSMUSG00000123902		2.1585069	
Insyn2b		2.1585069	
Alox15		2.1585069	
Ttll6		2.1585069	
Gm34894		2.1585069	
ENSMUSG00000142256		2.1585069	
Gm47690		2.1585069	
Gm48885		2.1585069	
ENSMUSG00000126103		2.1585069	
ENSMUSG00000139472		2.1585069	
Gm10373		2.1585069	
ENSMUSG00000127157		2.1585069	
ENSMUSG00000130977		2.1585069	
Gm15318		2.1585069	
ENSMUSG00000135857		2.1585069	
ENSMUSG00000126570		2.1585069	
ENSMUSG00000143722		2.1585069	
Gm10524		2.1585069	
Smim9		2.1585069	
Serpina3m		2.1557047	
Tomm6os		2.1530943	
Commd5		2.1479304	
Gm37706		2.147442	
Gm55039		2.147442	
Gm13130		2.147442	
Cacng6		2.147442	
4930412F12Rik		2.147442	
Vmn2r-ps117		2.147442	
ENSMUSG00000137237		2.1444318	
ENSMUSG00000140018		2.1436508	
ENSMUSG00000133615		2.1418	
Aspm		2.1416368	
Gpr52		2.1416025	
ENSMUSG00000128558		2.1416025	
ENSMUSG00000129323		2.1416025	
ENSMUSG00000125531		2.1416025	
Dnali1		2.1416025	
ENSMUSG00000122169		2.1416025	
Gm24362		2.1416025	
ENSMUSG00000129266		2.1416025	
ENSMUSG00000127958		2.1416025	
Gm26576		2.1416025	
ENSMUSG00000137219		2.1416025	
ENSMUSG00000132679		2.1416025	
2410124H12Rik		2.1416025	
Cntd1		2.1396735	
Actc1		2.137944	
D830024N08Rik		2.1348312	
ENSMUSG00000133814		2.1287258	
Gm10284		2.1287258	
Gm48562		2.1287258	
ENSMUSG00000129335		2.1287258	
Gm57587		2.1287258	
Tmem30c		2.1287258	
Gm15966		2.1287258	
Mir5709		2.1287258	
Gm54372		2.1287258	
Gm32718		2.1287258	
Gm6382		2.1287258	
ENSMUSG00000128129		2.128043	
ENSMUSG00000130989		2.127559	
Nicol1		2.1222527	
Klk7		2.1210246	
ENSMUSG00000139182		2.1206005	
4930471E19Rik		2.117558	
ENSMUSG00000130848		2.1175559	
Dsg3		2.1140811	
Iqca1l		2.1097236	
Gm42798		2.1097236	
Aqp5		2.10945	
ENSMUSG00000123811		2.1094358	
Gm826		2.1094358	
Gm27008		2.1094358	
Gm31129		2.1094358	
Gm12117		2.1094358	
ENSMUSG00000132487		2.1094358	
Nt5c1b		2.1094358	
Gm9472		2.1094358	
Gm3695		2.1094358	
Gm48360		2.1094358	
Gm35164		2.1094358	
Gm34093		2.1094358	
Gm35933		2.1094358	
ENSMUSG00000137232		2.1094358	
Bmp15		2.1094358	
Sox21os1		2.1082551	
ENSMUSG00000126875		2.104034	
Gm43120		2.104034	
ENSMUSG00000122918		2.104034	
Masp2		2.104034	
ENSMUSG00000130200		2.104034	
ENSMUSG00000125140		2.104034	
Gm12036		2.104034	
ENSMUSG00000125420		2.104034	
ENSMUSG00000133895		2.104034	
ENSMUSG00000138408		2.104034	
4930483J18Rik		2.104034	
Gm3919		2.104034	
Sfta2		2.104034	
Nudt15		2.1020958	
Tssk6		2.0986602	
Gm5499		2.0977294	
Gm37323		2.0934198	
ENSMUSG00000141252		2.0934198	
Gm37283		2.0934198	
Ren1		2.0934198	
Gm5049		2.0934198	
ENSMUSG00000136938		2.0934198	
Degs1l		2.0934198	
ENSMUSG00000130999		2.0934198	
Gm14001		2.0934198	
Bpifb1		2.0934198	
ENSMUSG00000122265		2.0934198	
ENSMUSG00000142434		2.0934198	
n-R5s197		2.0934198	
Or13l2		2.0934198	
ENSMUSG00000132144		2.0934198	
ENSMUSG00000127742		2.0934198	
2700016F22Rik		2.0934198	
Ttc34		2.0934198	
ENSMUSG00000139028		2.0934198	
Gm42656		2.0934198	
A430110C17Rik		2.0934198	
ENSMUSG00000126495		2.0934198	
ENSMUSG00000135145		2.0934198	
ENSMUSG00000133129		2.0934198	
Gm44686		2.0934198	
Gm28198		2.0934198	
2310008N11Rik		2.0934198	
ENSMUSG00000124643		2.0934198	
Gm45758		2.0934198	
4933422A05Rik		2.0934198	
Gm10690		2.0934198	
Cyp1a1		2.0934198	
1700036A12Rik		2.0934198	
Mlip		2.0934198	
ENSMUSG00000127545		2.0934198	
Gm30853		2.0934198	
Zfp365		2.0934198	
Gm56961		2.0934198	
ENSMUSG00000125746		2.0934198	
ENSMUSG00000144172		2.0934198	
Slc36a3		2.0934198	
Cfap52		2.0934198	
Spem1		2.0934198	
ENSMUSG00000136902		2.0934198	
Nfyc-ps		2.0934198	
ENSMUSG00000136346		2.0934198	
Gm19327		2.0934198	
Gm20658		2.0934198	
Omd		2.0934198	
1700087M22Rik		2.0934198	
ENSMUSG00000130953		2.0934198	
ENSMUSG00000129554		2.0934198	
Gm49702		2.0934198	
ENSMUSG00000135741		2.0934198	
Cadm2		2.0934198	
ENSMUSG00000138047		2.0934198	
Vmn1r233		2.0934198	
ENSMUSG00000129971		2.0934198	
H2-M2		2.0934198	
Tmem151b		2.0934198	
ENSMUSG00000139575		2.0934198	
Slc25a2		2.0934198	
ENSMUSG00000136658		2.0934198	
Gm50203		2.0934198	
Gm56636		2.0934198	
Gm30021		2.0934198	
4930453H23Rik		2.0934198	
Hsf3		2.0934198	
4930597O21Rik		2.0924346	
Gm45494		2.0909305	
Calml3		2.0904124	
Gm15823		2.0886862	
Pcp2		2.0886862	
4930517G24Rik		2.0886862	
Gm50166		2.0886862	
Gm20570		2.0875564	
Gm10479		2.0871706	
Gm4540		2.0859814	
Gm4840		2.0826201	
ENSMUSG00000122680		2.0807064	
Rab39		2.080186	
Chrna2		2.0800083	
Gm11356		2.080008	
ENSMUSG00000143767		2.0791025	
Gm4221		2.0789227	
3010001F23Rik		2.0757122	
Gm37931		2.0691977	
ENSMUSG00000125816		2.0691977	
Lce1a1		2.0691977	
Sdr16c6		2.0691977	
ENSMUSG00000133173		2.0691977	
ENSMUSG00000129727		2.0691977	
Nanos2		2.0691977	
ENSMUSG00000133342		2.0691977	
Gm19385		2.0691977	
Ngfr		2.0691977	
ENSMUSG00000143958		2.0691977	
Gm24620		2.0691977	
Smim33		2.0691977	
ENSMUSG00000130830		2.0691977	
Gm5242		2.0691977	
Gm5166		2.0691977	
ENSMUSG00000127456		2.0675073	
Mro		2.0665555	
ENSMUSG00000134225		2.0658677	
Snord7		2.0658677	
Gm49893		2.0658677	
Mir7031		2.064814	
Gm47879		2.064814	
Gm42576		2.061346	
Amdhd1		2.0609138	
Lrmda		2.0598984	
Gm40190		2.0596251	
ENSMUSG00000127396		2.059434	
Gm19434		2.059434	
Cib3		2.059434	
ENSMUSG00000128423		2.059434	
Insm2		2.059434	
Zfp997		2.059434	
Gm32880		2.059434	
2810457G06Rik		2.059434	
ENSMUSG00000131944		2.059434	
Mmp13		2.0587313	
Napsa		2.057229	
Atp6v1b1		2.0567963	
Gm44986		2.0567331	
ENSMUSG00000123030		2.0567331	
1700009N14Rik		2.0543067	
ENSMUSG00000134972		2.0518901	
Ptgdr		2.0476375	
ENSMUSG00000138842		2.0431917	
Dnah2os		2.0407898	
Gm26670		2.0404868	
Gm43966		2.0401003	
ENSMUSG00000139773		2.0356672	
Klhl40		2.03523	
Krt16		2.0295968	
ENSMUSG00000123780		2.029466	
P4ha3		2.027924	
Tfap2b		2.0276415	
ENSMUSG00000136429		2.0276415	
Gm17477		2.0276415	
Gm56544		2.0276415	
ENSMUSG00000142344		2.0276415	
ENSMUSG00000140366		2.0276415	
Rbm44		2.0266473	
B3galt2		2.0266473	
ENSMUSG00000124428		2.0266473	
Gm14268		2.0266473	
Gm43484		2.0266473	
Gm43063		2.0266473	
ENSMUSG00000123018		2.0266473	
ENSMUSG00000138479		2.0266473	
Gm35394		2.0266473	
1700008B11Rik		2.0266473	
Gm57275		2.0266473	
ENSMUSG00000133829		2.0266473	
Gm16254		2.0266473	
ENSMUSG00000136147		2.0266473	
Or2t26		2.0266473	
ENSMUSG00000122210		2.0266473	
Gm57356		2.0266473	
Gm48008		2.0266473	
Shc3		2.0266473	
Or5au1		2.0266473	
ENSMUSG00000143616		2.0266473	
C130040N14Rik		2.0266473	
Gm49889		2.0266473	
2410021H03Rik		2.0266473	
Gm14839		2.02576	
Sfrp2		2.0247252	
Rps6kl1		2.0244768	
Camkk1		2.0235608	
Jph4		2.0182426	
Gpr45		2.015281	
Iqca1		2.015281	
Lypd1		2.015281	
Lhx9		2.015281	
Cyct		2.015281	
Ocstamp		2.015281	
ENSMUSG00000130386		2.015281	
Gm37996		2.015281	
Pcdh10		2.015281	
Gm37926		2.015281	
Gm22345		2.015281	
Agbl4		2.015281	
ENSMUSG00000136518		2.015281	
Gm9970		2.015281	
ENSMUSG00000133224		2.015281	
ENSMUSG00000134164		2.015281	
Gm22716		2.015281	
Gm27680		2.015281	
ENSMUSG00000126378		2.015281	
Gm15411		2.015281	
Gm42529		2.015281	
Gm44130		2.015281	
Vmn1r51		2.015281	
ENSMUSG00000130190		2.015281	
Klre1		2.015281	
Gm16938		2.015281	
ENSMUSG00000141960		2.015281	
Gm32389		2.015281	
ENSMUSG00000133123		2.015281	
ENSMUSG00000124760		2.015281	
Cimap1c		2.015281	
ENSMUSG00000133431		2.015281	
D030062O11Rik		2.015281	
Gm47856		2.015281	
Kera		2.015281	
Taf7l2		2.015281	
Pisd-ps1		2.015281	
Gm57391		2.015281	
Gm57346		2.015281	
ENSMUSG00000134859		2.015281	
ENSMUSG00000132820		2.015281	
Ccl11		2.015281	
Fndc8		2.015281	
Gm17024		2.015281	
Foxg1		2.015281	
Gm47650		2.015281	
Gm47493		2.015281	
ENSMUSG00000124517		2.015281	
ENSMUSG00000124340		2.015281	
ENSMUSG00000131680		2.015281	
F630042J09Rik		2.015281	
Gm38604		2.015281	
Ankrd34b		2.015281	
C430039J16Rik		2.015281	
C130012C08Rik		2.015281	
Gm34678		2.015281	
Galnt6os		2.015281	
Gm28876		2.015281	
Gm15859		2.015281	
Tssk1		2.015281	
ENSMUSG00000123609		2.015281	
4930556C24Rik		2.015281	
Gm30531		2.015281	
ENSMUSG00000139533		2.015281	
Gm31235		2.015281	
ENSMUSG00000141875		2.015281	
Gm9993		2.015281	
ENSMUSG00000131437		2.015281	
ENSMUSG00000143056		2.015281	
Gm10549		2.015281	
Gm36037		2.015281	
Npy6r		2.015281	
ENSMUSG00000123513		2.015281	
Gm41821		2.015281	
4933403J19Rik		2.015281	
Gm9003		2.015281	
Klhl4		2.015281	
ENSMUSG00000131047		2.015281	
Svopl		2.0149276	
Gm5907		2.0138462	
ENSMUSG00000122872		2.0105197	
ENSMUSG00000140066		2.0104764	
5033417F24Rik		2.0072699	
ENSMUSG00000133272		2.0060277	
Gm50037		2.0042093	
Gm614		2.003934	
ENSMUSG00000128167		1.9981259	
Gm56830		1.9975854	
Gm37079		1.9957868	
Tmeff2		1.9957868	
Pard3bos1		1.9957868	
Gm13431		1.9957868	
Dlx1		1.9957868	
Prkag2os2		1.9957868	
ENSMUSG00000132129		1.9957868	
ENSMUSG00000131564		1.9957868	
Gm45632		1.9957868	
Gm21984		1.9957868	
Bcl2a1d		1.9957868	
Gm31957		1.9957868	
Gm48291		1.9957868	
Gm48405		1.9957868	
ENSMUSG00000125134		1.9957868	
Gm4811		1.9957868	
Sms-ps		1.9957868	
Slc24a4		1.9932587	
Hey2		1.9925659	
9330160F10Rik		1.9899276	
Rps15a-ps7		1.9885143	
Gm10335		1.9885143	
Gm31504		1.9877033	
Rnf186		1.9861507	
Akr1b7		1.9858419	
Gm43305		1.9834223	
Gm15433		1.9791496	
Rpl31-ps9		1.9791496	
Gm34006		1.9791496	
Gm6445		1.9791496	
Gm20546		1.9791045	
Sirpb1c		1.9760782	
Gper1		1.976068	
Ddx43		1.9747247	
Gm3629		1.9735017	
Kcnk4		1.9700445	
Cbln3		1.9691879	
Pgm5		1.9646049	
Actg2		1.9635862	
ENSMUSG00000142937		1.962214	
Gm15996		1.9611794	
ENSMUSG00000124799		1.9607725	
ENSMUSG00000143899		1.9572164	
Gm36287		1.9542313	
Gm56721		1.953877	
ENSMUSG00000134744		1.9525245	
Gm41979		1.9525245	
Gm6286		1.9525245	
ENSMUSG00000138892		1.9525245	
ENSMUSG00000126924		1.9525245	
ENSMUSG00000122139		1.9525245	
ENSMUSG00000126026		1.9525245	
Gm10420		1.9525245	
Gm6728		1.9525245	
ENSMUSG00000138137		1.9525245	
ENSMUSG00000142610		1.9525245	
ENSMUSG00000136851		1.9525245	
Gm47540		1.9525245	
Gm22442		1.9525245	
Gm48196		1.9525245	
Gm48824		1.9525245	
Gm49098		1.9525245	
ENSMUSG00000138465		1.9525245	
Gm6142		1.9525245	
Rbm11		1.9525245	
Mrps36-ps1		1.9525245	
Nrxn1		1.9525245	
Rhox2c		1.9525245	
Gm55549		1.9525245	
Slc16a5		1.9524909	
ENSMUSG00000129158		1.9503626	
Gm44274		1.9502261	
Gm34833		1.9491616	
ENSMUSG00000130247		1.9491616	
Kdm4dl		1.9491616	
ENSMUSG00000131987		1.9491616	
ENSMUSG00000137988		1.9491616	
D730050B12Rik		1.9491616	
Gm49223		1.9491616	
Gm49298		1.9491616	
4921515G04Rik		1.9491616	
Mir99a		1.9491616	
Gm4242		1.9491616	
Gm15726		1.9491616	
Fat3		1.9484736	
Sult6b1		1.9472742	
Kap		1.9472461	
ENSMUSG00000124369		1.9460605	
Ifi203-ps		1.9447329	
Pcdhb14		1.9447329	
Gm15657		1.9392759	
Grin2b		1.9373486	
ENSMUSG00000142516		1.9373486	
ENSMUSG00000122248		1.9373486	
Cyp2d67-ps		1.9373486	
Cacna1f		1.9373486	
Cxcr6		1.9317067	
Gm36738		1.9315239	
ENSMUSG00000133766		1.9312001	
Gm46878		1.9303483	
Gm40841		1.9283766	
Psmb11		1.9281194	
ENSMUSG00000144193		1.9270066	
ENSMUSG00000123317		1.926084	
Zfp385b		1.9228332	
Gm34680		1.921936	
Haus5		1.9203749	
Lpo		1.9194373	
Unc5cl		1.917069	
ENSMUSG00000133486		1.915699	
Slc16a7		1.913246	
ENSMUSG00000125311		1.9131961	
ENSMUSG00000131579		1.912312	
Gm43584		1.912312	
ENSMUSG00000121438		1.912312	
Gm55126		1.912312	
Gm43002		1.912312	
ENSMUSG00000131185		1.912312	
Gm44231		1.912312	
ENSMUSG00000138634		1.912312	
ENSMUSG00000130444		1.912312	
1700041C23Rik		1.912312	
Gm9837		1.912312	
ENSMUSG00000122728		1.912312	
Gm48780		1.912312	
Serpina9		1.912312	
Zfhx2os		1.912312	
Gm17922		1.912312	
Acot10		1.912312	
Gm24867		1.912312	
Or12d2		1.912312	
Gpx4-ps1		1.912312	
Gm50205		1.912312	
Gm5431		1.9114462	
Gm10814		1.9091538	
Gm15347		1.9075971	
ENSMUSG00000139305		1.9070978	
Stpg1		1.9054357	
Rtkn2		1.9041317	
Gm11830		1.9040288	
Car3		1.9005877	
ENSMUSG00000143455		1.8977436	
ENSMUSG00000142229		1.8967463	
ENSMUSG00000128218		1.8967463	
Gm28410		1.8967463	
4933417C20Rik		1.8967463	
Gm37083		1.8967463	
ENSMUSG00000131560		1.8967463	
A230020J21Rik		1.8967463	
Or8k31-ps1		1.8967463	
Fsip1		1.8967463	
ENSMUSG00000125780		1.8967463	
Bpifa2		1.8967463	
Gm37459		1.8967463	
ENSMUSG00000141245		1.8967463	
ENSMUSG00000136862		1.8967463	
ENSMUSG00000122822		1.8967463	
ENSMUSG00000136913		1.8967463	
Alx3		1.8967463	
ENSMUSG00000123736		1.8967463	
ENSMUSG00000127778		1.8967463	
Gm5105		1.8967463	
Gm16213		1.8967463	
ENSMUSG00000137801		1.8967463	
Gm12505		1.8967463	
Gm11267		1.8967463	
4933407E24Rik		1.8967463	
Car6		1.8967463	
ENSMUSG00000137918		1.8967463	
Gm43180		1.8967463	
1700025M24Rik		1.8967463	
ENSMUSG00000129673		1.8967463	
4930429D17Rik		1.8967463	
Gm38843		1.8967463	
ENSMUSG00000124508		1.8967463	
ENSMUSG00000142647		1.8967463	
ENSMUSG00000137515		1.8967463	
ENSMUSG00000135867		1.8967463	
ENSMUSG00000125903		1.8967463	
Gm56022		1.8967463	
Cplx3		1.8967463	
Celf6		1.8967463	
Gm40630		1.8967463	
BB187676		1.8967463	
Gm12208		1.8967463	
Slc36a3os		1.8967463	
ENSMUSG00000122325		1.8967463	
ENSMUSG00000133536		1.8967463	
ENSMUSG00000123331		1.8967463	
Tex22		1.8967463	
Gm48455		1.8967463	
4930447K03Rik		1.8967463	
A830005F24Rik		1.8967463	
ENSMUSG00000126450		1.8967463	
ENSMUSG00000136076		1.8967463	
ENSMUSG00000127100		1.8967463	
Gm32857		1.8967463	
Gm35360		1.8967463	
Rnase2a		1.8967463	
Slc45a2		1.8967463	
ENSMUSG00000128977		1.8967463	
Gm49694		1.8967463	
Gm7318		1.8967463	
ENSMUSG00000127724		1.8967463	
ENSMUSG00000131830		1.8967463	
Gm9974		1.8967463	
ENSMUSG00000138579		1.8967463	
2210020O09Rik		1.8967463	
Smim34		1.8967463	
ENSMUSG00000135429		1.8967463	
ENSMUSG00000134896		1.8967463	
ENSMUSG00000129282		1.8967463	
Gm17949		1.8967463	
Togaram2		1.8967463	
ENSMUSG00000133724		1.8967463	
ENSMUSG00000136589		1.8967463	
Gm4834		1.8967463	
ENSMUSG00000132534		1.8967463	
ENSMUSG00000136094		1.8967463	
Gm50301		1.8967463	
Rhox2-ps		1.8967463	
B930092H01Rik		1.8940012	
ENSMUSG00000133442		1.8931087	
ENSMUSG00000137256		1.8920627	
ENSMUSG00000142750		1.8904295	
B230311B06Rik		1.887874	
Gm16046		1.8869963	
Plcxd1		1.8814566	
G730003C15Rik		1.8789257	
Ajap1		1.8765618	
ENSMUSG00000134266		1.8738474	
ENSMUSG00000142570		1.8736359	
Slc16a14		1.8736359	
Galnt13		1.8736359	
Gm39858		1.8736359	
Platr29		1.8736359	
Gm7741		1.8736359	
Aadacl2fm1		1.8736359	
ENSMUSG00000144138		1.8736359	
Gm12681		1.8736359	
Ube4bos1		1.8736359	
Lrrd1		1.8736359	
ENSMUSG00000141831		1.8736359	
1700021F02Rik		1.8736359	
Gm43708		1.8736359	
Gm19692		1.8736359	
Vmn2r26		1.8736359	
Gm38973		1.8736359	
Prodh2		1.8736359	
Gm15994		1.8736359	
ENSMUSG00000136298		1.8736359	
ENSMUSG00000136277		1.8736359	
ENSMUSG00000140934		1.8736359	
Gm48830		1.8736359	
A4gnt		1.8736359	
Fau-ps2		1.8736359	
ENSMUSG00000139247		1.8736359	
Gm11444		1.8736359	
4932435O22Rik		1.8736359	
Kif19a		1.8736359	
ENSMUSG00000128967		1.8736359	
4921507G05Rik		1.8736359	
ENSMUSG00000138858		1.8736359	
ENSMUSG00000128481		1.8736359	
ENSMUSG00000132994		1.8736359	
Gm55589		1.8736359	
Gm47547		1.8736359	
Rnf212b		1.8736359	
Gm49625		1.8736359	
Ly6g5c		1.8736359	
ENSMUSG00000126427		1.8736359	
Gm50206		1.8736359	
Pitx3		1.8736359	
Gm8010		1.8685725	
Gm3222		1.8681518	
A730020M07Rik		1.8681378	
Gm36816		1.8681378	
ENSMUSG00000140702		1.8681378	
Plin1		1.8681378	
Gm44724		1.8681378	
ENSMUSG00000121991		1.8681378	
ENSMUSG00000142592		1.8681378	
ENSMUSG00000135696		1.8681378	
Gm18514		1.8681378	
Mrln		1.8681378	
Gm9978		1.8681378	
Gm6316		1.8681378	
Gm48936		1.8681378	
ENSMUSG00000125542		1.8681378	
9130016M20Rik		1.8681378	
ENSMUSG00000130940		1.8681378	
Gm9119		1.8681378	
ENSMUSG00000137622		1.8681378	
ENSMUSG00000128372		1.8676177	
Otop1		1.8658967	
ENSMUSG00000128360		1.8629494	
Gm9924		1.8622732	
Gm6618		1.8604714	
Slc12a5		1.8572711	
Gm37250		1.8543547	
Acsm4		1.8543547	
ENSMUSG00000122253		1.8516142	
Gdf10		1.8515258	
Gm15696		1.8500862	
ENSMUSG00000126401		1.8496997	
Map3k19		1.8496997	
C4bp		1.8496997	
ENSMUSG00000133767		1.8496997	
Gm13524		1.8496997	
Or5m9		1.8496997	
ENSMUSG00000135467		1.8496997	
Mannr		1.8496997	
Gm31940		1.8496997	
Bcan		1.8496997	
Lce1i		1.8496997	
Gm12522		1.8496997	
Gm16233		1.8496997	
ENSMUSG00000133690		1.8496997	
ENSMUSG00000130766		1.8496997	
Gm26931		1.8496997	
Gm43815		1.8496997	
Myl2		1.8496997	
1700025N23Rik		1.8496997	
Gm5111		1.8496997	
Gm43891		1.8496997	
ENSMUSG00000122219		1.8496997	
Gm43913		1.8496997	
Syt5		1.8496997	
Nkpd1		1.8496997	
Capns2		1.8496997	
ENSMUSG00000131774		1.8496997	
Gm5612		1.8496997	
Gm16071		1.8496997	
Gm57026		1.8496997	
Gm37879		1.8496997	
Gm38215		1.8496997	
ENSMUSG00000123998		1.8496997	
Sgcd		1.8496997	
Slc35g3		1.8496997	
Gsdma		1.8496997	
Gm28156		1.8496997	
ENSMUSG00000136588		1.8496997	
Gm34868		1.8496997	
Gm47826		1.8496997	
ENSMUSG00000139304		1.8496997	
1700102H20Rik		1.8496997	
ENSMUSG00000139233		1.8496997	
Dsg1a		1.8496997	
ENSMUSG00000128284		1.8496997	
Ticam2		1.8496997	
Gm6944		1.8496997	
Wnt8b		1.8496997	
Gpr174		1.8496997	
Nox1		1.8496997	
Kcne5		1.8496997	
Dcx		1.8496997	
Gm1720		1.8496997	
Btf3-ps1		1.8489017	
Gm12762		1.8476899	
ENSMUSG00000138306		1.8467263	
Gm34253		1.8467263	
ENSMUSG00000140618		1.8467263	
Gm31615		1.8467263	
Fbxo41		1.8407512	
Vpreb1a		1.836499	
Dhx58os		1.834754	
Insl3		1.8344749	
Bmp10		1.833085	
Gm13464		1.8321472	
Mir3473e		1.8321472	
ENSMUSG00000127965		1.8321472	
Gm18736		1.8321472	
Gm7936		1.8321472	
Tmem171		1.8302262	
ENSMUSG00000138616		1.8290033	
Dnase1		1.8284191	
Zfpm2		1.8271335	
Fbn2		1.8256879	
Actn2		1.8248038	
Noxo1		1.8241045	
Gm6863		1.8235663	
Stac3		1.8217951	
ENSMUSG00000125720		1.8210496	
Mroh8		1.8173671	
ENSMUSG00000136035		1.8173671	
Ccnb2		1.8170158	
Clec12a		1.8154341	
Tmed10-ps		1.8150269	
1810024B03Rik		1.8143711	
Sytl4		1.8136328	
Vwa2		1.8126382	
B830042I05Rik		1.8100148	
ENSMUSG00000123643		1.8038105	
Ctdsp2-ps		1.8028572	
Clec12b		1.8018116	
Sec14l4		1.8009279	
Sbspon		1.800217	
Gm37618		1.800217	
C2cd6		1.800217	
ENSMUSG00000143048		1.800217	
ENSMUSG00000142121		1.800217	
ENSMUSG00000137471		1.800217	
Gm37060		1.800217	
Tnfsf18		1.800217	
Ifi214		1.800217	
C1ql3		1.800217	
Gm13413		1.800217	
Rapgef4os2		1.800217	
ENSMUSG00000126432		1.800217	
ENSMUSG00000132591		1.800217	
Gm14042		1.800217	
5330413P13Rik		1.800217	
ENSMUSG00000139488		1.800217	
Gm14302		1.800217	
ENSMUSG00000140806		1.800217	
Gm27032		1.800217	
Gm37261		1.800217	
Gm37465		1.800217	
Gm42819		1.800217	
Gm56794		1.800217	
Arhgef38		1.800217	
Gm9480		1.800217	
ENSMUSG00000129202		1.800217	
ENSMUSG00000122188		1.800217	
Gm12391		1.800217	
Skint2		1.800217	
Pramel29		1.800217	
ENSMUSG00000122267		1.800217	
Speer4e1		1.800217	
Slc26a5		1.800217	
Tecrl		1.800217	
ENSMUSG00000135924		1.800217	
ENSMUSG00000136178		1.800217	
Cryba4		1.800217	
ENSMUSG00000137004		1.800217	
Gm13822		1.800217	
C330018A13Rik		1.800217	
ENSMUSG00000142875		1.800217	
ENSMUSG00000141270		1.800217	
Gpr85		1.800217	
Gm13835		1.800217	
Gm14546		1.800217	
Pip		1.800217	
1700040L08Rik		1.800217	
ENSMUSG00000135592		1.800217	
ENSMUSG00000122250		1.800217	
Gm43904		1.800217	
4933427D06Rik		1.800217	
Gm26811		1.800217	
Gm45216		1.800217	
Gm15737		1.800217	
Gm53066		1.800217	
Klrb1f		1.800217	
Gm45219		1.800217	
Gm10616		1.800217	
ENSMUSG00000142791		1.800217	
ENSMUSG00000123977		1.800217	
Wdr17		1.800217	
ENSMUSG00000125306		1.800217	
Gm21817		1.800217	
ENSMUSG00000130039		1.800217	
ENSMUSG00000124235		1.800217	
Gm10709		1.800217	
ENSMUSG00000127653		1.800217	
Cd3e		1.800217	
Peak1os		1.800217	
ENSMUSG00000139684		1.800217	
ENSMUSG00000133944		1.800217	
ENSMUSG00000143038		1.800217	
ENSMUSG00000133280		1.800217	
ENSMUSG00000130590		1.800217	
ENSMUSG00000124952		1.800217	
Prss44		1.800217	
Gm48280		1.800217	
Gm35154		1.800217	
ENSMUSG00000135009		1.800217	
Gm47561		1.800217	
Gm57377		1.800217	
Gm12267		1.800217	
ENSMUSG00000135965		1.800217	
Wfdc18		1.800217	
ENSMUSG00000143382		1.800217	
ENSMUSG00000127522		1.800217	
ENSMUSG00000123765		1.800217	
ENSMUSG00000131477		1.800217	
Krt27		1.800217	
ENSMUSG00000126156		1.800217	
ENSMUSG00000139238		1.800217	
Gm35188		1.800217	
Gm56522		1.800217	
3110009F21Rik		1.800217	
Ighv7-3		1.800217	
ENSMUSG00000141344		1.800217	
Gm11335		1.800217	
2310020H05Rik		1.800217	
ENSMUSG00000126007		1.800217	
ENSMUSG00000126240		1.800217	
ENSMUSG00000131512		1.800217	
Gm5460		1.800217	
ENSMUSG00000134344		1.800217	
Gm48958		1.800217	
Rnase1		1.800217	
Gm37762		1.800217	
ENSMUSG00000142585		1.800217	
Gm17473		1.800217	
Gm10238		1.800217	
Or2aj6		1.800217	
Gm22672		1.800217	
ENSMUSG00000135784		1.800217	
Gm36169		1.800217	
ENSMUSG00000130736		1.800217	
Gm15342		1.800217	
Gng13		1.800217	
Txndc2		1.800217	
5031415H12Rik		1.800217	
Gm50077		1.800217	
Gm6643		1.800217	
ENSMUSG00000122098		1.800217	
Gm52998		1.800217	
Gm28374		1.800217	
4931403E22Rik		1.800217	
Pnlip		1.800217	
ENSMUSG00000128447		1.800217	
ENSMUSG00000134074		1.800217	
ENSMUSG00000130037		1.800217	
Mageb18		1.800217	
ENSMUSG00000141727		1.800217	
Nalf2		1.800217	
Scml2		1.800217	
Cenpq		1.7997298	
Gm8818		1.7992502	
A730036I17Rik		1.795695	
Lrp2bp		1.7951181	
A530010L16Rik		1.7946621	
Gm57414		1.7944037	
ENSMUSG00000123961		1.7917008	
ENSMUSG00000134299		1.7877963	
Gm48683		1.7877963	
Dynlt1-ps1		1.786585	
Spag6		1.7864112	
Gm15510		1.7852578	
Gm26805		1.7825142	
ENSMUSG00000138911		1.7825142	
Fut7		1.7825142	
Gm13442		1.7825142	
Gm14198		1.7825142	
ENSMUSG00000131971		1.7825142	
Dnase2b		1.7825142	
Pou3f2		1.7825142	
ENSMUSG00000135945		1.7825142	
Rpsa-ps11		1.7825142	
Slc46a2		1.7825142	
Mir7016		1.7825142	
ENSMUSG00000140446		1.7825142	
Gm42748		1.7825142	
ENSMUSG00000134366		1.7825142	
Gm43962		1.7825142	
ENSMUSG00000143210		1.7825142	
Snord34		1.7825142	
Gm45155		1.7825142	
Gm5738		1.7825142	
ENSMUSG00000134444		1.7825142	
Gm6012		1.7825142	
K230015D01Rik		1.7825142	
Adamts18		1.7825142	
ENSMUSG00000129850		1.7825142	
ENSMUSG00000124144		1.7825142	
Fdx2		1.7825142	
ENSMUSG00000139570		1.7825142	
BC050972		1.7825142	
Susd5		1.7825142	
Slc22a13		1.7825142	
Tektl1		1.7825142	
Gm39816		1.7825142	
Myh1		1.7825142	
Gm56516		1.7825142	
Gm48771		1.7825142	
Gm40662		1.7825142	
Gm36264		1.7825142	
Gm49086		1.7825142	
ENSMUSG00000140637		1.7825142	
ENSMUSG00000129381		1.7825142	
Tmdd1		1.7825142	
ENSMUSG00000127643		1.7825142	
Pcdhac2		1.7825142	
Gm36608		1.7825142	
Ms4a8a		1.7825142	
Gm32341		1.7825142	
Gm50276		1.7825142	
Gm7129		1.7825142	
Gm10288		1.7819897	
Foxa3		1.778838	
Parvg		1.7770175	
Gm56614		1.7758751	
Gm14320		1.7744181	
ENSMUSG00000130452		1.7739729	
Gm266		1.7727103	
Gm6345		1.7726687	
Gm14843		1.7709447	
Gm45187		1.7699473	
Gm33460		1.767757	
C030010L15Rik		1.767139	
Kcnh2		1.7619231	
Tma7-ps		1.7590607	
Gm12696		1.7590607	
Gm4875		1.7590607	
ENSMUSG00000128022		1.7590607	
ENSMUSG00000123633		1.7590607	
Gm12243		1.7590607	
ENSMUSG00000123745		1.7590607	
Rab11b-ps2		1.7590607	
ENSMUSG00000126077		1.755614	
Rps11-ps1		1.755614	
Evx1os		1.7553598	
P2rx3		1.7539132	
Col6a4		1.7530609	
ENSMUSG00000124175		1.7530417	
Gm45660		1.7530417	
ENSMUSG00000138512		1.7530417	
Gm57347		1.7530417	
Gm9335		1.7530417	
Gm49684		1.7530417	
ENSMUSG00000126017		1.7530417	
ENSMUSG00000140033		1.7530417	
Slc26a7		1.7526345	
ENSMUSG00000128465		1.7506675	
Treh		1.7480204	
Sectm1b		1.7466342	
Gm14820		1.7453704	
4930550C14Rik		1.744878	
ENSMUSG00000132643		1.7436458	
Cnn1		1.7414416	
ENSMUSG00000143212		1.7402894	
Gm15584		1.7402894	
Gm31373		1.7402894	
Gm37027		1.7402894	
ENSMUSG00000139334		1.7402894	
ENSMUSG00000143217		1.7402894	
Gm43582		1.7402894	
Gm9758		1.7402894	
ENSMUSG00000122023		1.7402894	
Gm42897		1.7402894	
Gtpbp4-ps3		1.7402894	
Gm24693		1.7402894	
Aipl1		1.7402894	
Gm11539		1.7402894	
ENSMUSG00000143929		1.7402894	
ENSMUSG00000140048		1.7402894	
Gm49586		1.7402894	
Gm26777		1.7402894	
ENSMUSG00000133657		1.7402894	
Gm8518		1.7402894	
Gm56715		1.7402894	
Gm18724		1.7402894	
Gm23442		1.7402894	
9830166K06Rik		1.7402894	
Gm14866		1.7402894	
C130026L21Rik		1.7400817	
Gm15573		1.739429	
ENSMUSG00000128979		1.7385212	
Gabrr2		1.7382536	
Clec4n		1.7375159	
Kif28		1.7359903	
Gm17484		1.7351558	
Pam16l		1.7348002	
Tcp11		1.731122	
Urah		1.7304288	
Gm13042		1.7296515	
Prkcb		1.7288911	
Gm45397		1.7265301	
6030445D17Rik		1.7264014	
Rtl3		1.7258042	
ENSMUSG00000132294		1.7250481	
ENSMUSG00000134405		1.7235951	
ENSMUSG00000128306		1.7235951	
Omp		1.7223345	
Gm57374		1.7200576	
Gm35549		1.7186188	
Dnajc6		1.7165145	
Paqr9		1.7145969	
Aspn		1.714058	
Hsf5		1.7111503	
AU019990		1.7097936	
Gm46545		1.7092587	
Ppargc1a		1.7058165	
ENSMUSG00000136010		1.7052112	
Gm4865		1.7052112	
Gm7498		1.7052112	
1700030M09Rik		1.7052112	
4930502A04Rik		1.7052112	
ENSMUSG00000132321		1.7052112	
Gm56641		1.7052112	
Fam236c		1.7052112	
Ptgds		1.7050546	
Semp2l1		1.7048552	
ENSMUSG00000140927		1.7048552	
1700126A01Rik		1.7048552	
Efhd1os		1.7048552	
Gm41914		1.7048552	
ENSMUSG00000141709		1.7048552	
ENSMUSG00000142575		1.7048552	
ENSMUSG00000127979		1.7048552	
Gm29491		1.7048552	
Gm37849		1.7048552	
ENSMUSG00000138941		1.7048552	
Gm44443		1.7048552	
ENSMUSG00000136084		1.7048552	
ENSMUSG00000126654		1.7048552	
Gm13886		1.7048552	
Gm28196		1.7048552	
AA387200		1.7048552	
Gm38200		1.7048552	
Gm10728		1.7048552	
ENSMUSG00000138931		1.7048552	
ENSMUSG00000131654		1.7048552	
Gm9369		1.7048552	
C230031I18Rik		1.7048552	
Gm31243		1.7048552	
Gm12367		1.7048552	
Gm12679		1.7048552	
ENSMUSG00000142924		1.7048552	
ENSMUSG00000137498		1.7048552	
Gm12870		1.7048552	
Gm12869		1.7048552	
Oprd1		1.7048552	
Fhad1os2		1.7048552	
ENSMUSG00000125921		1.7048552	
Gm7854		1.7048552	
ENSMUSG00000143342		1.7048552	
Gabrg1		1.7048552	
Rnf212		1.7048552	
Tmem233		1.7048552	
Gm43091		1.7048552	
ENSMUSG00000122187		1.7048552	
Cyp3a11		1.7048552	
Gm56925		1.7048552	
4930402H05Rik		1.7048552	
Klrg1		1.7048552	
Tmem150b		1.7048552	
Gm15883		1.7048552	
Gm18558		1.7048552	
ENSMUSG00000126389		1.7048552	
ENSMUSG00000140473		1.7048552	
Gm45205		1.7048552	
Gm18600		1.7048552	
ENSMUSG00000132010		1.7048552	
Cyp2e1		1.7048552	
Sox1		1.7048552	
Gm37844		1.7048552	
Gm39139		1.7048552	
ENSMUSG00000127201		1.7048552	
Gm2366		1.7048552	
ENSMUSG00000124548		1.7048552	
ENSMUSG00000133517		1.7048552	
Dynlrb2		1.7048552	
Or7d12-ps1		1.7048552	
Or7e178		1.7048552	
1700110K17Rik		1.7048552	
Gm11149		1.7048552	
AI593442		1.7048552	
ENSMUSG00000138761		1.7048552	
ENSMUSG00000128948		1.7048552	
Fbxw18		1.7048552	
Gm39458		1.7048552	
Gm47512		1.7048552	
Gm15197		1.7048552	
Nepn		1.7048552	
ENSMUSG00000141683		1.7048552	
Gm57006		1.7048552	
ENSMUSG00000136236		1.7048552	
Alox8		1.7048552	
ENSMUSG00000123185		1.7048552	
Gm11490		1.7048552	
ENSMUSG00000138765		1.7048552	
Gm56311		1.7048552	
Myadml2		1.7048552	
Gm48230		1.7048552	
ENSMUSG00000142693		1.7048552	
Eif1ad13		1.7048552	
Gm16876		1.7048552	
Gm47372		1.7048552	
Gm36757		1.7048552	
ENSMUSG00000125728		1.7048552	
Calm5		1.7048552	
ENSMUSG00000136679		1.7048552	
ENSMUSG00000130424		1.7048552	
ENSMUSG00000144147		1.7048552	
ENSMUSG00000125461		1.7048552	
Bhmt		1.7048552	
Gm48139		1.7048552	
ENSMUSG00000135141		1.7048552	
ENSMUSG00000123962		1.7048552	
Synpr		1.7048552	
Gm16440		1.7048552	
Slc35f4		1.7048552	
ENSMUSG00000137556		1.7048552	
ENSMUSG00000135115		1.7048552	
ENSMUSG00000136404		1.7048552	
1700129L04Rik		1.7048552	
ENSMUSG00000125386		1.7048552	
ENSMUSG00000124879		1.7048552	
Gm19723		1.7048552	
ENSMUSG00000129742		1.7048552	
Umodl1		1.7048552	
ENSMUSG00000138223		1.7048552	
ENSMUSG00000133175		1.7048552	
ENSMUSG00000124447		1.7048552	
Gm8184		1.7048552	
ENSMUSG00000138515		1.7048552	
ENSMUSG00000142908		1.7048552	
H2bw2		1.7048552	
ENSMUSG00000133519		1.7048552	
Magea3		1.7048552	
ENSMUSG00000047061		1.704318	
D630039A03Rik		1.7039587	
ENSMUSG00000127552		1.7035	
Gm57027		1.7027558	
ENSMUSG00000133325		1.7019895	
ENSMUSG00000131747		1.7019895	
Gm43111		1.7014009	
Gm45151		1.7005996	
Gjc2		1.7005996	
2310043O21Rik		1.6998738	
Spink8		1.6988268	
Ric3		1.6956753	
Aldh1l2		1.6937484	
Serpinc1		1.6913749	
Gm38372		1.6910403	
Gm7867		1.6910403	
Gm37632		1.6910403	
ENSMUSG00000133716		1.6910403	
Sirpd		1.6910403	
Gm43465		1.6910403	
Gm25869		1.6910403	
2010016I18Rik		1.6910403	
ENSMUSG00000139838		1.6910403	
ENSMUSG00000126516		1.6910403	
Lhfpl4		1.6910403	
ENSMUSG00000139452		1.6910403	
Gm57210		1.6910403	
ENSMUSG00000135686		1.6910403	
Gm30671		1.6910403	
ENSMUSG00000139516		1.6910403	
5930403N24Rik		1.6910403	
ENSMUSG00000127090		1.6910403	
Gm11196		1.6910403	
ENSMUSG00000131777		1.6910403	
AK157302		1.6910403	
H1f1		1.6910403	
Fitm1		1.6910403	
ENSMUSG00000132198		1.6910403	
Gm40572		1.6894863	
Trav4-4-dv10		1.6893805	
Arg1		1.6888125	
ENSMUSG00000142489		1.6882458	
Gpx2		1.6869951	
Gm13053		1.6850036	
ENSMUSG00000124466		1.6841244	
Gm10399		1.6830447	
ENSMUSG00000123996		1.6802695	
ENSMUSG00000121728		1.6785324	
Tmem169		1.6776972	
Mmp8		1.6766444	
Cpa1		1.675174	
Slc9a3		1.6741669	
Baat		1.6732266	
Naa11		1.6715353	
ENSMUSG00000139999		1.6707634	
Gm10777		1.6680425	
Msr1		1.6676134	
Lgals7		1.6675774	
Gm20768		1.6655419	
Gm57410		1.6647131	
Gm36347		1.6573114	
4930596I21Rik		1.6573114	
Gm13680		1.6573114	
Gm56774		1.6573114	
ENSMUSG00000130145		1.6573114	
ENSMUSG00000136721		1.6573114	
Gm10252		1.6573114	
Gm21112		1.6573114	
Gm10313		1.6573114	
Gm50464		1.6573114	
Gm47234		1.6573114	
ENSMUSG00000141188		1.6573114	
ENSMUSG00000134459		1.6573114	
ENSMUSG00000129556		1.6573114	
Gm12663		1.6573114	
Gm12251		1.6573114	
Gm11658		1.6573114	
Gm47553		1.6573114	
Gm20717		1.6573114	
ENSMUSG00000122490		1.6573114	
Gm6789		1.6573114	
Myl7		1.6563781	
Gm7008		1.6551708	
Gm49643		1.654417	
Trem6l		1.6536407	
Gm56862		1.6514341	
Gm57114		1.6482775	
Mnx1		1.6482775	
Gm26725		1.644461	
ENSMUSG00000130949		1.6433377	
ENSMUSG00000140787		1.6433377	
ENSMUSG00000128144		1.6427994	
Gm38537		1.6407576	
Nmral1		1.6393077	
Gm20756		1.6392673	
Gm10548		1.6389277	
Gm16348		1.6374115	
Cyp4a31		1.635159	
Gm14858		1.6351516	
Fam81a		1.6349553	
ENSMUSG00000130868		1.6340288	
Gm37033		1.6337316	
Zfhx4		1.6308855	
Gm47593		1.62998	
Col4a6		1.6290596	
Pf4		1.6274242	
Zfp993		1.6266541	
Cpa4		1.6254368	
ENSMUSG00000127506		1.6207218	
Acsbg3		1.6203333	
Gm20472		1.6193838	
Gm49201		1.6179442	
ENSMUSG00000138013		1.6176745	
Gm29680		1.617497	
Gm49870		1.6158346	
Stmnd1		1.6155678	
ENSMUSG00000131404		1.6152608	
Rpl21-ps12		1.6143186	
ENSMUSG00000133630		1.6142353	
Rims1		1.613857	
Gm37212		1.613857	
ENSMUSG00000135066		1.613857	
Gm37469		1.613857	
ENSMUSG00000143131		1.613857	
Gm37258		1.613857	
ENSMUSG00000135695		1.613857	
Gm57171		1.613857	
ENSMUSG00000132953		1.613857	
ENSMUSG00000133000		1.613857	
ENSMUSG00000144012		1.613857	
Gm14015		1.613857	
ENSMUSG00000122731		1.613857	
Gm14102		1.613857	
Gm37790		1.613857	
ENSMUSG00000128616		1.613857	
Gm14324		1.613857	
ENSMUSG00000143822		1.613857	
Dnajc5b		1.613857	
Gm42840		1.613857	
Gm37672		1.613857	
ENSMUSG00000128439		1.613857	
Gm8869		1.613857	
4930537H20Rik		1.613857	
Sprr5		1.613857	
4632404M16Rik		1.613857	
Gm43285		1.613857	
ENSMUSG00000133295		1.613857	
Gm5149		1.613857	
AI115009		1.613857	
ENSMUSG00000138297		1.613857	
Depdc1a		1.613857	
Gja10		1.613857	
Tmem215		1.613857	
Gm26049		1.613857	
Igfbpl1		1.613857	
ENSMUSG00000125731		1.613857	
ENSMUSG00000138580		1.613857	
ENSMUSG00000125055		1.613857	
E130114P18Rik		1.613857	
ENSMUSG00000141141		1.613857	
Ldha-ps2		1.613857	
ENSMUSG00000142703		1.613857	
ENSMUSG00000141947		1.613857	
ENSMUSG00000137689		1.613857	
Gm55379		1.613857	
ENSMUSG00000139747		1.613857	
ENSMUSG00000122173		1.613857	
Gm16079		1.613857	
Gm57065		1.613857	
Prdm16os		1.613857	
Gm42951		1.613857	
Gm57284		1.613857	
8030487O14Rik		1.613857	
Gm43427		1.613857	
4930448I18Rik		1.613857	
ENSMUSG00000133497		1.613857	
Tmprss11g		1.613857	
ENSMUSG00000129304		1.613857	
4930467D21Rik		1.613857	
ENSMUSG00000122606		1.613857	
ENSMUSG00000133225		1.613857	
Gm22557		1.613857	
Gm57262		1.613857	
Cirpil		1.613857	
ENSMUSG00000122359		1.613857	
Gm13837		1.613857	
ENSMUSG00000130243		1.613857	
Gm42830		1.613857	
Gm57291		1.613857	
Gm42591		1.613857	
Gm42993		1.613857	
ENSMUSG00000133925		1.613857	
Gm5		1.613857	
Gm43196		1.613857	
Dlx5		1.613857	
ENSMUSG00000137056		1.613857	
Gm43844		1.613857	
ENSMUSG00000126207		1.613857	
Hyal4		1.613857	
Gm43029		1.613857	
ENSMUSG00000142965		1.613857	
Hoxa6		1.613857	
Gm56973		1.613857	
Gm44410		1.613857	
Gm44083		1.613857	
ENSMUSG00000123553		1.613857	
Gm44271		1.613857	
ENSMUSG00000141552		1.613857	
ENSMUSG00000141220		1.613857	
Kbtbd12		1.613857	
Prok2		1.613857	
Btf3-ps6		1.613857	
Klrk1		1.613857	
Slco1a4		1.613857	
Gm44428		1.613857	
Gm36210		1.613857	
Vmn1r86		1.613857	
Gm26802		1.613857	
Gm50092		1.613857	
Ifnl2		1.613857	
Ffar1		1.613857	
ENSMUSG00000141571		1.613857	
Klk1b27		1.613857	
Slc17a7		1.613857	
Gm44706		1.613857	
Gm44974		1.613857	
Gm15413		1.613857	
Gm39059		1.613857	
Gm45209		1.613857	
4930588G17Rik		1.613857	
Gm44729		1.613857	
Gm15503		1.613857	
Gm45670		1.613857	
ENSMUSG00000136971		1.613857	
Ins2		1.613857	
ENSMUSG00000124395		1.613857	
ENSMUSG00000129428		1.613857	
ENSMUSG00000137356		1.613857	
5033426O07Rik		1.613857	
ENSMUSG00000133726		1.613857	
6530413G14Rik		1.613857	
ENSMUSG00000122128		1.613857	
Gm19113		1.613857	
Gm1110		1.613857	
ENSMUSG00000144146		1.613857	
ENSMUSG00000122299		1.613857	
Gm27211		1.613857	
Ooep		1.613857	
ENSMUSG00000125428		1.613857	
Gm18655		1.613857	
Gm46999		1.613857	
Prss42		1.613857	
ENSMUSG00000139672		1.613857	
Gm19459		1.613857	
Gm28447		1.613857	
Gm32255		1.613857	
ENSMUSG00000122746		1.613857	
ENSMUSG00000141761		1.613857	
Gm34113		1.613857	
ENSMUSG00000141282		1.613857	
Avpr1a		1.613857	
Gm55658		1.613857	
1700042O10Rik		1.613857	
Gabra1		1.613857	
ENSMUSG00000127856		1.613857	
ENSMUSG00000135451		1.613857	
Lhx1		1.613857	
ENSMUSG00000142067		1.613857	
ENSMUSG00000137986		1.613857	
Gm11716		1.613857	
Mir5621		1.613857	
Tex19.2		1.613857	
ENSMUSG00000134434		1.613857	
Gm48713		1.613857	
F730035M05Rik		1.613857	
ENSMUSG00000143063		1.613857	
Serpina6		1.613857	
Adarb2		1.613857	
ENSMUSG00000129696		1.613857	
ENSMUSG00000130604		1.613857	
Gm35158		1.613857	
ENSMUSG00000131786		1.613857	
A930032L01Rik		1.613857	
1700112M02Rik		1.613857	
2810403G07Rik		1.613857	
Gm48876		1.613857	
ENSMUSG00000124029		1.613857	
Nnt		1.613857	
Gm8396		1.613857	
Gm16741		1.613857	
Gm3239		1.613857	
Gm2897		1.613857	
ENSMUSG00000128628		1.613857	
Otx2		1.613857	
Gm26536		1.613857	
Gm17232		1.613857	
Gm33524		1.613857	
Gm48967		1.613857	
ENSMUSG00000123638		1.613857	
ENSMUSG00000128374		1.613857	
Gm8705		1.613857	
Csmd3		1.613857	
Gm22106		1.613857	
ENSMUSG00000115902		1.613857	
ENSMUSG00000137555		1.613857	
ENSMUSG00000123430		1.613857	
Muc19		1.613857	
Gm49437		1.613857	
Gm21917		1.613857	
ENSMUSG00000122487		1.613857	
Gm15806		1.613857	
Gm46540		1.613857	
ENSMUSG00000132215		1.613857	
Gm49590		1.613857	
Sim2		1.613857	
Gm56630		1.613857	
ENSMUSG00000128009		1.613857	
ENSMUSG00000123965		1.613857	
Vmn2r130		1.613857	
ENSMUSG00000125323		1.613857	
ENSMUSG00000123035		1.613857	
Gm49946		1.613857	
Gm49902		1.613857	
Gm56880		1.613857	
Six3os1		1.613857	
Atp6v1e2		1.613857	
Gm50143		1.613857	
ENSMUSG00000136621		1.613857	
Gm30513		1.613857	
ENSMUSG00000129838		1.613857	
4933413C19Rik		1.613857	
Gm50337		1.613857	
ENSMUSG00000141537		1.613857	
Otc		1.613857	
Gm5124		1.613857	
Slitrk4		1.613857	
Il1rapl1		1.613857	
Gm8424		1.613857	
Ptchd1		1.613857	
Kif15		1.6129576	
A530083M17Rik		1.6106222	
ENSMUSG00000123708		1.6106222	
Gm11630		1.6085281	
Ccdc87		1.6084816	
Tmem269		1.6073993	
ENSMUSG00000127072		1.6073993	
ENSMUSG00000140369		1.6073993	
Ndufa12-ps		1.6073993	
1190005I06Rik		1.6073993	
ENSMUSG00000141677		1.6073993	
ENSMUSG00000126712		1.6073993	
ENSMUSG00000132735		1.6073993	
ENSMUSG00000122829		1.6073993	
ENSMUSG00000128897		1.6073993	
Mir3475		1.6073993	
Fam120c		1.606384	
Isx		1.605741	
Gm43980		1.603759	
Gm12406		1.5995387	
Gm36486		1.5982463	
Gm12454		1.5982077	
Myocd		1.5954186	
ENSMUSG00000130324		1.5936537	
Muc5b		1.5918427	
Adamts20		1.591293	
Gm7701		1.5912756	
ENSMUSG00000130860		1.5911758	
Rpl6l		1.5906935	
Gm37587		1.5906113	
ENSMUSG00000132761		1.5906113	
ENSMUSG00000121653		1.5906113	
ENSMUSG00000129795		1.5906113	
ENSMUSG00000125919		1.5906113	
Lce1a2		1.5906113	
ENSMUSG00000133526		1.5906113	
ENSMUSG00000140957		1.5906113	
Gm43099		1.5906113	
ENSMUSG00000140751		1.5906113	
ENSMUSG00000129961		1.5906113	
4921504A21Rik		1.5906113	
Nxpe5		1.5906113	
Dlx6os1		1.5906113	
Lmod2		1.5906113	
ENSMUSG00000125575		1.5906113	
Tafa1		1.5906113	
Vmn2r56		1.5906113	
Gm9801		1.5906113	
Gm44995		1.5906113	
Trim66		1.5906113	
ENSMUSG00000122126		1.5906113	
Gm45470		1.5906113	
ENSMUSG00000142787		1.5906113	
Gm6793		1.5906113	
ENSMUSG00000143513		1.5906113	
4921513I03Rik		1.5906113	
Slfn5os		1.5906113	
Gm32369		1.5906113	
Prl		1.5906113	
Gm49099		1.5906113	
ENSMUSG00000133346		1.5906113	
Gm10832		1.5906113	
ENSMUSG00000134473		1.5906113	
Vmn2r100		1.5906113	
Vmn2r113		1.5906113	
Gm16276		1.5906113	
Gm50146		1.5906113	
Zp1		1.5906113	
ENSMUSG00000142283		1.5906113	
Ptpn7		1.5864497	
Inpp5j		1.5862163	
Enpp6		1.585733	
ENSMUSG00000142008		1.5803344	
Pth2r		1.579754	
ENSMUSG00000132416		1.5792264	
ENSMUSG00000141902		1.5789105	
Kctd19		1.5764816	
6030466F02Rik		1.5764816	
Gm39556		1.5764816	
Gm28515		1.5758209	
Gm57036		1.5724608	
Gm44618		1.5722715	
Gm12098		1.5722715	
Slc36a1os		1.5722715	
Gm17529		1.5722715	
ENSMUSG00000143857		1.5722715	
Gm38118		1.5695233	
Gm43336		1.567904	
BC051019		1.5663588	
Gsc		1.5650471	
Gm43595		1.5645359	
Gm13330		1.5614773	
Gm13498		1.5614773	
Gm13625		1.5614773	
Mir133a-2		1.5614773	
ENSMUSG00000122788		1.5614773	
ENSMUSG00000134552		1.5614773	
Stambp-ps1		1.5614773	
Mir343		1.5614773	
ENSMUSG00000125029		1.5614773	
Gm8031		1.5614773	
Gm48716		1.5614773	
ENSMUSG00000141227		1.5614773	
Hoxb1		1.5614773	
ENSMUSG00000143227		1.5614773	
4930521O11Rik		1.5614773	
Cdv3-ps		1.5614773	
Gm5510		1.5614773	
Ccnq-ps1		1.5614773	
2810433D01Rik		1.5614247	
Pwwp4a		1.5610801	
Gm12963		1.561048	
Gm19325		1.5596572	
ENSMUSG00000128813		1.5578504	
ENSMUSG00000138646		1.557509	
Calr3		1.5554972	
Ckmt1		1.5547768	
Tmem200a		1.5547427	
Gm16464		1.554256	
Capn6		1.5531003	
ENSMUSG00000139174		1.551791	
4930430E12Rik		1.5494281	
Serpina3c		1.5479076	
Gm10791		1.5465765	
Lratd1		1.5460664	
4930471D02Rik		1.5441585	
ENSMUSG00000133370		1.5441585	
Or5an9		1.5417416	
4732414G09Rik		1.5415657	
Noxred1		1.5407991	
Gm12655		1.5388187	
Snora31		1.5362397	
Gm3772		1.5353167	
Wfdc17		1.5348928	
Aldh1a1		1.534813	
C530020B09Rik		1.5345724	
Cox5b-ps		1.5345724	
Hs6st2		1.5339098	
ENSMUSG00000141691		1.5331129	
Mir6403		1.5323102	
Gli2		1.5312731	
Gm7908		1.5305595	
Foxd2os		1.5302739	
ENSMUSG00000139665		1.5293778	
ENSMUSG00000140704		1.5287013	
Synpo2l		1.5229232	
Gm12907		1.5225613	
Chrna5		1.5225613	
Tmem52b		1.5220745	
Gm44851		1.5212936	
Gm15530		1.518911	
Tnfsfm13		1.5180477	
ENSMUSG00000127515		1.517936	
Gm24907		1.517936	
Mterf1b		1.5176817	
ENSMUSG00000140628		1.5171207	
Proz		1.5170616	
Gm42715		1.5165087	
Gm11399		1.5161966	
Slc1a6		1.515895	
Gm47507		1.5141529	
Brinp1		1.5141515	
ENSMUSG00000129893		1.5141121	
ENSMUSG00000131758		1.512041	
Gm53057		1.5119749	
ENSMUSG00000138179		1.511132	
Prss52		1.5102106	
Gm41349		1.5092362	
Pcdhga8		1.5084343	
ENSMUSG00000130276		1.5084292	
ENSMUSG00000140518		1.5071373	
Txk		1.5062853	
Gm43127		1.5052346	
Kcnb2		1.5044073	
Khdrbs2		1.5044073	
Gm17813		1.5044073	
Gm38058		1.5044073	
ENSMUSG00000142714		1.5044073	
Gm37914		1.5044073	
Gm5259		1.5044073	
Gm37053		1.5044073	
Gm17796		1.5044073	
Myog		1.5044073	
ENSMUSG00000129520		1.5044073	
ENSMUSG00000125326		1.5044073	
ENSMUSG00000127689		1.5044073	
Gm37824		1.5044073	
Pip5kl1		1.5044073	
ENSMUSG00000143979		1.5044073	
Dapl1		1.5044073	
Xirp2		1.5044073	
ENSMUSG00000131740		1.5044073	
Lrrc55		1.5044073	
Or4b12		1.5044073	
ENSMUSG00000129303		1.5044073	
ENSMUSG00000139918		1.5044073	
Gm14285		1.5044073	
ENSMUSG00000122085		1.5044073	
Nkx2-2		1.5044073	
Scrt2		1.5044073	
Gm14226		1.5044073	
Gm11464		1.5044073	
ENSMUSG00000130208		1.5044073	
Gm30340		1.5044073	
Gm16093		1.5044073	
ENSMUSG00000142576		1.5044073	
Nlgn1		1.5044073	
Gm43538		1.5044073	
ENSMUSG00000126396		1.5044073	
ENSMUSG00000131170		1.5044073	
ENSMUSG00000141626		1.5044073	
Bche		1.5044073	
Lce1f		1.5044073	
ENSMUSG00000131177		1.5044073	
Tshb		1.5044073	
Gm42700		1.5044073	
Gm43256		1.5044073	
ENSMUSG00000139408		1.5044073	
ENSMUSG00000134375		1.5044073	
Gm5857		1.5044073	
ENSMUSG00000124888		1.5044073	
4930578G10Rik		1.5044073	
Gm57102		1.5044073	
Gm12537		1.5044073	
ENSMUSG00000126456		1.5044073	
Cyp2j5		1.5044073	
Gm12856		1.5044073	
Gm12924		1.5044073	
ENSMUSG00000141933		1.5044073	
Gm55984		1.5044073	
Gm42910		1.5044073	
ENSMUSG00000144083		1.5044073	
ENSMUSG00000137893		1.5044073	
ENSMUSG00000142257		1.5044073	
Gm15819		1.5044073	
Phox2b		1.5044073	
Gm42133		1.5044073	
Gm43547		1.5044073	
ENSMUSG00000142352		1.5044073	
Vmn2r-ps23		1.5044073	
Gm15788		1.5044073	
ENSMUSG00000128201		1.5044073	
Gm27004		1.5044073	
Gm42797		1.5044073	
Gm57268		1.5044073	
BC051077		1.5044073	
ENSMUSG00000142923		1.5044073	
Gm42651		1.5044073	
4930528J11Rik		1.5044073	
Gm43164		1.5044073	
ENSMUSG00000136883		1.5044073	
ENSMUSG00000136302		1.5044073	
ENSMUSG00000142854		1.5044073	
Vmn1r54		1.5044073	
4930511E03Rik		1.5044073	
ENSMUSG00000138286		1.5044073	
Minpp1-ps		1.5044073	
ENSMUSG00000121482		1.5044073	
H4c16		1.5044073	
ENSMUSG00000135839		1.5044073	
Gm44871		1.5044073	
Gm57192		1.5044073	
Gm17768		1.5044073	
Gm32061		1.5044073	
ENSMUSG00000142114		1.5044073	
Gm44993		1.5044073	
ENSMUSG00000130544		1.5044073	
Ccdc89		1.5044073	
A630091E08Rik		1.5044073	
ENSMUSG00000126670		1.5044073	
Or52d1		1.5044073	
ENSMUSG00000122211		1.5044073	
Sox6os		1.5044073	
ENSMUSG00000134590		1.5044073	
Gm37364		1.5044073	
Gm45075		1.5044073	
ENSMUSG00000144006		1.5044073	
Gm45520		1.5044073	
ENSMUSG00000130688		1.5044073	
ENSMUSG00000140217		1.5044073	
5430403N17Rik		1.5044073	
Gm56870		1.5044073	
ENSMUSG00000142786		1.5044073	
Trim75		1.5044073	
ENSMUSG00000136377		1.5044073	
Gm3336		1.5044073	
ENSMUSG00000124868		1.5044073	
Gm45288		1.5044073	
Gm45293		1.5044073	
Gm6831		1.5044073	
ENSMUSG00000122223		1.5044073	
Gm39302		1.5044073	
C030014I23Rik		1.5044073	
ENSMUSG00000127089		1.5044073	
ENSMUSG00000132728		1.5044073	
Slc24a1		1.5044073	
Gm16073		1.5044073	
Gm37484		1.5044073	
9430062P05Rik		1.5044073	
Rps2-ps11		1.5044073	
ENSMUSG00000125606		1.5044073	
ENSMUSG00000141777		1.5044073	
Gm5177		1.5044073	
Gm56942		1.5044073	
Gm48335		1.5044073	
Gm48334		1.5044073	
ENSMUSG00000133414		1.5044073	
ENSMUSG00000134647		1.5044073	
Gm47992		1.5044073	
C230099D08Rik		1.5044073	
Rmst		1.5044073	
Usp44		1.5044073	
ENSMUSG00000138273		1.5044073	
Gm48089		1.5044073	
Myf6		1.5044073	
ENSMUSG00000137901		1.5044073	
Snord59a		1.5044073	
Vwc2		1.5044073	
Spmip7		1.5044073	
ENSMUSG00000129938		1.5044073	
ENSMUSG00000135158		1.5044073	
Gm57396		1.5044073	
Gm12108		1.5044073	
ENSMUSG00000124499		1.5044073	
Gm12120		1.5044073	
ENSMUSG00000138808		1.5044073	
Trim58		1.5044073	
Gm57353		1.5044073	
ENSMUSG00000126750		1.5044073	
Tbx21		1.5044073	
Gm11707		1.5044073	
ENSMUSG00000128032		1.5044073	
Gm48558		1.5044073	
Gm48641		1.5044073	
Gm47013		1.5044073	
Gm25926		1.5044073	
ENSMUSG00000128251		1.5044073	
ENSMUSG00000134193		1.5044073	
ENSMUSG00000131351		1.5044073	
ENSMUSG00000134546		1.5044073	
Gm35190		1.5044073	
Slc17a4		1.5044073	
ENSMUSG00000133089		1.5044073	
ENSMUSG00000125138		1.5044073	
Gm47424		1.5044073	
Ckmt2		1.5044073	
D130062J10Rik		1.5044073	
ENSMUSG00000132175		1.5044073	
ENSMUSG00000132118		1.5044073	
Gm7324		1.5044073	
Gm49096		1.5044073	
Il25		1.5044073	
ENSMUSG00000140876		1.5044073	
Gm22738		1.5044073	
Adra1a		1.5044073	
Gm5464		1.5044073	
Gm18994		1.5044073	
Gm38563		1.5044073	
Kcnq3		1.5044073	
Gm56710		1.5044073	
Mpped1		1.5044073	
Hotair		1.5044073	
ENSMUSG00000133400		1.5044073	
Gm49756		1.5044073	
ENSMUSG00000124526		1.5044073	
ENSMUSG00000139911		1.5044073	
ENSMUSG00000130372		1.5044073	
ENSMUSG00000139224		1.5044073	
Gm38477		1.5044073	
Gm7831		1.5044073	
Gm35576		1.5044073	
ENSMUSG00000124174		1.5044073	
Vmn2r124		1.5044073	
ENSMUSG00000124158		1.5044073	
Gm6623		1.5044073	
ENSMUSG00000126158		1.5044073	
ENSMUSG00000125711		1.5044073	
Acer1		1.5044073	
Gm54892		1.5044073	
Gm50080		1.5044073	
Gm22200		1.5044073	
Pcdhb18		1.5044073	
ENSMUSG00000136940		1.5044073	
ENSMUSG00000136190		1.5044073	
Nscme3l		1.5044073	
Gm7105		1.5044073	
A430093F15Rik		1.5044073	
ENSMUSG00000123372		1.5044073	
ENSMUSG00000140069		1.5044073	
Gm36914		1.5044073	
A830019P07Rik		1.5044073	
Gm34922		1.5044073	
Gm6951		1.5044073	
ENSMUSG00000121998		1.5044073	
Zfp92		1.5044073	
Gm8817		1.5044073	
ENSMUSG00000124556		1.502503	
4930594M22Rik		1.502503	
Ngf		1.5019151	
Ahrr		1.4996381	
Edn3		1.4988039	
Gm18030		1.4966321	
ENSMUSG00000137898		1.4960736	
Mogat2		1.4949265	
ENSMUSG00000130559		1.4928335	
Gm44837		1.4921772	
Has2		1.4908118	
ENSMUSG00000131793		1.490589	
Rbbp8nl		1.4903862	
Bub1		1.4902416	
Gm50254		1.4898691	
ENSMUSG00000125682		1.4897819	
Cideb		1.4886539	
B4galnt4		1.4872516	
Phf24		1.487195	
Gp9		1.4864304	
Eln		1.4843591	
ENSMUSG00000133987		1.4822146	
Asphd2		1.4810871	
Gm43672		1.4806348	
Scml4		1.4804398	
Gm16998		1.4770348	
4930532G15Rik		1.4768828	
H3f4		1.4766973	
Alox5		1.4766024	
Gm7984		1.4764255	
ENSMUSG00000141893		1.4762638	
Dnah7a		1.4762638	
Gm37733		1.4762638	
ENSMUSG00000134548		1.4762638	
Gm22360		1.4762638	
ENSMUSG00000137885		1.4762638	
ENSMUSG00000134208		1.4762638	
Gm31406		1.4762638	
Gm35808		1.4762638	
ENSMUSG00000130670		1.4762638	
Gm14044		1.4762638	
ENSMUSG00000134889		1.4762638	
Gm14453		1.4762638	
ENSMUSG00000128922		1.4762638	
Sirpb1a		1.4762638	
Gm6209		1.4762638	
ENSMUSG00000143593		1.4762638	
ENSMUSG00000142364		1.4762638	
ENSMUSG00000131634		1.4762638	
Slfnl1		1.4762638	
Gm13007		1.4762638	
ENSMUSG00000125338		1.4762638	
Gm44435		1.4762638	
Vmn1r75		1.4762638	
Apoc2		1.4762638	
ENSMUSG00000122751		1.4762638	
ENSMUSG00000121843		1.4762638	
Gm44734		1.4762638	
ENSMUSG00000124215		1.4762638	
4930461G14Rik		1.4762638	
ENSMUSG00000130686		1.4762638	
Gm47430		1.4762638	
ENSMUSG00000123299		1.4762638	
ENSMUSG00000137923		1.4762638	
ENSMUSG00000133520		1.4762638	
Gm12356		1.4762638	
Gm31332		1.4762638	
1700013N06Rik		1.4762638	
Gm40987		1.4762638	
Gm49319		1.4762638	
ENSMUSG00000141899		1.4762638	
ENSMUSG00000140100		1.4762638	
A430088P11Rik		1.4762638	
ENSMUSG00000126150		1.4762638	
Krt86		1.4762638	
4930565N06Rik		1.4762638	
ENSMUSG00000130217		1.4762638	
ENSMUSG00000128759		1.4762638	
Gm54721		1.4762638	
ENSMUSG00000140864		1.4762638	
Gm50315		1.4762638	
ENSMUSG00000143274		1.4762638	
Gm50443		1.4762638	
Gm32441		1.4762638	
Gm35107		1.4762638	
Tsx		1.4762638	
ENSMUSG00000143921		1.4753724	
Gfra1		1.4744899	
ENSMUSG00000131103		1.4729481	
Cpne5		1.472826	
Ighg2c		1.4714946	
ENSMUSG00000125254		1.4708313	
Angptl3		1.4702125	
Gm22753		1.4691063	
Csf2rb2		1.4690987	
Gm44067		1.4676418	
Maskbp3		1.4672066	
Schip1		1.4670641	
Gm37899		1.4670204	
Gm42921		1.4661685	
Zacn-ps		1.4630101	
Tlr9		1.4628237	
Gm6556		1.4625963	
Gm6493		1.4625963	
ENSMUSG00000138685		1.4616686	
Gm6981		1.4616065	
ENSMUSG00000126033		1.4610901	
Gm15998		1.4596388	
Gm10441		1.4585952	
Grem1		1.4574379	
Rsph9		1.4557178	
Fancd2		1.4548599	
ENSMUSG00000136798		1.4547915	
Gm18180		1.4533937	
ENSMUSG00000122495		1.4533937	
ENSMUSG00000139267		1.4533937	
Gm11222		1.4533937	
Gm13238		1.4533937	
ENSMUSG00000122915		1.4533937	
9930105H17Rik		1.4533937	
Gm43426		1.4533937	
Gm44264		1.4533937	
ENSMUSG00000132638		1.4533937	
ENSMUSG00000124278		1.4533937	
Btg4		1.4533937	
Gm7653		1.4533937	
Gm4489		1.4533937	
Gm45027		1.4533937	
Taf9		1.4533937	
Gm4291		1.4533937	
Gm15539		1.4533937	
ENSMUSG00000123109		1.4533937	
Gm16278		1.4533937	
Gm30421		1.4533937	
Gm7665		1.4533937	
ENSMUSG00000141139		1.4533937	
Gm8666		1.4533937	
L1cam		1.4514239	
Fyb2		1.450982	
ENSMUSG00000142916		1.450966	
Gm48838		1.4507079	
Cfap144		1.4502331	
9930038B18Rik		1.4502331	
ENSMUSG00000125978		1.4502331	
ENSMUSG00000127420		1.4502063	
Id4		1.4473293	
Gm17530		1.4468418	
Gm31854		1.4468031	
Gm57073		1.4462166	
ENSMUSG00000124664		1.4462166	
Cyp3a13		1.4461297	
ENSMUSG00000131874		1.4454302	
ENSMUSG00000141407		1.4442164	
Nell1		1.4437566	
Fut4		1.4433808	
Chst3		1.4428116	
Atp8b4		1.4416856	
Gm42822		1.4412135	
Mir483		1.4412135	
Gm35406		1.4403863	
Sypl2		1.4390415	
Slc8a2		1.4390415	
Snord32a		1.4390415	
4122401K19Rik		1.4390415	
6430562O15Rik		1.4370645	
Lvrn		1.4348726	
ENSMUSG00000135161		1.4344912	
Bves		1.4303957	
ENSMUSG00000122186		1.4301337	
ENSMUSG00000123825		1.4301337	
ENSMUSG00000143105		1.4285246	
Kcne4		1.4271214	
Ccdc18		1.4267923	
Spmip11		1.4265372	
Gm19426		1.4264106	
Papln		1.4260972	
Ttc39d		1.425077	
Pstpip2		1.4243739	
Ptger2		1.4237878	
Adamts3		1.4236935	
Zfp536		1.4234295	
ENSMUSG00000131463		1.4181015	
ENSMUSG00000139729		1.4181015	
Gm44997		1.4162992	
1700016L21Rik		1.4151094	
Gm6170		1.4151094	
ENSMUSG00000143231		1.4151094	
ENSMUSG00000140733		1.4151094	
Or1j10		1.4151094	
Gm53240		1.4151094	
Gm55275		1.4151094	
Fndc11		1.4151094	
ENSMUSG00000137876		1.4151094	
Gbp2b		1.4151094	
Gm43486		1.4151094	
ENSMUSG00000132397		1.4151094	
ENSMUSG00000144069		1.4151094	
Apc-ps1		1.4151094	
Gm22529		1.4151094	
4930557K07Rik		1.4151094	
ENSMUSG00000144049		1.4151094	
Vmn1r87		1.4151094	
Mrgprx2		1.4151094	
Gm45319		1.4151094	
Gm55633		1.4151094	
Gm33248		1.4151094	
D630011A20Rik		1.4151094	
ENSMUSG00000132004		1.4151094	
ENSMUSG00000125654		1.4151094	
ENSMUSG00000134275		1.4151094	
Gm33838		1.4151094	
Htr3b		1.4151094	
Uba52-ps		1.4151094	
Gm5621		1.4151094	
ENSMUSG00000128901		1.4151094	
Gm11993		1.4151094	
Gm12070		1.4151094	
Mir10a		1.4151094	
Gm11628		1.4151094	
ENSMUSG00000129712		1.4151094	
ENSMUSG00000144125		1.4151094	
ENSMUSG00000136342		1.4151094	
ENSMUSG00000136266		1.4151094	
Gm48015		1.4151094	
Gm7426		1.4151094	
ENSMUSG00000134293		1.4151094	
Gm36146		1.4151094	
ENSMUSG00000142889		1.4151094	
ENSMUSG00000126663		1.4151094	
Gm25547		1.4151094	
ENSMUSG00000142599		1.4151094	
Gm46609		1.4151094	
Gm2629		1.4151094	
Vaultrc5		1.4151094	
Gm35554		1.4151094	
Tlcd4		1.4144254	
ENSMUSG00000129992		1.4141246	
ENSMUSG00000129424		1.4114783	
ENSMUSG00000122176		1.4105288	
ENSMUSG00000131387		1.4098938	
Gm5173		1.4096154	
Prox2		1.4094954	
Teshl		1.4071966	
Gm45203		1.4068165	
Gm44321		1.4063772	
Klk8		1.4063429	
Ccn5		1.4048494	
Rubcnl		1.404534	
E230001N04Rik		1.4029436	
Nckap5		1.4027842	
ENSMUSG00000143696		1.4025993	
Muc20		1.4009286	
Gypa		1.4000348	
Aurkb		1.3993584	
Gm43201		1.3993331	
Lcn2		1.3986883	
Vat1l		1.3983579	
Adh7		1.3975317	
Cracd		1.3975317	
ENSMUSG00000127508		1.397155	
H4c11		1.396861	
H2bc11		1.396861	
Gm46339		1.3937645	
Gm38115		1.3933643	
Gm28181		1.3933643	
ENSMUSG00000137939		1.3933643	
ENSMUSG00000124594		1.3933643	
Gm4596		1.3933643	
Gm12435		1.3933643	
ENSMUSG00000137541		1.3933643	
Gm5559		1.3933643	
Gm42933		1.3933643	
Lrrc43		1.3933643	
Dgki		1.3933643	
ENSMUSG00000123419		1.3933643	
Gm4925		1.3933643	
Mir8103		1.3933643	
Slc10a1		1.3933643	
Gm22079		1.3933643	
Gm2076		1.3933643	
ENSMUSG00000129121		1.3933643	
Tcea1-ps1		1.3933643	
ENSMUSG00000136720		1.3933643	
Gm5814		1.3933643	
ENSMUSG00000139659		1.3933643	
Gm16090		1.3933643	
Slc22a12		1.3933643	
Pcna-ps2		1.3933643	
Gm34432		1.3933643	
Ugt3a1		1.3932891	
Lrch2		1.3900691	
Tcstv4		1.3893793	
Nap1l3		1.3893793	
Gm37726		1.3890258	
ENSMUSG00000142608		1.385095	
2700049A03Rik		1.3842005	
Gm34672		1.3837304	
Tnnt1		1.3825572	
Uox		1.3822647	
Gm41506		1.3817035	
Ugt2b34		1.3813419	
Gm13372		1.3795794	
Tbx18		1.379343	
4930455G09Rik		1.3783194	
Slc22a6		1.3766145	
9030624G23Rik		1.3750821	
Eya1		1.3747791	
Gm10069		1.3721707	
Mylpf		1.3713154	
ENSMUSG00000142666		1.3712628	
C130060C02Rik		1.3706577	
ENSMUSG00000127818		1.3683642	
ENSMUSG00000142061		1.3681024	
ENSMUSG00000127109		1.3681024	
Arhgap40		1.3679816	
Gm37968		1.3679816	
ENSMUSG00000142351		1.3679816	
Mapk15		1.3671844	
ENSMUSG00000135626		1.3670341	
Lekr1		1.3667431	
Gm12735		1.3663483	
ENSMUSG00000125087		1.3644898	
Gm45576		1.3644898	
Htra1		1.3643054	
Gm43102		1.3639321	
D430040D24Rik		1.3639312	
Gm44037		1.3634696	
Trpv3		1.3634541	
Gm37969		1.3623294	
A330041J22Rik		1.3618015	
Gm715		1.3603047	
Pax3		1.3599405	
Fgfbp1		1.3598342	
ENSMUSG00000130558		1.3589524	
Runx3		1.3581214	
Gm5446		1.3572876	
C2cd4a		1.3566989	
1700061H18Rik		1.3559525	
Nlrp5-ps		1.3547397	
Spp1		1.3540002	
Syna		1.3535341	
Shisal2a		1.3534452	
Serpinb11		1.3534162	
ENSMUSG00000126561		1.3531337	
Rpsa-ps1		1.3531337	
Gm37336		1.3531337	
ENSMUSG00000142755		1.3531337	
ENSMUSG00000136184		1.3531337	
ENSMUSG00000136092		1.3531337	
Gm14049		1.3531337	
ENSMUSG00000127313		1.3531337	
ENSMUSG00000129903		1.3531337	
ENSMUSG00000142821		1.3531337	
Gm11889		1.3531337	
Gm13077		1.3531337	
Gm42447		1.3531337	
Gm43045		1.3531337	
ENSMUSG00000136464		1.3531337	
Syngr4		1.3531337	
Gm32164		1.3531337	
Mt4		1.3531337	
Mir3108		1.3531337	
Gm16349		1.3531337	
Cibar2		1.3531337	
ENSMUSG00000126306		1.3531337	
Gm17231		1.3531337	
Gm32743		1.3531337	
ENSMUSG00000133470		1.3531337	
Gm5420		1.3531337	
1700023F02Rik		1.3531337	
Gm25930		1.3531337	
ENSMUSG00000129373		1.3531337	
Mir196a-1		1.3531337	
Gm57368		1.3531337	
ENSMUSG00000137855		1.3531337	
Gm48071		1.3531337	
ENSMUSG00000123862		1.3531337	
Ccdc177		1.3531337	
S2bpcox16		1.3531337	
Gm24095		1.3531337	
Gm8990		1.3531337	
ENSMUSG00000140251		1.3531337	
ENSMUSG00000131549		1.3531337	
ENSMUSG00000131327		1.3531337	
ENSMUSG00000130547		1.3531337	
ENSMUSG00000138926		1.3531337	
Gm4544		1.3531337	
ENSMUSG00000140525		1.3531337	
ENSMUSG00000121828		1.3531337	
ENSMUSG00000140448		1.3531337	
Gm5493		1.3531337	
Gm4948		1.3531337	
ENSMUSG00000135013		1.3531337	
Mzb1		1.3531337	
Gm18371		1.3531337	
Rhox4a		1.3531337	
ENSMUSG00000125762		1.3531337	
Gm6568		1.3531337	
ENSMUSG00000122087		1.3529793	
ENSMUSG00000134364		1.3528733	
ENSMUSG00000138071		1.3525069	
Pitx2		1.3517947	
Pbk		1.3505684	
Olfml2a		1.3498592	
Lypd6b		1.3483796	
Zfp932		1.3478787	
Gm38365		1.3466412	
ENSMUSG00000122281		1.3466412	
ENSMUSG00000139998		1.3465508	
ENSMUSG00000143949		1.345796	
Zswim5		1.3446686	
Aspg		1.3414779	
Rasl2-9		1.3411486	
Gm4787		1.3411201	
ENSMUSG00000123753		1.3393512	
B130055M24Rik		1.3392891	
Tmt1b		1.3391949	
ENSMUSG00000142678		1.3390539	
Tigd3		1.3370669	
Gm48635		1.3364156	
Efemp1		1.3357971	
Gm35240		1.335609	
Gm12866		1.3351369	
Upp2		1.3347372	
Gm16537		1.3339552	
Rhox4e		1.3339552	
Anks4b		1.333408	
Hsh2d		1.3327074	
Gm43205		1.3323761	
ENSMUSG00000142508		1.3318051	
Gm57459		1.3312324	
ENSMUSG00000121952		1.3301667	
1700041M19Rik		1.32973	
Gm39526		1.3282923	
Gm11382		1.3272239	
Pcdhga2		1.3260624	
Mir3091		1.3257618	
Gm43152		1.3254908	
Gm50087		1.3232278	
Snhg4		1.3229622	
Gm10366		1.3223189	
Tlr13		1.3190141	
Gm36582		1.3189001	
Gm9530		1.3188708	
Gm38126		1.3187252	
Prox1os		1.3187252	
Gm13605		1.3187252	
Gm42829		1.3187252	
ENSMUSG00000123741		1.3187252	
1700105P06Rik		1.3182915	
ENSMUSG00000140261		1.3177868	
Comp		1.3176864	
Tet1		1.3175201	
Gm34917		1.3174523	
Ldb3		1.3174176	
ENSMUSG00000134358		1.3171353	
ENSMUSG00000130639		1.3171353	
ENSMUSG00000136608		1.315909	
Gm46515		1.314401	
Gm30124		1.3139896	
Dclk3		1.3136889	
Gm6939		1.3130795	
ENSMUSG00000138177		1.3122907	
ENSMUSG00000136712		1.3122646	
Slc7a4		1.3121405	
Cilp		1.3110439	
Trim38		1.3109678	
ENSMUSG00000126457		1.3109678	
Ucn2		1.3102975	
Epha8		1.3100845	
Pklr		1.3082631	
Col1a1		1.308022	
Ube4bos3		1.3078735	
Gm26674		1.3078735	
C530005A16Rik		1.3078492	
Cstdc5		1.3059363	
ENSMUSG00000140739		1.3053157	
Gm35189		1.3040699	
Gm18890		1.3040699	
ENSMUSG00000128634		1.303977	
Dipk1b		1.3038135	
Fbp2		1.3037571	
ENSMUSG00000136824		1.3019297	
Krt6a		1.3013935	
D630023F18Rik		1.3004371	
Syn1		1.3003168	
Gm9115		1.2996929	
Chrnb4		1.2989607	
Xlr5c		1.2981225	
Gm44200		1.297377	
Gm37144		1.296671	
Gm37370		1.2962097	
A630081D01Rik		1.2962097	
Tm4sf20		1.2962097	
Gm2389		1.2962097	
Gm16028		1.2962097	
ENSMUSG00000127112		1.2962097	
Gm37775		1.2962097	
ENSMUSG00000133391		1.2962097	
ENSMUSG00000122809		1.2962097	
ENSMUSG00000135852		1.2962097	
Gm13547		1.2962097	
Gm13543		1.2962097	
ENSMUSG00000135174		1.2962097	
Slc38a11		1.2962097	
ENSMUSG00000133088		1.2962097	
Gm52960		1.2962097	
ENSMUSG00000124954		1.2962097	
Gm20515		1.2962097	
4930594O21Rik		1.2962097	
Vmn2r6		1.2962097	
Tspan2os		1.2962097	
ENSMUSG00000134100		1.2962097	
Gm29561		1.2962097	
ENSMUSG00000140711		1.2962097	
Cylc2		1.2962097	
Gm12482		1.2962097	
Gm12798		1.2962097	
P3r3urf		1.2962097	
Gm10300		1.2962097	
ENSMUSG00000125951		1.2962097	
ENSMUSG00000139344		1.2962097	
ENSMUSG00000131998		1.2962097	
ENSMUSG00000124061		1.2962097	
Gm5050		1.2962097	
Gm6309		1.2962097	
C130093G08Rik		1.2962097	
1700095J07Rik		1.2962097	
Rpl30-ps1		1.2962097	
Gm44077		1.2962097	
Igkv6-17		1.2962097	
Gm6266		1.2962097	
Ttc9b		1.2962097	
Ffar3		1.2962097	
ENSMUSG00000134064		1.2962097	
ENSMUSG00000130283		1.2962097	
Gm44646		1.2962097	
ENSMUSG00000143123		1.2962097	
Gm16193		1.2962097	
Gm29682		1.2962097	
Dpep3		1.2962097	
Clec18a		1.2962097	
Gm45746		1.2962097	
Mmp1b		1.2962097	
Gm16302		1.2962097	
Gm8343		1.2962097	
Gm47085		1.2962097	
ENSMUSG00000141156		1.2962097	
ENSMUSG00000134699		1.2962097	
ENSMUSG00000134538		1.2962097	
Camkv		1.2962097	
Gask1a		1.2962097	
Samd3		1.2962097	
ENSMUSG00000137188		1.2962097	
Gm47433		1.2962097	
Gm33035		1.2962097	
Trhde		1.2962097	
ENSMUSG00000142280		1.2962097	
Gm12168		1.2962097	
Gm12182		1.2962097	
Kcnab3os		1.2962097	
Gm11491		1.2962097	
Car10		1.2962097	
ENSMUSG00000122288		1.2962097	
Gm11793		1.2962097	
ENSMUSG00000124004		1.2962097	
Aldoart2		1.2962097	
Gm26796		1.2962097	
ENSMUSG00000127360		1.2962097	
Gm17807		1.2962097	
Gm5441		1.2962097	
ENSMUSG00000136542		1.2962097	
ENSMUSG00000138832		1.2962097	
Gm7995		1.2962097	
Gm5930		1.2962097	
ENSMUSG00000122272		1.2962097	
ENSMUSG00000135812		1.2962097	
Krt75		1.2962097	
ENSMUSG00000127042		1.2962097	
Gm49678		1.2962097	
Smok2b		1.2962097	
ENSMUSG00000132973		1.2962097	
ENSMUSG00000123557		1.2962097	
Loxhd1		1.2962097	
1500015L24Rik		1.2962097	
Cyp2c52-ps		1.2962097	
ENSMUSG00000132748		1.2962097	
Gm14491		1.2962097	
Gm8864		1.2962097	
ENSMUSG00000124884		1.2962097	
Arr3		1.2962097	
ENSMUSG00000122934		1.2958666	
4930451E10Rik		1.2958666	
Gm28884		1.2950826	
Gm44597		1.2949871	
ENSMUSG00000143859		1.2939178	
ENSMUSG00000140693		1.2935036	
Cyp2t4		1.2933496	
Gm33023		1.2931738	
Ugt1a7c		1.2931229	
Kcng3		1.2919948	
Gm42690		1.2914826	
Gpr173		1.2906563	
Slc17a8		1.2889569	
ENSMUSG00000123869		1.2889569	
Gm37072		1.2883987	
ENSMUSG00000127489		1.2883987	
Or10j5		1.2883987	
ENSMUSG00000127263		1.2883987	
Gm52968		1.2883987	
ENSMUSG00000142393		1.2883987	
Gm11831		1.2883987	
ENSMUSG00000142867		1.2883987	
ENSMUSG00000126080		1.2883987	
ENSMUSG00000132421		1.2883987	
4930407G08Rik		1.2883987	
ENSMUSG00000136479		1.2883987	
ENSMUSG00000136898		1.2883987	
Gm43015		1.2883987	
ENSMUSG00000135031		1.2883987	
ENSMUSG00000138856		1.2883987	
Dlx6		1.2883987	
Gm44419		1.2883987	
Gkn3		1.2883987	
ENSMUSG00000126982		1.2883987	
Zim2		1.2883987	
Gm25134		1.2883987	
Gm15470		1.2883987	
Klk9		1.2883987	
Art1		1.2883987	
ENSMUSG00000124079		1.2883987	
ENSMUSG00000138706		1.2883987	
ENSMUSG00000139453		1.2883987	
Gm9655		1.2883987	
ENSMUSG00000136582		1.2883987	
ENSMUSG00000141046		1.2883987	
ENSMUSG00000139723		1.2883987	
ENSMUSG00000123814		1.2883987	
Gm23034		1.2883987	
Gm16143		1.2883987	
Elane		1.2883987	
ENSMUSG00000138662		1.2883987	
ENSMUSG00000124624		1.2883987	
ENSMUSG00000137590		1.2883987	
Lyz1		1.2883987	
ENSMUSG00000140784		1.2883987	
Gm48202		1.2883987	
Or6c8		1.2883987	
F630206G17Rik		1.2883987	
ENSMUSG00000129337		1.2883987	
ENSMUSG00000123953		1.2883987	
ENSMUSG00000121693		1.2883987	
ENSMUSG00000137586		1.2883987	
Lrfn5		1.2883987	
ENSMUSG00000139662		1.2883987	
Gm10735		1.2883987	
Gm49023		1.2883987	
Gm54668		1.2883987	
2900040C04Rik		1.2883987	
ENSMUSG00000131798		1.2883987	
Gm54794		1.2883987	
ENSMUSG00000129542		1.2883987	
ENSMUSG00000140019		1.2883987	
Gm8375		1.2883987	
Rps2-ps7		1.2883987	
ENSMUSG00000122118		1.2883987	
ENSMUSG00000126094		1.2883987	
Or5h25		1.2883987	
1700030A11Rik		1.2883987	
Mog		1.2883987	
ENSMUSG00000122942		1.2883987	
Gm55185		1.2883987	
ENSMUSG00000142307		1.2883987	
ENSMUSG00000135110		1.2883987	
Gm6023		1.2883987	
Gm34804		1.2879107	
Gm47573		1.2874275	
Slc2a2		1.2870142	
ENSMUSG00000125053		1.2869855	
Armh1		1.2869855	
ENSMUSG00000123734		1.2869855	
ENSMUSG00000123529		1.2869855	
Gm43480		1.2868114	
Tex101		1.285442	
ENSMUSG00000136315		1.2845056	
Srl		1.2842823	
Gm43460		1.2834647	
Hoxc10		1.2829103	
ENSMUSG00000138748		1.2828915	
Gm26520		1.2828915	
Aldob		1.2814335	
Gm10080		1.2807088	
4930593A02Rik		1.2800618	
Esm1		1.2791553	
Dppa4		1.2785985	
Barx1		1.2779272	
Epha7		1.277926	
C3		1.2773916	
Tenm3		1.275932	
Tceal5		1.2757477	
Panct2		1.2752676	
Sorl1		1.2746763	
Gm4681		1.2745819	
ENSMUSG00000134491		1.2743958	
Gm37412		1.2743958	
ENSMUSG00000131994		1.2743958	
ENSMUSG00000128750		1.2743958	
Gm7063		1.2743958	
ENSMUSG00000124996		1.2743958	
Gm37886		1.2743958	
Gm28942		1.2743958	
Ccl20		1.2743958	
Gm28380		1.2743958	
D830032E09Rik		1.2743958	
Htr5b		1.2743958	
Gm37124		1.2743958	
Cfhr3		1.2743958	
Gm37671		1.2743958	
ENSMUSG00000129443		1.2743958	
ENSMUSG00000126878		1.2743958	
Gm37073		1.2743958	
Ccdc121rt1		1.2743958	
ENSMUSG00000141750		1.2743958	
ENSMUSG00000129871		1.2743958	
Gm37866		1.2743958	
Gm13291		1.2743958	
ENSMUSG00000129293		1.2743958	
Mymk		1.2743958	
ENSMUSG00000143618		1.2743958	
ENSMUSG00000135292		1.2743958	
Gm13448		1.2743958	
Lrp1b		1.2743958	
ENSMUSG00000143271		1.2743958	
ENSMUSG00000142764		1.2743958	
ENSMUSG00000138930		1.2743958	
Gm14461		1.2743958	
Gm57447		1.2743958	
ENSMUSG00000133982		1.2743958	
3110099E03Rik		1.2743958	
ENSMUSG00000140971		1.2743958	
4930517E11Rik		1.2743958	
ENSMUSG00000132196		1.2743958	
Actl10		1.2743958	
Wfdc5		1.2743958	
ENSMUSG00000127625		1.2743958	
Zfp831		1.2743958	
Crh		1.2743958	
Gm18864		1.2743958	
Gm37131		1.2743958	
Tigd4		1.2743958	
Pglyrp3		1.2743958	
Sprr2i		1.2743958	
Lce1e		1.2743958	
Lce1g		1.2743958	
Tdpoz1		1.2743958	
Gm5543		1.2743958	
Gm43260		1.2743958	
4930509H03Rik		1.2743958	
ENSMUSG00000140082		1.2743958	
ENSMUSG00000130128		1.2743958	
ENSMUSG00000126197		1.2743958	
1500005C15Rik		1.2743958	
Clca3a2		1.2743958	
4930570G19Rik		1.2743958	
ENSMUSG00000124409		1.2743958	
Gm11899		1.2743958	
Fhl5		1.2743958	
ENSMUSG00000124848		1.2743958	
Spata31g1		1.2743958	
Gm12408		1.2743958	
ENSMUSG00000133313		1.2743958	
ENSMUSG00000123812		1.2743958	
ENSMUSG00000136804		1.2743958	
Gm11407		1.2743958	
Wincr1		1.2743958	
ENSMUSG00000134527		1.2743958	
Dmbx1		1.2743958	
Gm22092		1.2743958	
ENSMUSG00000125770		1.2743958	
Gm13029		1.2743958	
ENSMUSG00000126919		1.2743958	
1700095A21Rik		1.2743958	
Gm43113		1.2743958	
Cdhr17		1.2743958	
Gnat3		1.2743958	
Lhfpl3		1.2743958	
Speer4b		1.2743958	
Gm43755		1.2743958	
4930478M09Rik		1.2743958	
H2af-ps1		1.2743958	
Gm15866		1.2743958	
5830416I19Rik		1.2743958	
A730089K16Rik		1.2743958	
1700112J05Rik		1.2743958	
Gm43094		1.2743958	
Gm42930		1.2743958	
ENSMUSG00000123828		1.2743958	
Il31		1.2743958	
Pitpnm2os2		1.2743958	
Gm43481		1.2743958	
Gm36186		1.2743958	
Wee2		1.2743958	
C530044C16Rik		1.2743958	
ENSMUSG00000127347		1.2743958	
Igkv4-57		1.2743958	
Gm29438		1.2743958	
Gm44286		1.2743958	
ENSMUSG00000121511		1.2743958	
Gm44430		1.2743958	
Gm44120		1.2743958	
Klra17		1.2743958	
ENSMUSG00000121360		1.2743958	
Gm34391		1.2743958	
Vmn1r60		1.2743958	
ENSMUSG00000124035		1.2743958	
Vmn1r85		1.2743958	
Vmn1r173		1.2743958	
Gm52980		1.2743958	
ENSMUSG00000137235		1.2743958	
ENSMUSG00000140730		1.2743958	
A330087D11Rik		1.2743958	
ENSMUSG00000128877		1.2743958	
Gm38340		1.2743958	
Gm17983		1.2743958	
Ntn5		1.2743958	
Gm45066		1.2743958	
Gm44951		1.2743958	
Vmn2r76		1.2743958	
ENSMUSG00000126612		1.2743958	
Gm34225		1.2743958	
ENSMUSG00000142671		1.2743958	
Fgf3		1.2743958	
ENSMUSG00000140737		1.2743958	
Xkr5		1.2743958	
Gm56869		1.2743958	
G630064G18Rik		1.2743958	
ENSMUSG00000142745		1.2743958	
Gm16178		1.2743958	
Gm15991		1.2743958	
Gm45431		1.2743958	
Gm18212		1.2743958	
Ces1d		1.2743958	
ENSMUSG00000132305		1.2743958	
D030068K23Rik		1.2743958	
Or7g25		1.2743958	
Or7e177		1.2743958	
Gm17508		1.2743958	
Robo3		1.2743958	
Or8a1b		1.2743958	
Gm48284		1.2743958	
Mfrp		1.2743958	
Gm46124		1.2743958	
ENSMUSG00000125656		1.2743958	
Gm38134		1.2743958	
AU023762		1.2743958	
D730003K21Rik		1.2743958	
4930598N05Rik		1.2743958	
D030034A15Rik		1.2743958	
ENSMUSG00000126086		1.2743958	
ENSMUSG00000124406		1.2743958	
Prss57		1.2743958	
Gm38575		1.2743958	
ENSMUSG00000125447		1.2743958	
ENSMUSG00000124275		1.2743958	
Tac2		1.2743958	
ENSMUSG00000142064		1.2743958	
ENSMUSG00000124033		1.2743958	
Gm20456		1.2743958	
Gm12096		1.2743958	
ENSMUSG00000134341		1.2743958	
H2bc26		1.2743958	
Gm12333		1.2743958	
ENSMUSG00000132916		1.2743958	
Dbil5		1.2743958	
ENSMUSG00000122875		1.2743958	
ENSMUSG00000129124		1.2743958	
Krt26		1.2743958	
Cd7		1.2743958	
4930480M12Rik		1.2743958	
Lrrc72		1.2743958	
Gm48617		1.2743958	
Gm35818		1.2743958	
Gm56557		1.2743958	
ENSMUSG00000133237		1.2743958	
Gm48632		1.2743958	
ENSMUSG00000132000		1.2743958	
Gm48870		1.2743958	
H3c11		1.2743958	
Gm11378		1.2743958	
ENSMUSG00000130954		1.2743958	
Gm48704		1.2743958	
ENSMUSG00000132139		1.2743958	
Gm34022		1.2743958	
Gm28760		1.2743958	
A530001N23Rik		1.2743958	
Gm9894		1.2743958	
Gm41002		1.2743958	
ENSMUSG00000123043		1.2743958	
ENSMUSG00000128810		1.2743958	
ENSMUSG00000129077		1.2743958	
ENSMUSG00000135134		1.2743958	
Gm47758		1.2743958	
Gm10248		1.2743958	
ENSMUSG00000125385		1.2743958	
Gm56751		1.2743958	
9230112D13Rik		1.2743958	
ENSMUSG00000126029		1.2743958	
Or10g3		1.2743958	
ENSMUSG00000135850		1.2743958	
1700039M10Rik		1.2743958	
Gm33321		1.2743958	
ENSMUSG00000126278		1.2743958	
Rp1l1		1.2743958	
Nefl		1.2743958	
A230070E04Rik		1.2743958	
ENSMUSG00000127230		1.2743958	
Lrrc63		1.2743958	
Gm7232		1.2743958	
Gm49239		1.2743958	
Rxfp3		1.2743958	
Gm35167		1.2743958	
4930544F09Rik		1.2743958	
Gm49410		1.2743958	
Elfn2		1.2743958	
ENSMUSG00000125600		1.2743958	
Pdzrn4		1.2743958	
Tmt1a2		1.2743958	
ENSMUSG00000140954		1.2743958	
Gm7541		1.2743958	
Gm6048		1.2743958	
Zfp520-ps		1.2743958	
Gm4462		1.2743958	
ENSMUSG00000132918		1.2743958	
ENSMUSG00000122719		1.2743958	
Gm49712		1.2743958	
ENSMUSG00000123091		1.2743958	
Gcsam		1.2743958	
Retnla		1.2743958	
Gm16385		1.2743958	
ENSMUSG00000123682		1.2743958	
Gm41496		1.2743958	
ENSMUSG00000134692		1.2743958	
Gm50218		1.2743958	
Cyp4f39		1.2743958	
ENSMUSG00000124316		1.2743958	
ENSMUSG00000128280		1.2743958	
2300002M23Rik		1.2743958	
Gm20429		1.2743958	
ENSMUSG00000131697		1.2743958	
ENSMUSG00000135259		1.2743958	
ENSMUSG00000141033		1.2743958	
Gm29418		1.2743958	
Gm7502		1.2743958	
Pcdhb8		1.2743958	
Gm5237		1.2743958	
Adamts19		1.2743958	
Gm41757		1.2743958	
Mc5r		1.2743958	
Gm50179		1.2743958	
Gm2176		1.2743958	
1700095A13Rik		1.2743958	
Gm50268		1.2743958	
ENSMUSG00000127110		1.2743958	
Lipk		1.2743958	
Gm9067		1.2743958	
ENSMUSG00000140427		1.2743958	
Gm50132		1.2743958	
ENSMUSG00000123728		1.2743958	
Gabra3		1.2743958	
Gpr165		1.2743958	
Rep15		1.2734293	
Nsl1		1.2732637	
Tifab		1.2727517	
Gm50397		1.2695186	
Gm33318		1.2694689	
ENSMUSG00000141284		1.2691597	
ENSMUSG00000124566		1.2686269	
Kntc1		1.2683867	
ENSMUSG00000127747		1.2677559	
4930547M16Rik		1.2657824	
Mapk8ip2		1.2651703	
Colgalt2		1.2650352	
ENSMUSG00000142501		1.2648036	
Slc51a		1.2639183	
Evx1		1.2629317	
Gm56529		1.2629317	
ENSMUSG00000124767		1.2620608	
2610206C17Rik		1.2617351	
Rhox4d		1.2596561	
ENSMUSG00000136861		1.2594242	
ENSMUSG00000130599		1.2590598	
Crb2		1.2590282	
Pkhd1l1		1.2578028	
Ror2		1.2569032	
Rps12-ps10		1.2568336	
Mageb16		1.2560785	
Dzank1		1.2554268	
Gm37568		1.2552088	
Slc19a3		1.2536998	
Unc45b		1.253271	
ENSMUSG00000140449		1.2521303	
ENSMUSG00000122409		1.2520645	
BC026513		1.2517824	
Abca14		1.2513309	
H4c17		1.2507017	
ENSMUSG00000137362		1.2487985	
Atp7a		1.248214	
Mt3		1.2477056	
Cd79b		1.2458235	
Mmp12		1.2440542	
Col4a5		1.2437135	
Gm1123		1.2434682	
Rassf9		1.2426804	
Grip1		1.242565	
ENSMUSG00000136217		1.2423464	
Thrb		1.2422265	
ENSMUSG00000141781		1.2408235	
Kcnt1		1.2407864	
Aass		1.2404296	
Rlig1		1.2391884	
H3c6		1.2391338	
Edaradd		1.2379146	
C030037D09Rik		1.23775	
Ccl7		1.236905	
Gm16153		1.2362379	
ENSMUSG00000140465		1.2361975	
Asb10		1.235968	
Slc47a1		1.2347311	
Best1		1.2346791	
Gm13135		1.2345736	
Dtnbos		1.2345736	
Gm15911		1.2333962	
Gm31805		1.2332431	
Efcc1		1.2331034	
Plxnc1		1.2321343	
Ly6d		1.2313806	
ENSMUSG00000125188		1.2313198	
Gm4468		1.2307934	
Rmi2		1.2307934	
Tmem255a		1.2298335	
Tldc2		1.2297668	
Prdx2-ps1		1.2270831	
Gm12693		1.2270831	
Mir7026		1.2270831	
Gm44050		1.2270831	
Gm30211		1.2270831	
Gm24888		1.2270831	
Gm57050		1.2270831	
ENSMUSG00000137409		1.2270831	
Gm3095		1.2270831	
ENSMUSG00000134660		1.2270831	
ENSMUSG00000123949		1.2270831	
ENSMUSG00000134339		1.2270831	
Gm30786		1.2266159	
Fzd10os		1.226542	
Dpy19l2		1.226542	
Gm32401		1.226542	
Gm48925		1.226542	
Ppp1r2-ps3		1.226542	
Folr2		1.224766	
Gm19040		1.2235243	
ENSMUSG00000125324		1.2232835	
Cc2d2b		1.2219586	
Mkrn2os		1.2200686	
Gm57113		1.2178208	
Cts7-ps		1.2178208	
ENSMUSG00000139261		1.2177933	
Mir23b		1.2177933	
Gm8242		1.2177933	
Rap1gap2		1.2177747	
Cacna1i		1.2165486	
Cd200r1		1.2163063	
Gm37372		1.2160786	
Gm9456		1.2160786	
Car8		1.2158016	
Apod		1.2139201	
Metrn		1.2121873	
C130050O18Rik		1.2120697	
ENSMUSG00000128386		1.21194	
Gm42851		1.2117578	
Mir205hg		1.2110391	
Liat1		1.2109805	
ENSMUSG00000133080		1.2109805	
Gm7809		1.2109805	
Cpxm2		1.2101412	
Elmod1		1.2099928	
ENSMUSG00000127102		1.2094862	
C1ql1		1.2092724	
Optc		1.2089525	
Ogn		1.2083625	
Tpsb2		1.2079526	
Gbp11		1.2067556	
Myh11		1.2058705	
ENSMUSG00000132016		1.205269	
ENSMUSG00000137029		1.205269	
Gm43593		1.200444	
Cimap1b		1.1998795	
ENSMUSG00000131867		1.1982081	
Gm12403		1.1979649	
C6		1.1970292	
ENSMUSG00000132286		1.1969732	
Gm7027		1.1960909	
Nr3c2		1.1937233	
Il22ra1		1.1924802	
Gm49085		1.1893748	
Kif11		1.1893646	
ENSMUSG00000138693		1.1883936	
Gm14966		1.186762	
Gm43623		1.1865643	
Gm33347		1.1865643	
Slc5a4b		1.1865643	
ENSMUSG00000132055		1.1863791	
Gm27204		1.1855613	
Spsb4		1.1849607	
Tmem182		1.1840234	
Gm36372		1.1824836	
ENSMUSG00000141992		1.1823864	
Apoc4		1.1823864	
Gm43942		1.1823184	
Gm34000		1.1823184	
Eme1		1.1822312	
ENSMUSG00000125601		1.1819628	
Lilra5		1.1815889	
Fam222a		1.1810368	
ENSMUSG00000126371		1.1810012	
1700111N16Rik		1.178348	
Gm44649		1.1775241	
ENSMUSG00000124497		1.1765819	
Lrrc3b		1.1764256	
ENSMUSG00000127795		1.1763911	
2610037D02Rik		1.1762918	
Gm12543		1.1758724	
ENSMUSG00000123120		1.175534	
Gm34911		1.174364	
ENSMUSG00000141142		1.174364	
ENSMUSG00000137311		1.1743052	
Xrra1		1.1742663	
Gm4724		1.1736411	
ENSMUSG00000125881		1.1727288	
Hmga1b		1.1719297	
ENSMUSG00000130777		1.1712456	
Slc2a4		1.1711396	
Cyp2ab1		1.1704813	
ENSMUSG00000131262		1.1704452	
F13a1		1.1700193	
Klk4		1.1698232	
Tnfaip8l3		1.1690077	
Gabbr2		1.1680022	
Plpp7		1.1661749	
Zfp423		1.1657497	
Syt7		1.1624596	
Frs3os		1.1622918	
Gm37626		1.1609906	
ENSMUSG00000131201		1.1606134	
Gm43792		1.1600797	
Irx5		1.1599407	
Gm14403		1.1595261	
ENSMUSG00000139019		1.1593156	
Gm37905		1.1593156	
Gm28321		1.1593156	
Gm10555		1.1593156	
Gm47959		1.1593156	
Ascl5		1.1593156	
ENSMUSG00000124245		1.1593156	
ENSMUSG00000125452		1.1593156	
ENSMUSG00000141367		1.1593156	
ENSMUSG00000144161		1.1593156	
Gm22334		1.1593156	
Gdf5		1.1593156	
ENSMUSG00000142757		1.1593156	
ENSMUSG00000128734		1.1593156	
Gm14439		1.1593156	
ENSMUSG00000139065		1.1593156	
Spag17		1.1593156	
ENSMUSG00000125094		1.1593156	
ENSMUSG00000122667		1.1593156	
ENSMUSG00000139752		1.1593156	
Gm12923		1.1593156	
ENSMUSG00000135463		1.1593156	
ENSMUSG00000143750		1.1593156	
Gm12990		1.1593156	
4930515B02Rik		1.1593156	
Gm43727		1.1593156	
Gm15731		1.1593156	
Gm5129		1.1593156	
Gm42764		1.1593156	
Gm36732		1.1593156	
Gm15614		1.1593156	
Gm7816		1.1593156	
Tmprss11b		1.1593156	
Amtn		1.1593156	
Gm22728		1.1593156	
4930519G04Rik		1.1593156	
Gm49027		1.1593156	
ENSMUSG00000127848		1.1593156	
Ccl24		1.1593156	
Gjc3		1.1593156	
Gm55482		1.1593156	
Nme-ps1		1.1593156	
ENSMUSG00000124993		1.1593156	
ENSMUSG00000141113		1.1593156	
Vmn1r46		1.1593156	
4930517G19Rik		1.1593156	
ENSMUSG00000121841		1.1593156	
Vmn2r23		1.1593156	
B230110G15Rik		1.1593156	
ENSMUSG00000127827		1.1593156	
Gm18706		1.1593156	
Gm45311		1.1593156	
Gm44610		1.1593156	
Gm35363		1.1593156	
Gm55889		1.1593156	
Gm45792		1.1593156	
Gm30928		1.1593156	
Gm45502		1.1593156	
Tex36		1.1593156	
ENSMUSG00000133031		1.1593156	
Gm35520		1.1593156	
Gm45760		1.1593156	
Il17c		1.1593156	
ENSMUSG00000123674		1.1593156	
ENSMUSG00000138082		1.1593156	
ENSMUSG00000126182		1.1593156	
Or8c20		1.1593156	
Gm29054		1.1593156	
Gm46123		1.1593156	
Rpl7a-ps10		1.1593156	
Gm55983		1.1593156	
ENSMUSG00000126024		1.1593156	
ENSMUSG00000130634		1.1593156	
ENSMUSG00000124504		1.1593156	
Gm36595		1.1593156	
Gm17455		1.1593156	
ENSMUSG00000139560		1.1593156	
B530045E10Rik		1.1593156	
4930422I22Rik		1.1593156	
Gm12003		1.1593156	
ENSMUSG00000132355		1.1593156	
Dhrs7c		1.1593156	
ENSMUSG00000133447		1.1593156	
Gm10392		1.1593156	
Myadml2os		1.1593156	
9130015A21Rik		1.1593156	
Gm48408		1.1593156	
Or2w1b		1.1593156	
H3c3		1.1593156	
Gm55563		1.1593156	
Gm47004		1.1593156	
Gm2822		1.1593156	
ENSMUSG00000131092		1.1593156	
Gm21154		1.1593156	
Mroh2b		1.1593156	
ENSMUSG00000127176		1.1593156	
ENSMUSG00000124813		1.1593156	
ENSMUSG00000126709		1.1593156	
ENSMUSG00000122447		1.1593156	
Gm32624		1.1593156	
Gm34510		1.1593156	
Dcpp3		1.1593156	
Tmprss3		1.1593156	
ENSMUSG00000126645		1.1593156	
ENSMUSG00000138611		1.1593156	
ENSMUSG00000134313		1.1593156	
E230025N22Rik		1.1593156	
ENSMUSG00000138627		1.1593156	
ENSMUSG00000140214		1.1593156	
Gm50321		1.1593156	
Gm10143		1.1593156	
ENSMUSG00000134682		1.1593156	
ENSMUSG00000125513		1.1593156	
Sertm2		1.1593156	
Gm11944		1.158968	
Fsbp		1.1585933	
Tsacc		1.1576964	
Epha3		1.1576513	
Trpc1		1.157435	
Ube2t		1.156322	
St6galnac5		1.1560786	
ENSMUSG00000137183		1.1558694	
Vtn		1.1558414	
ENSMUSG00000126358		1.1558126	
Zfp300		1.1558126	
Gm12966		1.1556478	
Gm56509		1.1556478	
B3gnt5		1.1553955	
Gm45769		1.1551211	
Gm57118		1.1546149	
Gm36972		1.1546149	
ENSMUSG00000122851		1.1536779	
A330102I10Rik		1.1533144	
Gm19409		1.1522094	
Gm42600		1.1522094	
Stard6		1.1514007	
Pdzk1		1.1512282	
Gm56051		1.1511796	
2700029L08Rik		1.150761	
A930001M01Rik		1.150761	
Bcas3os1		1.1506293	
ENSMUSG00000140696		1.1481519	
Cspg4b		1.1480881	
Gm13054		1.1468719	
Gm48551		1.1468719	
Gm56573		1.1468719	
Gm49961		1.1468719	
Gm42670		1.1462706	
ENSMUSG00000138260		1.1460065	
Gm45965		1.1453451	
ENSMUSG00000126934		1.144663	
ENSMUSG00000122060		1.1432401	
Gm56727		1.1420202	
Rab3b		1.1419394	
Myo5c		1.140396	
A930006A01Rik		1.1391146	
Slc6a7		1.1391146	
Gm57395		1.1375476	
Gfpt2		1.1370674	
Gm29114		1.1369511	
Gm35066		1.1369511	
ENSMUSG00000133601		1.1369511	
8430423G03Rik		1.1360811	
Gm26616		1.1360734	
Gm12784		1.135845	
Sox6		1.1350142	
Nsun7		1.1348531	
ENSMUSG00000121771		1.1348531	
Gm56747		1.1344441	
Gdf11		1.1342896	
Pth2		1.1339494	
ENSMUSG00000136949		1.1339494	
Cdc42ep5		1.133352	
Wdr72		1.1332202	
ENSMUSG00000124568		1.1330507	
F8		1.1328335	
Kcnj5		1.1323	
Tspan8		1.132056	
Ubxn11		1.131991	
Myb		1.1311337	
Adam33		1.1307546	
Gm57253		1.1305898	
Or5m3b		1.1294223	
Rimklb		1.1288512	
Gm38416		1.1284068	
Eci3		1.1269948	
Fut2		1.1268321	
B3galt9		1.1262331	
Gstm7		1.1262331	
Gm44224		1.1262331	
Gm16172		1.1260098	
2310016G11Rik		1.1259826	
Ano9		1.1247519	
Gm49890		1.1247454	
Frem1		1.1243361	
ENSMUSG00000131772		1.1241744	
4931422A03Rik		1.1240112	
Cfap61		1.1240112	
Greb1l		1.123645	
H2-Q10		1.1231514	
Col24a1		1.1227092	
Gm41291		1.1215022	
ENSMUSG00000127528		1.1209749	
9430060I03Rik		1.1186497	
Gm36527		1.1186497	
Gm49322		1.1185427	
Prr15l		1.1183965	
Tox		1.1150185	
Acot12		1.1129696	
Zfp607a		1.1126572	
Gm56793		1.1126075	
Gimap5		1.1125544	
Gm15879		1.1124666	
Gm21060		1.1118681	
Gm38368		1.1112571	
Flicr		1.1110715	
ENSMUSG00000128554		1.1105365	
Slc2a7		1.1101146	
Gm10516		1.1087536	
ENSMUSG00000138852		1.1084831	
Fam186a		1.1084831	
Gm31107		1.107684	
Tceal7		1.1076529	
Gm55415		1.1074649	
ENSMUSG00000140330		1.1070176	
Gm14206		1.1067054	
Gm43999		1.106559	
Gm15418		1.1060725	
ENSMUSG00000123749		1.1058748	
Ccdc27		1.1056008	
Gm35206		1.1051987	
ENSMUSG00000129170		1.104869	
Gm4953		1.1042664	
Gm9238		1.1042664	
Rab42		1.103323	
Gm15915		1.1030846	
Hoxc13		1.1028458	
Gm16350		1.1021503	
Nbea		1.100249	
Shank1		1.1000592	
Slc38a5		1.099858	
Gm48293		1.0993532	
ENSMUSG00000141095		1.0986462	
Bsn		1.0971831	
Tbxas1		1.09709	
Krt79		1.0970407	
Gm15785		1.0967119	
Gm6166		1.0967119	
Vax2os		1.0956733	
Adam8		1.0953062	
ENSMUSG00000141815		1.0949242	
4930556I23Rik		1.0949242	
Tnp1		1.0949242	
1700020N18Rik		1.0949242	
ENSMUSG00000128739		1.0949242	
ENSMUSG00000133284		1.0949242	
ENSMUSG00000133744		1.0949242	
Kcnt2		1.0949242	
ENSMUSG00000142900		1.0949242	
Gm6652		1.0949242	
ENSMUSG00000140643		1.0949242	
Gm37542		1.0949242	
ENSMUSG00000134833		1.0949242	
ENSMUSG00000125521		1.0949242	
Gm20652		1.0949242	
ENSMUSG00000128224		1.0949242	
Gm56284		1.0949242	
Gm12580		1.0949242	
ENSMUSG00000122671		1.0949242	
Mir6397		1.0949242	
Gm57157		1.0949242	
Epha10		1.0949242	
Rpl38-ps1		1.0949242	
AI507597		1.0949242	
Gm13141		1.0949242	
ENSMUSG00000140925		1.0949242	
Gm43017		1.0949242	
Gm42616		1.0949242	
ENSMUSG00000136166		1.0949242	
ENSMUSG00000123746		1.0949242	
ENSMUSG00000123523		1.0949242	
ENSMUSG00000125226		1.0949242	
Gm43442		1.0949242	
ENSMUSG00000139419		1.0949242	
ENSMUSG00000137945		1.0949242	
Klrb1		1.0949242	
BC035044		1.0949242	
Gm38430		1.0949242	
ENSMUSG00000128926		1.0949242	
Gm12783		1.0949242	
ENSMUSG00000137373		1.0949242	
ENSMUSG00000129285		1.0949242	
ENSMUSG00000137327		1.0949242	
ENSMUSG00000129636		1.0949242	
Gm38379		1.0949242	
ENSMUSG00000134932		1.0949242	
ENSMUSG00000127040		1.0949242	
Gm18997		1.0949242	
Gm7769		1.0949242	
Gm47677		1.0949242	
ENSMUSG00000129085		1.0949242	
ENSMUSG00000133496		1.0949242	
Gm5921		1.0949242	
ENSMUSG00000123548		1.0949242	
Gm35454		1.0949242	
4930567K20Rik		1.0949242	
Gm36543		1.0949242	
Gm5778		1.0949242	
ENSMUSG00000136138		1.0949242	
Gm48761		1.0949242	
ENSMUSG00000143456		1.0949242	
Aldh3a1		1.0949242	
Rangrf		1.0949242	
ENSMUSG00000140853		1.0949242	
Elobl		1.0949242	
ENSMUSG00000138227		1.0949242	
ENSMUSG00000127431		1.0949242	
Silc1		1.0949242	
ENSMUSG00000140298		1.0949242	
Gm17194		1.0949242	
ENSMUSG00000141386		1.0949242	
Gm47765		1.0949242	
Gm2233		1.0949242	
Ctsll3		1.0949242	
Gm49762		1.0949242	
B230220B15Rik		1.0949242	
Gm3226		1.0949242	
Gm5458		1.0949242	
ENSMUSG00000133463		1.0949242	
ENSMUSG00000139243		1.0949242	
Gm8894		1.0949242	
ENSMUSG00000123566		1.0949242	
ENSMUSG00000132133		1.0949242	
Gm4940		1.0949242	
ENSMUSG00000132805		1.0949242	
Adcy8		1.0949242	
Smim41		1.0949242	
Gm36560		1.0949242	
Gtsf2		1.0949242	
ENSMUSG00000123251		1.0949242	
Gm49754		1.0949242	
ENSMUSG00000127377		1.0949242	
Rnaset2a		1.0949242	
ENSMUSG00000137480		1.0949242	
Gm23512		1.0949242	
Gm8934		1.0949242	
ENSMUSG00000138245		1.0949242	
Gm56655		1.0949242	
ENSMUSG00000138687		1.0949242	
ENSMUSG00000137182		1.0949242	
Gm10819		1.0949242	
Gm16216		1.0949242	
Mir450-2		1.0949242	
ENSMUSG00000129277		1.0949242	
ENSMUSG00000139601		1.0949242	
ENSMUSG00000142748		1.0949242	
Dcaf12l2		1.0949179	
ENSMUSG00000123291		1.0937648	
Ltbp1		1.0936317	
Gm34776		1.0919558	
Nptx1		1.0918802	
Slc7a15		1.0917873	
Gm30524		1.0901244	
Fcgr4		1.0901164	
Greb1		1.0896605	
Dppa3		1.0895938	
Apoa2		1.0887468	
2010008C14Rik		1.0882109	
Gm48086		1.0882028	
ENSMUSG00000121858		1.087646	
Gm15910		1.0876158	
ENSMUSG00000142225		1.0875037	
Sugct		1.0869884	
Srpx		1.0864661	
Vmn1r90		1.0855016	
ENSMUSG00000142267		1.0855016	
Lmod3		1.0850711	
ENSMUSG00000122919		1.0850711	
Gm36634		1.0850711	
Lrrc24		1.0850711	
Ccdc201		1.084831	
Lrp2		1.0833999	
ENSMUSG00000127434		1.0823485	
Gm4065		1.081849	
Rgsl1		1.081819	
Psapl1		1.081819	
Mir541		1.081819	
Prdm6		1.0817522	
Ccdc150		1.0816455	
Il36b		1.0805444	
Gm25131		1.0805444	
ENSMUSG00000127677		1.0803455	
ENSMUSG00000126256		1.0797088	
Gm49711		1.0795779	
Ptges3l		1.0777186	
Areg		1.0777152	
ENSMUSG00000126353		1.0776225	
Gm7666		1.0776225	
Gm42997		1.0762755	
ENSMUSG00000142959		1.0762755	
Gm2805		1.0762755	
2510046G10Rik		1.0751638	
Gm50462		1.0746485	
Gm26590		1.0726101	
Lrrn4cl		1.0719707	
Gm43423		1.071548	
Gm16759		1.0713878	
Syt9		1.0703915	
Dynlt1a		1.070029	
Cysltr1		1.0694236	
Wbscr25		1.0691346	
ENSMUSG00000131039		1.0690619	
A230009B12Rik		1.0690619	
ENSMUSG00000122270		1.06745	
ENSMUSG00000131749		1.0667754	
Ces1g		1.0667342	
Kansl2-ps		1.0664957	
Cfap95		1.0664564	
Adam1b		1.0664324	
ENSMUSG00000136085		1.0664324	
Asb11		1.0663757	
ENSMUSG00000127914		1.065917	
5430430B14Rik		1.0658524	
Gm39326		1.0650848	
Gm37559		1.0646478	
Gm38387		1.0622681	
Lrrc31		1.0622681	
Plk-ps1		1.0622681	
Gm44758		1.0622681	
ENSMUSG00000138695		1.0622681	
Gm47625		1.0622681	
Gm28651		1.0622681	
Dpp4		1.0619289	
Lgi4		1.0611349	
Gm42659		1.0603164	
Gm16244		1.0602254	
Gm33694		1.0598668	
ENSMUSG00000121897		1.0595603	
Abra		1.0593522	
Pilra		1.0591116	
Aplnr		1.058302	
Tmem14a		1.0576833	
Pxmp2		1.0573283	
Taco1os		1.0569423	
Col8a1		1.0559585	
Apc2		1.0553439	
Gm10676		1.0548644	
Proser3		1.0547279	
Dcaf8l		1.054112	
2810030D12Rik		1.0540196	
2810032G03Rik		1.0533806	
Gm56358		1.0531397	
Ttpa		1.053085	
Gm56759		1.0514764	
ENSMUSG00000128107		1.0511239	
5033425G24Rik		1.050965	
Gm47735		1.0500245	
Gm10129		1.0497397	
ENSMUSG00000136303		1.0496795	
Heatr9		1.0495073	
Gm56499		1.048019	
ENSMUSG00000125482		1.0473388	
S100a14		1.0471816	
A730011C13Rik		1.0468389	
Dmrt1		1.0466403	
Tmem95		1.0448402	
Gm40003		1.0448253	
ENSMUSG00000136369		1.0441929	
Sec14l3		1.0437785	
Gm15704		1.0426217	
Gm49767		1.0420891	
S100a2		1.0419781	
Gm43838		1.0419781	
Gm57206		1.0419781	
Rsph4a		1.041838	
Ugt1a1		1.0412883	
Fcgr2b		1.0410898	
ENSMUSG00000136038		1.0400993	
Naaladl2		1.0400993	
Ppy		1.0400549	
ENSMUSG00000123047		1.0399064	
Gm44662		1.0390316	
Fbxo2		1.0384624	
Angptl6		1.0382437	
H1f10		1.0380052	
Cwh43		1.0377246	
Clec10a		1.0371045	
Lratd2		1.0366507	
Tceal3		1.0365554	
Gm42666		1.035884	
Zfp977		1.0354849	
Gm56802		1.0350122	
Klhl32		1.0350122	
2310040G24Rik		1.0348147	
ENSMUSG00000121483		1.0338413	
ENSMUSG00000127169		1.032973	
Plce1		1.0326427	
Pdxp		1.0325565	
Mboat1		1.0319016	
ENSMUSG00000127218		1.0318521	
Gm57298		1.0315522	
Gm42937		1.0313276	
Gm19792		1.0313276	
Rhobtb3		1.0313109	
Phf11a		1.0309415	
Ikzf5		1.0302516	
Trdc		1.029511	
Gm37294		1.0292575	
9330154J02Rik		1.0291171	
Dmrta2os		1.0289907	
Or10v5		1.0280138	
Gm31718		1.0278544	
ENSMUSG00000142115		1.0255247	
Gm13627		1.0255247	
ENSMUSG00000137503		1.0255247	
Gm3264		1.0255247	
4930500H12Rik		1.0255247	
Sult1d1		1.0243603	
Abcc3		1.0235351	
ENSMUSG00000130663		1.0233859	
Hoxc11		1.0223298	
ENSMUSG00000140973		1.020767	
Gpr55		1.0206952	
Adam1a		1.0205786	
Gen1		1.0202912	
Acsm3		1.0200666	
Myoz3		1.0200536	
ENSMUSG00000135579		1.0197402	
ENSMUSG00000122853		1.0197402	
ENSMUSG00000133830		1.0197402	
ENSMUSG00000126479		1.0197402	
ENSMUSG00000129577		1.0197402	
Obp2a		1.0197402	
Galnt5		1.0197402	
Gm13626		1.0197402	
Or4c15		1.0197402	
Gm39918		1.0197402	
Dnmt3c		1.0197402	
ENSMUSG00000130990		1.0197402	
Flg2		1.0197402	
Gm43751		1.0197402	
ENSMUSG00000141026		1.0197402	
Gm43825		1.0197402	
Gm43058		1.0197402	
Mir7025		1.0197402	
Gm16019		1.0197402	
ENSMUSG00000126830		1.0197402	
ENSMUSG00000141024		1.0197402	
ENSMUSG00000121733		1.0197402	
Lrrtm1		1.0197402	
Gm56932		1.0197402	
Gm17089		1.0197402	
ENSMUSG00000130907		1.0197402	
Gm44585		1.0197402	
Vmn1r80		1.0197402	
Lrrc4b		1.0197402	
Gm45486		1.0197402	
Gm42397		1.0197402	
Ccdc83		1.0197402	
Mir7061		1.0197402	
Gm44984		1.0197402	
ENSMUSG00000142668		1.0197402	
ENSMUSG00000131972		1.0197402	
ENSMUSG00000141028		1.0197402	
ENSMUSG00000142871		1.0197402	
ENSMUSG00000125042		1.0197402	
ENSMUSG00000122183		1.0197402	
Tmprss9		1.0197402	
Psma5-ps		1.0197402	
Mir7688		1.0197402	
ENSMUSG00000136592		1.0197402	
Rpsa-ps2		1.0197402	
Btnl10		1.0197402	
2310065F04Rik		1.0197402	
ENSMUSG00000123312		1.0197402	
Mir5119		1.0197402	
ENSMUSG00000126073		1.0197402	
ENSMUSG00000131358		1.0197402	
Gm5786		1.0197402	
ENSMUSG00000122399		1.0197402	
ENSMUSG00000131491		1.0197402	
1700084F23Rik		1.0197402	
Gm41030		1.0197402	
Gm6616		1.0197402	
Gm9013		1.0197402	
Gm31227		1.0197402	
ENSMUSG00000121683		1.0197402	
Cyp11b2		1.0197402	
ENSMUSG00000143810		1.0197402	
ENSMUSG00000141422		1.0197402	
ENSMUSG00000134726		1.0197402	
ENSMUSG00000126721		1.0197402	
Gm38071		1.0197402	
Or12d17		1.0197402	
ENSMUSG00000126122		1.0197402	
Gm35550		1.0197402	
Gm24401		1.0197402	
Gm54378		1.0197402	
Gm6974		1.0197402	
ENSMUSG00000131230		1.0197402	
ENSMUSG00000138724		1.0197402	
Rhox4a2		1.0197402	
Sprr1a		1.0191927	
ENSMUSG00000144077		1.0191796	
Gm44764		1.0171686	
Cpt1b		1.0171118	
Slc26a1		1.0167019	
Gm56542		1.0162015	
Itih3		1.0150965	
Pwwp4c		1.0144086	
Nptx2		1.0140558	
Paqr6		1.0137702	
Hnf1a		1.0133989	
Gm831		1.0133295	
Gm22771		1.013134	
Gm6967		1.0130776	
Grb14		1.0125895	
Runx2os1		1.0115469	
Gm15506		1.0114346	
Snord58b		1.011003	
ENSMUSG00000140557		1.009281	
Gm17092		1.0086887	
Fbxl22		1.0084573	
ENSMUSG00000138461		1.0064453	
Gm2058		1.0063488	
Pnoc		1.0061742	
Kynu		1.0057956	
Grap2		1.0050486	
Chst4		1.0050337	
H2-T24		1.004981	
1110025M09Rik		1.0048374	
5930420M18Rik		1.0043851	
Rpl34-ps1		1.0029429	
Gm4610		1.0022606	
Fgf1		1.0014428	
Dppa1		1.0014307	
Knstrn		1.0013299	
Stx19		1.0006722	
ENSMUSG00000127116		1.0005602	
Gm56698		1.0000626	
Hoxb6		0.9984512	
Gm13816		0.99830663	
Wfdc3		0.99830663	
Gm57150		0.99830663	
Gm33440		0.99830663	
Gm48239		0.99830663	
ENSMUSG00000135146		0.99830663	
ENSMUSG00000137456		0.99814457	
Rbakdn		0.99814457	
Dkk2		0.9980828	
ENSMUSG00000133655		0.9976441	
ENSMUSG00000124547		0.99705184	
Gm7204		0.9968368	
Gm44416		0.9966345	
ENSMUSG00000131817		0.9963697	
ENSMUSG00000128685		0.9961402	
Zfp30		0.9956157	
Gm12932		0.99400944	
2610029K11Rik		0.99400944	
Gm36899		0.99389255	
9530085L11Rik		0.99344647	
ENSMUSG00000140326		0.99272156	
Cacng1		0.99272156	
Rac3		0.9905383	
Tbxa2r		0.9904653	
Rab40b		0.9900317	
Lypd3		0.9900132	
Gm17906		0.98946506	
1700031F05Rik		0.9894505	
ENSMUSG00000144157		0.98903346	
Mctp1		0.9888006	
Gm14379		0.98857504	
Gm4332		0.9885673	
Mcoln3		0.98800474	
Dgkb		0.9878481	
1700093J21Rik		0.9878095	
Plxna3		0.9870003	
Il1rl1		0.9865091	
Gm12758		0.9865091	
Gm20751		0.9865091	
ENSMUSG00000131508		0.98547924	
Celsr1		0.98533183	
Gm11747		0.9847324	
ENSMUSG00000124038		0.98366547	
1600010M07Rik		0.98366547	
4933411E08Rik		0.98366547	
Olfml1		0.9832137	
Cpa6		0.98313934	
Rab17		0.98313534	
Pdgfc		0.98306745	
Cthrc1		0.982022	
Gm12669		0.98190504	
ENSMUSG00000125004		0.98190504	
Plekhd1os		0.9816786	
Plg		0.9810255	
4930522L14Rik		0.98084074	
Gm47138		0.9807739	
Gm50393		0.98060006	
Gm37486		0.98034257	
4930431P19Rik		0.97986794	
Ch25h		0.97913784	
Gm15990		0.979091	
Plb1		0.97846603	
A530053G22Rik		0.9783362	
ENSMUSG00000124684		0.9783362	
Gm17638		0.9768349	
ENSMUSG00000125175		0.97661436	
ENSMUSG00000123782		0.9765661	
Syt16		0.9763253	
Gm10244		0.9763169	
ENSMUSG00000127497		0.9763166	
Gm56767		0.9763166	
Rnf150		0.9761272	
Fibin		0.9760031	
ENSMUSG00000133786		0.9758894	
Dnaaf6		0.9756972	
Rasd2		0.97534025	
Gm27184		0.97521114	
Gm23887		0.97521114	
2810449D17Rik		0.9748103	
Sspo		0.97436124	
Gm19710		0.97349286	
Nudt17		0.97339106	
ENSMUSG00000140706		0.9730576	
ENSMUSG00000134115		0.9719978	
Tubd1		0.97185844	
Ncs1		0.971641	
Raet1e		0.97155607	
Gm44199		0.9710227	
C1qtnf9		0.97095376	
Art4		0.97038794	
Gm26754		0.96931326	
Ccdc198		0.96929497	
Gm33053		0.96918	
Pou1f1		0.96918	
4930517L18Rik		0.96918	
Gm32027		0.9688028	
Gm16984		0.9687407	
ENSMUSG00000125576		0.96873724	
Gamt		0.96803385	
Mfap4		0.9672769	
Spink1		0.9670673	
Gm16217		0.9669116	
Adrb2		0.9666159	
Impg2		0.9654334	
Klrb1b		0.9654322	
Gm4131		0.9654322	
ENSMUSG00000138335		0.9651606	
H2ac25		0.96428895	
Gm4761		0.9639798	
Il7r		0.9638485	
Gm13868		0.9635945	
Gm37780		0.9634347	
1700003D09Rik		0.9623629	
ENSMUSG00000133073		0.9622055	
Gm2792		0.96181977	
ENSMUSG00000143742		0.961567	
Lst1		0.960775	
Necab3		0.96070915	
9530080O11Rik		0.96070915	
Gm48636		0.96070915	
1700001K19Rik		0.96070915	
Gm34343		0.9602884	
ENSMUSG00000128170		0.9601125	
Lgals2		0.95886123	
Gm47572		0.9587467	
ENSMUSG00000137823		0.95864296	
ENSMUSG00000135723		0.95864296	
ENSMUSG00000138876		0.95841485	
Pclaf		0.9583603	
Tspan13		0.9578773	
Arv1		0.9569493	
Gm25184		0.9569438	
Mki67		0.9563145	
1810073O08Rik		0.95626116	
4930577N17Rik		0.95603967	
Tnnt3		0.95592415	
Hpx		0.95397174	
ENSMUSG00000136158		0.95376825	
ENSMUSG00000134594		0.95376825	
Gm34552		0.9536412	
Gm56398		0.95242655	
Spef1l		0.95242655	
ENSMUSG00000140650		0.95242655	
Plppr3		0.95191073	
Gm30091		0.95184654	
Chsy3		0.9506892	
Cblc		0.9503406	
Hk3		0.9503004	
ENSMUSG00000128139		0.9495235	
Adnp		0.9491263	
ENSMUSG00000143411		0.94875675	
1700110I01Rik		0.94847834	
Ryr2		0.94818884	
Lrrc3		0.94784886	
Nkapl		0.94738513	
Slc30a10		0.94732606	
ENSMUSG00000133244		0.94731003	
Uchl4		0.9472212	
Cutal		0.9470317	
Kcnn1		0.94670147	
Akr1c14		0.94555116	
Cyyr1		0.9455145	
Hif3a		0.9449819	
Il2ra		0.94420934	
Gm16059		0.94420934	
Gm56797		0.944094	
ENSMUSG00000139843		0.944094	
Meioc		0.944094	
Dnai2		0.944094	
ENSMUSG00000134720		0.944094	
4933427E11Rik		0.9436825	
ENSMUSG00000139593		0.94350344	
Gbp8		0.942917	
Gm671		0.942917	
Gm12996		0.9425046	
Rtbdn		0.9425046	
Gm24474		0.9425046	
ENSMUSG00000127800		0.9410937	
Gm37285		0.9410855	
Gm36640		0.9402208	
ENSMUSG00000137707		0.93959874	
Cyp2r1		0.9393958	
Apol7a		0.93919826	
Ramacl		0.9388029	
9130019P16Rik		0.93844634	
Gm13889		0.9383292	
Mterf1a		0.9372918	
Vil1		0.93726355	
Zdhhc22		0.93721735	
BC065397		0.93696535	
Ikzf4		0.93625444	
Gm33103		0.9356797	
Clec11a		0.9353853	
H1f3		0.93406	
ENSMUSG00000143758		0.93384326	
Gm38132		0.93376493	
Gm12514		0.93371695	
Sptlc3		0.93358284	
1700041G16Rik		0.93348074	
Gm9816		0.93298024	
Gm6210		0.93239486	
ENSMUSG00000129703		0.93199474	
ENSMUSG00000140188		0.93187994	
Gm8797		0.9315747	
Gm24464		0.9315747	
ENSMUSG00000125099		0.93145865	
Gm43429		0.931421	
Foxo6		0.93118536	
Terb1		0.93090194	
Asb2		0.93082523	
Kcnc3		0.93075436	
Gm41608		0.9304796	
Cyp2c68		0.9276817	
Slc11a1		0.92759794	
Rspo4os		0.9266759	
Kpna7		0.9259455	
Elfn1		0.9254561	
Zfp354a		0.9253966	
Dtl		0.92522943	
Lilrb4a		0.92491883	
Gm12352		0.9248463	
Gm27029		0.9248463	
Diaph3		0.9248097	
Large2		0.92355824	
ENSMUSG00000134930		0.92348355	
ENSMUSG00000127303		0.92322755	
Opcml		0.92303467	
Col15a1		0.9217103	
Ces2c		0.92139095	
Gm9828		0.92087865	
H1f4		0.9203761	
Gm16580		0.9201897	
Ephx2		0.9199598	
Tmtc4		0.91972905	
Rps10		0.91932625	
Gm15964		0.9190912	
Has3		0.9180546	
ENSMUSG00000135831		0.9178009	
ENSMUSG00000143285		0.9178009	
Gm25047		0.91746074	
Sowahb		0.91695493	
Gm15663		0.9165729	
Plekhb1		0.91646653	
1700006J14Rik		0.91646653	
Lrat		0.9161063	
Gm57120		0.9150627	
Mypn		0.9149075	
Slc25a35		0.913799	
Clca1		0.9136918	
Pla2g4b		0.9136156	
Frmd5		0.91316384	
Serpina1d		0.91298085	
Fam241a		0.91262674	
Gm13611		0.91079634	
ENSMUSG00000127798		0.91079634	
Cnnm1		0.9107153	
Fancl		0.9102752	
Pecr		0.91015714	
Hapln4		0.90827906	
Gm39469		0.90786	
Dbndd1		0.9069467	
Abhd15		0.90480626	
ENSMUSG00000142771		0.90447396	
Aox1		0.9042017	
Zfp758		0.9037516	
Gm21149		0.9034837	
Atxn7l1os1		0.9034837	
Gm3029		0.90341765	
Eddm13		0.9020488	
Gm379		0.9020488	
ENSMUSG00000127251		0.90136313	
ENSMUSG00000121505		0.901264	
Gtsf1l		0.90124065	
Sorcs2		0.90102357	
Gm56816		0.90095556	
Aff2		0.9005128	
Zan		0.9001734	
Meltf		0.8998748	
Speer4e2		0.89958286	
Bach2os		0.8989384	
ENSMUSG00000138163		0.8989384	
Gm40323		0.8989384	
ENSMUSG00000127928		0.8989384	
Pde7b		0.89797807	
Cenpu		0.8975271	
A530020G20Rik		0.89752066	
Gm2018		0.897125	
4930520O04Rik		0.896853	
Gm44891		0.89659715	
Gm49863		0.8962797	
Gm31728		0.8961868	
Ankrd45		0.8960327	
Cldn6		0.89545536	
Rpl7-ps7		0.8949795	
Gm19696		0.89476496	
Misp		0.894686	
Trim55		0.8946817	
Cd72		0.89391047	
Mrps25		0.8935549	
Gm15728		0.8930459	
Gm38910		0.8929612	
Gm49066		0.8921003	
Unc13d		0.89199305	
Kcnab2		0.89195365	
ENSMUSG00000126248		0.8918434	
Gm37592		0.8918434	
Adam30		0.8918434	
Gm45148		0.8918434	
Gm44826		0.8918434	
Gm9755		0.8918434	
Gprc6a		0.8918434	
4930471L23Rik		0.8918434	
Gm46633		0.8918434	
Slc9a9		0.89135593	
ENSMUSG00000131627		0.8911963	
Gm30082		0.89102817	
Dusp19		0.89069563	
2810455O05Rik		0.89004457	
Gm28720		0.8899943	
Fcrl1		0.88835794	
Sntb1		0.88786006	
Gm43012		0.8862381	
Fras1		0.8860348	
Ccl9		0.88591003	
Cd6		0.88575125	
Gm14168		0.88569957	
ENSMUSG00000140283		0.8855986	
Cdh2		0.8852273	
Muc6		0.8850623	
ENSMUSG00000122837		0.8849483	
Dqx1		0.8848627	
Il1rapl2		0.8844916	
Lrp8os3		0.8843162	
ENSMUSG00000143179		0.8842649	
Cldn15		0.8837233	
Tcea3		0.88364965	
H3c2		0.88353	
ENSMUSG00000134775		0.8830767	
ENSMUSG00000141578		0.8830767	
Gm15247		0.8830767	
Ncapg2		0.88278973	
Gm9926		0.88108253	
Gm56711		0.8810739	
St18		0.8808775	
ENSMUSG00000134440		0.8808775	
ENSMUSG00000134452		0.8808775	
ENSMUSG00000126000		0.8808775	
Gm38249		0.8808775	
Gm28836		0.8808775	
Cfc1		0.8808775	
ENSMUSG00000135071		0.8808775	
ENSMUSG00000132917		0.8808775	
ENSMUSG00000131701		0.8808775	
Stk-ps2		0.8808775	
Gm8367		0.8808775	
Gm8419		0.8808775	
ENSMUSG00000127189		0.8808775	
ENSMUSG00000122950		0.8808775	
Gm37121		0.8808775	
ENSMUSG00000141233		0.8808775	
ENSMUSG00000142007		0.8808775	
ENSMUSG00000126678		0.8808775	
ENSMUSG00000123606		0.8808775	
9830004L10Rik		0.8808775	
Gm17017		0.8808775	
ENSMUSG00000121351		0.8808775	
ENSMUSG00000127412		0.8808775	
ENSMUSG00000123464		0.8808775	
Gm38277		0.8808775	
ENSMUSG00000124408		0.8808775	
Gm20302		0.8808775	
Gm38235		0.8808775	
D630008O14Rik		0.8808775	
ENSMUSG00000139153		0.8808775	
ENSMUSG00000132290		0.8808775	
ENSMUSG00000129247		0.8808775	
Gm57176		0.8808775	
Gm16081		0.8808775	
Slc26a9		0.8808775	
ENSMUSG00000123358		0.8808775	
Gm37935		0.8808775	
Mgat4e		0.8808775	
Gm28892		0.8808775	
Rbm6-ps2		0.8808775	
ENSMUSG00000139438		0.8808775	
Gm10531		0.8808775	
ENSMUSG00000126994		0.8808775	
ENSMUSG00000125109		0.8808775	
Gm18407		0.8808775	
ENSMUSG00000142000		0.8808775	
Mael		0.8808775	
ENSMUSG00000140164		0.8808775	
ENSMUSG00000140122		0.8808775	
Wdr64		0.8808775	
Gm37306		0.8808775	
4930527J03Rik		0.8808775	
Gm10518		0.8808775	
ENSMUSG00000134856		0.8808775	
Gm37390		0.8808775	
ENSMUSG00000141810		0.8808775	
ENSMUSG00000126820		0.8808775	
Mir669a-2		0.8808775	
ENSMUSG00000137666		0.8808775	
Noxa1		0.8808775	
Gm13433		0.8808775	
ENSMUSG00000129954		0.8808775	
A230005M16Rik		0.8808775	
ENSMUSG00000137258		0.8808775	
ENSMUSG00000126405		0.8808775	
Gm13405		0.8808775	
Gm23369		0.8808775	
9030204H09Rik		0.8808775	
Kcnj3		0.8808775	
Gm13544		0.8808775	
ENSMUSG00000142418		0.8808775	
ENSMUSG00000137264		0.8808775	
Or5ak25		0.8808775	
Or8k35		0.8808775	
ENSMUSG00000132024		0.8808775	
Ptprjos1		0.8808775	
ENSMUSG00000142730		0.8808775	
Gm13880		0.8808775	
ENSMUSG00000142523		0.8808775	
Gm56411		0.8808775	
ENSMUSG00000141362		0.8808775	
Gm13976		0.8808775	
Gm13983		0.8808775	
ENSMUSG00000131890		0.8808775	
ENSMUSG00000129687		0.8808775	
ENSMUSG00000133383		0.8808775	
ENSMUSG00000143653		0.8808775	
Gm14061		0.8808775	
Zcchc9-ps		0.8808775	
Macrod2os1		0.8808775	
ENSMUSG00000137851		0.8808775	
ENSMUSG00000143277		0.8808775	
Gm14120		0.8808775	
Tmem74bos		0.8808775	
Tmem74b		0.8808775	
ENSMUSG00000138200		0.8808775	
2310005A03Rik		0.8808775	
Acss2os		0.8808775	
Tnnc2		0.8808775	
ENSMUSG00000140770		0.8808775	
ENSMUSG00000128359		0.8808775	
ENSMUSG00000125736		0.8808775	
ENSMUSG00000128651		0.8808775	
Ankrd60		0.8808775	
ENSMUSG00000141984		0.8808775	
Abhd16b		0.8808775	
Mir124-2hg		0.8808775	
ENSMUSG00000125923		0.8808775	
Kcnmb3		0.8808775	
Gm21388		0.8808775	
Gm42209		0.8808775	
Gm16508		0.8808775	
ENSMUSG00000138775		0.8808775	
ENSMUSG00000125153		0.8808775	
ENSMUSG00000131852		0.8808775	
ENSMUSG00000130784		0.8808775	
4921539H07Rik		0.8808775	
ENSMUSG00000142378		0.8808775	
ENSMUSG00000130399		0.8808775	
ENSMUSG00000130438		0.8808775	
Gm17895		0.8808775	
ENSMUSG00000130126		0.8808775	
Gm56775		0.8808775	
ENSMUSG00000140423		0.8808775	
ENSMUSG00000122287		0.8808775	
Gm19439		0.8808775	
ENSMUSG00000136847		0.8808775	
ENSMUSG00000137742		0.8808775	
ENSMUSG00000139235		0.8808775	
ENSMUSG00000144189		0.8808775	
C2cd4d		0.8808775	
Ctxnd2		0.8808775	
Gm17815		0.8808775	
ENSMUSG00000135597		0.8808775	
ENSMUSG00000135184		0.8808775	
Pafah1b1-ps1		0.8808775	
Gja8		0.8808775	
Gm43024		0.8808775	
Gm32803		0.8808775	
Nr1h5		0.8808775	
Gm6522		0.8808775	
Gm5279		0.8808775	
ENSMUSG00000137229		0.8808775	
Mybphl		0.8808775	
Gm9857		0.8808775	
ENSMUSG00000138757		0.8808775	
ENSMUSG00000143924		0.8808775	
ENSMUSG00000143449		0.8808775	
Gm42514		0.8808775	
4930534D22Rik		0.8808775	
Gm9402		0.8808775	
Gm22322		0.8808775	
ENSMUSG00000141343		0.8808775	
Gm2451		0.8808775	
Gm9419		0.8808775	
Gm19104		0.8808775	
Gm43618		0.8808775	
1810013D15Rik		0.8808775	
Gm11882		0.8808775	
ENSMUSG00000122547		0.8808775	
Gm12381		0.8808775	
Gm17094		0.8808775	
ENSMUSG00000131048		0.8808775	
ENSMUSG00000139021		0.8808775	
ENSMUSG00000130845		0.8808775	
ENSMUSG00000132816		0.8808775	
Or13c3		0.8808775	
ENSMUSG00000129190		0.8808775	
Gm11241		0.8808775	
Saxo1		0.8808775	
Gm13284		0.8808775	
Gm12656		0.8808775	
Foxd3		0.8808775	
C8a		0.8808775	
Bsnd		0.8808775	
ENSMUSG00000122747		0.8808775	
ENSMUSG00000134735		0.8808775	
Gm12739		0.8808775	
ENSMUSG00000131473		0.8808775	
Gm22335		0.8808775	
ENSMUSG00000124266		0.8808775	
Gm12855		0.8808775	
Lao1		0.8808775	
Gm12954		0.8808775	
ENSMUSG00000123911		0.8808775	
ENSMUSG00000127842		0.8808775	
ENSMUSG00000141000		0.8808775	
ENSMUSG00000138760		0.8808775	
ENSMUSG00000133065		0.8808775	
Gm57066		0.8808775	
Gm12967		0.8808775	
ENSMUSG00000133516		0.8808775	
ENSMUSG00000133436		0.8808775	
Oog2		0.8808775	
Gm13200		0.8808775	
Gm13094		0.8808775	
ENSMUSG00000140689		0.8808775	
ENSMUSG00000127728		0.8808775	
ENSMUSG00000124731		0.8808775	
ENSMUSG00000144055		0.8808775	
Gm8953		0.8808775	
Gm6543		0.8808775	
Gm43657		0.8808775	
Gm21846		0.8808775	
Gm21168		0.8808775	
ENSMUSG00000129499		0.8808775	
Gm10459		0.8808775	
4931431C16Rik		0.8808775	
ENSMUSG00000135097		0.8808775	
Gm42524		0.8808775	
Nkx3-2		0.8808775	
6030400A10Rik		0.8808775	
Gm43366		0.8808775	
Gm20475		0.8808775	
ENSMUSG00000124543		0.8808775	
ENSMUSG00000125364		0.8808775	
Gm40304		0.8808775	
ENSMUSG00000135740		0.8808775	
ENSMUSG00000132514		0.8808775	
ENSMUSG00000137355		0.8808775	
Gm28865		0.8808775	
ENSMUSG00000137605		0.8808775	
ENSMUSG00000130552		0.8808775	
Ugt2b36		0.8808775	
ENSMUSG00000126258		0.8808775	
ENSMUSG00000135043		0.8808775	
Gm19649		0.8808775	
ENSMUSG00000138080		0.8808775	
Gm7663		0.8808775	
Gm33609		0.8808775	
Gm42759		0.8808775	
ENSMUSG00000138317		0.8808775	
Gm42793		0.8808775	
Gm57256		0.8808775	
Gfi1		0.8808775	
Gm43365		0.8808775	
ENSMUSG00000141983		0.8808775	
ENSMUSG00000127191		0.8808775	
Gm15727		0.8808775	
ENSMUSG00000142087		0.8808775	
Oas1e		0.8808775	
ENSMUSG00000130488		0.8808775	
ENSMUSG00000125294		0.8808775	
Gm34086		0.8808775	
Gm42839		0.8808775	
ENSMUSG00000131385		0.8808775	
Tmem132b		0.8808775	
ENSMUSG00000127563		0.8808775	
Trim50		0.8808775	
Gm57299		0.8808775	
Gm16036		0.8808775	
Gm43398		0.8808775	
Gm43155		0.8808775	
ENSMUSG00000130979		0.8808775	
D730045B01Rik		0.8808775	
Vmn2r-ps25		0.8808775	
1700016P04Rik		0.8808775	
Gm43843		0.8808775	
ENSMUSG00000137946		0.8808775	
Iqub		0.8808775	
Gm37978		0.8808775	
ENSMUSG00000123970		0.8808775	
Gm13858		0.8808775	
ENSMUSG00000127743		0.8808775	
Npn2		0.8808775	
1700065J11Rik		0.8808775	
ENSMUSG00000124745		0.8808775	
ENSMUSG00000131074		0.8808775	
ENSMUSG00000132801		0.8808775	
Trbj1-6		0.8808775	
Gm37527		0.8808775	
Or2r3		0.8808775	
ENSMUSG00000140585		0.8808775	
ENSMUSG00000132986		0.8808775	
Vmn1r12		0.8808775	
Qrfprl		0.8808775	
Igkv8-24		0.8808775	
ENSMUSG00000130926		0.8808775	
ENSMUSG00000126167		0.8808775	
Gm44235		0.8808775	
ENSMUSG00000139904		0.8808775	
Gm6312		0.8808775	
Gm45145		0.8808775	
Gm43981		0.8808775	
Gm15624		0.8808775	
Gm6342		0.8808775	
Gm44750		0.8808775	
Gm44153		0.8808775	
ENSMUSG00000128060		0.8808775	
ENSMUSG00000139270		0.8808775	
Gm44207		0.8808775	
Gm54787		0.8808775	
Gm43923		0.8808775	
2010109P13Rik		0.8808775	
Gm44279		0.8808775	
ENSMUSG00000143766		0.8808775	
Gm44317		0.8808775	
Mug2		0.8808775	
ENSMUSG00000140420		0.8808775	
ENSMUSG00000140456		0.8808775	
Vmn2r20		0.8808775	
Gm10415		0.8808775	
Platr31		0.8808775	
Gm43914		0.8808775	
ENSMUSG00000140680		0.8808775	
Gm56982		0.8808775	
ENSMUSG00000137577		0.8808775	
Tmem190		0.8808775	
4933431C10Rik		0.8808775	
Gm45069		0.8808775	
Gm38944		0.8808775	
Gm15877		0.8808775	
Obox4-ps2		0.8808775	
ENSMUSG00000137665		0.8808775	
Gm53033		0.8808775	
Mir7048		0.8808775	
ENSMUSG00000125671		0.8808775	
Nlrp9c		0.8808775	
Gm44684		0.8808775	
Gm44632		0.8808775	
ENSMUSG00000142590		0.8808775	
ENSMUSG00000123308		0.8808775	
ENSMUSG00000123437		0.8808775	
Scgb2b7		0.8808775	
Gm30684		0.8808775	
Gm44767		0.8808775	
Gm17102		0.8808775	
ENSMUSG00000126707		0.8808775	
ENSMUSG00000135628		0.8808775	
6530437J22Rik		0.8808775	
Gm45674		0.8808775	
Ldhc		0.8808775	
Dbx1		0.8808775	
Gm44627		0.8808775	
ENSMUSG00000128763		0.8808775	
Gm44948		0.8808775	
Gm44532		0.8808775	
Gm44689		0.8808775	
Gm55584		0.8808775	
ENSMUSG00000125501		0.8808775	
Gm32695		0.8808775	
Gm39043		0.8808775	
ENSMUSG00000130587		0.8808775	
Gm44907		0.8808775	
Gm45159		0.8808775	
ENSMUSG00000124290		0.8808775	
Gm38405		0.8808775	
Gm7067		0.8808775	
Or51g2		0.8808775	
Or52r1c		0.8808775	
Cnga4		0.8808775	
ENSMUSG00000143224		0.8808775	
ENSMUSG00000131112		0.8808775	
ENSMUSG00000141287		0.8808775	
Gm9165		0.8808775	
Ern2		0.8808775	
Gm44745		0.8808775	
Gm25579		0.8808775	
ENSMUSG00000123692		0.8808775	
Gm57228		0.8808775	
4931431B13Rik		0.8808775	
Gm32707		0.8808775	
4930544L04Rik		0.8808775	
Gm45682		0.8808775	
Krtap5-4		0.8808775	
Gm15579		0.8808775	
ENSMUSG00000132221		0.8808775	
ENSMUSG00000140492		0.8808775	
Gm44693		0.8808775	
ENSMUSG00000141684		0.8808775	
Gm44789		0.8808775	
ENSMUSG00000132090		0.8808775	
C030037F17Rik		0.8808775	
Gm35998		0.8808775	
Gm56856		0.8808775	
ENSMUSG00000138398		0.8808775	
Mboat4		0.8808775	
Gm34368		0.8808775	
ENSMUSG00000143044		0.8808775	
Gm30504		0.8808775	
ENSMUSG00000139595		0.8808775	
Gm45264		0.8808775	
Mir7240		0.8808775	
ENSMUSG00000130323		0.8808775	
Gm46046		0.8808775	
ENSMUSG00000125243		0.8808775	
Gm27208		0.8808775	
ENSMUSG00000128924		0.8808775	
Ces1h		0.8808775	
ENSMUSG00000136953		0.8808775	
Gm45762		0.8808775	
Lrrc36		0.8808775	
ENSMUSG00000124742		0.8808775	
ENSMUSG00000137441		0.8808775	
ENSMUSG00000122724		0.8808775	
ENSMUSG00000139346		0.8808775	
ENSMUSG00000132437		0.8808775	
4930488N15Rik		0.8808775	
ENSMUSG00000130105		0.8808775	
Gm15898		0.8808775	
ENSMUSG00000127981		0.8808775	
ENSMUSG00000138198		0.8808775	
ENSMUSG00000131249		0.8808775	
ENSMUSG00000129399		0.8808775	
ENSMUSG00000135377		0.8808775	
ENSMUSG00000141083		0.8808775	
Gm29761		0.8808775	
Gm48627		0.8808775	
ENSMUSG00000132603		0.8808775	
ENSMUSG00000123381		0.8808775	
Gm47963		0.8808775	
Or8b1		0.8808775	
Or8b48		0.8808775	
Gm48127		0.8808775	
5830462O15Rik		0.8808775	
Gm47231		0.8808775	
Gm24166		0.8808775	
Gm47960		0.8808775	
ENSMUSG00000133243		0.8808775	
ENSMUSG00000144181		0.8808775	
ENSMUSG00000143914		0.8808775	
Gm17322		0.8808775	
ENSMUSG00000140944		0.8808775	
Gm47676		0.8808775	
ENSMUSG00000135247		0.8808775	
ENSMUSG00000138450		0.8808775	
Gm19219		0.8808775	
ENSMUSG00000138238		0.8808775	
ENSMUSG00000133235		0.8808775	
C2cd4b		0.8808775	
ENSMUSG00000133921		0.8808775	
ENSMUSG00000143995		0.8808775	
ENSMUSG00000141940		0.8808775	
Gm27152		0.8808775	
Bcl2l10		0.8808775	
ENSMUSG00000122741		0.8808775	
Gm48821		0.8808775	
ENSMUSG00000134970		0.8808775	
Gm38230		0.8808775	
Gm37457		0.8808775	
Gm38344		0.8808775	
Gm29600		0.8808775	
ENSMUSG00000122775		0.8808775	
Gm37200		0.8808775	
ENSMUSG00000139086		0.8808775	
ENSMUSG00000138045		0.8808775	
ENSMUSG00000122834		0.8808775	
Gm42775		0.8808775	
ENSMUSG00000132157		0.8808775	
Gm38661		0.8808775	
Gm17020		0.8808775	
Gm46209		0.8808775	
ENSMUSG00000128171		0.8808775	
ENSMUSG00000134798		0.8808775	
4930401C15Rik		0.8808775	
Gm19801		0.8808775	
ENSMUSG00000129559		0.8808775	
Gm30034		0.8808775	
Gm48864		0.8808775	
ENSMUSG00000139725		0.8808775	
Gm17196		0.8808775	
Gm48670		0.8808775	
4930431F10Rik		0.8808775	
ENSMUSG00000134861		0.8808775	
ENSMUSG00000129130		0.8808775	
Gm48072		0.8808775	
ENSMUSG00000131398		0.8808775	
ENSMUSG00000127217		0.8808775	
Gm32023		0.8808775	
4930563J15Rik		0.8808775	
ENSMUSG00000143689		0.8808775	
Gm29783		0.8808775	
C730027H18Rik		0.8808775	
Gm16221		0.8808775	
Slc5a4a		0.8808775	
ENSMUSG00000141586		0.8808775	
Nmrk2		0.8808775	
ENSMUSG00000138984		0.8808775	
ENSMUSG00000127591		0.8808775	
Platr7		0.8808775	
Gm56990		0.8808775	
Ascl4		0.8808775	
Gm16271		0.8808775	
Pah		0.8808775	
Gm18670		0.8808775	
ENSMUSG00000144178		0.8808775	
ENSMUSG00000122348		0.8808775	
ENSMUSG00000132486		0.8808775	
4930579P08Rik		0.8808775	
ENSMUSG00000135464		0.8808775	
Gm47425		0.8808775	
ENSMUSG00000129309		0.8808775	
ENSMUSG00000139877		0.8808775	
ENSMUSG00000122412		0.8808775	
Gm11961		0.8808775	
ENSMUSG00000139720		0.8808775	
Gm11969		0.8808775	
ENSMUSG00000125843		0.8808775	
Gm11990		0.8808775	
ENSMUSG00000126726		0.8808775	
Gm37818		0.8808775	
Rpl9-ps2		0.8808775	
Wnt3a		0.8808775	
ENSMUSG00000137929		0.8808775	
ENSMUSG00000139661		0.8808775	
ENSMUSG00000144109		0.8808775	
ENSMUSG00000128288		0.8808775	
ENSMUSG00000130674		0.8808775	
Mir467f		0.8808775	
ENSMUSG00000137775		0.8808775	
ENSMUSG00000135083		0.8808775	
Alox12e		0.8808775	
ENSMUSG00000143115		0.8808775	
Rab11fip4os1		0.8808775	
Ccl1		0.8808775	
Unc45bos		0.8808775	
1190001M18Rik		0.8808775	
Gm37391		0.8808775	
ENSMUSG00000140428		0.8808775	
Gm11542		0.8808775	
Cdc34b		0.8808775	
ENSMUSG00000129714		0.8808775	
Gm57378		0.8808775	
ENSMUSG00000138623		0.8808775	
ENSMUSG00000138069		0.8808775	
Krtap3-1		0.8808775	
Krt9		0.8808775	
ENSMUSG00000128825		0.8808775	
ENSMUSG00000128309		0.8808775	
ENSMUSG00000140521		0.8808775	
ENSMUSG00000138797		0.8808775	
ENSMUSG00000142165		0.8808775	
Gm11657		0.8808775	
1700096J18Rik		0.8808775	
ENSMUSG00000136572		0.8808775	
ENSMUSG00000131528		0.8808775	
ENSMUSG00000139404		0.8808775	
Gm55444		0.8808775	
Gm11732		0.8808775	
Gm11734		0.8808775	
Gm11788		0.8808775	
Gm53660		0.8808775	
ENSMUSG00000144158		0.8808775	
Gm48606		0.8808775	
ENSMUSG00000121635		0.8808775	
ENSMUSG00000133323		0.8808775	
Gm9315		0.8808775	
Gm47482		0.8808775	
ENSMUSG00000137582		0.8808775	
ENSMUSG00000125526		0.8808775	
Gm47961		0.8808775	
ENSMUSG00000133769		0.8808775	
ENSMUSG00000143453		0.8808775	
Nkx2-1		0.8808775	
Gm47556		0.8808775	
Gm8385		0.8808775	
Gm56541		0.8808775	
Gm5655		0.8808775	
Gm48383		0.8808775	
Gm49703		0.8808775	
ENSMUSG00000144091		0.8808775	
Mir493		0.8808775	
Mir540		0.8808775	
Mir3070b		0.8808775	
Gm56525		0.8808775	
ENSMUSG00000127615		0.8808775	
Gm46379		0.8808775	
Mir6939		0.8808775	
Mir153		0.8808775	
ENSMUSG00000121353		0.8808775	
ENSMUSG00000138868		0.8808775	
ENSMUSG00000141107		0.8808775	
Gpx6		0.8808775	
Gm11271		0.8808775	
Mir1983		0.8808775	
Gm48356		0.8808775	
Gm11359		0.8808775	
Gm48073		0.8808775	
Tex56		0.8808775	
Gm47730		0.8808775	
4930579J19Rik		0.8808775	
ENSMUSG00000129156		0.8808775	
ENSMUSG00000132611		0.8808775	
ENSMUSG00000140479		0.8808775	
ENSMUSG00000132110		0.8808775	
Gm7622		0.8808775	
Gm47513		0.8808775	
Or14p1		0.8808775	
Or9s18		0.8808775	
ENSMUSG00000137627		0.8808775	
Gm17039		0.8808775	
Gm16125		0.8808775	
ENSMUSG00000127123		0.8808775	
Atp6ap1l		0.8808775	
Gm48102		0.8808775	
Gm32702		0.8808775	
ENSMUSG00000121654		0.8808775	
ENSMUSG00000125040		0.8808775	
ENSMUSG00000125084		0.8808775	
ENSMUSG00000131763		0.8808775	
ENSMUSG00000126193		0.8808775	
ENSMUSG00000128529		0.8808775	
Setd9-ps		0.8808775	
Cdc20b		0.8808775	
ENSMUSG00000134099		0.8808775	
Nek10		0.8808775	
Gm48601		0.8808775	
Gm29899		0.8808775	
ENSMUSG00000141905		0.8808775	
Gm49252		0.8808775	
Drgx		0.8808775	
Gm7734		0.8808775	
Gm30556		0.8808775	
Lrit2		0.8808775	
BC061237		0.8808775	
Gm49125		0.8808775	
ENSMUSG00000133382		0.8808775	
Or4k15		0.8808775	
Gm18762		0.8808775	
Gm43434		0.8808775	
ENSMUSG00000130654		0.8808775	
Mhrt		0.8808775	
ENSMUSG00000126861		0.8808775	
Gm48453		0.8808775	
Defb42		0.8808775	
ENSMUSG00000132719		0.8808775	
ENSMUSG00000142946		0.8808775	
ENSMUSG00000142094		0.8808775	
ENSMUSG00000121701		0.8808775	
ENSMUSG00000126219		0.8808775	
Gm32815		0.8808775	
ENSMUSG00000125911		0.8808775	
4930433E05Rik		0.8808775	
4930524C18Rik		0.8808775	
Gm18076		0.8808775	
ENSMUSG00000137630		0.8808775	
Gm49260		0.8808775	
ENSMUSG00000138983		0.8808775	
ENSMUSG00000142079		0.8808775	
Gm5210		0.8808775	
Gm49162		0.8808775	
Gm49685		0.8808775	
ENSMUSG00000122957		0.8808775	
Gm48996		0.8808775	
ENSMUSG00000134934		0.8808775	
Gm49311		0.8808775	
ENSMUSG00000128304		0.8808775	
Dpys		0.8808775	
ENSMUSG00000140999		0.8808775	
ENSMUSG00000138651		0.8808775	
ENSMUSG00000139351		0.8808775	
ENSMUSG00000129943		0.8808775	
Gm31342		0.8808775	
Gm56694		0.8808775	
Gm46519		0.8808775	
ENSMUSG00000123252		0.8808775	
Gm10856		0.8808775	
Gm49412		0.8808775	
ENSMUSG00000126867		0.8808775	
ENSMUSG00000143067		0.8808775	
ENSMUSG00000142604		0.8808775	
Cyp2d13		0.8808775	
ENSMUSG00000141009		0.8808775	
ENSMUSG00000124292		0.8808775	
ENSMUSG00000133514		0.8808775	
Gm41381		0.8808775	
Nell2		0.8808775	
Gm41392		0.8808775	
Gm49506		0.8808775	
ENSMUSG00000131981		0.8808775	
ENSMUSG00000131768		0.8808775	
ENSMUSG00000129249		0.8808775	
Gm15538		0.8808775	
Gm15537		0.8808775	
ENSMUSG00000129590		0.8808775	
ENSMUSG00000122939		0.8808775	
Igll1		0.8808775	
Gsc2		0.8808775	
Gm16863		0.8808775	
ENSMUSG00000139526		0.8808775	
Gm49514		0.8808775	
ENSMUSG00000141103		0.8808775	
Gm49705		0.8808775	
Gm41452		0.8808775	
ENSMUSG00000134541		0.8808775	
Zpld1		0.8808775	
ENSMUSG00000129695		0.8808775	
Gm15839		0.8808775	
ENSMUSG00000131420		0.8808775	
ENSMUSG00000134869		0.8808775	
4933411O13Rik		0.8808775	
Gm37241		0.8808775	
Gm41485		0.8808775	
ENSMUSG00000127271		0.8808775	
Gm49704		0.8808775	
ENSMUSG00000124833		0.8808775	
Gm46555		0.8808775	
Cldn20		0.8808775	
Tmem181c-ps		0.8808775	
Gm33799		0.8808775	
Tcp10c		0.8808775	
Eif3s6-ps3		0.8808775	
Gm49163		0.8808775	
ENSMUSG00000132562		0.8808775	
Gm34455		0.8808775	
ENSMUSG00000141878		0.8808775	
ENSMUSG00000132513		0.8808775	
Gm41561		0.8808775	
Gm50138		0.8808775	
Gm20513		0.8808775	
ENSMUSG00000130154		0.8808775	
H2-M10.4		0.8808775	
Or10al7		0.8808775	
ENSMUSG00000124752		0.8808775	
ENSMUSG00000142310		0.8808775	
ENSMUSG00000133430		0.8808775	
Gm49914		0.8808775	
ENSMUSG00000137937		0.8808775	
4930405O22Rik		0.8808775	
Gm54915		0.8808775	
ENSMUSG00000138194		0.8808775	
Gm37639		0.8808775	
Gm50021		0.8808775	
ENSMUSG00000124249		0.8808775	
ENSMUSG00000142566		0.8808775	
Gm49967		0.8808775	
2010106C02Rik		0.8808775	
Gm50039		0.8808775	
Vmn1r-ps152		0.8808775	
ENSMUSG00000129883		0.8808775	
ENSMUSG00000122393		0.8808775	
ENSMUSG00000144131		0.8808775	
Nol4		0.8808775	
ENSMUSG00000134413		0.8808775	
ENSMUSG00000125660		0.8808775	
ENSMUSG00000136040		0.8808775	
Pcdha2		0.8808775	
ENSMUSG00000139069		0.8808775	
2010320O07Rik		0.8808775	
Grxcr2		0.8808775	
ENSMUSG00000138496		0.8808775	
Gm5504		0.8808775	
Pudp		0.8808775	
ENSMUSG00000137853		0.8808775	
ENSMUSG00000122923		0.8808775	
F730048M01Rik		0.8808775	
Gm50115		0.8808775	
Rpl37a-ps2		0.8808775	
Gm26977		0.8808775	
ENSMUSG00000141342		0.8808775	
ENSMUSG00000122544		0.8808775	
ENSMUSG00000122410		0.8808775	
ENSMUSG00000134248		0.8808775	
ENSMUSG00000131651		0.8808775	
ENSMUSG00000126370		0.8808775	
Or5b21		0.8808775	
Or5b102		0.8808775	
ENSMUSG00000128606		0.8808775	
Gm50255		0.8808775	
ENSMUSG00000134605		0.8808775	
Mlana		0.8808775	
ENSMUSG00000123958		0.8808775	
Lipf		0.8808775	
Gm41836		0.8808775	
ENSMUSG00000139114		0.8808775	
A930028N01Rik		0.8808775	
ENSMUSG00000133352		0.8808775	
Gm26644		0.8808775	
ENSMUSG00000142546		0.8808775	
ENSMUSG00000128190		0.8808775	
Gm55328		0.8808775	
Gm30381		0.8808775	
ENSMUSG00000139908		0.8808775	
Gm17197		0.8808775	
ENSMUSG00000132789		0.8808775	
Mplkipl1		0.8808775	
Gm7079		0.8808775	
Gm14524		0.8808775	
ENSMUSG00000141292		0.8808775	
ENSMUSG00000129602		0.8808775	
ENSMUSG00000123622		0.8808775	
Gm14626		0.8808775	
ENSMUSG00000126035		0.8808775	
Rpl7l1-ps1		0.8808775	
Avpr2		0.8808775	
ENSMUSG00000139373		0.8808775	
Vsig4		0.8808775	
ENSMUSG00000130671		0.8808775	
Gm9078		0.8808775	
ENSMUSG00000121861		0.8808775	
Gm9164		0.8808775	
Gm6285		0.8808775	
Gm14834		0.8808775	
Gm14912		0.8808775	
Htr2c		0.8808775	
Gm15132		0.8808775	
Gm15157		0.8808775	
Gja6		0.8808775	
ENSMUSG00000135203		0.8808775	
Ddx3y		0.8808775	
ENSMUSG00000143911		0.8805219	
Tmem51		0.8805	
Zfp493		0.8800871	
Gm37716		0.88001806	
Gm38246		0.8799422	
Pkib		0.87964946	
Dus4l		0.8795119	
Pou4f1		0.8788614	
Creb3l4		0.8786312	
ENSMUSG00000131266		0.8785914	
ENSMUSG00000141500		0.87781507	
Acy1		0.8776585	
Gm42928		0.87704206	
Vwa5b2		0.8769863	
Acta1		0.8768826	
Gm6055		0.8761128	
ENSMUSG00000124732		0.87597334	
Fndc4		0.8754696	
ENSMUSG00000138730		0.87541986	
Dynlt1c		0.87520105	
Cpz		0.87517	
ENSMUSG00000143931		0.8744158	
Gm7390		0.8744158	
Gdnf		0.8742643	
Gm37249		0.87421554	
Slc24a3		0.87419534	
ENSMUSG00000135131		0.87375116	
Gm6305		0.87362236	
Tdrd5		0.8735949	
Gm50273		0.8734409	
Mrc1		0.8734366	
ENSMUSG00000122259		0.87330073	
Cldn18		0.8731776	
Efna3		0.87312585	
ENSMUSG00000127639		0.87306315	
Cpa2		0.87287575	
Slc1a2		0.87267375	
Gm32914		0.87267375	
Gvin3		0.8721034	
Gm36041		0.8721034	
Tnik		0.8713884	
Gm15401		0.87123305	
Tmem253		0.8704237	
ENSMUSG00000122230		0.87037957	
ENSMUSG00000128395		0.87037957	
Gm4799		0.87037957	
Gm36377		0.87037957	
Gm15612		0.86982846	
ENSMUSG00000135059		0.8697543	
ENSMUSG00000136706		0.8695886	
Cbr3		0.8691103	
Ccdc70		0.8689438	
Gm37429		0.86835575	
Gm28340		0.86835575	
Gm28287		0.86835575	
Gm38089		0.86835575	
Alyreffm1		0.86835575	
Gm29228		0.86835575	
4930535G08Rik		0.86835575	
Gm37091		0.86835575	
Pantr1		0.86835575	
Gm15833		0.86835575	
ENSMUSG00000133455		0.86835575	
ENSMUSG00000134157		0.86835575	
ENSMUSG00000127287		0.86835575	
Gm6177		0.86835575	
ENSMUSG00000131599		0.86835575	
4930503O07Rik		0.86835575	
Gm37766		0.86835575	
Gad2		0.86835575	
ENSMUSG00000126008		0.86835575	
Gad1os		0.86835575	
Actc1dt		0.86835575	
Gm29010		0.86835575	
ENSMUSG00000133293		0.86835575	
4930545L23Rik		0.86835575	
Gm14152		0.86835575	
Gm14216		0.86835575	
Gm14257		0.86835575	
ENSMUSG00000139909		0.86835575	
Gm14387		0.86835575	
ENSMUSG00000132580		0.86835575	
ENSMUSG00000137955		0.86835575	
Gm42568		0.86835575	
Cd1d2		0.86835575	
Fcrl5		0.86835575	
Mir7013		0.86835575	
Gm42782		0.86835575	
Gm43190		0.86835575	
Rrh		0.86835575	
ENSMUSG00000131450		0.86835575	
Gm10154		0.86835575	
Gm12642		0.86835575	
Gm12802		0.86835575	
Gm12993		0.86835575	
Gm57126		0.86835575	
ENSMUSG00000122119		0.86835575	
Gm16110		0.86835575	
Galntl5		0.86835575	
Gm43503		0.86835575	
Fam184b		0.86835575	
Gm42535		0.86835575	
Gm43175		0.86835575	
Gm8115		0.86835575	
Gm42860		0.86835575	
Gm42566		0.86835575	
U90926		0.86835575	
A730035I17Rik		0.86835575	
ENSMUSG00000144115		0.86835575	
Gm43019		0.86835575	
ENSMUSG00000139420		0.86835575	
Spdye4a		0.86835575	
Gm57259		0.86835575	
ENSMUSG00000123845		0.86835575	
Or2a52		0.86835575	
Gm56039		0.86835575	
Igkv6-15		0.86835575	
ENSMUSG00000131847		0.86835575	
Gm44001		0.86835575	
ENSMUSG00000138169		0.86835575	
Chl1		0.86835575	
Grm7		0.86835575	
ENSMUSG00000142107		0.86835575	
ENSMUSG00000123554		0.86835575	
ENSMUSG00000130274		0.86835575	
Gm43908		0.86835575	
ENSMUSG00000138124		0.86835575	
Nlrp4b		0.86835575	
Gm26604		0.86835575	
ENSMUSG00000139829		0.86835575	
2310002F09Rik		0.86835575	
Gm44738		0.86835575	
ENSMUSG00000142470		0.86835575	
5930435M05Rik		0.86835575	
ENSMUSG00000123857		0.86835575	
E130201H02Rik		0.86835575	
ENSMUSG00000141456		0.86835575	
ENSMUSG00000127786		0.86835575	
Cox8b		0.86835575	
ENSMUSG00000135331		0.86835575	
Gm17215		0.86835575	
1700029H14Rik		0.86835575	
AY512931		0.86835575	
ENSMUSG00000140682		0.86835575	
ENSMUSG00000125993		0.86835575	
ENSMUSG00000122083		0.86835575	
Gm36198		0.86835575	
Gm57035		0.86835575	
ENSMUSG00000130400		0.86835575	
Gm47239		0.86835575	
4931429L15Rik		0.86835575	
Cyp19a1		0.86835575	
AY074887		0.86835575	
Gm17828		0.86835575	
Gm47723		0.86835575	
Gm28530		0.86835575	
Gm37563		0.86835575	
Gm19721		0.86835575	
Fbxw14		0.86835575	
ENSMUSG00000142507		0.86835575	
ENSMUSG00000127505		0.86835575	
ENSMUSG00000138666		0.86835575	
Gm4895		0.86835575	
ENSMUSG00000126072		0.86835575	
ENSMUSG00000139352		0.86835575	
Gm47615		0.86835575	
ENSMUSG00000122712		0.86835575	
ENSMUSG00000124407		0.86835575	
Gm19810		0.86835575	
ENSMUSG00000133070		0.86835575	
ENSMUSG00000130803		0.86835575	
ENSMUSG00000129256		0.86835575	
Gm12043		0.86835575	
ENSMUSG00000127642		0.86835575	
ENSMUSG00000136132		0.86835575	
Gm12203		0.86835575	
Gm12205		0.86835575	
ENSMUSG00000139832		0.86835575	
ENSMUSG00000129109		0.86835575	
ENSMUSG00000135860		0.86835575	
ENSMUSG00000126819		0.86835575	
Gm11535		0.86835575	
ENSMUSG00000124308		0.86835575	
ENSMUSG00000133524		0.86835575	
Gm11754		0.86835575	
Gm7172		0.86835575	
ENSMUSG00000141040		0.86835575	
ENSMUSG00000127518		0.86835575	
ENSMUSG00000125245		0.86835575	
Gm26512		0.86835575	
ENSMUSG00000123848		0.86835575	
Gm40983		0.86835575	
ENSMUSG00000135754		0.86835575	
ENSMUSG00000142198		0.86835575	
ENSMUSG00000121681		0.86835575	
Gm30054		0.86835575	
Gm16506		0.86835575	
Gm55634		0.86835575	
2410012E07Rik		0.86835575	
Gm31282		0.86835575	
ENSMUSG00000130629		0.86835575	
Gm5144		0.86835575	
ENSMUSG00000127425		0.86835575	
Gm49262		0.86835575	
Gm7517		0.86835575	
Gm22488		0.86835575	
Hhla1		0.86835575	
Gm56736		0.86835575	
ENSMUSG00000127118		0.86835575	
Hoxc12		0.86835575	
ENSMUSG00000137500		0.86835575	
Gm4111		0.86835575	
ENSMUSG00000125402		0.86835575	
Gm22129		0.86835575	
Gp1bb		0.86835575	
Tmem207		0.86835575	
Ropn1		0.86835575	
ENSMUSG00000137140		0.86835575	
Ppp1r2-ps1		0.86835575	
Gm17879		0.86835575	
Gm49632		0.86835575	
Gm49691		0.86835575	
Gm49092		0.86835575	
Gm38099		0.86835575	
Gm50036		0.86835575	
Gm9577		0.86835575	
Gm9706		0.86835575	
Prph2		0.86835575	
ENSMUSG00000123918		0.86835575	
Sult1c1		0.86835575	
Gm41604		0.86835575	
ENSMUSG00000135047		0.86835575	
Gm41638		0.86835575	
Gm33228		0.86835575	
2010110K18Rik		0.86835575	
Gm36989		0.86835575	
ENSMUSG00000138966		0.86835575	
ENSMUSG00000134770		0.86835575	
Gm30094		0.86835575	
ENSMUSG00000134021		0.86835575	
Gm41793		0.86835575	
Dipk1c		0.86835575	
ENSMUSG00000130503		0.86835575	
Gm6365		0.86835575	
Or5b113		0.86835575	
Gm50236		0.86835575	
ENSMUSG00000137612		0.86835575	
ENSMUSG00000141088		0.86835575	
Gm36043		0.86835575	
ENSMUSG00000135216		0.86835575	
Sorcs3		0.86835575	
4930484I04Rik		0.86835575	
Llph-ps2		0.86835575	
ENSMUSG00000128727		0.86835575	
ENSMUSG00000136359		0.86835575	
Gm15379		0.86835575	
ENSMUSG00000133095		0.86835575	
Gm56687		0.86835575	
Tmsb15b2		0.86835575	
ENSMUSG00000126857		0.8683106	
Gm15288		0.8683106	
Gm29793		0.86807483	
ENSMUSG00000122720		0.86802286	
Zfp174		0.86791146	
Gm37423		0.86765957	
H4c4		0.8675945	
Serpinf1		0.8670927	
Rad51c		0.8668615	
Gm15429		0.866702	
Nipsnap1		0.86645365	
Gm34220		0.8664509	
Ube2v2		0.86588854	
Adgrb1		0.86546785	
Asprv1		0.86501557	
Aarsd1		0.8649887	
Gm572		0.86479455	
Ryr1		0.8646398	
D930030I03Rik		0.8637779	
Gm53065		0.8636492	
ENSMUSG00000134438		0.8632936	
Prdm14		0.8632549	
Lpar5		0.86314684	
Stamos		0.8631036	
Cfap221		0.86305475	
Gm47467		0.86263895	
ENSMUSG00000132980		0.8621368	
ENSMUSG00000139874		0.86184883	
Trim14		0.86155915	
ENSMUSG00000132897		0.86095166	
Angptl1		0.86003196	
Gm38313		0.86003196	
Efcab5		0.8593344	
Grin2c		0.8593154	
Gm43185		0.85864663	
2900009J06Rik		0.8585639	
Slc8a1		0.8585055	
Siglec1		0.8578499	
Gm14401		0.85738796	
ENSMUSG00000127819		0.85736877	
Sel1l3		0.85670763	
Gcnt3		0.8564492	
Gpt		0.8564342	
Gm17112		0.85614014	
Sv2a		0.85607195	
Ino80dos		0.85585475	
Car12		0.8557769	
ENSMUSG00000121455		0.8556247	
ENSMUSG00000123662		0.8554767	
Zfp882		0.8553719	
ENSMUSG00000134199		0.85514987	
Gm56543		0.8551402	
Ggt5		0.854894	
Gm3005		0.85464287	
Gm8113		0.85425156	
Gm45799		0.85372734	
Slc2a13		0.8534336	
Trpv5		0.85333735	
Ptgfr		0.8531611	
L1td1		0.8528791	
5730420D15Rik		0.8525738	
Draxin		0.8525504	
Slc39a8		0.85223544	
Kel		0.8521988	
5430402O13Rik		0.8520243	
Faah		0.85150474	
Tox2		0.8509524	
ENSMUSG00000140405		0.8507629	
Gm48701		0.85065323	
Cish		0.850624	
Gm43101		0.84965754	
6330418K02Rik		0.84956074	
Igdcc3		0.8494699	
Gm16315		0.8486597	
A630001G21Rik		0.84860843	
Zcwpw2		0.8484578	
Gdpd2		0.84827226	
Abo		0.847626	
Tmem98		0.8474721	
Itih4		0.8473665	
Bst1		0.8473385	
ENSMUSG00000131137		0.8472792	
Ackr4		0.84722847	
Mab21l4		0.846924	
Gm28809		0.845925	
Itih5		0.8457574	
Elovl4		0.8455852	
Gm33677		0.8449802	
Iigp1c		0.84495234	
Gm44699		0.84495	
Gm30806		0.8445578	
Mastl		0.844102	
Gm15558		0.84393865	
Trpm5		0.8438288	
Eldr		0.8438288	
Dnajb3		0.8432294	
Gsta4		0.842736	
Gm12536		0.8422736	
Ccdc167		0.84209424	
ENSMUSG00000142722		0.84120727	
9630014M24Rik		0.8408147	
Pcdhgc5		0.8404502	
Gm49668		0.8403137	
ENSMUSG00000126526		0.8396044	
Dzip3		0.8394436	
Ppp1r3g		0.83914536	
Fndc7		0.8387323	
Ckap2l		0.8385413	
Gm43034		0.838393	
ENSMUSG00000129320		0.8383106	
ENSMUSG00000128995		0.8383106	
Gm16372		0.8383106	
Tnxb		0.83824384	
ENSMUSG00000127098		0.8379587	
Tlr7		0.8378743	
9130024F11Rik		0.83758634	
Zfp583		0.8372859	
Ccdc77		0.8370011	
Cntn6		0.8369531	
Ndc80		0.8359671	
ENSMUSG00000143509		0.8354147	
Gm37855		0.8354147	
Itih1		0.8348357	
Gm49490		0.8342915	
Ly6g2		0.8338211	
Bloc1s1		0.8337493	
Rpl24		0.8337204	
Slfn8		0.83371395	
Otud1		0.8334405	
Gm7863		0.8333421	
Gm9207		0.8327876	
E130202H07Rik		0.83236533	
Ncapg		0.83216625	
Gm19187		0.83165085	
ENSMUSG00000124971		0.83165085	
Gm28187		0.8314483	
ENSMUSG00000143572		0.83144665	
Plekhd1		0.8313934	
Foxd2		0.8308619	
Gm35254		0.83085203	
Cenpm		0.8301244	
P2rx2		0.82975054	
Col3a1		0.8292738	
Gsto2		0.82898027	
Nwd1		0.8283338	
Gm8730		0.8280712	
ENSMUSG00000140370		0.8278862	
ENSMUSG00000122110		0.8278862	
Rbms3		0.8267914	
Steap1		0.82665414	
Nme4		0.8266345	
Gm14029		0.82644016	
ENSMUSG00000125291		0.82644016	
Cfap99		0.82644016	
Sox5os2		0.82644016	
Gm20519		0.82644016	
ENSMUSG00000125415		0.82644016	
Gm14635		0.82644016	
Gm36199		0.8258495	
Rhbdl3		0.8252736	
Smarca1		0.8247022	
Kprp		0.82468724	
Tmem88b		0.8234346	
Gm50281		0.8232672	
Col1a2		0.8232168	
Gm19705		0.82284623	
Il16		0.8228229	
Unc93a		0.8219724	
ENSMUSG00000134610		0.8217652	
Vax2		0.821519	
Galnt17		0.8211523	
Col8a2		0.82070804	
Ddx4		0.82030135	
Gm12589		0.81907123	
Prl2b1		0.81898594	
Pkd2l1		0.8185	
AV051173		0.8184007	
Gm10101		0.8183794	
Cyp4a10		0.8171882	
ENSMUSG00000122855		0.8168838	
Ppnr		0.8168838	
Ttc41		0.81623757	
Heyl		0.81590044	
Rps10-ps2		0.81455564	
Spaca4		0.8142382	
Gm47820		0.8129634	
Rorc		0.81271636	
Mrps33		0.81226206	
Ccdc126		0.8122571	
Irx1		0.8122388	
Gm30244		0.8118241	
Gm57071		0.8114756	
1700028K03Rik		0.8114505	
Gm57252		0.8109203	
Cd80		0.8108851	
Zfp467		0.810812	
Gm56503		0.81055987	
Gm2956		0.8098269	
H3f3aos		0.80929446	
Dnai4		0.80882114	
Acox2		0.8086858	
Dok3		0.808349	
Gm46560		0.8076454	
Fgf22		0.807295	
Gm16344		0.807295	
Rhox4g		0.80724925	
Cabyr		0.80641794	
Gm28729		0.8063348	
Gm37637		0.80628085	
ENSMUSG00000143157		0.8060471	
Nectin4		0.80551994	
Chrdl1		0.8054741	
Gm14429		0.80543363	
Rab26		0.8054128	
Dnajc17		0.8051841	
Fndc1		0.8051475	
Gm28527		0.8045684	
ENSMUSG00000144051		0.8045684	
Gm37137		0.8045684	
Slc22a2		0.8044922	
6330409D20Rik		0.8040103	
Col6a6		0.803773	
Gm31616		0.80339974	
Gm9744		0.8025886	
Lypd8		0.8015499	
AU022793		0.80121046	
Gm13597		0.80106664	
Slc34a1		0.80106664	
ENSMUSG00000140314		0.8001457	
Gm28818		0.79944074	
ENSMUSG00000139291		0.79944074	
4932441J04Rik		0.79944074	
Gm7571		0.79944074	
Gm47851		0.79944074	
Zcchc12		0.79944074	
Gm38431		0.7992999	
Trim69		0.79893184	
Gm13199		0.7988796	
ENSMUSG00000122184		0.79855275	
ENSMUSG00000125608		0.79855275	
Gm16835		0.79855275	
Gm16124		0.7983738	
Hkdc1		0.7979524	
Gm37691		0.79709476	
Spmap2l		0.79664606	
Ms4a7		0.79646385	
Myh14		0.7960113	
Ccdc171		0.7945157	
Amd-ps3		0.79433894	
Gm34719		0.7934972	
Gm6566		0.79320204	
Gm57169		0.7928361	
Gm37066		0.7928361	
Gm56120		0.7928361	
Gm7266		0.7928361	
Gm13620		0.7928361	
Gm14113		0.7928361	
Fndc10l		0.7928361	
ENSMUSG00000123087		0.7928361	
ENSMUSG00000140908		0.7928361	
Gm11221		0.7928361	
Gm11488		0.7928361	
ENSMUSG00000131153		0.7928361	
Mir34a		0.7928361	
ENSMUSG00000126420		0.7928361	
ENSMUSG00000122452		0.7928361	
Gm17936		0.7928361	
Gm8615		0.7928361	
Rbpj-ps3		0.7928361	
Gm44228		0.7928361	
Gm5138		0.7928361	
Gm5313		0.7928361	
Gm6900		0.7928361	
Cd9-ps		0.7928361	
ENSMUSG00000143669		0.7928361	
Gm5909		0.7928361	
ENSMUSG00000131144		0.7928361	
ENSMUSG00000141959		0.7928361	
ENSMUSG00000134799		0.7928361	
ENSMUSG00000133337		0.7928361	
Gm2981		0.7928361	
Bcl2a1a		0.7928361	
Mir6905		0.7928361	
Gm47966		0.7928361	
Gm12017		0.7928361	
ENSMUSG00000124766		0.7928361	
Gm6218		0.7928361	
Gm7868		0.7928361	
Gm30948		0.7928361	
Gm6129		0.7928361	
ENSMUSG00000121764		0.7928361	
ENSMUSG00000132624		0.7928361	
ENSMUSG00000132670		0.7928361	
Rpl34-ps2		0.7928361	
Gm3411		0.7928361	
Eif1-ps1		0.7928361	
Gm55178		0.7928361	
Rpl19-ps7		0.7928361	
Gm23613		0.7928361	
Gm4987		0.7928361	
Gm6368		0.7928361	
Ilk		0.7921417	
ENSMUSG00000140041		0.7920858	
Ccl22		0.7920858	
Zbtb32		0.79195493	
Drc1		0.79116046	
Mroh2a		0.79054505	
6430550D23Rik		0.7904738	
Snord91a		0.7903087	
ENSMUSG00000124807		0.7903087	
ENSMUSG00000126049		0.7903087	
Hspb2		0.79011077	
Gm2415		0.78980815	
Teddm2		0.78924716	
Gm16253		0.78889036	
Gm37584		0.7886963	
6430584L05Rik		0.7884543	
Gm29683		0.7884543	
Col6a2		0.78748393	
4930405D11Rik		0.7872983	
Vdr		0.7871002	
Rbp2		0.78701043	
Gm11510		0.7864909	
Gm17259		0.7856312	
Mroh3		0.7855505	
Gprasp2		0.7855505	
Cd200r4		0.78544754	
ENSMUSG00000140669		0.7854472	
Cdh11		0.78504425	
Prl3c1		0.7848156	
Nnat		0.78458035	
Vwf		0.784016	
Smim40		0.78281164	
Fam98c		0.7827721	
Cimap2		0.7826497	
Gm57028		0.7816704	
Gm45605		0.7813819	
Hal		0.78126776	
Map3k15		0.781035	
Nudt2		0.7807872	
ENSMUSG00000123164		0.7805801	
Gm4045		0.78039503	
Socs1		0.78018594	
Crispld2		0.7801592	
Trpv6		0.78003407	
Gm44565		0.7799945	
Gm41409		0.7799945	
Nrarp		0.7799133	
Gm22358		0.7796952	
4930524O05Rik		0.7796952	
Adcy5		0.7794375	
Serpina1c		0.7794187	
ENSMUSG00000121880		0.7793183	
B130034C11Rik		0.77832466	
Wnt2		0.77807695	
Krbox5		0.7777052	
Gm57213		0.77766436	
Kcnmb1		0.77736133	
ENSMUSG00000137682		0.7770906	
Gm42836		0.7765384	
ENSMUSG00000123241		0.77649975	
Egflam		0.7764263	
ENSMUSG00000141662		0.7762319	
Bmp3		0.77609545	
Cgn		0.77546144	
Gm37963		0.7751507	
Gm11249		0.7750076	
Gm57281		0.7750076	
Gm33024		0.7750076	
ENSMUSG00000139085		0.7750076	
Mir7078		0.7750076	
Oprm1		0.7750076	
Ppifos		0.7750076	
ENSMUSG00000121322		0.7750076	
ENSMUSG00000137787		0.7743255	
Gm21814		0.7743255	
Lrrc75aos1		0.7743255	
Gm56763		0.7743255	
Adgrg4		0.77427804	
Trim15		0.7742322	
Vit		0.7740931	
Nr5a2		0.7740559	
Ccdc152		0.773258	
Tagln3		0.7729101	
Ctsh		0.77247816	
Gm16272		0.77194995	
ENSMUSG00000139290		0.77194995	
2810405F17Rik		0.77167714	
Zfp268		0.7707704	
Ces2g		0.7703761	
Pnma5		0.7703539	
ENSMUSG00000133454		0.7703076	
Prss45		0.7702295	
ENSMUSG00000122054		0.77014637	
ENSMUSG00000135859		0.76999867	
Ccdc160		0.7694505	
ENSMUSG00000130813		0.7692531	
Il1a		0.7688729	
Tnfaip3		0.7687722	
Ngb		0.76844335	
Zfp128		0.76794106	
Gipc2		0.76787007	
ENSMUSG00000124097		0.7677508	
Igdcc4		0.76698625	
Glb1l2		0.7667719	
Slco2b1		0.7666775	
Zfp1006		0.76664037	
Gm13001		0.76643455	
Gm49381		0.76643455	
Gm31265		0.7656824	
Pax9		0.76505154	
Gm10561		0.76483905	
ENSMUSG00000122242		0.76458913	
Gm15535		0.7645058	
4933412E12Rik		0.7641254	
Gm47155		0.7639464	
ENSMUSG00000135569		0.7632279	
Zfp959		0.76231354	
Gm57304		0.7621194	
ENSMUSG00000128362		0.7621194	
ENSMUSG00000143339		0.7621194	
Gls2		0.76186	
Ly9		0.7618171	
Mpv17l		0.76149946	
Gfra4		0.7612409	
Atp6v1g2		0.7605971	
Atp7b		0.7602634	
Ankrd48		0.7601679	
Dpy19l3		0.76013005	
BB218582		0.7595387	
Gm21269		0.7590544	
ENSMUSG00000130177		0.7583323	
Gm56587		0.7583323	
Gm41231		0.7583323	
Acat2		0.75808305	
Purg		0.75807273	
8430432A02Rik		0.75803435	
1300014J16Rik		0.7577518	
Gm49700		0.7574906	
Esrrb		0.7570424	
Akap6		0.7559193	
Mpig6b		0.7555581	
Gm26631		0.75552505	
Gm16386		0.754963	
Dlec1		0.75468796	
Ptpro		0.7543338	
Dab1		0.75428385	
Gm42967		0.7541161	
Sectm1a		0.7540183	
Nol4l		0.7537055	
Slc34a3		0.7533654	
ENSMUSG00000140431		0.7524486	
Hydin		0.7524486	
Rab7-ps1		0.7524486	
Trmt10a		0.7522862	
Gm43787		0.75225437	
Gm48069		0.7522125	
Gm43428		0.7520384	
Gm56507		0.7517128	
Psat1		0.75152105	
Gpt2		0.7514175	
Casp14		0.7513593	
ENSMUSG00000125741		0.75091	
Cnpy1		0.75090873	
Gm44164		0.7505266	
Slc9a2		0.7503138	
Pyy		0.7498188	
ENSMUSG00000129426		0.7496435	
Rdh5		0.7492815	
Kcne3		0.7492108	
Kif6		0.74898195	
Gm12592		0.74894303	
Kazald1		0.7476145	
Tmem221		0.74738216	
Gm13270		0.74725395	
Scrn3		0.7471786	
Neurl1a		0.74647975	
Zfp970		0.74639726	
Gm57182		0.74629945	
Snx8		0.74625075	
0610010K14Rik		0.7461979	
Hdhd3		0.74611497	
ENSMUSG00000143796		0.74534506	
Vsig10l		0.7446498	
B4galnt3		0.7446117	
Snhg11		0.7439966	
Gm57424		0.74349815	
Enpp1		0.7430906	
9130204K15Rik		0.7426789	
Pcdhb22		0.7422665	
Lpar3		0.7422579	
Irag2		0.74220306	
Meox2		0.74182117	
ENSMUSG00000122690		0.7415714	
C5ar2		0.74144953	
ENSMUSG00000129100		0.74129426	
Slamf7		0.7410387	
Tmem117		0.7408941	
Bgn		0.74000853	
Btf3-ps18		0.7399561	
Serpina3g		0.73987967	
Gm40477		0.7397035	
Arhgap5		0.73967713	
Hykk		0.73921883	
Cct6b		0.7390795	
Anks1b		0.7377013	
Igfbp5		0.7373213	
Zfp60		0.7369197	
Acnat1		0.73681086	
Chst5		0.736472	
Mtfp1		0.7360431	
Nusap1		0.7359082	
Klhl30		0.73582524	
Gm30788		0.7347967	
Fhad1		0.7333694	
Sdhaf4		0.7329629	
Gm34248		0.7327651	
Acta2		0.73258364	
Gal		0.7322452	
ENSMUSG00000123343		0.7320671	
9230116N13Rik		0.7320167	
Gm6552		0.7311801	
Elovl2		0.7308887	
Ccl2		0.7308725	
ENSMUSG00000131490		0.73053586	
ENSMUSG00000142899		0.7300657	
Gm57241		0.73001426	
ENSMUSG00000123429		0.72993803	
4930555A03Rik		0.729877	
Kif23		0.729369	
Tbx20		0.7291728	
H2-T5		0.72883976	
9130004C02Rik		0.728658	
Hmmr		0.7283974	
Pdzk1ip1		0.72833616	
Scg5		0.72795486	
Tmem143		0.72794074	
Ndufaf5		0.7278446	
Tfrc		0.7278382	
Xkr9		0.7275128	
Prox1		0.7275128	
ENSMUSG00000134648		0.72724646	
5930411N13Rik		0.7271341	
Prrt1b		0.72674555	
Ankrd13d		0.72655934	
Zfp524		0.7264173	
Cfp		0.7261367	
Tubb1		0.72596145	
Zfyve28		0.72578806	
Tmem200c		0.72490805	
Zfp74		0.72460467	
Tmem91		0.72376305	
Rprml		0.72344995	
4833445I07Rik		0.72296107	
ENSMUSG00000121838		0.7228437	
Gm43449		0.7219244	
Gm57477		0.7210593	
Gm14276		0.72102356	
ENSMUSG00000142517		0.7208943	
Gm16096		0.7208216	
Shld3		0.7207889	
Slc25a43		0.7207132	
Gm53374		0.720646	
Npas4		0.72055036	
Abi3bp		0.72050613	
Loxl1		0.71987194	
A330049N07Rik		0.71982676	
Cyp46a1		0.7195025	
Fasl		0.71943974	
ENSMUSG00000127633		0.71943974	
Gm57133		0.71943974	
ENSMUSG00000122715		0.71943974	
ENSMUSG00000143528		0.71943974	
Tomt		0.71943974	
Gm50009		0.71943974	
9530062K07Rik		0.7192454	
Entpd2		0.71910626	
Syne4		0.7189033	
1700019D03Rik		0.71826905	
Mgam		0.71817034	
Gnai1		0.7181558	
Wdr49		0.7175702	
Pspn		0.7175702	
Pgap1		0.717543	
P2rx1		0.71754104	
Mirt1		0.71751255	
Tram1l1		0.7172251	
Apela		0.7164021	
Lipe		0.7159574	
Hadhb-ps		0.7158978	
Gm57321		0.71574956	
Pbld2		0.7155955	
Clec4d		0.7154989	
ENSMUSG00000122832		0.7151616	
ENSMUSG00000142728		0.71495306	
Rufy4		0.714792	
Arhgef39		0.7144502	
Elovl7		0.7143677	
Elf5		0.7141487	
Abcb7		0.71380204	
Cdhr4		0.71367466	
Haao		0.7133389	
Pramel51		0.71293133	
Cip2a		0.7129035	
ENSMUSG00000139775		0.7128218	
ENSMUSG00000131026		0.7128218	
Obscn		0.71276593	
Uckl1os		0.7125823	
Gm49958		0.7124894	
Prxl2a		0.7121479	
Calcoco2		0.711515	
ENSMUSG00000133603		0.7113837	
Ndufb4		0.7110469	
G730013B05Rik		0.71074265	
Gm43154		0.71007454	
Radx		0.70996404	
Igf1		0.7098942	
Dnaaf2		0.70989114	
Gm42765		0.7097825	
ENSMUSG00000139602		0.70937204	
Gm56644		0.70924747	
Acrbp		0.7088463	
Tpbgl		0.7088441	
H2-T15		0.70863134	
Mcrip2		0.7085697	
Muc17		0.708458	
Gm15759		0.70819515	
Hoxb9		0.70813775	
Mrpl18		0.707975	
Gm48582		0.7079612	
Mrpl34		0.7078858	
Mthfd2l		0.70764947	
Clec4a1		0.7076016	
Gm34655		0.70728785	
Slc16a4		0.7071986	
ENSMUSG00000132631		0.70684415	
Gm48194		0.7064	
Zfp1007		0.70614576	
Rhox10		0.70612	
Smim26		0.70604753	
Piga		0.7058677	
Gm28209		0.7050487	
Atp1b1		0.70467484	
H3c4		0.7045899	
6720464F23Rik		0.70438224	
Gm42559		0.7043732	
Oacyl		0.70379007	
Pemt		0.70340276	
Efcab3		0.70337504	
Alox12b		0.7032242	
Gm56785		0.7031631	
ENSMUSG00000124811		0.7031631	
ENSMUSG00000137693		0.7031631	
Gm45548		0.7025845	
Gria4		0.702082	
Zfp595		0.7018855	
Gm18001		0.70151	
Serpina10		0.7014902	
Bfsp1		0.70125854	
Platr4		0.7007288	
ENSMUSG00000127247		0.70072377	
ENSMUSG00000138367		0.70072377	
ENSMUSG00000142494		0.7006564	
ENSMUSG00000123215		0.7006564	
ENSMUSG00000130625		0.7006564	
A830018L16Rik		0.7006564	
Gm38376		0.7006564	
Gm37409		0.7006564	
ENSMUSG00000129840		0.7006564	
ENSMUSG00000129952		0.7006564	
Gm37127		0.7006564	
ENSMUSG00000131496		0.7006564	
ENSMUSG00000131940		0.7006564	
ENSMUSG00000141881		0.7006564	
ENSMUSG00000127429		0.7006564	
ENSMUSG00000141458		0.7006564	
Gm28893		0.7006564	
ENSMUSG00000141276		0.7006564	
Gm28055		0.7006564	
Gm28177		0.7006564	
Gm37242		0.7006564	
ENSMUSG00000141469		0.7006564	
ENSMUSG00000141701		0.7006564	
Gm37977		0.7006564	
ENSMUSG00000141859		0.7006564	
Gm11581		0.7006564	
ENSMUSG00000123605		0.7006564	
Pard3bos2		0.7006564	
ENSMUSG00000130211		0.7006564	
ENSMUSG00000140955		0.7006564	
ENSMUSG00000130349		0.7006564	
ENSMUSG00000132091		0.7006564	
Gm37217		0.7006564	
ENSMUSG00000123167		0.7006564	
ENSMUSG00000125376		0.7006564	
ENSMUSG00000141958		0.7006564	
ENSMUSG00000136521		0.7006564	
Akp3		0.7006564	
ENSMUSG00000131845		0.7006564	
Ugt1a8		0.7006564	
Gm9991		0.7006564	
Mir6901		0.7006564	
Gm28536		0.7006564	
1810006J02Rik		0.7006564	
ENSMUSG00000123710		0.7006564	
Cntnap5a		0.7006564	
ENSMUSG00000126096		0.7006564	
ENSMUSG00000142447		0.7006564	
ENSMUSG00000122645		0.7006564	
ENSMUSG00000139507		0.7006564	
C730036E19Rik		0.7006564	
Gm47995		0.7006564	
ENSMUSG00000142856		0.7006564	
Gm28792		0.7006564	
ENSMUSG00000138561		0.7006564	
ENSMUSG00000122895		0.7006564	
Gm6058		0.7006564	
Gm37729		0.7006564	
D630023O14Rik		0.7006564	
ENSMUSG00000140376		0.7006564	
Gm24182		0.7006564	
Gm36980		0.7006564	
Spata46		0.7006564	
Gm7299		0.7006564	
Mir6546		0.7006564	
Gm38101		0.7006564	
Gm37960		0.7006564	
Gm38328		0.7006564	
ENSMUSG00000137757		0.7006564	
ENSMUSG00000138827		0.7006564	
ENSMUSG00000132776		0.7006564	
Gm37018		0.7006564	
ENSMUSG00000126249		0.7006564	
Gm55575		0.7006564	
Gm38322		0.7006564	
ENSMUSG00000141980		0.7006564	
4933403L11Rik		0.7006564	
Gm37891		0.7006564	
Gm13323		0.7006564	
Gm13329		0.7006564	
Potegl		0.7006564	
Gm37139		0.7006564	
Lrrc26		0.7006564	
Obp2b		0.7006564	
ENSMUSG00000139433		0.7006564	
Gm39774		0.7006564	
Fcnb		0.7006564	
C230014O12Rik		0.7006564	
ENSMUSG00000122335		0.7006564	
Or1j8		0.7006564	
Or5c1		0.7006564	
Gm13474		0.7006564	
ENSMUSG00000125281		0.7006564	
5330411J11Rik		0.7006564	
Gm13579		0.7006564	
Gcg		0.7006564	
ENSMUSG00000142747		0.7006564	
ENSMUSG00000140124		0.7006564	
Gm56014		0.7006564	
ENSMUSG00000126275		0.7006564	
ENSMUSG00000132882		0.7006564	
Mir684-1		0.7006564	
Or5g9		0.7006564	
Or5m11b		0.7006564	
Or8k22		0.7006564	
Or8w1		0.7006564	
ENSMUSG00000131301		0.7006564	
ENSMUSG00000137197		0.7006564	
ENSMUSG00000142082		0.7006564	
ENSMUSG00000136163		0.7006564	
Or4f61		0.7006564	
ENSMUSG00000129101		0.7006564	
ENSMUSG00000129058		0.7006564	
Gm29340		0.7006564	
4931402G19Rik		0.7006564	
ENSMUSG00000130839		0.7006564	
Gm56297		0.7006564	
Oxt		0.7006564	
Gm14036		0.7006564	
Gm11701		0.7006564	
Gm14119		0.7006564	
Gm14135		0.7006564	
Gm14155		0.7006564	
ENSMUSG00000138985		0.7006564	
Gm14472		0.7006564	
ENSMUSG00000141335		0.7006564	
Gm56059		0.7006564	
Gm14277		0.7006564	
ENSMUSG00000137000		0.7006564	
Gm14228		0.7006564	
Gm11454		0.7006564	
ENSMUSG00000139697		0.7006564	
Spata25		0.7006564	
1700025C18Rik		0.7006564	
Gm11466		0.7006564	
Gm57427		0.7006564	
Gm14258		0.7006564	
ENSMUSG00000139934		0.7006564	
ENSMUSG00000129197		0.7006564	
Gm14407		0.7006564	
ENSMUSG00000132210		0.7006564	
Gm40035		0.7006564	
Gm14496		0.7006564	
ENSMUSG00000134974		0.7006564	
Gm8823		0.7006564	
ENSMUSG00000138358		0.7006564	
ENSMUSG00000134640		0.7006564	
Gm37468		0.7006564	
ENSMUSG00000135026		0.7006564	
ENSMUSG00000139782		0.7006564	
ENSMUSG00000137985		0.7006564	
ENSMUSG00000123796		0.7006564	
ENSMUSG00000143150		0.7006564	
ENSMUSG00000128525		0.7006564	
Tm4sf4		0.7006564	
6720482G16Rik		0.7006564	
Gm37579		0.7006564	
ENSMUSG00000130959		0.7006564	
ENSMUSG00000135846		0.7006564	
Slitrk3		0.7006564	
Gm36981		0.7006564	
ENSMUSG00000137974		0.7006564	
ENSMUSG00000136440		0.7006564	
ENSMUSG00000142819		0.7006564	
Crnn		0.7006564	
Gm37245		0.7006564	
1700040D17Rik		0.7006564	
Gm30023		0.7006564	
ENSMUSG00000135270		0.7006564	
4930573H18Rik		0.7006564	
Gm12432		0.7006564	
ENSMUSG00000122135		0.7006564	
ENSMUSG00000141702		0.7006564	
Gm43585		0.7006564	
Gm43846		0.7006564	
Gm43070		0.7006564	
Kcna3		0.7006564	
A630076J17Rik		0.7006564	
Olfm3		0.7006564	
Gm43744		0.7006564	
Gm27195		0.7006564	
ENSMUSG00000134888		0.7006564	
Gm42872		0.7006564	
Gm15460		0.7006564	
Gm43689		0.7006564	
ENSMUSG00000135147		0.7006564	
Gm25627		0.7006564	
ENSMUSG00000124007		0.7006564	
ENSMUSG00000125788		0.7006564	
ENSMUSG00000127052		0.7006564	
Gm18589		0.7006564	
ENSMUSG00000125954		0.7006564	
ENSMUSG00000124410		0.7006564	
Gm57098		0.7006564	
ENSMUSG00000132068		0.7006564	
ENSMUSG00000122654		0.7006564	
Necab1		0.7006564	
C230012O17Rik		0.7006564	
Gm11911		0.7006564	
ENSMUSG00000140777		0.7006564	
ENSMUSG00000137543		0.7006564	
Gm22888		0.7006564	
Foxe1		0.7006564	
Gm12443		0.7006564	
Gm16731		0.7006564	
Gm57156		0.7006564	
ENSMUSG00000126974		0.7006564	
Gm12527		0.7006564	
Gm11231		0.7006564	
2310002L09Rik		0.7006564	
Gm11266		0.7006564	
ENSMUSG00000126931		0.7006564	
Saxo1os		0.7006564	
4921539E11Rik		0.7006564	
Gm12850		0.7006564	
ENSMUSG00000143728		0.7006564	
Kncn		0.7006564	
Tmem275		0.7006564	
Gm23287		0.7006564	
ENSMUSG00000142017		0.7006564	
ENSMUSG00000124836		0.7006564	
ENSMUSG00000125261		0.7006564	
Maneal		0.7006564	
Gm12937		0.7006564	
CK137956		0.7006564	
ENSMUSG00000139971		0.7006564	
Zfp683		0.7006564	
ENSMUSG00000130289		0.7006564	
Gm16225		0.7006564	
Gm55733		0.7006564	
Gm12988		0.7006564	
Cela3a		0.7006564	
Igsf21		0.7006564	
Gm13055		0.7006564	
ENSMUSG00000140159		0.7006564	
ENSMUSG00000131108		0.7006564	
ENSMUSG00000126814		0.7006564	
ENSMUSG00000126649		0.7006564	
Gm42356		0.7006564	
Mir200b		0.7006564	
ENSMUSG00000132318		0.7006564	
ENSMUSG00000122831		0.7006564	
Gm42744		0.7006564	
ENSMUSG00000137638		0.7006564	
ENSMUSG00000133694		0.7006564	
Gm4128		0.7006564	
ENSMUSG00000122947		0.7006564	
Gm18830		0.7006564	
En2		0.7006564	
Garem2		0.7006564	
Adgrf3		0.7006564	
2900076G11Rik		0.7006564	
Gm42560		0.7006564	
Gm24878		0.7006564	
Gm16223		0.7006564	
ENSMUSG00000137961		0.7006564	
Gm43699		0.7006564	
Gm43023		0.7006564	
Gm43507		0.7006564	
Gm43504		0.7006564	
Gm43176		0.7006564	
ENSMUSG00000124368		0.7006564	
ENSMUSG00000122231		0.7006564	
ENSMUSG00000142793		0.7006564	
1700027F09Rik		0.7006564	
Gm43793		0.7006564	
Gm42737		0.7006564	
Cox7b2		0.7006564	
4933408A14Rik		0.7006564	
Gm32780		0.7006564	
Gm20121		0.7006564	
Ugt2b37		0.7006564	
Gm43432		0.7006564	
ENSMUSG00000127655		0.7006564	
Gm38413		0.7006564	
ENSMUSG00000128790		0.7006564	
Gm31785		0.7006564	
4930428O21Rik		0.7006564	
Tmed11		0.7006564	
Gm43119		0.7006564	
ENSMUSG00000135548		0.7006564	
Gm57314		0.7006564	
Gm42789		0.7006564	
ENSMUSG00000133116		0.7006564	
ENSMUSG00000132979		0.7006564	
A930005G22Rik		0.7006564	
Gm42853		0.7006564	
ENSMUSG00000137379		0.7006564	
ENSMUSG00000122811		0.7006564	
ENSMUSG00000125496		0.7006564	
ENSMUSG00000129930		0.7006564	
ENSMUSG00000129713		0.7006564	
Septin14		0.7006564	
Gm42896		0.7006564	
Gm42441		0.7006564	
Gm42995		0.7006564	
Gm7284		0.7006564	
Sap25		0.7006564	
Gm15502		0.7006564	
Gm43702		0.7006564	
ENSMUSG00000135736		0.7006564	
Gm57270		0.7006564	
ENSMUSG00000126676		0.7006564	
Zfp853		0.7006564	
Urad		0.7006564	
ENSMUSG00000138068		0.7006564	
Gm15408		0.7006564	
Gm20488		0.7006564	
Gm43150		0.7006564	
Gm43807		0.7006564	
Tac1		0.7006564	
ENSMUSG00000141417		0.7006564	
ENSMUSG00000127081		0.7006564	
Gm13833		0.7006564	
Gm14540		0.7006564	
ENSMUSG00000143756		0.7006564	
Gm7504		0.7006564	
Gm43578		0.7006564	
Or9a4		0.7006564	
Trbv12-1		0.7006564	
ENSMUSG00000130952		0.7006564	
ENSMUSG00000134004		0.7006564	
ENSMUSG00000131750		0.7006564	
Gm22910		0.7006564	
Vmn1r11		0.7006564	
Vmn1r-ps9		0.7006564	
Vmn1r28		0.7006564	
Igkv1-135		0.7006564	
Igkv3-5		0.7006564	
ENSMUSG00000129379		0.7006564	
9130221F21Rik		0.7006564	
Gm44437		0.7006564	
ENSMUSG00000136398		0.7006564	
Gm7443		0.7006564	
Gm43917		0.7006564	
ENSMUSG00000122995		0.7006564	
ENSMUSG00000125464		0.7006564	
Vmn1r-ps32		0.7006564	
Gm44712		0.7006564	
ENSMUSG00000128893		0.7006564	
ENSMUSG00000124459		0.7006564	
ENSMUSG00000121686		0.7006564	
ENSMUSG00000129469		0.7006564	
ENSMUSG00000122397		0.7006564	
ENSMUSG00000141111		0.7006564	
Gm4640		0.7006564	
Gm6227		0.7006564	
ENSMUSG00000125548		0.7006564	
ENSMUSG00000140440		0.7006564	
Gm56003		0.7006564	
Klra5		0.7006564	
Gm44106		0.7006564	
ENSMUSG00000133214		0.7006564	
2010013B24Rik		0.7006564	
ENSMUSG00000124330		0.7006564	
ENSMUSG00000134170		0.7006564	
2700052C19Rik		0.7006564	
Gm38941		0.7006564	
Gm16306		0.7006564	
Or6z6		0.7006564	
Or6z1		0.7006564	
Crx		0.7006564	
Gm57196		0.7006564	
Gm45509		0.7006564	
ENSMUSG00000122768		0.7006564	
Nlrp9b		0.7006564	
Cyp2b13		0.7006564	
Gm18672		0.7006564	
ENSMUSG00000141326		0.7006564	
Gm57221		0.7006564	
ENSMUSG00000123268		0.7006564	
Gm45096		0.7006564	
Gm35611		0.7006564	
ENSMUSG00000143235		0.7006564	
6720469O03Rik		0.7006564	
ENSMUSG00000121747		0.7006564	
Gm19246		0.7006564	
Gm9278		0.7006564	
Klk1b11		0.7006564	
Gm45669		0.7006564	
Gm56237		0.7006564	
Myod1		0.7006564	
ENSMUSG00000129368		0.7006564	
Gm44741		0.7006564	
ENSMUSG00000144095		0.7006564	
1810008I18Rik		0.7006564	
ENSMUSG00000139225		0.7006564	
ENSMUSG00000143276		0.7006564	
ENSMUSG00000141110		0.7006564	
Gm44834		0.7006564	
1700011D18Rik		0.7006564	
ENSMUSG00000126518		0.7006564	
Gm35040		0.7006564	
Mesp1		0.7006564	
2310044K18Rik		0.7006564	
Vmn2r-ps83		0.7006564	
Gm44704		0.7006564	
Gm24412		0.7006564	
ENSMUSG00000123376		0.7006564	
Gm33882		0.7006564	
Gm45527		0.7006564	
Usp17la		0.7006564	
Or52e18		0.7006564	
Gm17990		0.7006564	
ENSMUSG00000134513		0.7006564	
ENSMUSG00000133723		0.7006564	
Gm45040		0.7006564	
Gm9132		0.7006564	
Gm55849		0.7006564	
Gm45378		0.7006564	
Gm57208		0.7006564	
ENSMUSG00000122162		0.7006564	
ENSMUSG00000124201		0.7006564	
Gm25683		0.7006564	
ENSMUSG00000129302		0.7006564	
Gm44549		0.7006564	
Gm44985		0.7006564	
Gm23445		0.7006564	
4933402N03Rik		0.7006564	
Gm44892		0.7006564	
Gm15483		0.7006564	
Gm45686		0.7006564	
Gm45416		0.7006564	
Gm39117		0.7006564	
Acte1		0.7006564	
ENSMUSG00000141072		0.7006564	
Cd209b		0.7006564	
Gm45117		0.7006564	
Gm5739		0.7006564	
ENSMUSG00000128285		0.7006564	
4921522P10Rik		0.7006564	
ENSMUSG00000142438		0.7006564	
ENSMUSG00000138125		0.7006564	
Gm45042		0.7006564	
Gm44714		0.7006564	
Gm44717		0.7006564	
Defb12		0.7006564	
Fam90a1a		0.7006564	
ENSMUSG00000127209		0.7006564	
Gm55990		0.7006564	
Unc5d		0.7006564	
ENSMUSG00000143649		0.7006564	
ENSMUSG00000140501		0.7006564	
ENSMUSG00000131217		0.7006564	
Gm16351		0.7006564	
ENSMUSG00000135437		0.7006564	
Gm45824		0.7006564	
ENSMUSG00000142650		0.7006564	
ENSMUSG00000143206		0.7006564	
Gm45360		0.7006564	
Gm45739		0.7006564	
ENSMUSG00000137211		0.7006564	
Gm15716		0.7006564	
ENSMUSG00000124077		0.7006564	
Gm45756		0.7006564	
Gm45791		0.7006564	
ENSMUSG00000128850		0.7006564	
Gm30605		0.7006564	
Gm4899		0.7006564	
ENSMUSG00000128140		0.7006564	
ENSMUSG00000125011		0.7006564	
ENSMUSG00000129601		0.7006564	
Gm45804		0.7006564	
ENSMUSG00000123044		0.7006564	
ENSMUSG00000143850		0.7006564	
Gm45757		0.7006564	
Gm31659		0.7006564	
Gm56823		0.7006564	
Ces2e		0.7006564	
ENSMUSG00000129856		0.7006564	
Gm10629		0.7006564	
ENSMUSG00000129536		0.7006564	
ENSMUSG00000128914		0.7006564	
ENSMUSG00000123703		0.7006564	
ENSMUSG00000137976		0.7006564	
ENSMUSG00000141849		0.7006564	
ENSMUSG00000143695		0.7006564	
Gm45856		0.7006564	
ENSMUSG00000130025		0.7006564	
ENSMUSG00000122633		0.7006564	
Gm39283		0.7006564	
Gm5363		0.7006564	
4930584E12Rik		0.7006564	
Or7g32		0.7006564	
Or7g35		0.7006564	
Gm45699		0.7006564	
Gm47079		0.7006564	
Gm49373		0.7006564	
ENSMUSG00000144057		0.7006564	
Gm18225		0.7006564	
ENSMUSG00000123356		0.7006564	
ENSMUSG00000143579		0.7006564	
Gm3331		0.7006564	
Gm32171		0.7006564	
ENSMUSG00000135248		0.7006564	
Or8d6		0.7006564	
Or8d4		0.7006564	
Gm35657		0.7006564	
ENSMUSG00000130970		0.7006564	
ENSMUSG00000131334		0.7006564	
ENSMUSG00000140358		0.7006564	
Gm10688		0.7006564	
Gm22540		0.7006564	
Gm47238		0.7006564	
Gm10684		0.7006564	
Gm47197		0.7006564	
ENSMUSG00000143680		0.7006564	
Gm26868		0.7006564	
Gm33180		0.7006564	
ENSMUSG00000142600		0.7006564	
Gm34322		0.7006564	
ENSMUSG00000140026		0.7006564	
ENSMUSG00000124139		0.7006564	
Gm24615		0.7006564	
ENSMUSG00000138713		0.7006564	
Gm26903		0.7006564	
Gm21013		0.7006564	
Gm39380		0.7006564	
Gm18487		0.7006564	
Trim43c		0.7006564	
Gm38091		0.7006564	
Gm47403		0.7006564	
4930524O08Rik		0.7006564	
Gm5620		0.7006564	
Zic1		0.7006564	
Gm25417		0.7006564	
A030012G06Rik		0.7006564	
Gm38327		0.7006564	
ENSMUSG00000132428		0.7006564	
Gm37953		0.7006564	
Gm29385		0.7006564	
ENSMUSG00000123909		0.7006564	
ENSMUSG00000125052		0.7006564	
Cpne4		0.7006564	
Gm29123		0.7006564	
Gm37436		0.7006564	
Gm57046		0.7006564	
ENSMUSG00000140189		0.7006564	
Fbxw25		0.7006564	
Fbxw27		0.7006564	
ENSMUSG00000127235		0.7006564	
Gm27002		0.7006564	
ENSMUSG00000138105		0.7006564	
ENSMUSG00000124118		0.7006564	
ENSMUSG00000142964		0.7006564	
Gm26448		0.7006564	
ENSMUSG00000131160		0.7006564	
Gm39465		0.7006564	
Gm47122		0.7006564	
Gm47133		0.7006564	
Gm47134		0.7006564	
Gm9930		0.7006564	
Gm31904		0.7006564	
Gm4922		0.7006564	
ENSMUSG00000139584		0.7006564	
Fkbp1a-ps2		0.7006564	
Mtcl3		0.7006564	
Gm8793		0.7006564	
Ccn6		0.7006564	
Gm32338		0.7006564	
Gm47099		0.7006564	
ENSMUSG00000139690		0.7006564	
ENSMUSG00000123117		0.7006564	
Duxf3		0.7006564	
Gm10322		0.7006564	
Gm17829		0.7006564	
ENSMUSG00000132269		0.7006564	
ENSMUSG00000131440		0.7006564	
Gm10118		0.7006564	
Gm49766		0.7006564	
ENSMUSG00000129904		0.7006564	
Gm7594		0.7006564	
ENSMUSG00000138458		0.7006564	
Gm24486		0.7006564	
4930551I15Rik		0.7006564	
Gstt4		0.7006564	
Or7a42		0.7006564	
Onecut3		0.7006564	
ENSMUSG00000132470		0.7006564	
ENSMUSG00000128113		0.7006564	
ENSMUSG00000134496		0.7006564	
ENSMUSG00000123938		0.7006564	
ENSMUSG00000132241		0.7006564	
Gm48485		0.7006564	
1700113H08Rik		0.7006564	
Gm48126		0.7006564	
Gm33336		0.7006564	
ENSMUSG00000142389		0.7006564	
Gm56965		0.7006564	
ENSMUSG00000129503		0.7006564	
Nts		0.7006564	
Alx1		0.7006564	
Gm47472		0.7006564	
ENSMUSG00000138556		0.7006564	
Gm57004		0.7006564	
ENSMUSG00000132485		0.7006564	
ENSMUSG00000136717		0.7006564	
Gm47434		0.7006564	
ENSMUSG00000137112		0.7006564	
ENSMUSG00000135809		0.7006564	
ENSMUSG00000123485		0.7006564	
ENSMUSG00000129643		0.7006564	
Gm57407		0.7006564	
Gm12011		0.7006564	
Gm12033		0.7006564	
ENSMUSG00000130489		0.7006564	
ENSMUSG00000125152		0.7006564	
ENSMUSG00000138816		0.7006564	
Hmgb1-ps1		0.7006564	
Gm12173		0.7006564	
ENSMUSG00000133931		0.7006564	
Gm12192		0.7006564	
ENSMUSG00000128013		0.7006564	
1700047K16Rik		0.7006564	
Gm10435		0.7006564	
ENSMUSG00000135439		0.7006564	
ENSMUSG00000144082		0.7006564	
Gm12949		0.7006564	
ENSMUSG00000123515		0.7006564	
Myh2		0.7006564	
Myh4		0.7006564	
ENSMUSG00000137203		0.7006564	
Gm12305		0.7006564	
4930544D05Rik		0.7006564	
ENSMUSG00000125915		0.7006564	
Or1p1b		0.7006564	
Gm24211		0.7006564	
Rps12-ps19		0.7006564	
Bhlha9		0.7006564	
ENSMUSG00000126356		0.7006564	
Slc13a2os		0.7006564	
ENSMUSG00000132940		0.7006564	
Gm15893		0.7006564	
ENSMUSG00000132173		0.7006564	
Gm11497		0.7006564	
ENSMUSG00000137520		0.7006564	
Gm11522		0.7006564	
ENSMUSG00000129991		0.7006564	
Gm24949		0.7006564	
ENSMUSG00000124964		0.7006564	
ENSMUSG00000135049		0.7006564	
Gsdma3		0.7006564	
Gm55134		0.7006564	
G6pc1		0.7006564	
Bloodlinc		0.7006564	
2410004I01Rik		0.7006564	
1700028N14Rik		0.7006564	
ENSMUSG00000132242		0.7006564	
ENSMUSG00000131157		0.7006564	
ENSMUSG00000136979		0.7006564	
ENSMUSG00000130916		0.7006564	
Btbd17		0.7006564	
Cd300c		0.7006564	
Trim80		0.7006564	
Gm25364		0.7006564	
Sap30bpos		0.7006564	
Gm11755		0.7006564	
ENSMUSG00000143953		0.7006564	
ENSMUSG00000128592		0.7006564	
ENSMUSG00000124708		0.7006564	
ENSMUSG00000127472		0.7006564	
ENSMUSG00000138974		0.7006564	
ENSMUSG00000135632		0.7006564	
Gm56531		0.7006564	
Gm48209		0.7006564	
Gm48140		0.7006564	
ENSMUSG00000127626		0.7006564	
Gm36236		0.7006564	
ENSMUSG00000133965		0.7006564	
Alkal2		0.7006564	
ENSMUSG00000126877		0.7006564	
Gm24922		0.7006564	
ENSMUSG00000137307		0.7006564	
ENSMUSG00000122462		0.7006564	
Gm47431		0.7006564	
Gm35239		0.7006564	
ENSMUSG00000141122		0.7006564	
Gm47720		0.7006564	
Gm46329		0.7006564	
ENSMUSG00000127815		0.7006564	
Dhrs7l		0.7006564	
ENSMUSG00000142465		0.7006564	
Garin2		0.7006564	
Gm47752		0.7006564	
ENSMUSG00000131085		0.7006564	
ENSMUSG00000128495		0.7006564	
ENSMUSG00000128536		0.7006564	
Vsx2		0.7006564	
Gm17193		0.7006564	
ENSMUSG00000143308		0.7006564	
Gm18627		0.7006564	
Eif1ad3		0.7006564	
Gm37980		0.7006564	
ENSMUSG00000140226		0.7006564	
ENSMUSG00000136856		0.7006564	
Gm47042		0.7006564	
Gm17033		0.7006564	
ENSMUSG00000134047		0.7006564	
Mir6941		0.7006564	
Ighv5-16		0.7006564	
Ighv1-57		0.7006564	
Ncoa4-ps		0.7006564	
Gm8598		0.7006564	
ENSMUSG00000121676		0.7006564	
Gm48259		0.7006564	
Gm47323		0.7006564	
Gm2544		0.7006564	
ENSMUSG00000121707		0.7006564	
Gm47665		0.7006564	
4930557F10Rik		0.7006564	
ENSMUSG00000133265		0.7006564	
ENSMUSG00000143681		0.7006564	
ENSMUSG00000125247		0.7006564	
Gm5194		0.7006564	
Gm36500		0.7006564	
1700011B04Rik		0.7006564	
Gm29590		0.7006564	
Gm47990		0.7006564	
Gcm2		0.7006564	
ENSMUSG00000130040		0.7006564	
ENSMUSG00000126015		0.7006564	
ENSMUSG00000142103		0.7006564	
ENSMUSG00000134498		0.7006564	
Gm33424		0.7006564	
E130119H09Rik		0.7006564	
5330429C05Rik		0.7006564	
ENSMUSG00000136224		0.7006564	
ENSMUSG00000143910		0.7006564	
Gm5084		0.7006564	
ENSMUSG00000124261		0.7006564	
Vmn2r-ps102		0.7006564	
ENSMUSG00000127311		0.7006564	
Gm35161		0.7006564	
ENSMUSG00000133886		0.7006564	
Rpl9-ps4		0.7006564	
Ftl1-ps1		0.7006564	
ENSMUSG00000132132		0.7006564	
Gm4165		0.7006564	
Gm29844		0.7006564	
5430425K12Rik		0.7006564	
ENSMUSG00000135580		0.7006564	
Gm21232		0.7006564	
ENSMUSG00000127674		0.7006564	
AW495222		0.7006564	
ENSMUSG00000142176		0.7006564	
ENSMUSG00000143885		0.7006564	
ENSMUSG00000139624		0.7006564	
5930438M14Rik		0.7006564	
Gm54655		0.7006564	
Gm47849		0.7006564	
Gm55019		0.7006564	
Gm48802		0.7006564	
Gzmk		0.7006564	
ENSMUSG00000129028		0.7006564	
Anxa2r2		0.7006564	
Gm6122		0.7006564	
ENSMUSG00000140578		0.7006564	
ENSMUSG00000127018		0.7006564	
ENSMUSG00000143162		0.7006564	
4930469B13Rik		0.7006564	
Gm25328		0.7006564	
ENSMUSG00000135386		0.7006564	
5430425E15Rik		0.7006564	
ENSMUSG00000130859		0.7006564	
Gm18578		0.7006564	
Gm41115		0.7006564	
ENSMUSG00000134155		0.7006564	
Gm7233		0.7006564	
ENSMUSG00000121410		0.7006564	
Gm49145		0.7006564	
Gm15221		0.7006564	
Gm49153		0.7006564	
Rnase12		0.7006564	
ENSMUSG00000130305		0.7006564	
ENSMUSG00000137768		0.7006564	
ENSMUSG00000121428		0.7006564	
Gm18080		0.7006564	
Nup58		0.7006564	
ENSMUSG00000134685		0.7006564	
ENSMUSG00000140604		0.7006564	
Gm46458		0.7006564	
ENSMUSG00000131384		0.7006564	
ENSMUSG00000143892		0.7006564	
ENSMUSG00000136516		0.7006564	
ENSMUSG00000133052		0.7006564	
Gm49288		0.7006564	
ENSMUSG00000126414		0.7006564	
ENSMUSG00000139391		0.7006564	
ENSMUSG00000128312		0.7006564	
Mir687		0.7006564	
Cpb2		0.7006564	
Gm6994		0.7006564	
Gm33121		0.7006564	
Klhl1		0.7006564	
ENSMUSG00000144136		0.7006564	
ENSMUSG00000137398		0.7006564	
Gm56762		0.7006564	
ENSMUSG00000133104		0.7006564	
ENSMUSG00000134300		0.7006564	
ENSMUSG00000140248		0.7006564	
Gm48956		0.7006564	
ENSMUSG00000129976		0.7006564	
9630009A06Rik		0.7006564	
ENSMUSG00000124991		0.7006564	
ENSMUSG00000131803		0.7006564	
Gm33497		0.7006564	
ENSMUSG00000141919		0.7006564	
Gm29697		0.7006564	
ENSMUSG00000135448		0.7006564	
Gm49254		0.7006564	
Gm56732		0.7006564	
ENSMUSG00000142181		0.7006564	
Gm49452		0.7006564	
ENSMUSG00000143648		0.7006564	
Kcnv1		0.7006564	
ENSMUSG00000127200		0.7006564	
ENSMUSG00000140582		0.7006564	
ENSMUSG00000131189		0.7006564	
ENSMUSG00000129117		0.7006564	
ENSMUSG00000121630		0.7006564	
ENSMUSG00000131894		0.7006564	
Slurp2		0.7006564	
ENSMUSG00000122563		0.7006564	
Gm29126		0.7006564	
4833412C15Rik		0.7006564	
Gm49411		0.7006564	
Apol7b		0.7006564	
ENSMUSG00000144039		0.7006564	
Gm49522		0.7006564	
Gm32886		0.7006564	
ENSMUSG00000125842		0.7006564	
ENSMUSG00000138268		0.7006564	
ENSMUSG00000125340		0.7006564	
ENSMUSG00000126728		0.7006564	
Gm15382		0.7006564	
Gm49418		0.7006564	
ENSMUSG00000139262		0.7006564	
ENSMUSG00000137238		0.7006564	
ENSMUSG00000128935		0.7006564	
ENSMUSG00000128537		0.7006564	
ENSMUSG00000128578		0.7006564	
Or1f19		0.7006564	
Gm23706		0.7006564	
Litafd		0.7006564	
ENSMUSG00000139816		0.7006564	
Ifitm7		0.7006564	
Gm15868		0.7006564	
Gm49566		0.7006564	
ENSMUSG00000134802		0.7006564	
ENSMUSG00000129493		0.7006564	
Hrg		0.7006564	
ENSMUSG00000131787		0.7006564	
ENSMUSG00000128222		0.7006564	
ENSMUSG00000130998		0.7006564	
Gm26562		0.7006564	
Bex6		0.7006564	
Gm17106		0.7006564	
ENSMUSG00000122415		0.7006564	
ENSMUSG00000121443		0.7006564	
ENSMUSG00000135212		0.7006564	
ENSMUSG00000130174		0.7006564	
ENSMUSG00000141689		0.7006564	
Csnka2ip		0.7006564	
ENSMUSG00000136912		0.7006564	
ENSMUSG00000137502		0.7006564	
C130023A14Rik		0.7006564	
ENSMUSG00000139355		0.7006564	
ENSMUSG00000124650		0.7006564	
ENSMUSG00000122886		0.7006564	
1700007H22Rik		0.7006564	
Gm49727		0.7006564	
Gm15965		0.7006564	
ENSMUSG00000130373		0.7006564	
1700029J03Rik		0.7006564	
ENSMUSG00000137891		0.7006564	
ENSMUSG00000128892		0.7006564	
Gm49719		0.7006564	
ENSMUSG00000133739		0.7006564	
C87487		0.7006564	
Gm34684		0.7006564	
Mrgprh		0.7006564	
Gm49936		0.7006564	
Gm7535		0.7006564	
ENSMUSG00000125907		0.7006564	
Gm5681		0.7006564	
Gm50057		0.7006564	
ENSMUSG00000123111		0.7006564	
Ptx4		0.7006564	
Tpsab1		0.7006564	
Nkx2-5		0.7006564	
Gm20468		0.7006564	
Gm49838		0.7006564	
Gm16758		0.7006564	
4833413E03Rik		0.7006564	
ENSMUSG00000129361		0.7006564	
Ncr3-ps		0.7006564	
ENSMUSG00000130106		0.7006564	
ENSMUSG00000127044		0.7006564	
ENSMUSG00000123183		0.7006564	
ENSMUSG00000142169		0.7006564	
H2-M10.6		0.7006564	
Or2h1		0.7006564	
Or1o2		0.7006564	
Or1o4		0.7006564	
ENSMUSG00000143158		0.7006564	
ENSMUSG00000143273		0.7006564	
ENSMUSG00000126195		0.7006564	
ENSMUSG00000137820		0.7006564	
Trem3		0.7006564	
C230085N15Rik		0.7006564	
A230051N06Rik		0.7006564	
ENSMUSG00000140791		0.7006564	
ENSMUSG00000134866		0.7006564	
ENSMUSG00000131011		0.7006564	
ENSMUSG00000124327		0.7006564	
ENSMUSG00000122472		0.7006564	
Gm49905		0.7006564	
ENSMUSG00000130020		0.7006564	
Gm30375		0.7006564	
ENSMUSG00000130374		0.7006564	
ENSMUSG00000131699		0.7006564	
ENSMUSG00000136673		0.7006564	
Gm55558		0.7006564	
ENSMUSG00000135838		0.7006564	
ENSMUSG00000132757		0.7006564	
ENSMUSG00000132553		0.7006564	
ENSMUSG00000122985		0.7006564	
ENSMUSG00000136052		0.7006564	
Gm50008		0.7006564	
C330024C12Rik		0.7006564	
ENSMUSG00000135973		0.7006564	
ENSMUSG00000124145		0.7006564	
Kpna2rt		0.7006564	
Adcyap1		0.7006564	
Gm54623		0.7006564	
Gm49986		0.7006564	
Gm49970		0.7006564	
4930527G23Rik		0.7006564	
ENSMUSG00000134326		0.7006564	
Mir6361		0.7006564	
ENSMUSG00000135504		0.7006564	
Pcdha9		0.7006564	
ENSMUSG00000132359		0.7006564	
Gm19100		0.7006564	
Gm15335		0.7006564	
Gm50396		0.7006564	
Gm49972		0.7006564	
Gm49974		0.7006564	
ENSMUSG00000143417		0.7006564	
ENSMUSG00000136406		0.7006564	
ENSMUSG00000135823		0.7006564	
ENSMUSG00000138643		0.7006564	
ENSMUSG00000122473		0.7006564	
ENSMUSG00000127530		0.7006564	
ENSMUSG00000129546		0.7006564	
Gm23581		0.7006564	
Gm50338		0.7006564	
Gm29966		0.7006564	
Cplx4		0.7006564	
ENSMUSG00000140977		0.7006564	
2900057B20Rik		0.7006564	
Gm50180		0.7006564	
ENSMUSG00000132839		0.7006564	
Gm41790		0.7006564	
Gm26012		0.7006564	
Gm37216		0.7006564	
Gm54992		0.7006564	
Gm7662		0.7006564	
Gm50230		0.7006564	
ENSMUSG00000133637		0.7006564	
ENSMUSG00000137529		0.7006564	
Gm56649		0.7006564	
ENSMUSG00000131386		0.7006564	
ENSMUSG00000138794		0.7006564	
ENSMUSG00000129376		0.7006564	
Ms4a3		0.7006564	
ENSMUSG00000124951		0.7006564	
4930554I06Rik		0.7006564	
ENSMUSG00000121859		0.7006564	
Foxd4		0.7006564	
2610016A17Rik		0.7006564	
ENSMUSG00000143458		0.7006564	
Tekt5l		0.7006564	
A1cf		0.7006564	
Gm7237		0.7006564	
ENSMUSG00000126613		0.7006564	
ENSMUSG00000141773		0.7006564	
ENSMUSG00000138857		0.7006564	
ENSMUSG00000125381		0.7006564	
2700089I24Rik		0.7006564	
ENSMUSG00000136154		0.7006564	
ENSMUSG00000122425		0.7006564	
Gm9083		0.7006564	
Tesl1		0.7006564	
Rhox2d		0.7006564	
Gm56676		0.7006564	
Gm14696		0.7006564	
Usp26		0.7006564	
ENSMUSG00000142482		0.7006564	
Gm47265		0.7006564	
Gm6858		0.7006564	
Ctag2l1		0.7006564	
P2ry4		0.7006564	
Gm14876		0.7006564	
ENSMUSG00000135774		0.7006564	
Tmem35a		0.7006564	
5730412P04Rik		0.7006564	
Gm15010		0.7006564	
ENSMUSG00000143643		0.7006564	
Gm5644		0.7006564	
3110067C02Rik		0.7006564	
ENSMUSG00000131511		0.7006564	
Glra2		0.7006564	
mt-Tl1		0.7006564	
Tcte2		0.70064217	
Rgs5		0.7005698	
Adcyap1r1		0.700523	
Gm13194		0.7004089	
Gm15856		0.70037895	
Gm47232		0.7002796	
Clic6		0.7002239	
Igf2bp3		0.7001526	
Gpld1		0.6995096	
Fam167b		0.6975599	
Atp6v0a4		0.69713914	
Ankrd26		0.6968952	
Mgarp		0.6964736	
Gm57239		0.696239	
ENSMUSG00000125797		0.6962089	
Ccdc149		0.6961991	
A330040F15Rik		0.6959785	
Pdzd7		0.6958788	
Slc17a2		0.69479114	
Flrt1		0.69474566	
Gm12992		0.6942523	
Gm42808		0.69400907	
Gm8314		0.69400907	
ENSMUSG00000137292		0.69400907	
ENSMUSG00000137909		0.69400907	
ENSMUSG00000131692		0.69400907	
ENSMUSG00000125104		0.69400907	
Lzts1		0.6939077	
E030025P04Rik		0.6930754	
Gm43604		0.69257724	
Rab44		0.692537	
Nudcd1		0.691613	
Mcm5		0.6915348	
Gm8098		0.6911795	
Gm28857		0.6909635	
Gm19265		0.6908717	
Foxp2		0.6906197	
ENSMUSG00000139525		0.6906197	
4930444F02Rik		0.6901819	
ENSMUSG00000137688		0.6901819	
Gng5c		0.6901086	
Gm48550		0.68951243	
2310043M15Rik		0.68951243	
Procr		0.68926764	
Tmem54		0.6889335	
Cacna1g		0.6889162	
ENSMUSG00000130948		0.6885835	
Rgs9bp		0.6885361	
Gm14399		0.6884504	
Nek1		0.6883117	
Gm35585		0.68831044	
Ccdc103		0.68809575	
Ccl6		0.687518	
ENSMUSG00000127283		0.6874379	
Cfh		0.68708277	
Dnah6		0.68674934	
Ppp1r14d		0.6866687	
ENSMUSG00000130420		0.686539	
Sele		0.6859893	
Sostdc1		0.68522424	
Slc52a3		0.68512434	
ENSMUSG00000123939		0.6848923	
Gm26788		0.68478155	
Rbm4		0.68436366	
Oaz1-ps		0.6843073	
Gm14584		0.68391806	
Amer1		0.68382525	
Dhfr		0.68354446	
ENSMUSG00000129660		0.6834947	
ENSMUSG00000133855		0.68288493	
Ereg		0.68288493	
Gm28271		0.68288493	
Hspa1a		0.68235284	
ENSMUSG00000140916		0.68225735	
6820408C15Rik		0.6820589	
Gm19708		0.6820589	
Lncob1		0.6820589	
Gm34574		0.6820589	
Gm10297		0.68194073	
3110080O07Rik		0.6804965	
Srrd		0.68035436	
Insrr		0.6803542	
Pid1		0.6801545	
Wfdc2		0.67990464	
Gm13056		0.679653	
Gm42466		0.679653	
Gm48500		0.679653	
Gm49953		0.679653	
2900076A07Rik		0.67931753	
Adamtsl2		0.67899096	
Sh2d4a		0.6789734	
Slc15a1		0.6788593	
Rsph1		0.67869484	
Cmtm8		0.678636	
Gm37529		0.6785783	
C1qc		0.67788124	
Gm43519		0.6778197	
Nherf4		0.67770064	
Krt20		0.6775651	
Fv1		0.67746127	
Ifitm1		0.677427	
Galnt3		0.67741084	
4833407H14Rik		0.67730397	
Slc16a13		0.67724574	
2610027K06Rik		0.67718315	
ENSMUSG00000123709		0.6769951	
Myom1		0.67660666	
Gm44863		0.6765269	
Tmc7		0.67650187	
ENSMUSG00000137470		0.6762637	
Matn1		0.67601997	
Gsdmc4		0.67601997	
Wnt7a		0.6759328	
Tspyl3		0.6758932	
Ermap		0.6758395	
Srpx2		0.6756831	
Penk		0.67467624	
Nfatc2		0.6745757	
Cubn		0.6738947	
Gm5586		0.6736976	
Mkks		0.6736862	
Eps8l3		0.6735396	
Zfp157		0.6735216	
ENSMUSG00000140129		0.67310905	
Tarbp1		0.67265064	
Snord8		0.6726476	
Rnf122		0.67241544	
Bpifc		0.6722962	
Kcnj16		0.6718275	
Gm57172		0.6714327	
Gm10039		0.6714327	
Mfsd4b1		0.67135674	
Bbs12		0.67121524	
Gm3587		0.67056316	
D3Ertd751e		0.6700017	
Mfsd13b		0.66988313	
Gm11767		0.66985905	
Usp40		0.6698336	
Arhgap19		0.66968143	
Acsl1		0.66950935	
Slc39a1-ps		0.66949844	
Gm20275		0.66949844	
Atp5pb-ps		0.66949844	
ENSMUSG00000124053		0.66949844	
4933440N22Rik		0.6690333	
1110035H17Rik		0.6689004	
ENSMUSG00000122742		0.6689004	
ENSMUSG00000121655		0.6689004	
2700097O09Rik		0.668747	
Sardh		0.66857225	
Aldh4a1		0.6684976	
Best3		0.66824955	
Dmpk		0.66745555	
Atp1b2		0.6671966	
Apol6		0.6669348	
Clic3		0.66666967	
Astn2		0.6665228	
Gm56872		0.6663206	
Gm15706		0.66627395	
Tppp3		0.6662735	
ENSMUSG00000136532		0.6655416	
ENSMUSG00000126610		0.6653392	
Gm11476		0.6652544	
ENSMUSG00000122396		0.665104	
ENSMUSG00000136762		0.6646767	
Nppc		0.6646004	
Fcmr		0.6642591	
1500002F19Rik		0.6642591	
Gm45589		0.66425014	
Kbtbd13		0.66410965	
Gm20467		0.6640721	
Pde6c		0.6640136	
Rasgrp4		0.6631287	
Gsg1l		0.6630747	
Gm33033		0.66276133	
Zfp972		0.66244787	
Gm43661		0.6619096	
2700038G22Rik		0.6618518	
Gm38353		0.6618312	
ENSMUSG00000123116		0.6618076	
Prkar1b		0.66173	
Idh1		0.6607738	
3300002P09Rik		0.66050684	
ENSMUSG00000125333		0.6600685	
ENSMUSG00000143909		0.6600613	
ENSMUSG00000140995		0.6600613	
Tmem158		0.6598848	
Gm13556		0.65988356	
R74862		0.6595814	
Rnase6		0.65934765	
Kcnip4		0.65929836	
2310026L22Rik		0.6592162	
Ccdc180		0.659146	
ENSMUSG00000135269		0.6590091	
Gm56889		0.6590091	
Tmed6		0.6584328	
Lrpprc		0.6579857	
Il10ra		0.65774673	
ENSMUSG00000143548		0.65746593	
ENSMUSG00000131556		0.65737665	
Gm45479		0.6573723	
Lrrc46		0.6571931	
Kank4		0.6563078	
Tmem252		0.6559316	
Trhr2		0.6559295	
Atp5mg		0.6558937	
C4b		0.65580696	
Zfp420		0.655667	
Pla2g4c		0.6556313	
2210011K15Rik		0.6551766	
Thrsp		0.6543913	
Sun1		0.6543569	
Abhd17c		0.65425074	
Gm13785		0.65415907	
Tmem267		0.65399677	
Prl6a1		0.6536889	
Tsga10		0.653459	
Ahsa2		0.65296614	
Gm38773		0.6527585	
Fam83e		0.6526282	
Dlg2		0.65252376	
Pgam2		0.65243334	
Cyp1b1		0.6523943	
Mkx		0.6521414	
Pdss1		0.6520222	
Meox1		0.6515474	
Gm22573		0.651289	
Gm48249		0.651289	
Prss38		0.651289	
ENSMUSG00000139545		0.651289	
ENSMUSG00000144080		0.65093184	
ENSMUSG00000137781		0.6503491	
Abat		0.6502816	
ENSMUSG00000132408		0.6500809	
Rnf207		0.649985	
Zfp979		0.6499411	
Rfx3		0.64960474	
Serpinb8		0.64933395	
Rnf152		0.649306	
Gm6088		0.64927286	
Gm15527		0.6492304	
Cyb5d2		0.64913106	
A130071D04Rik		0.64903843	
Gm6394		0.6490131	
Gm10643		0.6489038	
C230037L18Rik		0.6487585	
Tasor		0.64868265	
Sccpdh		0.64848304	
Klhl23		0.6484778	
Gm57226		0.6483345	
Snx10		0.64792883	
Zfp455		0.6477458	
Diablo		0.6477277	
Gm42056		0.6470896	
Sycp2		0.64629775	
Gm26510		0.6460584	
Gm39150		0.6458212	
Gabrb1		0.6454255	
Cd22		0.6453573	
Gm57324		0.6453361	
Shcbp1l		0.64518285	
Gm40518		0.6447637	
Gm53058		0.6446758	
Cpa5		0.64440024	
Gm16618		0.64440024	
Pkhd1		0.6442361	
Igsf5		0.64315164	
Abhd3		0.642885	
Bicral		0.6428227	
Txlnb		0.6427017	
Slc25a31		0.6426252	
Rsph3a		0.6423803	
Gatb		0.64228857	
Batf2		0.6419133	
Dusp28		0.6415461	
ENSMUSG00000131621		0.64139813	
Tle4		0.6411504	
Cdkn2c		0.6409201	
Gm8186		0.64047974	
Gm10941		0.64045876	
Gm12503		0.6404561	
ENSMUSG00000126111		0.6404561	
C5ar1		0.64036953	
Taf5		0.6403263	
Gm1604a		0.64028436	
Ddias		0.6396815	
4930599N23Rik		0.6396794	
Wnt16		0.6396237	
ENSMUSG00000136411		0.639568	
4930593C16Rik		0.639568	
ENSMUSG00000129555		0.639568	
4833403J16Rik		0.6386313	
Sema4a		0.6384705	
Col17a1		0.63817567	
Bphl		0.637975	
Gm56508		0.6378379	
Glmn		0.6377436	
Nrep		0.6375729	
ENSMUSG00000133849		0.6375526	
B230369F24Rik		0.63708377	
Slc45a3		0.63705534	
Ribc1		0.63697505	
Dner		0.63695836	
Gm12981		0.63695836	
Cerox1		0.6369194	
Cdkl2		0.6368825	
Gm16234		0.6357015	
Gm57504		0.6354498	
Ces2f		0.63541096	
Lin28a		0.63529605	
Dnah7b		0.63524723	
Pcbp1		0.6351681	
Rpp40		0.63515425	
Gm15738		0.63466656	
Gm12250		0.6344082	
Pitx1		0.6337461	
Lamb3		0.6336966	
Coq4		0.63355505	
Abcc6		0.6334342	
Dppa2		0.63320756	
Rpl10-ps3		0.6331579	
Pfdn4		0.6326248	
ENSMUSG00000121717		0.63246506	
BC043934		0.6320455	
Prorp		0.6319466	
Rasl12		0.6318286	
Tfec		0.63130766	
Olfml2b		0.63128346	
5730405O15Rik		0.6312184	
Ttc22		0.63101023	
ENSMUSG00000135289		0.63068336	
ENSMUSG00000143368		0.6305464	
Cep295nl		0.63053775	
ENSMUSG00000136566		0.63040143	
ENSMUSG00000125394		0.6303064	
Igfals		0.6299825	
4930518I15Rik		0.62981284	
Coro2a		0.6296339	
Gm33148		0.6295313	
Spats2l		0.6295157	
Hopxos		0.6294583	
Kmo		0.6293631	
Itpripl1		0.6292534	
Gm13919		0.6290693	
ENSMUSG00000127298		0.6290693	
ENSMUSG00000129091		0.6290693	
Adgra3		0.62905264	
Thpo		0.628694	
Ptprt		0.6280012	
ENSMUSG00000130642		0.6277121	
Rps23rg1		0.6274033	
Adamtsl1		0.62731147	
5830408C22Rik		0.6272631	
Gm37607		0.6268541	
AA387883		0.6268013	
Jam3		0.626438	
Cetn4		0.6263096	
Mfap2		0.62609184	
Bcs1l		0.62543607	
Ccdc85a		0.62537664	
Gm14022		0.62496775	
5830417I10Rik		0.62496775	
Gm8355		0.62490875	
Hmgcs1		0.62490726	
F2		0.62474173	
Ebpl		0.624731	
Calhm6		0.624378	
Mir8116		0.6243099	
Scd2		0.6242029	
Zbtb12		0.6239519	
Timd2		0.6236841	
Zfp449		0.62363243	
Npl		0.6226957	
8030451A03Rik		0.62223685	
Or51v14		0.62223685	
Gm51903		0.62223685	
ENSMUSG00000127721		0.6221088	
Habp2		0.62202364	
Megf9		0.6220015	
Cybb		0.62189573	
ENSMUSG00000121500		0.6217272	
Gm35546		0.6210917	
Gm14421		0.6208676	
4731419I09Rik		0.6208676	
Moap1		0.6208676	
Cd59b		0.6207354	
Hpse2		0.6205103	
Enpep		0.62047553	
Efnb3		0.6202432	
1700024N05Rik		0.6202234	
Gm9064		0.6202234	
Gm17241		0.6202234	
Gm24145		0.6202234	
ENSMUSG00000127210		0.6202234	
Ltbp2		0.6198891	
Npc1l1		0.6198487	
Moxd1		0.6197383	
Apip		0.6191987	
Fhl4		0.6190991	
Gm28188		0.6190736	
Akr1c12		0.61871004	
Gm11627		0.6186657	
Klhdc8b		0.61840135	
Gm56535		0.6183979	
1700061E18Rik		0.6183979	
Slc26a6		0.6181539	
ENSMUSG00000121780		0.61798954	
Pi16		0.6177083	
Fcgbp		0.6172521	
Tph1		0.6172058	
Hoxa1		0.6166943	
Gm17034		0.6165846	
4930516B21Rik		0.61652154	
ENSMUSG00000133677		0.6162795	
Kcnh1		0.6162507	
Gm14642		0.6161482	
Ntrk3		0.615988	
Maob		0.61490506	
Dagla		0.61489815	
Slc44a3		0.6139387	
Pwwp3b		0.6139298	
Gm33195		0.613889	
Pcdh19		0.6138015	
Fgf7		0.6137497	
Gm21596		0.61372256	
Lrrc25		0.6135719	
Gm50387		0.61299926	
Crybg2		0.61255217	
Gstk1		0.61237526	
Inhca		0.61232436	
Echdc1		0.6122131	
Gm7658		0.6119645	
Gm17090		0.6119645	
Gm29013		0.6119645	
Gm37219		0.6119645	
Dpp10		0.6119645	
ENSMUSG00000139117		0.6119645	
Gm29282		0.6119645	
Gm26620		0.6119645	
Gm37787		0.6119645	
Gm28035		0.6119645	
ENSMUSG00000141618		0.6119645	
Gm14091		0.6119645	
H3f3c		0.6119645	
ENSMUSG00000135337		0.6119645	
Gm56145		0.6119645	
ENSMUSG00000139722		0.6119645	
Gm19202		0.6119645	
ENSMUSG00000125680		0.6119645	
ENSMUSG00000129761		0.6119645	
Gm11915		0.6119645	
Gm12446		0.6119645	
ENSMUSG00000122546		0.6119645	
ENSMUSG00000135197		0.6119645	
Gm12882		0.6119645	
Gm13215		0.6119645	
Ube4bos2		0.6119645	
Gm1979		0.6119645	
Gm8121		0.6119645	
ENSMUSG00000134112		0.6119645	
ENSMUSG00000140976		0.6119645	
Gm16552		0.6119645	
Gm6444		0.6119645	
ENSMUSG00000131682		0.6119645	
Gm43476		0.6119645	
ENSMUSG00000128270		0.6119645	
ENSMUSG00000137213		0.6119645	
Aurkc		0.6119645	
ENSMUSG00000131649		0.6119645	
Gm7407		0.6119645	
Gm6877		0.6119645	
ENSMUSG00000130031		0.6119645	
E030037K01Rik		0.6119645	
Gm9619		0.6119645	
ENSMUSG00000131773		0.6119645	
ENSMUSG00000131547		0.6119645	
Gm2396		0.6119645	
ENSMUSG00000131208		0.6119645	
Trim43b		0.6119645	
1700030E10Rik		0.6119645	
Gm26180		0.6119645	
Gm56970		0.6119645	
ENSMUSG00000130662		0.6119645	
Or6c70		0.6119645	
ENSMUSG00000131620		0.6119645	
ENSMUSG00000130134		0.6119645	
ENSMUSG00000134255		0.6119645	
Mir6931		0.6119645	
ENSMUSG00000132326		0.6119645	
Gm15636		0.6119645	
Gm40655		0.6119645	
Mir466i		0.6119645	
Gm48161		0.6119645	
Gm6245		0.6119645	
Gm8016		0.6119645	
ENSMUSG00000143218		0.6119645	
Gm31630		0.6119645	
ENSMUSG00000133770		0.6119645	
ENSMUSG00000124247		0.6119645	
Gm17208		0.6119645	
Gm41177		0.6119645	
Rps2-ps5		0.6119645	
ENSMUSG00000136806		0.6119645	
Gm2606		0.6119645	
Gm5470		0.6119645	
ENSMUSG00000128875		0.6119645	
Aqp2		0.6119645	
1700123O21Rik		0.6119645	
Gm8130		0.6119645	
Dynlt2a3		0.6119645	
ENSMUSG00000137027		0.6119645	
Gm17168		0.6119645	
ENSMUSG00000125774		0.6119645	
Gm17430		0.6119645	
Gm18713		0.6119645	
ENSMUSG00000139083		0.6119645	
ENSMUSG00000123305		0.6119645	
Gm8825		0.6119645	
Mir188		0.6119645	
Gm14519		0.6119645	
Gm14567		0.6119645	
ENSMUSG00000121554		0.6119645	
Chml		0.61172587	
Tmem45a		0.6116169	
Spag4		0.6114791	
Pter		0.61070484	
ENSMUSG00000122455		0.610702	
Rian		0.6106619	
Itga8		0.61061454	
Taf6		0.6100078	
Cks1b		0.60985905	
Npas2		0.60982466	
Crip3		0.6095806	
Marchf4		0.60950065	
Ccdc34		0.60945183	
Gm40348		0.6092568	
E130317F20Rik		0.60895336	
1700067K01Rik		0.6086765	
1500004A13Rik		0.60867465	
Ocln		0.6083985	
Gm40761		0.608297	
Pla2g12b		0.6079944	
Gm34507		0.60792464	
Cfap91		0.6074684	
Dennd5b		0.607397	
Podxl		0.6072915	
Polr3g		0.60704315	
Slc13a2		0.6070131	
Adamts13		0.60680294	
P2ry10b		0.60669965	
Gstp3		0.60650724	
ENSMUSG00000141158		0.6062261	
Gm37163		0.6062118	
Hoxb8		0.6056626	
Myrip		0.60522205	
Uggt2		0.60510486	
Rab6b		0.60506964	
Zmat1		0.6046894	
Gm31253		0.6043735	
Gcgr		0.6043732	
ENSMUSG00000134613		0.6043386	
Gm45866		0.6042161	
Fam227a		0.6038439	
Sall2		0.60382324	
Adamtsl4		0.60298926	
Ttk		0.6029856	
Gm26789		0.60271263	
Gm47223		0.60258526	
Adrm1b		0.60257936	
Porcn		0.6022493	
Gpm6a		0.6020397	
Lrrc39		0.6018721	
Adamts17		0.6016293	
ENSMUSG00000128101		0.60119474	
ENSMUSG00000142348		0.60119474	
Ugt8a		0.60115665	
Gm34102		0.600884	
Rab3il1		0.60076964	
Sema4g		0.6007353	
Gemin8		0.60054314	
Gm15404		0.60047734	
Pdp2		0.6000633	
Zfp582		0.5999281	
ENSMUSG00000130363		0.59990424	
Kcnq1ot1		0.59983367	
Zfp382		0.59980506	
Cidea		0.59890777	
4933417O13Rik		0.598263	
ENSMUSG00000124616		0.59821993	
Gm34854		0.5981962	
Krt17		0.5981819	
Matcap1		0.5980168	
Slc47a2		0.59732735	
Itfg2		0.59712213	
Leng9		0.5971077	
Gm15498		0.5970725	
Bmp4		0.5970276	
ENSMUSG00000122201		0.5967731	
Heph		0.59634256	
ENSMUSG00000134028		0.5962424	
Grb7		0.5961486	
Usp50		0.5960777	
Gm49204		0.5957075	
Lrrc51		0.59538245	
Gm56859		0.5947803	
Gm42732		0.5944697	
Abcb1b		0.59367746	
Gm15441		0.5932195	
Ccdc38		0.593188	
ENSMUSG00000137881		0.59296846	
ENSMUSG00000143763		0.59296846	
Samd5		0.5926421	
Ina		0.59251016	
Smlr1		0.592251	
Lyz2		0.5921427	
C330020E22Rik		0.5921009	
ENSMUSG00000121950		0.59193254	
Pcdh18		0.59149957	
Cd84		0.5911301	
Id2		0.5911094	
Prl7a1		0.59110475	
A230056P14Rik		0.5911014	
Nfia		0.591001	
Elavl2		0.5903907	
Padi4		0.5903907	
Cyp3a57		0.5903907	
ENSMUSG00000134760		0.5903907	
Gm38065		0.5903907	
Ccdc92b		0.5903907	
Kcnk13		0.5903907	
0610040J01Rik		0.58986527	
ENSMUSG00000135339		0.5893671	
Zfp14		0.58891547	
Cxcl13		0.588783	
Ppfia2		0.588783	
Gm15326		0.588783	
Gm49768		0.588783	
Mpl		0.5886333	
Gt(ROSA)26Sor		0.58848506	
Xlr3c		0.5879389	
Tmtc3		0.58758223	
Gm29093		0.58716106	
8430429K09Rik		0.58681333	
ENSMUSG00000123374		0.5867825	
Ank1		0.58606577	
C8g		0.5859604	
Siah1b		0.5858231	
Gm28151		0.58576965	
Adh1		0.5856826	
Cxcl1		0.58543473	
Gm28551		0.58541095	
Gm45609		0.58541095	
Gm57318		0.58541095	
Scamp4		0.58541095	
Gm49307		0.58541095	
Adam28		0.58541095	
ENSMUSG00000143839		0.58541095	
Zfp85		0.5851249	
Mmp16		0.584944	
Gm43437		0.5845054	
Gng8		0.5845054	
Gm28424		0.5845054	
Dmrtb1		0.58445513	
Gm27209		0.5844355	
Tbc1d10c		0.5844014	
Sh3tc2		0.5839543	
Mybl2		0.58390886	
Trmt112-ps2		0.58374834	
Proscos		0.58374834	
Gm30639		0.58374834	
ENSMUSG00000136348		0.58374834	
Gm48495		0.58374834	
ENSMUSG00000139045		0.58374834	
Gm9133		0.58374834	
Tspan7		0.5832998	
ENSMUSG00000139292		0.58316153	
Gm14410		0.58262414	
Tmod4		0.5825791	
Jpx		0.58251226	
4930558J22Rik		0.58248127	
Gm20731		0.58245456	
ENSMUSG00000129705		0.5823682	
Slc18a2		0.58212334	
Ice2		0.5819226	
B3galt1		0.581823	
ENSMUSG00000125748		0.5817771	
Gm28888		0.581643	
Tmem33		0.5813689	
Ccne2		0.5811826	
Dhrs9		0.58055216	
Myrf		0.58047503	
Smim24		0.58036053	
4930481B07Rik		0.58035725	
Cep95		0.58019465	
Gm45425		0.58007604	
Ifi213		0.57987887	
2010004M13Rik		0.5797439	
2610306O10Rik		0.5796015	
Arhgap33		0.5795248	
Pafah2		0.5794474	
Npff		0.5793189	
Rfc4		0.5792334	
ENSMUSG00000138598		0.579026	
ENSMUSG00000125835		0.5787204	
Alg6		0.57867247	
Lonrf2		0.5784894	
Irag1		0.5784875	
Prkg2		0.57842183	
ENSMUSG00000143418		0.57829803	
Scn3b		0.5782354	
Pkia		0.57812864	
Pdxk		0.5781143	
Tnfrsf18		0.57764757	
Zfp57		0.5775261	
Spx		0.57738256	
Gm56876		0.57723	
Gm11425		0.5771502	
ENSMUSG00000137870		0.57708263	
ENSMUSG00000142694		0.57708263	
Gm50455		0.57644093	
Gm42611		0.5762194	
C230038L03Rik		0.5762194	
ENSMUSG00000142101		0.5762194	
ENSMUSG00000128871		0.5762194	
Gm49495		0.5762194	
Krt84		0.5762194	
Fkbp5		0.5760867	
Apobec3		0.5756788	
ENSMUSG00000131206		0.5753962	
1500009L16Rik		0.5750124	
Frem2		0.57495457	
Neb		0.57494694	
Trmo		0.57425636	
Fign		0.5734291	
Lmtk3		0.5732697	
Itm2a		0.57289416	
Trpc5os		0.5727296	
Fgf11		0.5726116	
Cyp8b1		0.5725257	
Mettl24		0.5724297	
Ikzf1		0.57197905	
Slc18b1		0.57160586	
Xlr5a		0.57094514	
Gm4129		0.5707945	
Myo15b		0.5707183	
Smim45		0.570537	
Thap2		0.5699073	
Fank1		0.56981856	
Elavl4		0.5698154	
Gm26717		0.56958437	
Prickle2		0.5695239	
Gfra3		0.56949335	
Rgs7bp		0.56935984	
Col16a1		0.56927913	
Msx1		0.56924206	
AI467606		0.569193	
Eral1		0.56909466	
Runx1t1		0.56893206	
Gm46412		0.56879133	
Abcc8		0.56877935	
Gm55090		0.56866074	
Zfp458		0.56847	
Lysmd3		0.56805885	
Gata3os		0.5679853	
Gm57355		0.5678347	
Cux2		0.56722605	
Tnfrsf25		0.5671337	
Gprasp1		0.5670119	
H2-K2		0.5668361	
Gm52698		0.5667442	
Gm29707		0.5666261	
Foxn2		0.56659853	
Pcyox1		0.5665318	
Il17d		0.5663425	
Wdr90		0.5660051	
Mrpl58		0.5658765	
Slc39a5		0.5658573	
Hdnr		0.5657365	
Nr2c2		0.56563085	
ENSMUSG00000132833		0.5651329	
Poglut3		0.56491137	
Gm32633		0.5647181	
Gm50023		0.5646383	
Rab3a		0.564275	
Tigd5		0.56420726	
Tmem126a		0.5642027	
Dact1		0.5634608	
Gm4202		0.5630484	
Wdr35		0.5629211	
Hhex		0.562844	
Cox6b2		0.5625165	
Mcoln2		0.56244045	
Irx4		0.5623344	
4931414P19Rik		0.5622476	
4933431E20Rik		0.5619406	
Tnfaip8l2		0.56193453	
Prrx2		0.5618508	
Igsf10		0.561515	
Tmprss13		0.5614307	
Pxt1		0.56064534	
1810062G17Rik		0.5606238	
ENSMUSG00000136549		0.5605001	
Bbox1		0.56035197	
ENSMUSG00000142770		0.56032646	
Kcnh7		0.5602509	
Gm5148		0.56019425	
A930033H14Rik		0.5598465	
Dleu2		0.5598277	
Cpn1		0.55947673	
Igip		0.5593558	
Dnajb13		0.55905133	
Six2		0.55877095	
Akr1c19		0.558747	
1700123M08Rik		0.55873036	
Mmp17		0.5585567	
Plgrkt		0.5583015	
ENSMUSG00000137365		0.5582539	
ENSMUSG00000130059		0.5580933	
Misp3		0.558082	
Sync		0.55773664	
Synpo2		0.5577253	
Apol9b		0.5571913	
Gpa33		0.5570273	
Col6a3		0.55701077	
Ndrg2		0.55682194	
Chmp1b2		0.5567172	
Erich6		0.55662	
Itih2		0.55647904	
Ldlrad4		0.55642	
Slc35d1		0.55621254	
Itga6		0.5561987	
Ptprd		0.55612546	
Eya4		0.556043	
Pla2g4f		0.5558296	
ENSMUSG00000139687		0.55579776	
Plscr1		0.5554072	
Plekhg4		0.5553575	
Gm56576		0.5551831	
Lsm3		0.5550951	
Timm10b		0.5550117	
Gpi-ps		0.5550099	
ENSMUSG00000126843		0.55450106	
Gm24045		0.55450106	
Rpl31-ps10		0.55450106	
Gm48855		0.55450106	
Wdr55		0.5544368	
Baiap2l2		0.55441695	
Gm16008		0.55417997	
Pycard		0.5541572	
Gm57235		0.55413646	
Rabl3		0.5539939	
Pus7l		0.55381846	
Ms4a15		0.5538007	
ENSMUSG00000124454		0.5535451	
Elmo3		0.553449	
Pdrg1		0.55295	
4632411P08Rik		0.5527043	
Ciart		0.5524955	
Tpmt		0.552487	
Dhrs4		0.55243915	
Dnajc12		0.5519843	
Btbd6		0.5516532	
Cd53		0.5515095	
ENSMUSG00000142294		0.55146253	
Gm20752		0.55146253	
Gm16158		0.55146253	
ENSMUSG00000123207		0.55146253	
Nt5dc2		0.5514303	
Uqcc5		0.55129635	
Gm38080		0.5511858	
Zbtb18		0.5510685	
Rimbp2		0.5509008	
Slc18a1		0.550851	
ENSMUSG00000126367		0.55046815	
Olfml3		0.55003804	
Slc35b4		0.54979914	
Dennd1b		0.54971373	
ENSMUSG00000131197		0.54967225	
Aqp8		0.54954576	
ENSMUSG00000122057		0.5495075	
Fgf10		0.5495075	
Gm14861		0.5495075	
Rhd		0.54942787	
1700095J03Rik		0.54942787	
Gm4734		0.54942787	
ENSMUSG00000125089		0.54942787	
ENSMUSG00000142601		0.54942787	
H3c7		0.54942787	
Gpr150		0.54942787	
Acr		0.54942787	
Meiob		0.54942787	
Gm36584		0.5493873	
Gm31266		0.5493125	
Ift70b		0.5493065	
Gm28403		0.5490934	
ENSMUSG00000131244		0.5490934	
Gm30835		0.5490934	
Gm57394		0.5490934	
2610318N02Rik		0.5490934	
Dhx58		0.5488025	
Tert		0.548779	
Lss		0.54872143	
Spns3		0.54862815	
Plek		0.5485737	
Notch1		0.54830796	
Sorcs1		0.54829955	
ENSMUSG00000135543		0.54796976	
Atp2b4		0.5476951	
Unkl		0.54766643	
1700010I14Rik		0.5474242	
ENSMUSG00000141723		0.5474088	
Gm26771		0.5474088	
4930589O11Rik		0.5474088	
ENSMUSG00000123076		0.5474088	
Amh		0.5474088	
ENSMUSG00000132245		0.5474088	
Slc7a5		0.54739267	
Gm9856		0.5473408	
Bank1		0.5471203	
Pls1		0.5466207	
Islr		0.54655606	
Dnajb6-ps		0.546494	
Gm19689		0.5463755	
Npas1		0.54609644	
Mylk		0.54592353	
Gm3604		0.5458494	
Btg3		0.5458017	
C530043A13Rik		0.5452862	
Kcnj10		0.5452862	
2600014E21Rik		0.5452862	
1700007F19Rik		0.5452862	
Gm42780		0.5452862	
Gm56586		0.5452862	
Sv2c		0.5452862	
D030018L15Rik		0.5452862	
Cidec		0.54495275	
Gm34726		0.5444366	
Mtrf1		0.54419184	
B230319C09Rik		0.5438703	
Kifc1		0.54346436	
Gm43668		0.54340523	
Usp12		0.54305714	
Pip5k1b		0.5430494	
Col4a3		0.54298455	
9530018F02Rik		0.5427525	
Car9		0.54246503	
Prkra		0.54243183	
Tm6sf2		0.5422591	
Igsf23		0.54224277	
Cyp2s1		0.5417997	
Gm12530		0.54108334	
Cend1		0.5409925	
Ngef		0.54065436	
Sgk3		0.5405183	
Slc5a5		0.5404868	
Islr2		0.5402796	
Atp6v1c2		0.5401914	
Pygm		0.540083	
C1qb		0.53984994	
Wnt9b		0.5397874	
Rassf10		0.5397699	
Rp2		0.53966546	
2010315B03Rik		0.5394584	
Cenpj		0.53912127	
Gm26684		0.5390526	
Gm35330		0.5389813	
Ly86		0.53864187	
Rad52		0.5386412	
Hcn1		0.538614	
ENSMUSG00000126477		0.5385235	
Cep55		0.53824604	
Ifi206		0.5381453	
Gm36298		0.53781384	
Ptgs2os		0.5377005	
ENSMUSG00000130983		0.5377005	
Shisa2		0.5374469	
Slc15a3		0.5371798	
Armh4		0.53678703	
Smco4		0.53678596	
ENSMUSG00000139150		0.53659546	
Elovl6		0.53603315	
Crem		0.5357511	
ENSMUSG00000128937		0.5357203	
Rnf180		0.53570527	
Afg1l		0.53562284	
Gmds		0.5355559	
Trub1		0.53512686	
Ccdc80		0.5351142	
Cd300lb		0.53500414	
Agt		0.5349449	
Grik3		0.5347863	
Prl3d3		0.53408986	
Gm18588		0.53389335	
ENSMUSG00000142605		0.53389335	
Slc7a3		0.53384507	
D5Ertd605e		0.53381896	
Slc5a1		0.5337525	
Lpar6		0.5335881	
Gm17059		0.5331722	
Calm4		0.53299195	
Ctss		0.5328227	
Eef1akmt1		0.53254306	
Gm9975		0.5320568	
ENSMUSG00000137637		0.53202474	
Amigo3		0.5317131	
Gm44672		0.531667	
Or7e167-ps1		0.531667	
Ddx11		0.5315667	
Rps6-ps4		0.53156483	
Gm38211		0.53148586	
ENSMUSG00000135002		0.5314561	
Zfp788		0.5312517	
Tnks		0.530989	
ENSMUSG00000131086		0.5306759	
Gm12905		0.53013325	
Pank3		0.5300309	
Hsd3b6		0.52996093	
Popdc2		0.52981454	
Nod1		0.5297438	
Nthl1		0.5296414	
Dnal1		0.529575	
Pcolce		0.5294794	
Ism1		0.5292717	
Snx15		0.5292307	
Susd3		0.5291232	
AU018091		0.5291196	
Dcps		0.5286465	
Gmpr		0.5285619	
Hrob		0.5284076	
Abtb2		0.52834755	
Gm45867		0.52808297	
Gm50114		0.52799296	
Gm38192		0.52784795	
ENSMUSG00000129364		0.52784795	
Ascl2		0.5273401	
ENSMUSG00000129723		0.5273179	
ENSMUSG00000123176		0.5273179	
ENSMUSG00000134465		0.527104	
Hsd17b10		0.52686805	
4930519P11Rik		0.5267224	
Slc9a6		0.52645814	
Gm20139		0.5263275	
Styxl2		0.52618295	
Paqr4		0.5260359	
Dlk2		0.5258559	
Snap91		0.5251308	
Efhb		0.5250376	
Stat5b		0.5249033	
ENSMUSG00000141581		0.524851	
Lilrb4b		0.5245622	
C9		0.524403	
Celf4		0.52437085	
Gm44616		0.52434975	
Myl9		0.5243365	
Il17rb		0.5243339	
Slc6a14		0.5235875	
Kbtbd6		0.5229916	
ENSMUSG00000125804		0.52287614	
Agrp		0.5225914	
Fam234b		0.5224561	
Nek2		0.52230704	
Cnnm2		0.5220196	
Ripk2		0.52174157	
Zdhhc15		0.5215669	
Bvht		0.5215413	
Gm41750		0.52138144	
Wdr31		0.521051	
Ripor3		0.5209798	
ENSMUSG00000127016		0.52076334	
ENSMUSG00000125320		0.52076334	
Riox1		0.52070403	
Asnsd1		0.5206462	
Irf6		0.52025425	
Gm34853		0.5200153	
4930579G24Rik		0.52001506	
Gm28557		0.51993084	
Epcip		0.5197278	
Eef1akmt4		0.5196194	
Kcnj8		0.51959586	
Vmn1r4		0.5195956	
Gm11769		0.5195956	
Or7d10		0.51935434	
Gm17249		0.51932657	
Rpl7a-ps7		0.51908815	
Cercam		0.51890075	
Jrkl		0.5188654	
Gm46652		0.5187731	
D830030K20Rik		0.51821053	
Psd		0.51809716	
Apoe		0.51800203	
Peli3		0.51794064	
Cfap126		0.51788926	
Gm34157		0.51764107	
ENSMUSG00000135805		0.5175161	
Gm34035		0.5173534	
Hpca		0.51722884	
Gm9905		0.51706177	
Rpl23a-ps2		0.51706177	
ENSMUSG00000140418		0.51674515	
Tnfsf13os		0.516724	
Ap2m1-ps		0.51667047	
Pgap2		0.5164781	
Hs3st3a1		0.51630485	
2310058D17Rik		0.51630086	
C330018D20Rik		0.5159392	
Gm57146		0.51589197	
Fkbp4		0.5156976	
Ndufb6		0.5156568	
Gm11651		0.51550233	
Tnfrsf13b		0.5153879	
Dnajc30		0.51527476	
Slc41a1		0.5149561	
Plaat1		0.5147348	
Gm17538		0.514539	
Ltbp4		0.51441133	
Ofcc1		0.51409304	
Gm10086		0.5136529	
Rad9b		0.51361406	
Neurl1b		0.51324964	
Slc36a1		0.51321536	
Slit2		0.5131829	
Tnfrsf11a		0.5125976	
ENSMUSG00000141411		0.51247525	
Ebf3		0.51178294	
Vwa3a		0.5116814	
ENSMUSG00000134631		0.5114779	
Gm19221		0.5114779	
Gm50335		0.5114779	
Gm20045		0.51145196	
Selenoo		0.51116806	
Icam5		0.51074827	
Col5a1		0.5106806	
Gm29570		0.5105648	
Gm4849		0.5105648	
Gm7784		0.5105648	
Gm28306		0.5105648	
Gm29667		0.5105648	
Gm35993		0.5105648	
4933436E23Rik		0.5105648	
Gm37622		0.5105648	
Gm13416		0.5105648	
4930527E20Rik		0.5105648	
Gm13578		0.5105648	
ENSMUSG00000136024		0.5105648	
Gm13690		0.5105648	
Gm43471		0.5105648	
Mab21l1		0.5105648	
Gm16069		0.5105648	
Chil6		0.5105648	
Gm42687		0.5105648	
6530403H02Rik		0.5105648	
Gm9396		0.5105648	
ENSMUSG00000124403		0.5105648	
Nkain3		0.5105648	
ENSMUSG00000130741		0.5105648	
Gm12788		0.5105648	
ENSMUSG00000134780		0.5105648	
ENSMUSG00000142572		0.5105648	
ENSMUSG00000133632		0.5105648	
E130006D01Rik		0.5105648	
Gm23458		0.5105648	
Snora15		0.5105648	
Gm42885		0.5105648	
ENSMUSG00000137798		0.5105648	
Gm6433		0.5105648	
ENSMUSG00000138027		0.5105648	
ENSMUSG00000128716		0.5105648	
Gm26696		0.5105648	
ENSMUSG00000125936		0.5105648	
ENSMUSG00000122887		0.5105648	
ENSMUSG00000141787		0.5105648	
Gm4482		0.5105648	
ENSMUSG00000137273		0.5105648	
Cox20b		0.5105648	
Or52h1		0.5105648	
ENSMUSG00000130393		0.5105648	
ENSMUSG00000139651		0.5105648	
ENSMUSG00000128951		0.5105648	
Gm6314		0.5105648	
Gm19269		0.5105648	
ENSMUSG00000134445		0.5105648	
Gapdh-ps16		0.5105648	
Gm45750		0.5105648	
ENSMUSG00000142716		0.5105648	
Phxr4		0.5105648	
Gm5120		0.5105648	
ENSMUSG00000132733		0.5105648	
Gm27234		0.5105648	
ENSMUSG00000131196		0.5105648	
Gm18101		0.5105648	
ENSMUSG00000123879		0.5105648	
Anapc15-ps		0.5105648	
ENSMUSG00000121697		0.5105648	
Gm12129		0.5105648	
Or2y1		0.5105648	
Mir5100		0.5105648	
Gm11534		0.5105648	
ENSMUSG00000124751		0.5105648	
ENSMUSG00000142822		0.5105648	
Gm49929		0.5105648	
Gm18726		0.5105648	
9430078K24Rik		0.5105648	
Gm1995		0.5105648	
Prima1		0.5105648	
ENSMUSG00000138875		0.5105648	
Gm47151		0.5105648	
Gm47435		0.5105648	
1700037F03Rik		0.5105648	
ENSMUSG00000131255		0.5105648	
Gm3534		0.5105648	
Gm24258		0.5105648	
ENSMUSG00000129638		0.5105648	
Gm3150		0.5105648	
7530416G11Rik		0.5105648	
ENSMUSG00000137143		0.5105648	
Snora34		0.5105648	
Gm49504		0.5105648	
Gm24927		0.5105648	
ENSMUSG00000141191		0.5105648	
ENSMUSG00000132512		0.5105648	
Gm55208		0.5105648	
ENSMUSG00000127121		0.5105648	
Tcp10a		0.5105648	
Gm3355		0.5105648	
Gm49940		0.5105648	
Gm4835		0.5105648	
Gm19774		0.5105648	
Gm6663		0.5105648	
Gm50382		0.5105648	
ENSMUSG00000141826		0.5105648	
ENSMUSG00000132256		0.5105648	
ENSMUSG00000135755		0.5105648	
Thyn1		0.5104682	
Epha4		0.510353	
Flacc1		0.5103426	
Upk3b		0.5102994	
Gm11759		0.5102903	
Gm13080		0.5102903	
ENSMUSG00000131095		0.5102903	
Nudc-ps1		0.5102903	
Gm27253		0.5102903	
Gm31793		0.5102903	
Gm4939		0.5102903	
Gm5844		0.51004297	
Gm9958		0.51003706	
Cyp51		0.5097999	
Ap1ar		0.5096853	
Rad51ap1		0.5096217	
Mal2		0.5095859	
Cd5l		0.50912225	
Ckap2		0.50879025	
Gm47021		0.5087491	
ENSMUSG00000127259		0.5085804	
Itgb4		0.5085246	
Reep1		0.5085184	
Gm5475		0.50846434	
Pygl		0.50841904	
Smad9		0.508096	
Gbp5		0.5079427	
ENSMUSG00000130748		0.507766	
ENSMUSG00000135964		0.507766	
ENSMUSG00000125397		0.5077268	
Phex		0.5076232	
Topaz1		0.5076066	
Dpep1		0.50744855	
Khdc1c		0.5073639	
ENSMUSG00000138259		0.5072189	
Fam3d		0.5066389	
Gm56705		0.5064081	
Nrgn		0.5063667	
C230053D17Rik		0.50633097	
2500004C02Rik		0.50630355	
Gm50323		0.5059448	
Dact3		0.50593215	
Csta1		0.5058231	
Prph		0.50579435	
ENSMUSG00000137968		0.50577563	
ENSMUSG00000126895		0.50577563	
ENSMUSG00000127481		0.50573075	
2810459M11Rik		0.5056838	
Gm56976		0.5053054	
Gm16062		0.5051553	
Mybpc3		0.50507873	
Il23r		0.50501746	
Shisa8		0.50492394	
Gm36180		0.50449	
ENSMUSG00000123763		0.5040588	
Agpat2		0.50404084	
Gm11948		0.5038742	
Ms4a6b		0.50387245	
Gm26651		0.5038505	
Abca8a		0.5036926	
Emp2		0.5036866	
AB124611		0.5036301	
Ablim3		0.5034636	
Hs3st3b1		0.50321245	
Myl4		0.50319743	
Gm19719		0.50269127	
Flrt3		0.50251734	
Ccdc88c		0.50249666	
Zfp119b		0.5024356	
Hand2os1		0.5020462	
Palm3		0.50199	
Muc13		0.5018994	
Gm13241		0.5018952	
ENSMUSG00000140926		0.5018164	
ENSMUSG00000137527		0.50175494	
Arhgap6		0.5016742	
Grhl3		0.50149685	
ENSMUSG00000132976		0.5011714	
Gm29417		0.5011714	
Klhl17		0.5010711	
Mfsd6		0.5007126	
Fmo1		0.5006822	
Sh2d4b		0.50062084	
Oxct1		0.5006188	
Cryz		0.50050324	
Ints6l		0.49975887	
Ankrd22		0.49970186	
Cavin3		0.49965486	
Sncaip		0.49963823	
Icos		0.49944666	
ENSMUSG00000137388		0.49944666	
Ptprq		0.49944666	
ENSMUSG00000123751		0.49944666	
ENSMUSG00000132677		0.49944666	
Snx25		0.4994339	
Rps6ka6		0.49899533	
Map9		0.49891725	
BC049715		0.49867165	
1600022D10Rik		0.49867165	
Osgepl1		0.49867094	
Folr1		0.49852598	
2410003I16Rik		0.49841005	
Rps13-ps4		0.49812713	
Mirg		0.49808365	
Slc22a23		0.4979963	
Macrod2		0.49784654	
Fanci		0.49784154	
ENSMUSG00000123352		0.49780276	
Doc2g		0.49769276	
Zc3hav1l		0.49764767	
Stbd1		0.49739558	
ENSMUSG00000139454		0.49699458	
Gm43061		0.49699458	
Gm9229		0.49699458	
Pcdh17		0.49691215	
Gm16287		0.4968548	
Gm13562		0.49683547	
Bmf		0.4965862	
Tmem45b		0.49653178	
Cdk1		0.49649778	
Gm56890		0.49633405	
ENSMUSG00000126543		0.49632913	
Gm15972		0.49627057	
Mast1		0.49605694	
0610005C13Rik		0.4959623	
Gm43162		0.49586535	
Dnm3os		0.4958333	
Intu		0.49545908	
Zxdb		0.49528903	
Zfp69		0.49521086	
Gm37333		0.49518028	
Ap1s3		0.49505037	
Plagl1		0.49498126	
Klb		0.4946233	
Klhl6		0.49452502	
ENSMUSG00000072963		0.49439263	
Rab25		0.49435505	
Gm56582		0.49432114	
1600014C23Rik		0.4942712	
Spry2		0.49404702	
Kif14		0.49404493	
Syp		0.49396345	
ENSMUSG00000142699		0.49364644	
Ivl		0.4935534	
Iqsec3		0.4935534	
Gm11525		0.49339044	
Gm33370		0.4930024	
Fgb		0.49291244	
Gm53011		0.49272138	
Sh3bgr		0.49267477	
Lyrm9		0.49263337	
Efcab2		0.49244443	
Polr2k		0.4920505	
1700113A16Rik		0.49190703	
Naprt		0.49179465	
Gm12319		0.49177003	
Col6a1		0.49169177	
Dcdc2a		0.49115533	
Zfp747		0.49095926	
Rab3d		0.49086997	
Gm5133		0.4903074	
Gm32738		0.4902918	
Ppil3		0.49012333	
Kbtbd11		0.48994586	
BC028471		0.4898441	
Mnd1		0.4894936	
Gm42895		0.4893429	
Opn3		0.48922467	
Bex4		0.4889516	
D830044D21Rik		0.48886985	
Timm8a1		0.48882967	
Gm43609		0.4886069	
Slc22a3		0.48833558	
Gm31704		0.48825487	
Kcnk1		0.48823914	
Eri2		0.4877424	
ENSMUSG00000140803		0.48736176	
Tmprss7		0.48731488	
Gm32031		0.48712307	
Fam185a		0.4870194	
Khdc1a		0.48674136	
Cdk14		0.4865678	
Spag1		0.48640963	
Spin2c		0.48640943	
Gm30866		0.48625192	
ENSMUSG00000127054		0.48603022	
Cdhr5		0.4860018	
Fer1l6		0.4859958	
Ush2a		0.48590884	
Pbp2		0.48588747	
P2ry1		0.4857549	
Bhmt2		0.48572275	
E2f7		0.48549113	
Gm57119		0.48528707	
ENSMUSG00000136043		0.48528707	
Mir145a		0.48528707	
Gm53028		0.4851841	
Gm50226		0.4849614	
Etos1		0.484657	
Gm13830		0.48437268	
Slc37a2		0.48419032	
Tas1r3		0.48414624	
ENSMUSG00000122705		0.48412418	
Mir7001		0.48406342	
Gm56966		0.48406342	
Pcsk4		0.48388886	
Fam20a		0.48346627	
Mto1		0.4833529	
Pcdhgb5		0.4833429	
Zfp990		0.4831699	
Gm56791		0.48303694	
Gm36888		0.48303226	
Skida1		0.48243973	
Tprg1		0.48233792	
Insyn1		0.48231506	
Elp6		0.4822659	
Pkmyt1		0.48187158	
Tmem201		0.4818154	
Ccdc43		0.48177713	
Cts6		0.48110598	
F2rl1		0.48103428	
Mpp7		0.48094785	
Apof		0.48056078	
Klc3		0.48019564	
ENSMUSG00000133344		0.48013815	
Pcx		0.4800131	
Mpi		0.4798422	
Snrpert		0.47982067	
Stxbp6		0.47963303	
Crip1		0.47953886	
Prkca		0.47920188	
Gm45924		0.47918174	
Il13ra2		0.47915506	
6330408M09Rik		0.4791384	
Zfat		0.47906667	
Zcchc10		0.47892332	
Wnt6		0.47875446	
Mob3c		0.4784504	
Mcee		0.47761607	
Susd2		0.47759315	
Rtl5		0.47758305	
Fam3c		0.477418	
C130074G19Rik		0.47740847	
Bmp8b		0.4773406	
Pmpcb		0.4773123	
Zfp317		0.47730404	
Notum		0.47712386	
F930017D23Rik		0.4767254	
Lipm		0.4767254	
Ldoc1		0.47626048	
Gm10388		0.47618973	
Gm14336		0.4760762	
Prlr		0.4757827	
Apoo		0.47576934	
Glrx		0.47575945	
Lnpk		0.4756755	
Vcan		0.47566727	
Fdft1		0.47563204	
Oas3		0.4756207	
ENSMUSG00000122823		0.47554988	
Gm56686		0.47541916	
Lrp4		0.47492483	
Ighg1		0.47490576	
Brd10		0.47483784	
Tlr8		0.4747678	
Ctnnd2		0.47476125	
Cd24a		0.47469747	
Lrp3		0.4744639	
Gm16845		0.47431985	
Gm3002		0.47421283	
Guca1b		0.4741098	
Phtf1os		0.47409034	
AI987944		0.47360188	
Sesn3		0.47357035	
Zfp981		0.47333157	
Hlx		0.47325093	
4833417C18Rik		0.4731747	
Toe1		0.4730788	
Ss18l1		0.47299725	
Fdps		0.47296566	
Vwa7		0.47284013	
Lhfpl5		0.47275555	
Gm29183		0.4727451	
Crybb2		0.4727451	
Kcng4		0.4727451	
Clu		0.47228986	
Dnajb5		0.47185978	
Ppp1r3d		0.47169524	
Frmpd1os		0.4713873	
Gm8099		0.4713873	
ENSMUSG00000128130		0.4713873	
Gm20535		0.4712144	
3222401L13Rik		0.47070327	
Ppp1r3f		0.47047096	
Gm13391		0.47033903	
Clca4b		0.47021344	
Tmem59l		0.47018623	
Cntn3		0.4701858	
Sacs		0.47014618	
Gm57271		0.46986765	
Fabp5		0.46975243	
Iqch		0.4696308	
ENSMUSG00000131302		0.4695479	
1700019A23Rik		0.4695479	
ENSMUSG00000137725		0.4695479	
ENSMUSG00000124148		0.4695479	
Izumo1r		0.4695479	
Gm15561		0.4695479	
Gm3248		0.4695479	
Gm30881		0.4695479	
Casp16		0.4695479	
Uba7		0.46953446	
Sema3c		0.46918774	
Zfp1008		0.4690292	
ENSMUSG00000122484		0.46893248	
Nexn		0.46889058	
Asb7		0.46854028	
Cass4		0.46840167	
1810017P11Rik		0.46829668	
Hepacam		0.46825546	
Ppp4r1l-ps		0.46797845	
Tafa3		0.46795315	
Sox8		0.46783528	
Fyb1		0.46764132	
Gm17066		0.46751168	
Tma16		0.4674213	
Irf2		0.46721742	
Rnf138rt1		0.46720633	
Slc38a3		0.46720287	
2310003L06Rik		0.467103	
ENSMUSG00000128591		0.467103	
Tmtc2		0.4670759	
As3mt		0.4668798	
Fmnl2		0.46675682	
Gbp9		0.4666829	
Gm4419		0.4665581	
6720427I07Rik		0.46654928	
Fmo2		0.46644735	
Klhl10		0.46640494	
Oma1		0.46619302	
ENSMUSG00000122342		0.46575743	
Tex14		0.4657431	
Tmem107		0.46571976	
Tacr3		0.46539557	
G630016G05Rik		0.46533757	
ENSMUSG00000141936		0.46532878	
4933404O12Rik		0.4652456	
Kcnh6		0.46510756	
BC034090		0.4650823	
Gm57388		0.4649921	
Cd38		0.46491835	
Atp10a		0.4645976	
Slamf1		0.46437553	
Cer1		0.46437553	
ENSMUSG00000134120		0.46437553	
Kdm8		0.46395347	
Napb		0.4636763	
Pigg		0.46364963	
ENSMUSG00000128445		0.46320188	
Gm36495		0.46320188	
Gm50232		0.46301392	
Cdkn2d		0.46296507	
Gm7336		0.46283734	
Kcns1		0.46281123	
Sult1a1		0.46267906	
Zfp931		0.46265313	
ENSMUSG00000140262		0.46251816	
Trmt1l		0.46236584	
Anxa6		0.46229678	
Ints6		0.462294	
Kcnab1		0.46179488	
Espn		0.46160594	
Trim34b		0.4614715	
Gm55682		0.46132115	
Hemgn		0.46132115	
Gm525		0.46132115	
Gm56737		0.46132115	
Mttp		0.46122113	
Tonsl		0.46120048	
Phtf1		0.4609049	
Banp		0.4607885	
Gnal		0.46067753	
Hgd		0.46046004	
Gm45407		0.46041977	
Gm20633		0.46033332	
Mir100hg		0.4602289	
Nxn		0.46012747	
Dll4		0.46004602	
Apoc3		0.45958927	
Exd2		0.45957288	
Gm32391		0.45944464	
Ceacam19		0.459442	
Gm47767		0.45936784	
Galnt7		0.4592947	
Colec10		0.45848137	
Cxadr		0.4584484	
ENSMUSG00000134779		0.45833167	
Kat2a		0.45806217	
Zdhhc2		0.45805824	
Rpgrip1l		0.45789504	
Abcc4		0.45771354	
Fn3k		0.4573488	
Mndal		0.45734125	
Zcwpw1		0.45728695	
Prmt2		0.4570864	
1700001J03Rik		0.4568089	
Mettl3		0.4566682	
Ccdc33		0.45664778	
Zranb2		0.45638052	
Pwwp4b		0.45634887	
Igfbp4		0.45626146	
C2		0.45623028	
4930562F17Rik		0.4561615	
Gpr34		0.4561615	
Creg2		0.45578226	
Zbtb41		0.45573142	
2810428J06Rik		0.45572037	
Gm37255		0.45560977	
Gpc6		0.45542285	
Ppm1h		0.45540506	
H2-Q2		0.4548111	
Prss53		0.45468494	
Ggcx		0.45423308	
ENSMUSG00000133435		0.45397824	
Gm43435		0.45397824	
Or10ak9		0.45397824	
Lmo1		0.45397824	
4930563M21Rik		0.45397824	
Gm48585		0.45397824	
Dnah12		0.45397824	
Gm41206		0.45397824	
ENSMUSG00000136761		0.45397824	
Gm50196		0.45397824	
Lsr		0.45350343	
Dynlt1b		0.45331678	
Rtn4ip1		0.45312032	
Patl2		0.4530756	
Pmp22		0.45304897	
Gm37795		0.45280978	
Prelp		0.45279065	
ENSMUSG00000128256		0.4527133	
Gm44280		0.4527023	
Cnnm4		0.4521627	
ENSMUSG00000139617		0.45209533	
Zfp93		0.45206127	
Insr		0.45197102	
H1f2		0.45184436	
Gm16316		0.45178387	
Gm3134		0.45174706	
Zfp414		0.4514088	
Ssx2ip		0.45139042	
Gm2916		0.4512042	
Zfp518b		0.45112497	
5830428M24Rik		0.45104432	
Zfp426		0.45103532	
Ttn		0.4509457	
Hecw2		0.4509352	
Gm22513		0.45089114	
Gm57069		0.45076752	
Gm43737		0.4507218	
4732463B04Rik		0.45070234	
Gm12953		0.45067754	
Borcs7		0.45040247	
ENSMUSG00000133238		0.45026347	
Gm57308		0.45026347	
4930442H23Rik		0.45026347	
ENSMUSG00000131755		0.45026347	
Gm49980		0.4501297	
Gm44102		0.45000297	
Dnmt3l		0.44994673	
Mccc1		0.44992405	
Pcca		0.44976023	
Gm17709		0.4496412	
Lyst		0.4495866	
Ssh2		0.44938084	
Rbm46		0.4493165	
Lrrc4		0.4492374	
Cma1		0.44901928	
Smo		0.44891116	
Gpr183		0.448829	
S1pr4		0.44857344	
Slmapos2		0.4485224	
Fra10ac1		0.4484039	
Fam50b		0.44833758	
Ltv1		0.4482973	
Dlx1as		0.44823122	
Exoc8		0.44822434	
Arsk		0.44818103	
Klhl36		0.4480371	
Cenpf		0.4476005	
Gar1		0.4473241	
Pctp		0.44716927	
ENSMUSG00000137785		0.44688255	
Gm12447		0.44688255	
Tmem156		0.44688255	
Fzd10		0.44688255	
Uncx		0.44688255	
Fxyd7		0.44688255	
Tmc3		0.44688255	
Gm26876		0.44688255	
Timd7-ps		0.44688255	
Gm40438		0.44688255	
Gm45949		0.44688255	
ENSMUSG00000130058		0.44688255	
Pnliprp2		0.44688255	
Mir142hg		0.446647	
Tet2		0.44630298	
Gm42814		0.446065	
Nhs		0.4460086	
Gm10570		0.44599557	
B230217O12Rik		0.44582978	
Cdon		0.4458291	
Fdxacb1		0.44552213	
ENSMUSG00000136509		0.44534844	
Ccl28		0.44520006	
Gm50271		0.4449711	
Gimap4		0.44493848	
Nipal2		0.4448889	
Slc4a11		0.4448061	
Eml1		0.44471133	
ENSMUSG00000143934		0.4446382	
Mst1		0.44458267	
Adgrl3		0.4445742	
Gcnt1		0.4440363	
Slc25a15		0.443951	
C030013C21Rik		0.44390956	
Cldn2		0.4436654	
Gm49284		0.44352436	
Cadm1		0.44340026	
Fabp3-ps1		0.44339547	
Skp2		0.44323283	
Gm6627		0.44311443	
Rmnd1		0.44291905	
Fsd2		0.44288346	
Zfp125		0.44280317	
ENSMUSG00000122045		0.44270793	
Ccdc85c		0.442444	
Sigirr		0.44240707	
Mpped2		0.44238895	
Zfp397		0.4423785	
Tarbp2		0.4423363	
Kcnc1		0.44233304	
Lmln		0.4422777	
Carmil3		0.44206795	
Gm48678		0.44199026	
Nkd2		0.4418069	
Foxq1		0.44175708	
6330403K07Rik		0.4416955	
Ptn		0.44134396	
Itgax		0.44130835	
Slc35a5		0.4412371	
Gna15		0.4411833	
Gimap8		0.4411058	
Clcn5		0.4409419	
Zfp7		0.44049796	
Spaca9		0.44049132	
Zfp607b		0.44011718	
Chic1		0.43995625	
Entrep2		0.43961164	
Myef2		0.43950582	
Fbxo4		0.43939787	
Gm20492		0.43908197	
Nap1l5		0.43892035	
Fst		0.43887588	
Cdkl5		0.4388035	
Tstd1		0.43860596	
Lrrc17		0.4385989	
Psph		0.43843627	
Gm44507		0.43843445	
Iqgap2		0.4381908	
Ccdc15		0.43792123	
Adgrf1		0.4379092	
Milr1		0.43764487	
Fbxo15		0.43756944	
Ccna2		0.43718427	
Ndufa4		0.43696663	
Gm57020		0.4366709	
D130019J16Rik		0.4365152	
ENSMUSG00000130395		0.43647254	
Rnaseh2a		0.43628713	
4932442E05Rik		0.4362509	
ENSMUSG00000140805		0.4362212	
Gm12174		0.4362212	
Dcun1d1		0.43618372	
Wdr25		0.43599457	
Gm56833		0.43576357	
Pde5a		0.4354655	
Rrbp1		0.4354204	
Ephb2		0.43539107	
Naf1		0.43484795	
Gm13012		0.4345956	
Podxl2		0.43455377	
Prl2c3		0.43450466	
ENSMUSG00000125458		0.43432608	
Gm32687		0.43432552	
Mir99ahg		0.43432438	
Echdc3		0.4342809	
Dnaaf10		0.43427873	
Lypd6		0.4342641	
Cep41		0.4342174	
Gm8170		0.4342013	
Epb41l4b		0.4341274	
Gm15285		0.43400845	
Zranb3		0.4335736	
Gtf3c4		0.4333642	
Gm5459		0.4332986	
Cdkl3		0.4332568	
9230114K14Rik		0.43312377	
Fmod		0.43273845	
ENSMUSG00000142505		0.43260872	
Pycr1		0.43258017	
Dkc1		0.43240973	
Riiad1		0.43237168	
Fgfr4		0.43229604	
P2rx6		0.43225232	
Adamts9		0.4318797	
Dnaaf3		0.43170878	
Gm37967		0.4316349	
Abca12		0.43155855	
1700022H01Rik		0.43130484	
Saysd1		0.4312297	
Usp33		0.43106622	
Lgr4		0.43104148	
Gm38352		0.4309327	
Ms4a4b		0.43092114	
E2f6		0.43072712	
Gm47061		0.4306991	
Glt28d2		0.43068027	
Hook2		0.43061703	
Ccdc14		0.43041417	
ENSMUSG00000141379		0.43008503	
ENSMUSG00000138788		0.43008503	
Gm15001		0.43008503	
Cacna1b		0.4297948	
Farsb		0.4296607	
Asxl3		0.42955646	
Fbxo25		0.42911744	
Sc5d		0.42908815	
Zfp72		0.42886385	
Prrt4		0.42884564	
Gm56916		0.42884564	
Gprin3		0.4287927	
Poc5		0.42876697	
Stip1		0.4287518	
Vav1		0.42855817	
Prr33		0.42849198	
Ncbp2		0.428474	
Nim1k		0.4283879	
Gm15270		0.4282931	
Plin4		0.4282663	
Gm14165		0.42811033	
Wdr97		0.42799622	
Ly6k		0.4279465	
Jazf1		0.4279416	
Adal		0.42766458	
Setmar		0.427556	
Ndrg3		0.42742237	
Lmbrd2		0.4273049	
Gm22516		0.42712188	
4930417H01Rik		0.42707396	
Endod1		0.42705703	
Nup210		0.427014	
Rassf6		0.42686445	
Gm57152		0.42671618	
Proc		0.42654553	
Gm31462		0.4264825	
Gmcl1		0.4262502	
Meis1		0.42611703	
Rcn1		0.42588764	
Gm16299		0.42587253	
Pnldc1		0.42577308	
Acyp1		0.4256605	
Nlrc3		0.42560396	
Galm		0.4256037	
Tcf23		0.42529607	
Srrm4os		0.42518184	
Ergic2		0.42516428	
Shld2		0.42513227	
4933412O06Rik		0.42506263	
Zfp101		0.424895	
Syt12		0.42466316	
Krt23		0.42455766	
Bend7		0.42448226	
Cbarp		0.4244561	
ENSMUSG00000143739		0.4242883	
C130046K22Rik		0.4242316	
Ghr		0.4241372	
Gm50147		0.4241322	
Gm12119		0.4240628	
Gm49396		0.4238701	
Lig1		0.42384768	
Gart		0.4235835	
Alox5ap		0.4234853	
Gfod1		0.4233602	
Fer1l5		0.4231917	
ENSMUSG00000137874		0.4229185	
Bckdhb		0.42259622	
Dlgap3		0.4225151	
Nr1h3		0.42238578	
Shld1		0.42215958	
Nutf2-ps1		0.4220997	
Dhrs13		0.42189616	
Lama1		0.42173102	
ENSMUSG00000136293		0.4216906	
Srpk2		0.42167145	
Phf1		0.421671	
Fbxo5		0.42142388	
Slc25a36		0.4213436	
Tbl2		0.4211926	
6430590A07Rik		0.4205631	
Ccnh		0.42051342	
Gm47689		0.4204855	
Snrpf		0.42048267	
Cd300c2		0.42045492	
Alcam		0.4203846	
Lin52		0.4203412	
Wdr89		0.4201008	
Akr1e1		0.4200857	
Kng1		0.42004308	
Qrfp		0.4200223	
Armcx4		0.4198093	
Gm6542		0.41973218	
Senp7		0.41967133	
E230016K23Rik		0.41965076	
Hsp25-ps1		0.4196316	
Nfil3		0.41943097	
Commd6		0.41941458	
Ak5		0.4190976	
Sfxn4		0.41906232	
Psca		0.41885072	
Gm14207		0.418789	
Tbc1d31		0.41833457	
Tmc4		0.41795653	
Shc4		0.4178115	
Dnajc24		0.41763163	
Tfap2a		0.41756973	
Cfap53		0.41716513	
Zfp2		0.41695598	
F5		0.4169415	
Zfp526		0.41692242	
Foxa2		0.41681674	
Gm9888		0.41675904	
Gm17067		0.41667393	
Arap2		0.4166253	
ENSMUSG00000142291		0.41648743	
AI463229		0.41648743	
Megf6		0.41629001	
Carnmt1		0.4162195	
Dubr		0.4161309	
Ndufb5		0.41609737	
Firrm		0.41540053	
Slc39a14		0.41532686	
Gm37510		0.4149949	
Gm13140		0.41495073	
Mthfd1		0.41493112	
Acaca		0.4144918	
Epb42		0.4142779	
Xlr5b		0.41425687	
Gm57007		0.41420862	
Nckipsd		0.41417652	
Gc		0.41407678	
Ltb4r2		0.4136973	
Adam23		0.41365248	
Zfp729a		0.4134883	
Tmx3		0.41340354	
Dhcr24		0.4130695	
Gldc		0.41305915	
Gm15133		0.41274336	
ENSMUSG00000126159		0.41254961	
AI182371		0.41238666	
Gm43167		0.4120541	
ENSMUSG00000143645		0.4120541	
Brms1		0.4120541	
Guca2a		0.41165695	
Adra1d		0.4115914	
Gm44065		0.41156396	
Alkbh1		0.41155973	
Gm17224		0.41144654	
Kctd1		0.41143477	
Exoc4		0.4113299	
Cplx2		0.41131085	
Mars2		0.4112835	
2310047K21Rik		0.4112412	
Aldh1b1		0.41117573	
Selenbp1		0.41113818	
Gm47797		0.4110243	
Gm38282		0.4110243	
Wdr93		0.4109052	
ENSMUSG00000140099		0.41074353	
Tmprss2		0.41046417	
Prkag3		0.41041064	
Clec2h		0.410089	
Zfp169		0.41003597	
Mtr		0.4097568	
Ddx51		0.4094688	
Klhl11		0.409433	
8430426J06Rik		0.40919083	
Sptbn5		0.40885916	
Zfp202		0.4087479	
Slc25a38		0.40871674	
Msl3l2		0.4086889	
Car4		0.40822113	
Gm20655		0.40781608	
Lmo7		0.40780902	
Zim1		0.4077136	
Tex51		0.40770036	
Pak6		0.40769678	
Dnd1		0.40747052	
ENSMUSG00000135407		0.40739104	
Igsf9b		0.40734994	
Pag1		0.40731862	
Gm48488		0.4072241	
Tst		0.4069693	
Hsf4		0.40667105	
Ifi44		0.40666837	
1110002L01Rik		0.40666306	
Dcaf12l1		0.406417	
Gm47468		0.40639025	
Abca13		0.40634993	
Tmem147os		0.4062873	
Gm5436		0.40623963	
ENSMUSG00000134533		0.40601656	
Mrpl57		0.40597787	
Slc7a1		0.40572375	
Apoa4		0.40564147	
Klhl15		0.4056227	
Zfp940		0.40534368	
ENSMUSG00000121395		0.4052277	
Ddah1		0.40521637	
Adh6b		0.4052043	
Brms1l		0.40514356	
Hsp90ab1		0.40471068	
Yes1		0.404684	
Cfap251		0.4046052	
Tmppe		0.4043699	
Itpr2		0.40436175	
Gm29185		0.4042156	
Sfi1		0.40417522	
Slc5a3		0.40384978	
Rad17		0.4037918	
Cdhr2		0.40372074	
D030056L22Rik		0.4036598	
Edn2		0.40364403	
Phyhd1		0.403621	
Thsd4		0.40357167	
Myo15a		0.4032265	
Magi3		0.40300688	
Cox11		0.402982	
Adcy1		0.4029693	
Gm13341		0.40273172	
Sytl1		0.4026594	
Hacd1		0.4023141	
Dhx33		0.40220338	
Myc		0.40220216	
ENSMUSG00000128515		0.40218037	
Stc1		0.40200496	
Gm42963		0.40191147	
Cd209d		0.40191147	
Gm56861		0.40191147	
Gm7344		0.40191147	
Gpr83		0.40191147	
ENSMUSG00000140257		0.40191147	
ENSMUSG00000126408		0.40191147	
Depdc1b		0.40191147	
ENSMUSG00000126466		0.40191147	
Mospd2		0.40178096	
Pacsin2		0.4017503	
Spon1		0.40172872	
Bmp2		0.40168622	
Aldh1a3		0.4013837	
Neu3		0.40097177	
Ccdc74a		0.4008855	
ENSMUSG00000128238		0.40068498	
Eno3		0.40065053	
Cebpa		0.4004646	
Nkd1		0.40026674	
Cdkl1		0.40013024	
3110082I17Rik		0.3999199	
ENSMUSG00000127320		0.39983225	
Henmt1		0.3997701	
Cables2		0.39932284	
Ermard		0.39899853	
Oas1b		0.39897737	
Tmco6		0.39882258	
Hycc1		0.39856166	
Nudt6		0.39855796	
Zfp696		0.39832914	
Itsn1		0.39830616	
Hpgds		0.39814553	
Gm13383		0.39792854	
ENSMUSG00000135889		0.39792854	
Gm47980		0.39792854	
ENSMUSG00000137675		0.39792854	
Cdh1		0.39773485	
Antkmt		0.39764592	
Dsc2		0.39736018	
Lsmem2		0.39722648	
Gm38428		0.39721423	
Tnfsf10		0.39707622	
Prl5a1		0.39687297	
Xylb		0.3967581	
Mrpl54		0.39630067	
Vnn1		0.39608207	
Afg2a		0.39607093	
Pcsk5		0.39605138	
Chdh		0.39596355	
ENSMUSG00000124749		0.39594433	
Frmpd2		0.39594433	
Sirt3		0.39592096	
Gpam		0.39585006	
Syn3		0.39563024	
Lmod1		0.3955378	
Fam136a		0.3954483	
Lins1		0.39530697	
Gm14027		0.39530405	
2810021J22Rik		0.39526337	
Mboat7		0.39512682	
Ambp		0.3950432	
Tubb2b		0.39499304	
Nfib		0.39458928	
Gm49494		0.39456937	
Ppp1r26		0.3944374	
Irx2		0.39426294	
Gm13456		0.393297	
Rwdd2a		0.392855	
Gm42971		0.39276546	
Gca		0.3927606	
Uck2		0.39269233	
Txnrd2		0.39261833	
Sapcd2		0.39260477	
Apom		0.39239067	
Kcnv2		0.39234185	
Zkscan2		0.39232218	
Srfbp1		0.39223155	
Tmem42		0.39220986	
Apob		0.39214775	
Gm43039		0.39204776	
Auh		0.39201596	
Dgat2		0.39196432	
Aldh7a1		0.39195865	
Cpne3		0.39189827	
ENSMUSG00000141289		0.39188808	
Gm45552		0.3918062	
ENSMUSG00000138422		0.39176136	
Gm32085		0.39167887	
Gm42876		0.39164332	
Mettl5os		0.39159912	
ENSMUSG00000141197		0.3915423	
Gm10115		0.3915423	
ENSMUSG00000137089		0.3915423	
Klk1b10-ps		0.3915423	
Gm31126		0.3915423	
1700074H08Rik		0.3915423	
ENSMUSG00000141926		0.3915423	
Gm50357		0.3915423	
Rhox2a		0.3915423	
Fam118b		0.39149758	
Cd163		0.3913483	
Ccdc138		0.39133033	
Nectin3		0.39126465	
Upk1b		0.39122742	
ENSMUSG00000135104		0.39119467	
Zfp280b		0.3910093	
Hecw1		0.39099184	
Ankmy1		0.3908465	
Alkbh8		0.39059973	
Hint3		0.39054495	
Ctsc		0.39034295	
Nemp2		0.39003956	
Gpc2		0.3897337	
Lrrc10b		0.389657	
Gm12276		0.38965425	
Asah2		0.38949785	
ENSMUSG00000126856		0.3891843	
ENSMUSG00000122408		0.3890298	
Ptcd2		0.38894936	
Isoc2b		0.3888701	
Sox21		0.38886857	
Zbtb45		0.38863468	
Smpx		0.38862363	
Gm32591		0.38856605	
Stk33		0.38846147	
Bpnt1		0.38840425	
Chn2		0.38813612	
Fads6		0.38811034	
Gm47664		0.3879684	
ENSMUSG00000143200		0.38795686	
Pasd1		0.38760638	
Pusl1		0.38743338	
Hyou1		0.38740975	
Misfadt		0.38737932	
Paqr7		0.38725165	
Tvp23bos		0.38694873	
Gm16238		0.38682407	
ENSMUSG00000143169		0.38682407	
Gm57856		0.38682407	
ENSMUSG00000121405		0.38682407	
Nsa2-ps1		0.38682407	
Sqle		0.38679674	
Stt3b		0.38655	
Plxna4		0.38652804	
Hoxc9		0.38648573	
Gm29106		0.38648257	
Gm37500		0.38648257	
Gm56627		0.38648257	
C1qa		0.38642746	
Mtf2		0.38589814	
Ttc7		0.38588485	
Zfp46		0.38519984	
Ogdhl		0.38490808	
Prl7a2		0.3848839	
Nudt12		0.38483986	
Gm4673		0.3847515	
Zfp277		0.38466868	
Meg3		0.3846182	
Slc10a6		0.38439566	
Etfbkmt		0.38420862	
Slc35c1		0.38401583	
Cfb		0.3839992	
ENSMUSG00000128701		0.38390377	
Zik1		0.38386792	
Pole2		0.38374755	
Miga1		0.38352236	
Ppp1r18os		0.3834735	
Ephb6		0.38345054	
Mmgt1		0.38326263	
ENSMUSG00000126039		0.38325554	
Gm47976		0.38305855	
Traf3ip1		0.38296798	
Ttc21a		0.38291886	
Lig4		0.38279137	
Dnm3		0.38258955	
Bnipl		0.3822897	
Awat1		0.3822739	
Gm34907		0.38227344	
Kcnj15		0.38213366	
Pigw		0.3820799	
Plxna1		0.381828	
Snhg14		0.381813	
Mtbp		0.3817941	
Slc2a3		0.3814949	
Mmp15		0.3813574	
4930549G23Rik		0.38126367	
Entpd5		0.3811982	
Dynll1		0.38119802	
Zfp189		0.38116258	
Gm12346		0.3811197	
Ifi208		0.38100347	
Slain1		0.38096386	
Gnpda1		0.3809205	
Tmem170b		0.380612	
Vps33a		0.38060716	
Zfx		0.38047433	
ENSMUSG00000126204		0.38019073	
Fcrl2		0.37997556	
Dusp2		0.3798945	
Matk		0.37987548	
Hmbox1		0.37982023	
Pcgf5		0.379788	
Slfn5		0.37976304	
Selenbp2		0.3797059	
BC025920		0.3796981	
Ttc23		0.37955448	
Ndn		0.37954468	
Tln2		0.37933975	
Gm16861		0.37899408	
Afp		0.37896693	
Khdc1b		0.3789257	
Gm57032		0.37889445	
Bckdha		0.3788824	
ENSMUSG00000123395		0.37877926	
Myo1g		0.378532	
ENSMUSG00000131172		0.37848678	
Nudt21		0.3784426	
Cavin2		0.37843046	
Exoc6		0.37832853	
Cmtm5		0.37826064	
Slco3a1		0.37817138	
Lgals4		0.37808156	
Gm8971		0.3779504	
Exosc3		0.3778943	
Klhl8		0.37781143	
ENSMUSG00000130656		0.37780195	
Atpaf1		0.3773516	
Gm12295		0.37730917	
Snap23		0.37714908	
Ifnk		0.37714827	
Gm57052		0.37685	
ENSMUSG00000126431		0.37683517	
Cldn23		0.37681603	
Alg10b		0.37673813	
Carf		0.3766665	
ENSMUSG00000131032		0.37648183	
2010007H06Rik		0.37648183	
Nicn1		0.37644157	
Tmsb10b		0.37638688	
ENSMUSG00000138040		0.37636438	
Isoc2a		0.376348	
Ppm1k		0.3762626	
Duxbl1		0.3760047	
Ifi27l2a		0.37571785	
Fkrp		0.37563562	
Mettl17		0.37542817	
Stxbp4		0.37540725	
Gm44731		0.3753868	
Mgst3		0.3753191	
Chkb		0.37520915	
Clybl		0.37517646	
Shroom3		0.3751661	
Rnf224		0.3750126	
Ifi205		0.37496343	
Wwc1		0.37485853	
Slc25a32		0.3746151	
Bmx		0.3742379	
Cep85l		0.37415668	
Mfap3l		0.37383458	
Chm		0.3737219	
Med27		0.37368223	
ENSMUSG00000129447		0.3735119	
Oas1h		0.3735119	
Nup42		0.37347493	
Gm4189		0.3734738	
Igf2os		0.37346354	
Hnf4a		0.3734249	
Tdp1		0.37333402	
Rnf130		0.3732764	
D6Wsu163e		0.37312296	
ENSMUSG00000143416		0.3729417	
Dmtf1		0.37291673	
Inpp4b		0.3728426	
F13b		0.37280425	
Gm57272		0.3725565	
4930579G18Rik		0.3724256	
Lap3		0.37240613	
Itgb3bp		0.372241	
Gm12229		0.37218285	
Wdr59		0.37207568	
6430548M08Rik		0.3720584	
Lysmd2		0.37196258	
Nudt10		0.37176612	
Tecr		0.37168688	
Zbtb1		0.37155727	
Tppp		0.3713935	
Ccdc106		0.37138206	
Lrrcc1		0.3713436	
Lrp8		0.37075612	
Dusp8		0.37062413	
Pms1		0.37038147	
Nudt1		0.3701649	
Gm56415		0.37012187	
Gm26636		0.37012187	
Vmn2r110		0.37012187	
Gm6335		0.37012187	
Kcnk3		0.37011665	
Llgl2		0.37011626	
Ints11		0.3701129	
Ankrd61		0.3700755	
Mgl2		0.3700755	
Gm36235		0.3700755	
Gm37101		0.3700738	
Ube3d		0.36991048	
A230103J11Rik		0.3697846	
Noa1		0.36964682	
Wdr3		0.36957353	
Cbx8		0.36948898	
Zmynd15		0.3694596	
2900052L18Rik		0.3692099	
Mei1		0.36905187	
Gm32282		0.368585	
Gm28940		0.3685774	
Bend4		0.36845928	
Cdca3		0.36840147	
Gm56552		0.3682828	
Itga3		0.36821857	
Eml6		0.3681507	
Tubg1		0.36794233	
E2f1		0.36752203	
Tpra1		0.36749792	
Tmem150c		0.3673481	
Ms4a4d		0.36728996	
Napg		0.36725333	
ENSMUSG00000143883		0.3672166	
Pdgfb		0.36701718	
Atp2c1		0.3668426	
Trim45		0.36660412	
C130083M11Rik		0.36657354	
Etnk1		0.36644697	
Dnajc22		0.36619306	
Acbd7		0.36608288	
Rfc5		0.36594206	
Cdh4		0.36589098	
Gm45104		0.3658872	
Ablim1		0.36577675	
Phf19		0.36575106	
ENSMUSG00000143824		0.36538705	
Ncald		0.36538598	
Dab2		0.36537492	
Slc1a1		0.36531606	
ENSMUSG00000143042		0.36529356	
Scrn1		0.36525598	
Gm57068		0.36524612	
Ccdc40		0.36522084	
Itga4		0.36505213	
Wdr41		0.36503008	
Them6		0.36500517	
Tgfa		0.36489436	
Slc25a40		0.36480936	
Acadm		0.36474374	
Yjefn3		0.36467963	
ENSMUSG00000139041		0.3646751	
Mid1		0.36459538	
ENSMUSG00000140566		0.36435416	
1700028E10Rik		0.3641924	
Crlf1		0.3641869	
Aire		0.3641631	
Flrt2		0.36415818	
Insig1		0.36403736	
Daglb		0.36396098	
Abcb8		0.36383778	
Mrpl53		0.36377287	
Hnrnpa2b1		0.36374012	
Gm26586		0.36371034	
Snapc3		0.3636539	
Acad12		0.36362275	
Canx		0.363573	
ENSMUSG00000122249		0.36349544	
Usp45		0.36328387	
1700110C19Rik		0.36327904	
Ggt7		0.36323565	
Fam217a		0.36323565	
Gm13205		0.36309233	
0610043K17Rik		0.36283463	
Cobl		0.3628066	
Pbld1		0.362636	
Fas		0.36257017	
ENSMUSG00000128857		0.36250928	
Shtn1		0.3622979	
C2cd4c		0.36225498	
Ankrd1		0.36193386	
Gm13091		0.36173835	
Klhl29		0.361712	
Nipsnap3b		0.3615917	
Slfnlnc		0.36135438	
Cry2		0.36126605	
Aasdh		0.36116648	
Trdmt1		0.36111447	
Ccr4		0.36083987	
Golm1		0.36079097	
Dcdc2b		0.3607336	
Adap1		0.3605941	
Gm8337		0.36056855	
Hsd11b2		0.36045414	
ENSMUSG00000133449		0.36032432	
Osbpl6		0.36023727	
Scarb1		0.35976762	
Epb41l3		0.3597049	
Fga		0.3595968	
Pianp		0.35956022	
Nxpe3		0.35946655	
Vma21-ps		0.35938713	
9530077C14Rik		0.35938713	
ENSMUSG00000126800		0.35938713	
Ccrl2		0.35927135	
Terb2		0.35914257	
Gm14488		0.35904148	
Frs3		0.35893616	
Rhox4c		0.35869116	
Pllp		0.35868752	
ENSMUSG00000130163		0.35865563	
ENSMUSG00000126071		0.35865563	
Adamts10		0.35861206	
Hsd17b14		0.35834262	
Nr4a2		0.35832855	
Tmem237		0.3581381	
Sbk2		0.3581024	
Gm57398		0.35804558	
Gzmm		0.35801405	
Soat2		0.35775393	
Birc5		0.3575559	
Gm20712		0.35744533	
Gm44955		0.357421	
Rassf3		0.3574034	
Chst7		0.35734797	
Lgalsl		0.3571761	
Polr3d		0.35716444	
Gpr89		0.3570369	
Gm45889		0.3569503	
Tmem39a		0.35678446	
Smarcal1		0.35670355	
Ppp1r14c		0.35664925	
Ankrd40		0.35660183	
C030032O16Rik		0.35654876	
Tuba3b		0.35651013	
Ndufa4l2		0.3564709	
Maf		0.35641	
Mtmr7		0.3563651	
Mrps36		0.3560887	
Slc39a13		0.3560625	
Pde3a		0.3560181	
Prag1		0.3559381	
ENSMUSG00000140333		0.3556865	
Galnt18		0.35557753	
Unc119		0.35550895	
Slc16a6		0.35544863	
AA474408		0.35536838	
Lyrm7		0.3553392	
BC106179		0.35529673	
Pomt2		0.35512587	
Ovol1		0.35512397	
Sec61b		0.35506994	
Akr1c13		0.3547309	
Plcxd2		0.3546607	
ENSMUSG00000123781		0.35444242	
Slc2a10		0.35443386	
Klf8		0.35438725	
Tmx1		0.35434866	
Hsd17b2		0.35432595	
Rilpl2		0.35426337	
Lrrc75a		0.3541606	
Pard6b		0.35380563	
Gm44867		0.35369217	
ENSMUSG00000133364		0.35339835	
Gm31678		0.35339835	
Lhx8		0.35339835	
Gm17055		0.35339835	
Gm45474		0.35339835	
ENSMUSG00000128826		0.35339835	
ENSMUSG00000135969		0.35339835	
ENSMUSG00000141612		0.35339835	
Ppp1r27		0.35339835	
Mthfd1l		0.3533827	
Zfp286		0.3531685	
1700021A07Rik		0.35311124	
Cgnl1		0.35310882	
Pcgf1		0.3530513	
Serpind1		0.35291764	
4930511P09Rik		0.35280585	
BC028528		0.3527734	
Tmem263		0.35275084	
Mir27a		0.3527027	
Wnt5b		0.35260326	
Dlgap5		0.35254765	
Zfp235		0.3523024	
Synm		0.3520468	
Adora2a		0.3519583	
Cfap210		0.35187176	
Wnt9a		0.3517887	
Cygb		0.35159835	
Col14a1		0.35158285	
Tatdn3		0.35157207	
Ybey		0.35153076	
Cacnb4		0.35146645	
Gpcpd1		0.35143518	
Gm26947		0.3510184	
1700016P03Rik		0.3510184	
ENSMUSG00000123892		0.3510184	
Fbn1		0.35101566	
Cuedc2		0.35100728	
Tle2		0.35080835	
Mfap1a		0.35070506	
Fanca		0.35067168	
Kpna2		0.35052875	
Gm57379		0.35036728	
Amn		0.3502499	
F2rl2		0.35019356	
2310034G01Rik		0.35019356	
Hmga2		0.35015893	
Bbx		0.35010564	
Dna2		0.35010502	
Ffar4		0.35004163	
Zcchc18		0.34975624	
Dand5		0.34965074	
Gm57404		0.34964454	
Trappc2		0.34960905	
Minpp1		0.34950054	
Cdh6		0.34937608	
Slc13a3		0.34936342	
Ovgp1		0.3492148	
ENSMUSG00000121808		0.34917405	
Akt1s1		0.34910554	
Gm57165		0.34906211	
Mpp1		0.348945	
Coa6		0.348732	
Susd1		0.34854865	
Gm11508		0.34845814	
C030013E06Rik		0.34828618	
Fyco1		0.34794486	
Gm26542		0.34788084	
Fastkd2		0.34770775	
Thsd1		0.34766173	
Gm45472		0.34765175	
Adi1		0.3475976	
Invs		0.3475448	
Tcf21		0.34749576	
G530011O06Rikx		0.3474084	
Clstn2		0.34729686	
Dgcr8		0.3472372	
Fam110b		0.34716266	
Gm12116		0.3471535	
Nlrp1b		0.3471535	
Iigp1		0.34706685	
Gm44613		0.34699762	
Gm45120		0.34699762	
ENSMUSG00000133842		0.34699762	
ENSMUSG00000124901		0.34687746	
Gys2		0.34687746	
Trim30c		0.34687746	
Cd300e		0.34687746	
Irf4		0.34687746	
ENSMUSG00000128675		0.34687746	
Aldh1a7		0.34687746	
Fam167a		0.34679508	
Zbtb8os		0.34675103	
Saal1		0.3467004	
Nt5c3		0.34662816	
Nfe2l3		0.34656844	
Zmat4		0.34627265	
Tpgs2		0.34620118	
Plxnb2		0.34619007	
Dpy19l1		0.34618634	
Sp140		0.3461605	
Sned1		0.34613734	
Gm57147		0.3459905	
Ndufs4		0.34579346	
Gm37090		0.3454867	
Ccdc163		0.3454652	
Gm44647		0.3452458	
Mtcl1		0.34499714	
ENSMUSG00000136769		0.34494206	
Pogk		0.34483755	
Aoah		0.3447069	
Limch1		0.34464988	
Usp29		0.3445747	
Tmeff1		0.34456402	
2310014F06Rik		0.34449747	
Tmem116		0.3444337	
Map3k21		0.34442225	
ENSMUSG00000130573		0.34440443	
Gm48832		0.34432897	
Sgce		0.3442081	
Zeb1os1		0.34409606	
Hsp90aa1		0.34391937	
Pip4p2		0.3438783	
Cse1l		0.34371942	
Naif1		0.34371272	
Rfk		0.34351614	
Lrch4		0.3434534	
Rabggtb		0.34342545	
Tango2		0.3432853	
Rpp25l		0.34316772	
Gm15541		0.34315524	
ENSMUSG00000128153		0.34304917	
ENSMUSG00000136474		0.34285975	
Anxa3		0.34284475	
Slc3a1		0.34255454	
Pxylp1		0.34236395	
Gm5141		0.3423176	
Ormdl1		0.3422738	
ENSMUSG00000131783		0.3422692	
ENSMUSG00000125599		0.34205136	
Tent2		0.34201714	
Gm44950		0.34197667	
Rtn4rl2		0.34189683	
Gm22307		0.3417988	
Gm36965		0.3417988	
Sntg1		0.3417988	
E330040D14Rik		0.3417988	
Gm37509		0.3417988	
Gm28344		0.3417988	
Gm16329		0.3417988	
Gm29506		0.3417988	
Gm28822		0.3417988	
ENSMUSG00000122847		0.3417988	
Gm28237		0.3417988	
Gm37628		0.3417988	
Gm4850		0.3417988	
Gm37426		0.3417988	
Amer3		0.3417988	
ENSMUSG00000125398		0.3417988	
Gm37068		0.3417988	
ENSMUSG00000140969		0.3417988	
ENSMUSG00000137017		0.3417988	
ENSMUSG00000127057		0.3417988	
ENSMUSG00000126108		0.3417988	
ENSMUSG00000132325		0.3417988	
Gm37623		0.3417988	
Gm30307		0.3417988	
Gm29157		0.3417988	
Gm23216		0.3417988	
Gm23974		0.3417988	
Gm18303		0.3417988	
4933411E06Rik		0.3417988	
ENSMUSG00000132571		0.3417988	
ENSMUSG00000122033		0.3417988	
1700019A02Rik		0.3417988	
Gm16581		0.3417988	
ENSMUSG00000135222		0.3417988	
Gm29016		0.3417988	
ENSMUSG00000130186		0.3417988	
ENSMUSG00000140686		0.3417988	
ENSMUSG00000127142		0.3417988	
Rps27-ps1		0.3417988	
ENSMUSG00000141402		0.3417988	
Unc80		0.3417988	
Gm15793		0.3417988	
Gm16076		0.3417988	
ENSMUSG00000142372		0.3417988	
ENSMUSG00000134867		0.3417988	
ENSMUSG00000132403		0.3417988	
ENSMUSG00000142423		0.3417988	
Gm15843		0.3417988	
Gm37744		0.3417988	
Gm28386		0.3417988	
Gm38339		0.3417988	
ENSMUSG00000127469		0.3417988	
ENSMUSG00000136409		0.3417988	
Gm7553		0.3417988	
Prss56		0.3417988	
ENSMUSG00000128756		0.3417988	
Gm29336		0.3417988	
Gm34331		0.3417988	
ENSMUSG00000133480		0.3417988	
ENSMUSG00000131278		0.3417988	
Gm29100		0.3417988	
Gm29101		0.3417988	
Or6b2b		0.3417988	
Gm6430		0.3417988	
Gm17634		0.3417988	
Serpinb13		0.3417988	
Serpinb3c		0.3417988	
Gm8141		0.3417988	
Cdh7		0.3417988	
Gm36944		0.3417988	
ENSMUSG00000138991		0.3417988	
ENSMUSG00000131159		0.3417988	
ENSMUSG00000140008		0.3417988	
Gm38073		0.3417988	
ENSMUSG00000138763		0.3417988	
Gm37407		0.3417988	
Il24		0.3417988	
ENSMUSG00000137753		0.3417988	
Gm38067		0.3417988	
Lemd1		0.3417988	
Gm38140		0.3417988	
ENSMUSG00000133784		0.3417988	
Gm33994		0.3417988	
ENSMUSG00000134822		0.3417988	
Gm37534		0.3417988	
Cfhr1		0.3417988	
Cfhr4		0.3417988	
Gm5837		0.3417988	
Gm37777		0.3417988	
ENSMUSG00000139563		0.3417988	
Gm56370		0.3417988	
ENSMUSG00000143860		0.3417988	
Gm57167		0.3417988	
ENSMUSG00000124880		0.3417988	
Gm37539		0.3417988	
ENSMUSG00000143858		0.3417988	
ENSMUSG00000139297		0.3417988	
Gm51663		0.3417988	
Gm7626		0.3417988	
ENSMUSG00000128033		0.3417988	
Gm37232		0.3417988	
ENSMUSG00000122178		0.3417988	
Gm37839		0.3417988	
ENSMUSG00000141611		0.3417988	
Gm2962		0.3417988	
Nr1i3		0.3417988	
Nhlh1		0.3417988	
ENSMUSG00000137489		0.3417988	
Or10aa1		0.3417988	
2310043L19Rik		0.3417988	
ENSMUSG00000122771		0.3417988	
Gm37406		0.3417988	
ENSMUSG00000141181		0.3417988	
ENSMUSG00000137389		0.3417988	
2700078F05Rik		0.3417988	
A430073I11Rik		0.3417988	
Gm8214		0.3417988	
ENSMUSG00000135264		0.3417988	
ENSMUSG00000130472		0.3417988	
Gm37800		0.3417988	
ENSMUSG00000139706		0.3417988	
Spata45		0.3417988	
1700065J18Rik		0.3417988	
ENSMUSG00000132380		0.3417988	
Gm38036		0.3417988	
Gm38085		0.3417988	
Gm38348		0.3417988	
Ucma		0.3417988	
Gm13267		0.3417988	
ENSMUSG00000133332		0.3417988	
Gm37520		0.3417988	
ENSMUSG00000141582		0.3417988	
Gm37894		0.3417988	
Gm13315		0.3417988	
Gm38257		0.3417988	
Gm13368		0.3417988	
Gm25147		0.3417988	
Gm14441		0.3417988	
Gm13409		0.3417988	
Gm56339		0.3417988	
Ccdc183		0.3417988	
Lcn9		0.3417988	
ENSMUSG00000126190		0.3417988	
ENSMUSG00000134713		0.3417988	
ENSMUSG00000140337		0.3417988	
Prdm12		0.3417988	
9430024E24Rik		0.3417988	
Gm43761		0.3417988	
ENSMUSG00000134805		0.3417988	
ENSMUSG00000134850		0.3417988	
Or1q1		0.3417988	
Or1l4		0.3417988	
Gm13586		0.3417988	
ENSMUSG00000137906		0.3417988	
ENSMUSG00000124666		0.3417988	
ENSMUSG00000127093		0.3417988	
Gm13472		0.3417988	
Gm13525		0.3417988	
ENSMUSG00000125940		0.3417988	
Gm13521		0.3417988	
Gm13548		0.3417988	
ENSMUSG00000129305		0.3417988	
Gm13535		0.3417988	
Gm13532		0.3417988	
ENSMUSG00000141454		0.3417988	
Rpl10a-ps4		0.3417988	
Gm13571		0.3417988	
Gm56483		0.3417988	
Slc4a10		0.3417988	
Csrnp3		0.3417988	
Gm57474		0.3417988	
4933409G03Rik		0.3417988	
Gm38236		0.3417988	
ENSMUSG00000127652		0.3417988	
Platr26		0.3417988	
ENSMUSG00000124058		0.3417988	
ENSMUSG00000143366		0.3417988	
Hspe1-ps5		0.3417988	
ENSMUSG00000136703		0.3417988	
ENSMUSG00000134441		0.3417988	
ENSMUSG00000132900		0.3417988	
ENSMUSG00000140641		0.3417988	
ENSMUSG00000130903		0.3417988	
Gm35748		0.3417988	
ENSMUSG00000131498		0.3417988	
Gm24461		0.3417988	
Zswim2		0.3417988	
Gm57425		0.3417988	
Fads2b		0.3417988	
Or9g10		0.3417988	
Or8u3-ps		0.3417988	
Or5al5		0.3417988	
Or8h9		0.3417988	
Or10ag56		0.3417988	
Or5w19		0.3417988	
Or5d14		0.3417988	
Or5d41		0.3417988	
Or4c31		0.3417988	
Or4s2		0.3417988	
Or4c15b		0.3417988	
Or4a73		0.3417988	
Rpl30-ps3		0.3417988	
ENSMUSG00000122756		0.3417988	
ENSMUSG00000126984		0.3417988	
Accsl		0.3417988	
Gm1335		0.3417988	
Gm27027		0.3417988	
Gm13920		0.3417988	
Gm13874		0.3417988	
A930006I01Rik		0.3417988	
BC016548		0.3417988	
ENSMUSG00000131728		0.3417988	
ENSMUSG00000134623		0.3417988	
Ano3		0.3417988	
4930533B01Rik		0.3417988	
2700033N17Rik		0.3417988	
ENSMUSG00000131321		0.3417988	
Tgm7		0.3417988	
Astl		0.3417988	
ENSMUSG00000141196		0.3417988	
Spdye4c		0.3417988	
ENSMUSG00000143196		0.3417988	
Gm56378		0.3417988	
ENSMUSG00000140571		0.3417988	
ENSMUSG00000131274		0.3417988	
1700026D11Rik		0.3417988	
Gm14100		0.3417988	
Gm14210		0.3417988	
ENSMUSG00000135511		0.3417988	
Pax1		0.3417988	
ENSMUSG00000122003		0.3417988	
ENSMUSG00000129663		0.3417988	
Gm14164		0.3417988	
Nrsn2		0.3417988	
Bpifa6		0.3417988	
Gm14214		0.3417988	
ENSMUSG00000128134		0.3417988	
Gm14248		0.3417988	
R3hdml		0.3417988	
A730032A03Rik		0.3417988	
Zfp663		0.3417988	
ENSMUSG00000141589		0.3417988	
ENSMUSG00000139543		0.3417988	
ENSMUSG00000131980		0.3417988	
ENSMUSG00000133509		0.3417988	
ENSMUSG00000136287		0.3417988	
ENSMUSG00000133721		0.3417988	
Mc3r		0.3417988	
ENSMUSG00000141488		0.3417988	
ENSMUSG00000131416		0.3417988	
Gm57436		0.3417988	
ENSMUSG00000137723		0.3417988	
ENSMUSG00000132581		0.3417988	
Gm10714		0.3417988	
Gm46781		0.3417988	
ENSMUSG00000134455		0.3417988	
ENSMUSG00000126005		0.3417988	
Gm7645		0.3417988	
Gm6140		0.3417988	
Gm8826		0.3417988	
Gm5841		0.3417988	
Gm15466		0.3417988	
Gm56771		0.3417988	
1700029B24Rik		0.3417988	
Gm10745		0.3417988	
Gm8957		0.3417988	
A930001A20Rik		0.3417988	
Gm25863		0.3417988	
ENSMUSG00000137026		0.3417988	
Gm37979		0.3417988	
1700064H15Rik		0.3417988	
Gm43160		0.3417988	
1700125G22Rik		0.3417988	
ENSMUSG00000126027		0.3417988	
ENSMUSG00000141079		0.3417988	
ENSMUSG00000124295		0.3417988	
Gm43203		0.3417988	
Qrfpr		0.3417988	
Gm17887		0.3417988	
Gm42922		0.3417988	
Rps23-ps1		0.3417988	
Gm7799		0.3417988	
Gm42751		0.3417988	
ENSMUSG00000128162		0.3417988	
1700017G19Rik		0.3417988	
ENSMUSG00000123916		0.3417988	
ENSMUSG00000139460		0.3417988	
Gm42898		0.3417988	
ENSMUSG00000133395		0.3417988	
ENSMUSG00000132497		0.3417988	
ENSMUSG00000130876		0.3417988	
Gm19817		0.3417988	
ENSMUSG00000127849		0.3417988	
Gpr87		0.3417988	
Aadacl2fm2		0.3417988	
ENSMUSG00000127876		0.3417988	
ENSMUSG00000133314		0.3417988	
Gm26850		0.3417988	
Vmn2r128		0.3417988	
Vmn2r7		0.3417988	
Gm10723		0.3417988	
ENSMUSG00000141409		0.3417988	
Arl14		0.3417988	
ENSMUSG00000123760		0.3417988	
Zbbx		0.3417988	
Platr10		0.3417988	
ENSMUSG00000143665		0.3417988	
Rbm46os		0.3417988	
Gm10710		0.3417988	
Etv3l		0.3417988	
Bglap2		0.3417988	
ENSMUSG00000139277		0.3417988	
ENSMUSG00000144182		0.3417988	
Gm24046		0.3417988	
Gm9023		0.3417988	
ENSMUSG00000134543		0.3417988	
Gm35439		0.3417988	
Gm52952		0.3417988	
Gm5850		0.3417988	
Sprr3		0.3417988	
Lce1k		0.3417988	
Lce3a		0.3417988	
Gm5278		0.3417988	
Gm38207		0.3417988	
Gm36070		0.3417988	
Gm22301		0.3417988	
Gm42578		0.3417988	
Gm42672		0.3417988	
Gm46815		0.3417988	
Gm26553		0.3417988	
Hjv		0.3417988	
Gm42508		0.3417988	
ENSMUSG00000140002		0.3417988	
ENSMUSG00000124619		0.3417988	
ENSMUSG00000143013		0.3417988	
Gm43066		0.3417988	
ENSMUSG00000127593		0.3417988	
ENSMUSG00000132218		0.3417988	
Gm32444		0.3417988	
ENSMUSG00000142193		0.3417988	
ENSMUSG00000133241		0.3417988	
Gm4609		0.3417988	
4930447N08Rik		0.3417988	
ENSMUSG00000124153		0.3417988	
Gm42974		0.3417988	
ENSMUSG00000141310		0.3417988	
Gm5855		0.3417988	
ENSMUSG00000135820		0.3417988	
Gm43357		0.3417988	
Adh6-ps1		0.3417988	
Gm15689		0.3417988	
Gm31306		0.3417988	
ENSMUSG00000132319		0.3417988	
Gm42946		0.3417988	
Gm43485		0.3417988	
Sdr16c5		0.3417988	
A830012C17Rik		0.3417988	
ENSMUSG00000124010		0.3417988	
Gm11823		0.3417988	
Cngb3		0.3417988	
ENSMUSG00000129898		0.3417988	
Gm12354		0.3417988	
ENSMUSG00000130480		0.3417988	
Gm11884		0.3417988	
ENSMUSG00000140970		0.3417988	
ENSMUSG00000122580		0.3417988	
ENSMUSG00000124008		0.3417988	
Pm20d2		0.3417988	
Gm25010		0.3417988	
Or13e8		0.3417988	
5730488B01Rik		0.3417988	
Gm12493		0.3417988	
ENSMUSG00000123891		0.3417988	
ENSMUSG00000124260		0.3417988	
4930522O17Rik		0.3417988	
ENSMUSG00000123021		0.3417988	
ENSMUSG00000127152		0.3417988	
2310081O03Rik		0.3417988	
Gm56132		0.3417988	
ENSMUSG00000128056		0.3417988	
ENSMUSG00000124314		0.3417988	
Gm11485		0.3417988	
Slc24a2		0.3417988	
ENSMUSG00000141199		0.3417988	
Ifnab		0.3417988	
Gm55799		0.3417988	
Gm24203		0.3417988	
ENSMUSG00000122049		0.3417988	
ENSMUSG00000123042		0.3417988	
ENSMUSG00000125150		0.3417988	
ENSMUSG00000143066		0.3417988	
ENSMUSG00000129138		0.3417988	
Dio1		0.3417988	
Slc1a7		0.3417988	
ENSMUSG00000129716		0.3417988	
Gm24967		0.3417988	
ENSMUSG00000141189		0.3417988	
ENSMUSG00000130388		0.3417988	
Skint3		0.3417988	
ENSMUSG00000140745		0.3417988	
Cyp4a14		0.3417988	
ENSMUSG00000140130		0.3417988	
ENSMUSG00000143550		0.3417988	
ENSMUSG00000137141		0.3417988	
ENSMUSG00000132376		0.3417988	
1700057H15Rik		0.3417988	
ENSMUSG00000122858		0.3417988	
ENSMUSG00000130262		0.3417988	
Gm24161		0.3417988	
Gm12941		0.3417988	
ENSMUSG00000133146		0.3417988	
ENSMUSG00000133103		0.3417988	
Gm12969		0.3417988	
Gm15906		0.3417988	
ENSMUSG00000138043		0.3417988	
ENSMUSG00000133557		0.3417988	
ENSMUSG00000124433		0.3417988	
Gm12973		0.3417988	
Gm12999		0.3417988	
Gm55425		0.3417988	
ENSMUSG00000127393		0.3417988	
ENSMUSG00000138438		0.3417988	
ENSMUSG00000129925		0.3417988	
ENSMUSG00000124593		0.3417988	
ENSMUSG00000136547		0.3417988	
ENSMUSG00000139474		0.3417988	
ENSMUSG00000132365		0.3417988	
ENSMUSG00000135114		0.3417988	
Gm57106		0.3417988	
ENSMUSG00000140984		0.3417988	
AB041806		0.3417988	
ENSMUSG00000141068		0.3417988	
ENSMUSG00000144216		0.3417988	
Pax7		0.3417988	
ENSMUSG00000141416		0.3417988	
Clcnka		0.3417988	
Oog3		0.3417988	
Pramel15		0.3417988	
Platr16		0.3417988	
Gm13036		0.3417988	
Vmn2r-ps20		0.3417988	
ENSMUSG00000138871		0.3417988	
ENSMUSG00000138228		0.3417988	
Mir5616		0.3417988	
ENSMUSG00000125668		0.3417988	
ENSMUSG00000136882		0.3417988	
Rps15a-ps3		0.3417988	
ENSMUSG00000127216		0.3417988	
ENSMUSG00000123742		0.3417988	
ENSMUSG00000128524		0.3417988	
Gm55808		0.3417988	
Gm43679		0.3417988	
Gm10484		0.3417988	
Gm40264		0.3417988	
Speer1k		0.3417988	
Gm43489		0.3417988	
Gm29254		0.3417988	
ENSMUSG00000138330		0.3417988	
Gm42509		0.3417988	
Gm9534		0.3417988	
Gm43827		0.3417988	
Gm21680		0.3417988	
Gm6089		0.3417988	
ENSMUSG00000144048		0.3417988	
Gm15469		0.3417988	
ENSMUSG00000136892		0.3417988	
ENSMUSG00000136964		0.3417988	
ENSMUSG00000138881		0.3417988	
ENSMUSG00000126421		0.3417988	
Gm42847		0.3417988	
ENSMUSG00000137783		0.3417988	
Gm43701		0.3417988	
4930519E07Rik		0.3417988	
ENSMUSG00000125280		0.3417988	
Gm42521		0.3417988	
Gm43316		0.3417988	
Gm42769		0.3417988	
Gm42770		0.3417988	
ENSMUSG00000125532		0.3417988	
Gm30301		0.3417988	
5033403H07Rik		0.3417988	
ENSMUSG00000125448		0.3417988	
ENSMUSG00000138074		0.3417988	
ENSMUSG00000136235		0.3417988	
Gm43753		0.3417988	
Gm15824		0.3417988	
ENSMUSG00000136685		0.3417988	
ENSMUSG00000126366		0.3417988	
ENSMUSG00000127609		0.3417988	
Gm42728		0.3417988	
Gm33293		0.3417988	
ENSMUSG00000129031		0.3417988	
Gm42888		0.3417988	
Gm43499		0.3417988	
Gm55032		0.3417988	
Usp46os1		0.3417988	
Gm32304		0.3417988	
ENSMUSG00000124141		0.3417988	
Gm43564		0.3417988	
Tmprss11a		0.3417988	
Ugt2b5		0.3417988	
Gm42911		0.3417988	
ENSMUSG00000136120		0.3417988	
ENSMUSG00000131613		0.3417988	
ENSMUSG00000141780		0.3417988	
ENSMUSG00000122927		0.3417988	
1700016F12Rik		0.3417988	
Gm43147		0.3417988	
Gm43148		0.3417988	
Fgf5		0.3417988	
ENSMUSG00000122123		0.3417988	
Gm43273		0.3417988	
ENSMUSG00000123489		0.3417988	
ENSMUSG00000128755		0.3417988	
Dspp		0.3417988	
ENSMUSG00000133309		0.3417988	
ENSMUSG00000123599		0.3417988	
Vmn2r11		0.3417988	
Vmn2r13		0.3417988	
Vmn2r17		0.3417988	
Gm15484		0.3417988	
Gm15989		0.3417988	
ENSMUSG00000128317		0.3417988	
Gm26953		0.3417988	
Ccdc121rt3		0.3417988	
Ccdc121rt2		0.3417988	
1700034G24Rik		0.3417988	
4933415J04Rik		0.3417988	
Gm42161		0.3417988	
ENSMUSG00000139134		0.3417988	
1700069L16Rik		0.3417988	
ENSMUSG00000123190		0.3417988	
ENSMUSG00000122018		0.3417988	
ENSMUSG00000143223		0.3417988	
Gm13831		0.3417988	
ENSMUSG00000126742		0.3417988	
ENSMUSG00000126651		0.3417988	
Gm43788		0.3417988	
Gm43275		0.3417988	
ENSMUSG00000123304		0.3417988	
ENSMUSG00000134485		0.3417988	
ENSMUSG00000126312		0.3417988	
ENSMUSG00000141355		0.3417988	
ENSMUSG00000141260		0.3417988	
Gm42907		0.3417988	
Gm42633		0.3417988	
ENSMUSG00000130725		0.3417988	
Gm43756		0.3417988	
ENSMUSG00000131107		0.3417988	
9430087B13Rik		0.3417988	
ENSMUSG00000136852		0.3417988	
Gm42986		0.3417988	
Gm43418		0.3417988	
Gm42588		0.3417988	
C230071H17Rik		0.3417988	
ENSMUSG00000138805		0.3417988	
Pvrig		0.3417988	
Gm15497		0.3417988	
ENSMUSG00000134625		0.3417988	
ENSMUSG00000126980		0.3417988	
ENSMUSG00000134190		0.3417988	
ENSMUSG00000128412		0.3417988	
Gm57319		0.3417988	
Gm36447		0.3417988	
ENSMUSG00000138176		0.3417988	
Gm24242		0.3417988	
Calcr		0.3417988	
Gngt1		0.3417988	
Gm56064		0.3417988	
ENSMUSG00000134771		0.3417988	
Gm44121		0.3417988	
Gm8428		0.3417988	
Ppp1r3a		0.3417988	
ENSMUSG00000127946		0.3417988	
ENSMUSG00000122200		0.3417988	
Hyal5		0.3417988	
Grm8		0.3417988	
Gm13717		0.3417988	
ENSMUSG00000123932		0.3417988	
ENSMUSG00000123477		0.3417988	
Akr1d1		0.3417988	
ENSMUSG00000139762		0.3417988	
Gm15550		0.3417988	
Gm43884		0.3417988	
Gm43870		0.3417988	
Gm44041		0.3417988	
Gm54756		0.3417988	
Gimap7		0.3417988	
ENSMUSG00000140622		0.3417988	
ENSMUSG00000125015		0.3417988	
Gm32479		0.3417988	
ENSMUSG00000125217		0.3417988	
Gm16499		0.3417988	
Vmn1r5		0.3417988	
Vmn1r29		0.3417988	
ENSMUSG00000142185		0.3417988	
Gm35386		0.3417988	
Grid2		0.3417988	
Gm15534		0.3417988	
Gm20445		0.3417988	
Gm31520		0.3417988	
2610300M13Rik		0.3417988	
Igkv4-80		0.3417988	
Igkv4-69		0.3417988	
Igkv12-38		0.3417988	
Igkv8-28		0.3417988	
Igkv8-27		0.3417988	
ENSMUSG00000141173		0.3417988	
ENSMUSG00000128983		0.3417988	
Gm37736		0.3417988	
Gm40377		0.3417988	
Gm20371		0.3417988	
Gm44242		0.3417988	
Gm43900		0.3417988	
Gm15864		0.3417988	
Gm44209		0.3417988	
Ankrd53		0.3417988	
Gm43919		0.3417988	
ENSMUSG00000131716		0.3417988	
Gm44168		0.3417988	
ENSMUSG00000142426		0.3417988	
ENSMUSG00000125301		0.3417988	
Gm44178		0.3417988	
Vmn1r48		0.3417988	
BC048671		0.3417988	
Gm15756		0.3417988	
4930471M09Rik		0.3417988	
Gm45217		0.3417988	
Gm55073		0.3417988	
Gm32191		0.3417988	
ENSMUSG00000128414		0.3417988	
ENSMUSG00000143114		0.3417988	
Gm43948		0.3417988	
Gm6064		0.3417988	
Gm55598		0.3417988	
Gm44101		0.3417988	
ENSMUSG00000141290		0.3417988	
Slc6a11		0.3417988	
Gm43933		0.3417988	
Gm50492		0.3417988	
Gm57000		0.3417988	
ENSMUSG00000129627		0.3417988	
ENSMUSG00000123593		0.3417988	
Gm43631		0.3417988	
ENSMUSG00000131572		0.3417988	
Gm44135		0.3417988	
Gm6375		0.3417988	
ENSMUSG00000139795		0.3417988	
4930425L21Rik		0.3417988	
ENSMUSG00000137153		0.3417988	
Gm18159		0.3417988	
Gm44068		0.3417988	
Gm56931		0.3417988	
ENSMUSG00000133358		0.3417988	
ENSMUSG00000129342		0.3417988	
ENSMUSG00000126533		0.3417988	
ENSMUSG00000121352		0.3417988	
Vmn2r31		0.3417988	
Gm20679		0.3417988	
Gm6929		0.3417988	
Gm17850		0.3417988	
Vmn1r82		0.3417988	
Gm6946		0.3417988	
Gm31152		0.3417988	
Vmn1r88		0.3417988	
Pla2g4c-ps		0.3417988	
Obox6		0.3417988	
Gm24576		0.3417988	
Gm32059		0.3417988	
Gm45508		0.3417988	
Gm45510		0.3417988	
Mill1		0.3417988	
Gm5997		0.3417988	
ENSMUSG00000124453		0.3417988	
ENSMUSG00000140310		0.3417988	
ENSMUSG00000140271		0.3417988	
Gm26600		0.3417988	
Vmn1r172		0.3417988	
Vmn1r179		0.3417988	
Vmn1r181		0.3417988	
ENSMUSG00000136820		0.3417988	
Gm26550		0.3417988	
Dmrtc2		0.3417988	
ENSMUSG00000128494		0.3417988	
Gm5587		0.3417988	
Gm29920		0.3417988	
Vmn1r184		0.3417988	
ENSMUSG00000139738		0.3417988	
ENSMUSG00000137195		0.3417988	
ENSMUSG00000130779		0.3417988	
Rbm42		0.3417988	
Pmis2		0.3417988	
D7Ertd128e		0.3417988	
Scgb2b28-ps		0.3417988	
Gm5732		0.3417988	
ENSMUSG00000139040		0.3417988	
Gm12756		0.3417988	
ENSMUSG00000143237		0.3417988	
ENSMUSG00000122047		0.3417988	
Gm44992		0.3417988	
Gm54949		0.3417988	
Klk1b22		0.3417988	
Klk1b3		0.3417988	
ENSMUSG00000134521		0.3417988	
Gm45478		0.3417988	
Fgf21		0.3417988	
ENSMUSG00000138470		0.3417988	
Misfa		0.3417988	
ENSMUSG00000127315		0.3417988	
Gm32849		0.3417988	
Gm44913		0.3417988	
Gm9377		0.3417988	
Gm38451		0.3417988	
A230006K03Rik		0.3417988	
ENSMUSG00000139940		0.3417988	
ENSMUSG00000139330		0.3417988	
Gm45212		0.3417988	
ENSMUSG00000131332		0.3417988	
Gm44553		0.3417988	
ENSMUSG00000138533		0.3417988	
Gm44737		0.3417988	
Gm45003		0.3417988	
ENSMUSG00000133722		0.3417988	
Gm9885		0.3417988	
ENSMUSG00000135012		0.3417988	
ENSMUSG00000123330		0.3417988	
Gm26646		0.3417988	
Gm15544		0.3417988	
Gm16171		0.3417988	
Gm44968		0.3417988	
Gm45056		0.3417988	
Gm25790		0.3417988	
Or14a258		0.3417988	
Gm45161		0.3417988	
Gm45182		0.3417988	
Gm45199		0.3417988	
Gm45186		0.3417988	
Gm45132		0.3417988	
ENSMUSG00000126719		0.3417988	
Gm45012		0.3417988	
ENSMUSG00000131632		0.3417988	
ENSMUSG00000126579		0.3417988	
ENSMUSG00000126065		0.3417988	
Gm44545		0.3417988	
Gm47324		0.3417988	
Art2b		0.3417988	
Phox2a		0.3417988	
Gm8523		0.3417988	
Gm45312		0.3417988	
Or52m1		0.3417988	
Or52a33		0.3417988	
Or51a43		0.3417988	
Or52d3		0.3417988	
Or56a5		0.3417988	
ENSMUSG00000126552		0.3417988	
Or6i1-ps1		0.3417988	
Or5p60		0.3417988	
ENSMUSG00000136008		0.3417988	
Gm45024		0.3417988	
Gm22822		0.3417988	
ENSMUSG00000137718		0.3417988	
4930543E12Rik		0.3417988	
ENSMUSG00000125631		0.3417988	
4930505K13Rik		0.3417988	
Hs3st2		0.3417988	
Gm44663		0.3417988	
3100003L05Rik		0.3417988	
ENSMUSG00000121622		0.3417988	
ENSMUSG00000142018		0.3417988	
ENSMUSG00000127465		0.3417988	
ENSMUSG00000123936		0.3417988	
ENSMUSG00000139004		0.3417988	
Gm45204		0.3417988	
Gm5903		0.3417988	
Hmx2		0.3417988	
Gm10584		0.3417988	
Nkx1-2		0.3417988	
ENSMUSG00000122556		0.3417988	
ENSMUSG00000131899		0.3417988	
Gm6249		0.3417988	
Gm17841		0.3417988	
Gm32486		0.3417988	
ENSMUSG00000142911		0.3417988	
ENSMUSG00000138456		0.3417988	
ENSMUSG00000138792		0.3417988	
Fgf15		0.3417988	
Gm45118		0.3417988	
Gm31463		0.3417988	
Gm44541		0.3417988	
Gm44798		0.3417988	
Sox1ot		0.3417988	
ENSMUSG00000137173		0.3417988	
Tmem255b		0.3417988	
5830468F06Rik		0.3417988	
Gm45677		0.3417988	
Defa-ps15		0.3417988	
Gm20796		0.3417988	
ENSMUSG00000128067		0.3417988	
Gm24992		0.3417988	
Gm8100		0.3417988	
Gm45652		0.3417988	
Gm24727		0.3417988	
1700104B16Rik		0.3417988	
ENSMUSG00000143692		0.3417988	
ENSMUSG00000142241		0.3417988	
Gm45457		0.3417988	
Gm15878		0.3417988	
Gm45481		0.3417988	
ENSMUSG00000134482		0.3417988	
ENSMUSG00000127889		0.3417988	
ENSMUSG00000126463		0.3417988	
ENSMUSG00000144101		0.3417988	
Gm16179		0.3417988	
Gm45418		0.3417988	
ENSMUSG00000128122		0.3417988	
Gm39185		0.3417988	
Nat3		0.3417988	
Gm7684		0.3417988	
ENSMUSG00000135022		0.3417988	
ENSMUSG00000126184		0.3417988	
ENSMUSG00000124505		0.3417988	
Gm55812		0.3417988	
Gm45903		0.3417988	
Gm45434		0.3417988	
ENSMUSG00000139763		0.3417988	
Gm9520		0.3417988	
Clgn		0.3417988	
ENSMUSG00000143744		0.3417988	
ENSMUSG00000122714		0.3417988	
Gm16167		0.3417988	
ENSMUSG00000142932		0.3417988	
ENSMUSG00000135600		0.3417988	
ENSMUSG00000124090		0.3417988	
ENSMUSG00000132455		0.3417988	
Gm45666		0.3417988	
ENSMUSG00000126468		0.3417988	
Gm45294		0.3417988	
Ces1e		0.3417988	
Gm45708		0.3417988	
ENSMUSG00000124188		0.3417988	
Gm45853		0.3417988	
Gm8637		0.3417988	
Gm5361		0.3417988	
Gm16156		0.3417988	
Gm16208		0.3417988	
Gm16209		0.3417988	
Pmfbp1		0.3417988	
8030455M16Rik		0.3417988	
ENSMUSG00000142305		0.3417988	
Cntnap4		0.3417988	
ENSMUSG00000132910		0.3417988	
ENSMUSG00000141561		0.3417988	
Gm20694		0.3417988	
ENSMUSG00000124244		0.3417988	
Gm26971		0.3417988	
ENSMUSG00000125316		0.3417988	
Gm26759		0.3417988	
Gm31138		0.3417988	
ENSMUSG00000122144		0.3417988	
AV064505		0.3417988	
ENSMUSG00000142718		0.3417988	
Cntn5		0.3417988	
Gm32710		0.3417988	
Gm7588		0.3417988	
Gm47557		0.3417988	
Gm48711		0.3417988	
ENSMUSG00000126953		0.3417988	
ENSMUSG00000133740		0.3417988	
Or7g28		0.3417988	
Or7e168		0.3417988	
Or7e172-ps1		0.3417988	
ENSMUSG00000137512		0.3417988	
Gm16853		0.3417988	
Gm16164		0.3417988	
ENSMUSG00000126260		0.3417988	
ENSMUSG00000141591		0.3417988	
Gm38292		0.3417988	
ENSMUSG00000135698		0.3417988	
ENSMUSG00000135834		0.3417988	
Gm37192		0.3417988	
ENSMUSG00000137722		0.3417988	
Gm36974		0.3417988	
Pate11		0.3417988	
1700027I24Rik		0.3417988	
Acrv1		0.3417988	
Gm34885		0.3417988	
ENSMUSG00000134683		0.3417988	
Or8b12b		0.3417988	
Or8b9		0.3417988	
Or8b39		0.3417988	
Or8b1c		0.3417988	
Or8g23		0.3417988	
Or8ab1a-ps1		0.3417988	
Or10s1		0.3417988	
ENSMUSG00000122104		0.3417988	
Gm47931		0.3417988	
Ccdc153		0.3417988	
ENSMUSG00000130955		0.3417988	
Foxr1		0.3417988	
Gm57025		0.3417988	
Gm48314		0.3417988	
Gm39329		0.3417988	
Gm31698		0.3417988	
1700042D02Rik		0.3417988	
Cldn25		0.3417988	
Hoatz		0.3417988	
ENSMUSG00000132717		0.3417988	
Gm8959		0.3417988	
ENSMUSG00000140152		0.3417988	
Gm48346		0.3417988	
ENSMUSG00000142210		0.3417988	
Gm36940		0.3417988	
D9Wsu149		0.3417988	
1700072B07Rik		0.3417988	
Gm10657		0.3417988	
2010001M07Rik		0.3417988	
9230112J17Rik		0.3417988	
ENSMUSG00000139842		0.3417988	
ENSMUSG00000126060		0.3417988	
ENSMUSG00000129324		0.3417988	
Foxb1		0.3417988	
ENSMUSG00000126892		0.3417988	
ENSMUSG00000134045		0.3417988	
Gm37581		0.3417988	
Gm23057		0.3417988	
Gm37234		0.3417988	
Khdc3		0.3417988	
Gm27189		0.3417988	
Gm16551		0.3417988	
ENSMUSG00000135978		0.3417988	
Gm17944		0.3417988	
1700065D16Rik		0.3417988	
ENSMUSG00000132003		0.3417988	
ENSMUSG00000131996		0.3417988	
ENSMUSG00000132434		0.3417988	
Gm37945		0.3417988	
ENSMUSG00000141848		0.3417988	
Gm55827		0.3417988	
Gm46129		0.3417988	
ENSMUSG00000128556		0.3417988	
Gpr62		0.3417988	
Grm2		0.3417988	
ENSMUSG00000123061		0.3417988	
Gm57061		0.3417988	
Gm55268		0.3417988	
Gm37284		0.3417988	
Gm38004		0.3417988	
Fbxw19		0.3417988	
Gm43732		0.3417988	
ENSMUSG00000127448		0.3417988	
Gm42523		0.3417988	
Gm36485		0.3417988	
ENSMUSG00000126259		0.3417988	
ENSMUSG00000137127		0.3417988	
ENSMUSG00000127272		0.3417988	
ENSMUSG00000127378		0.3417988	
Gm38642		0.3417988	
ENSMUSG00000131315		0.3417988	
Gm57058		0.3417988	
Gm47108		0.3417988	
Gm17163		0.3417988	
Gm47129		0.3417988	
Xcr1		0.3417988	
Ulbp3		0.3417988	
Gm6667		0.3417988	
ENSMUSG00000137375		0.3417988	
ENSMUSG00000125133		0.3417988	
Gm48728		0.3417988	
Gm48755		0.3417988	
Gm48759		0.3417988	
Gm48324		0.3417988	
Adgb		0.3417988	
Gm15568		0.3417988	
ENSMUSG00000123793		0.3417988	
Gm8330		0.3417988	
Gm56954		0.3417988	
Gm48297		0.3417988	
ENSMUSG00000134909		0.3417988	
ENSMUSG00000139340		0.3417988	
Gm30285		0.3417988	
Aldh8a1		0.3417988	
ENSMUSG00000141866		0.3417988	
ENSMUSG00000121429		0.3417988	
Semp2l2b		0.3417988	
ENSMUSG00000141738		0.3417988	
Gm9767		0.3417988	
ENSMUSG00000124882		0.3417988	
ENSMUSG00000125617		0.3417988	
Gm47693		0.3417988	
Gm47704		0.3417988	
C030006N10Rik		0.3417988	
Gm7940		0.3417988	
Gm48197		0.3417988	
Gpr6		0.3417988	
1700027J07Rik		0.3417988	
Speer5-ps1		0.3417988	
Mir1929		0.3417988	
Gm47398		0.3417988	
Gm46224		0.3417988	
Gm40649		0.3417988	
Gm47637		0.3417988	
Gm47968		0.3417988	
Gm51802		0.3417988	
Gm20610		0.3417988	
ENSMUSG00000141678		0.3417988	
Neurog3		0.3417988	
Snord98		0.3417988	
Atoh7		0.3417988	
Gm47895		0.3417988	
Gm47078		0.3417988	
ENSMUSG00000134992		0.3417988	
Gm33979		0.3417988	
Gm48022		0.3417988	
Gm4798		0.3417988	
Gm15398		0.3417988	
Gm16222		0.3417988	
ENSMUSG00000140886		0.3417988	
ENSMUSG00000135619		0.3417988	
Or1i2		0.3417988	
Cimap1d		0.3417988	
ENSMUSG00000135904		0.3417988	
Lingo3		0.3417988	
ENSMUSG00000124778		0.3417988	
Gm47073		0.3417988	
Gm47253		0.3417988	
Gm9466		0.3417988	
ENSMUSG00000135453		0.3417988	
ENSMUSG00000126621		0.3417988	
ENSMUSG00000142648		0.3417988	
Gm16155		0.3417988	
Gm47718		0.3417988	
Epyc		0.3417988	
ENSMUSG00000136550		0.3417988	
ENSMUSG00000137583		0.3417988	
Gm35722		0.3417988	
ENSMUSG00000131541		0.3417988	
Gm29685		0.3417988	
Brcc3dc		0.3417988	
Gm47477		0.3417988	
ENSMUSG00000122879		0.3417988	
Gm8873		0.3417988	
ENSMUSG00000125908		0.3417988	
Glipr1l3		0.3417988	
A130012E19Rik		0.3417988	
ENSMUSG00000136260		0.3417988	
Kcnmb4		0.3417988	
Gm10744		0.3417988	
Grip1os3		0.3417988	
ENSMUSG00000137152		0.3417988	
Wif1		0.3417988	
ENSMUSG00000142211		0.3417988	
ENSMUSG00000135459		0.3417988	
Rdh16f2		0.3417988	
ENSMUSG00000137010		0.3417988	
Gm9182		0.3417988	
Or6c2b		0.3417988	
ENSMUSG00000125734		0.3417988	
ENSMUSG00000135101		0.3417988	
Gm11957		0.3417988	
ENSMUSG00000141119		0.3417988	
Gm11980		0.3417988	
ENSMUSG00000134897		0.3417988	
ENSMUSG00000139102		0.3417988	
Gm11997		0.3417988	
Gm12000		0.3417988	
4930554G24Rik		0.3417988	
Vstm2a		0.3417988	
ENSMUSG00000127036		0.3417988	
ENSMUSG00000124387		0.3417988	
Gm12037		0.3417988	
ENSMUSG00000143830		0.3417988	
Gm12039		0.3417988	
Gm12058		0.3417988	
Gm10466		0.3417988	
ENSMUSG00000141908		0.3417988	
ENSMUSG00000123284		0.3417988	
Gm12093		0.3417988	
ENSMUSG00000139137		0.3417988	
Gm12105		0.3417988	
4930469K13Rik		0.3417988	
Foxi1		0.3417988	
Gm53681		0.3417988	
ENSMUSG00000137380		0.3417988	
ENSMUSG00000133633		0.3417988	
4930597A21Rik		0.3417988	
Or2y15		0.3417988	
Or2y14		0.3417988	
ENSMUSG00000134406		0.3417988	
ENSMUSG00000138217		0.3417988	
Gm12222		0.3417988	
Csf2		0.3417988	
Or9e1		0.3417988	
ENSMUSG00000135915		0.3417988	
Gm5027		0.3417988	
Gm12278		0.3417988	
Zfp286os		0.3417988	
ENSMUSG00000124360		0.3417988	
ENSMUSG00000142868		0.3417988	
ENSMUSG00000128253		0.3417988	
Odf4		0.3417988	
ENSMUSG00000125119		0.3417988	
Or1e29		0.3417988	
Or1e30		0.3417988	
Or1e1b-ps1		0.3417988	
Gm11190		0.3417988	
ENSMUSG00000129752		0.3417988	
Gm57386		0.3417988	
Spaca3		0.3417988	
Gm11424		0.3417988	
ENSMUSG00000133804		0.3417988	
Gm11440		0.3417988	
ENSMUSG00000142981		0.3417988	
Mir5110		0.3417988	
Gm26439		0.3417988	
ENSMUSG00000142468		0.3417988	
ENSMUSG00000139007		0.3417988	
ENSMUSG00000123539		0.3417988	
ENSMUSG00000130506		0.3417988	
ENSMUSG00000141598		0.3417988	
ENSMUSG00000126996		0.3417988	
Gm11501		0.3417988	
Tmem92		0.3417988	
ENSMUSG00000135185		0.3417988	
Gm11527		0.3417988	
ENSMUSG00000142363		0.3417988	
ENSMUSG00000141380		0.3417988	
Neurod2		0.3417988	
ENSMUSG00000135920		0.3417988	
ENSMUSG00000131221		0.3417988	
A830036E02Rik		0.3417988	
Gm12347		0.3417988	
Gast		0.3417988	
Gm55417		0.3417988	
ENSMUSG00000128051		0.3417988	
Hsd17b1		0.3417988	
Gm26316		0.3417988	
ENSMUSG00000122552		0.3417988	
Sost		0.3417988	
ENSMUSG00000134385		0.3417988	
Efcab15		0.3417988	
Cep112os1		0.3417988	
ENSMUSG00000122557		0.3417988	
Gm11683		0.3417988	
ENSMUSG00000134588		0.3417988	
Gm57389		0.3417988	
Gm11674		0.3417988	
Gm11680		0.3417988	
ENSMUSG00000122387		0.3417988	
ENSMUSG00000129386		0.3417988	
ENSMUSG00000127772		0.3417988	
ENSMUSG00000126410		0.3417988	
Gm11699		0.3417988	
ENSMUSG00000136689		0.3417988	
Gm57331		0.3417988	
Ptchd3		0.3417988	
Gm17541		0.3417988	
Gm56512		0.3417988	
ENSMUSG00000141346		0.3417988	
Gm48794		0.3417988	
Gm19084		0.3417988	
ENSMUSG00000123846		0.3417988	
Gm49331		0.3417988	
Gm9237		0.3417988	
Gm46313		0.3417988	
Gm5977		0.3417988	
Gm22766		0.3417988	
Mrto4-ps2		0.3417988	
ENSMUSG00000126350		0.3417988	
Gm47847		0.3417988	
Gm47871		0.3417988	
ENSMUSG00000136116		0.3417988	
Gm20208		0.3417988	
6030469F06Rik		0.3417988	
ENSMUSG00000125976		0.3417988	
ENSMUSG00000137184		0.3417988	
ENSMUSG00000133973		0.3417988	
ENSMUSG00000132071		0.3417988	
ENSMUSG00000140941		0.3417988	
ENSMUSG00000123147		0.3417988	
Gm7476		0.3417988	
ENSMUSG00000124081		0.3417988	
Gm36262		0.3417988	
Gm24296		0.3417988	
ENSMUSG00000123816		0.3417988	
ENSMUSG00000121641		0.3417988	
ENSMUSG00000125642		0.3417988	
Gm31447		0.3417988	
ENSMUSG00000131760		0.3417988	
Gm48695		0.3417988	
ENSMUSG00000131527		0.3417988	
Gm33016		0.3417988	
ENSMUSG00000138302		0.3417988	
Gm7985		0.3417988	
ENSMUSG00000141125		0.3417988	
ENSMUSG00000135470		0.3417988	
ENSMUSG00000129219		0.3417988	
ENSMUSG00000125661		0.3417988	
4930458K08Rik		0.3417988	
ENSMUSG00000134634		0.3417988	
ENSMUSG00000142472		0.3417988	
ENSMUSG00000135037		0.3417988	
ENSMUSG00000122122		0.3417988	
ENSMUSG00000127879		0.3417988	
Gm31064		0.3417988	
ENSMUSG00000124365		0.3417988	
ENSMUSG00000134118		0.3417988	
Gm47447		0.3417988	
ENSMUSG00000131378		0.3417988	
ENSMUSG00000132847		0.3417988	
Gm26698		0.3417988	
Gm8605		0.3417988	
Gm7104		0.3417988	
ENSMUSG00000139361		0.3417988	
Gm25776		0.3417988	
Gm48014		0.3417988	
Kcnk10		0.3417988	
9430031K09Rik		0.3417988	
D230049E03Rik		0.3417988	
ENSMUSG00000124305		0.3417988	
Gm48381		0.3417988	
Gm20069		0.3417988	
Gm47166		0.3417988	
Serpina1f		0.3417988	
Gm37496		0.3417988	
ENSMUSG00000140451		0.3417988	
Tcl1b2		0.3417988	
ENSMUSG00000135499		0.3417988	
ENSMUSG00000142556		0.3417988	
ENSMUSG00000125836		0.3417988	
ENSMUSG00000135725		0.3417988	
ENSMUSG00000129524		0.3417988	
Rd3l		0.3417988	
ENSMUSG00000130188		0.3417988	
Ighv1-59		0.3417988	
ENSMUSG00000136926		0.3417988	
Sp8		0.3417988	
Gm18032		0.3417988	
Ucn3		0.3417988	
Gm47853		0.3417988	
Gm40660		0.3417988	
Gm28465		0.3417988	
Gm48888		0.3417988	
ENSMUSG00000127990		0.3417988	
Gm48503		0.3417988	
Gm48621		0.3417988	
ENSMUSG00000135781		0.3417988	
ENSMUSG00000124184		0.3417988	
Gpx5		0.3417988	
Or2b7		0.3417988	
Gm11298		0.3417988	
Vmn1r209		0.3417988	
Vmn1r218		0.3417988	
4930586N03Rik		0.3417988	
Gm56568		0.3417988	
Slc17a3		0.3417988	
Gm53019		0.3417988	
Gm11357		0.3417988	
Gm47172		0.3417988	
Serpinb6d		0.3417988	
Gm47152		0.3417988	
1700019C18Rik		0.3417988	
ENSMUSG00000130123		0.3417988	
Gm18132		0.3417988	
Gm4035		0.3417988	
Gm40922		0.3417988	
Gm46392		0.3417988	
Gm6049		0.3417988	
Gm47460		0.3417988	
ENSMUSG00000137532		0.3417988	
Gm36101		0.3417988	
ENSMUSG00000140003		0.3417988	
ENSMUSG00000139476		0.3417988	
ENSMUSG00000125211		0.3417988	
ENSMUSG00000137738		0.3417988	
Drd1		0.3417988	
Lect2		0.3417988	
ENSMUSG00000135258		0.3417988	
Gm48357		0.3417988	
Gm34354		0.3417988	
4930528D03Rik		0.3417988	
Gm40977		0.3417988	
Gm7768		0.3417988	
ENSMUSG00000131819		0.3417988	
ENSMUSG00000124014		0.3417988	
ENSMUSG00000122730		0.3417988	
Gm48436		0.3417988	
Gm37122		0.3417988	
ENSMUSG00000124342		0.3417988	
Gm36529		0.3417988	
Gm48549		0.3417988	
ENSMUSG00000137038		0.3417988	
Gm47381		0.3417988	
ENSMUSG00000141796		0.3417988	
Gm6109		0.3417988	
ENSMUSG00000131205		0.3417988	
Gm47210		0.3417988	
ENSMUSG00000132335		0.3417988	
ENSMUSG00000123046		0.3417988	
Gm48745		0.3417988	
Gm29543		0.3417988	
Gm48575		0.3417988	
ENSMUSG00000123020		0.3417988	
Gm18134		0.3417988	
ENSMUSG00000131077		0.3417988	
ENSMUSG00000141092		0.3417988	
ENSMUSG00000123152		0.3417988	
ENSMUSG00000126652		0.3417988	
ENSMUSG00000122514		0.3417988	
ENSMUSG00000128573		0.3417988	
Gm15323		0.3417988	
Gm31104		0.3417988	
ENSMUSG00000140912		0.3417988	
Gm41071		0.3417988	
Gm10732		0.3417988	
ENSMUSG00000130525		0.3417988	
ENSMUSG00000126075		0.3417988	
Gm19290		0.3417988	
B230110C06Rik		0.3417988	
Gm48857		0.3417988	
Gm45521		0.3417988	
Gm8374		0.3417988	
ENSMUSG00000134377		0.3417988	
ENSMUSG00000130236		0.3417988	
7330404K18Rik		0.3417988	
Gm15935		0.3417988	
Gm23502		0.3417988	
Gm47774		0.3417988	
Gm32123		0.3417988	
Crb1-ps		0.3417988	
Gm41118		0.3417988	
Gm49308		0.3417988	
Opn4		0.3417988	
4930474N05Rik		0.3417988	
ENSMUSG00000126081		0.3417988	
Gm7991		0.3417988	
Gm8161		0.3417988	
Gm3287		0.3417988	
Gm41142		0.3417988	
Gm34499		0.3417988	
ENSMUSG00000133416		0.3417988	
Gm49306		0.3417988	
Gm534		0.3417988	
Gm48940		0.3417988	
ENSMUSG00000142933		0.3417988	
Rnase2b		0.3417988	
Trav14-2		0.3417988	
Traj27		0.3417988	
ENSMUSG00000127695		0.3417988	
ENSMUSG00000137833		0.3417988	
Mcpt8		0.3417988	
ENSMUSG00000143869		0.3417988	
ENSMUSG00000129810		0.3417988	
Vmn1r-ps136		0.3417988	
Gm5802		0.3417988	
Gm19198		0.3417988	
ENSMUSG00000135808		0.3417988	
ENSMUSG00000136441		0.3417988	
Gm47202		0.3417988	
ENSMUSG00000142902		0.3417988	
ENSMUSG00000125135		0.3417988	
Nkx3-1		0.3417988	
Gm27174		0.3417988	
ENSMUSG00000136288		0.3417988	
4930434J06Rik		0.3417988	
Gm6986		0.3417988	
Siah3		0.3417988	
Gm48931		0.3417988	
ENSMUSG00000124480		0.3417988	
Rps2-ps6		0.3417988	
ENSMUSG00000140408		0.3417988	
Zfp957		0.3417988	
ENSMUSG00000138019		0.3417988	
ENSMUSG00000131268		0.3417988	
Gm34589		0.3417988	
ENSMUSG00000139440		0.3417988	
Gm49205		0.3417988	
Gm35909		0.3417988	
Gm6145		0.3417988	
ENSMUSG00000127713		0.3417988	
ENSMUSG00000125839		0.3417988	
Gm9376		0.3417988	
Gm26791		0.3417988	
ENSMUSG00000129090		0.3417988	
ENSMUSG00000133619		0.3417988	
ENSMUSG00000131913		0.3417988	
ENSMUSG00000123406		0.3417988	
Cdh9		0.3417988	
Gm25711		0.3417988	
ENSMUSG00000135776		0.3417988	
ENSMUSG00000121664		0.3417988	
Gm6576		0.3417988	
ENSMUSG00000125063		0.3417988	
ENSMUSG00000133011		0.3417988	
ENSMUSG00000127299		0.3417988	
Gm54692		0.3417988	
Gm49188		0.3417988	
Gm48961		0.3417988	
Fbxo43		0.3417988	
Snx31		0.3417988	
ENSMUSG00000132066		0.3417988	
ENSMUSG00000132182		0.3417988	
Gm16138		0.3417988	
Gm49313		0.3417988	
Siah1-ps2		0.3417988	
Gm16291		0.3417988	
Gm19236		0.3417988	
Gm7543		0.3417988	
ENSMUSG00000143889		0.3417988	
Gm18787		0.3417988	
ENSMUSG00000135300		0.3417988	
ENSMUSG00000134254		0.3417988	
Gm29394		0.3417988	
ENSMUSG00000134759		0.3417988	
Gsdmcl2		0.3417988	
Dnaaf11		0.3417988	
1700012I11Rik		0.3417988	
ENSMUSG00000139368		0.3417988	
ENSMUSG00000139271		0.3417988	
Gm6610		0.3417988	
ENSMUSG00000134504		0.3417988	
ENSMUSG00000126202		0.3417988	
ENSMUSG00000141516		0.3417988	
Tssk5		0.3417988	
Scrt1		0.3417988	
ENSMUSG00000136586		0.3417988	
Gm49436		0.3417988	
ENSMUSG00000122555		0.3417988	
Gm49544		0.3417988	
Gm3924		0.3417988	
Septin3		0.3417988	
ENSMUSG00000132143		0.3417988	
Gm15569		0.3417988	
Gm36618		0.3417988	
ENSMUSG00000122383		0.3417988	
ENSMUSG00000143974		0.3417988	
Wnt1		0.3417988	
Uqcrh-ps1		0.3417988	
ENSMUSG00000121433		0.3417988	
Gm49426		0.3417988	
Krt76		0.3417988	
Gm28265		0.3417988	
ENSMUSG00000129679		0.3417988	
Or2c1		0.3417988	
Mir6364		0.3417988	
ENSMUSG00000123065		0.3417988	
Gm26822		0.3417988	
ENSMUSG00000133226		0.3417988	
Gm15807		0.3417988	
ENSMUSG00000132903		0.3417988	
Gm49528		0.3417988	
ENSMUSG00000142704		0.3417988	
Iglc2		0.3417988	
Or2m13		0.3417988	
A930003A15Rik		0.3417988	
ENSMUSG00000134212		0.3417988	
ENSMUSG00000130455		0.3417988	
ENSMUSG00000129011		0.3417988	
ENSMUSG00000137386		0.3417988	
Fgf12		0.3417988	
ENSMUSG00000139625		0.3417988	
AV205837		0.3417988	
Gm49713		0.3417988	
Gm15829		0.3417988	
ENSMUSG00000129689		0.3417988	
Gm15803		0.3417988	
ENSMUSG00000127719		0.3417988	
Gm36742		0.3417988	
ENSMUSG00000124446		0.3417988	
4932412D23Rik		0.3417988	
ENSMUSG00000127336		0.3417988	
Gm19142		0.3417988	
Gm4802		0.3417988	
Gm56599		0.3417988	
Gm17809		0.3417988	
Gm5674		0.3417988	
Or5h20-ps1		0.3417988	
Or5ac22		0.3417988	
Or5ac25		0.3417988	
Gm19000		0.3417988	
Gm49621		0.3417988	
Gm36766		0.3417988	
Gm49677		0.3417988	
Gm25038		0.3417988	
4930478L05Rik		0.3417988	
4930570E03Rik		0.3417988	
Gm49555		0.3417988	
Krtap15-1		0.3417988	
Gm49709		0.3417988	
Gm49714		0.3417988	
4930534H18Rik		0.3417988	
ENSMUSG00000138151		0.3417988	
Gm49723		0.3417988	
1810044K17Rik		0.3417988	
Cbr1b		0.3417988	
ENSMUSG00000127629		0.3417988	
Gm15340		0.3417988	
Gm46578		0.3417988	
Gm7043		0.3417988	
ENSMUSG00000137250		0.3417988	
ENSMUSG00000122989		0.3417988	
ENSMUSG00000141917		0.3417988	
Gm16168		0.3417988	
ENSMUSG00000137063		0.3417988	
Gm10513		0.3417988	
ENSMUSG00000130595		0.3417988	
Gm7177		0.3417988	
Vmn2r98		0.3417988	
Gm49752		0.3417988	
ENSMUSG00000128917		0.3417988	
Gm49951		0.3417988	
Vmn2r111		0.3417988	
Vmn2r116		0.3417988	
Gm49911		0.3417988	
Hs3st6		0.3417988	
Percc1		0.3417988	
ENSMUSG00000143876		0.3417988	
ENSMUSG00000143942		0.3417988	
Gm20026		0.3417988	
Gm50275		0.3417988	
Gm50253		0.3417988	
ENSMUSG00000121749		0.3417988	
Gm41556		0.3417988	
Gm20161		0.3417988	
Gm50018		0.3417988	
Gm50245		0.3417988	
ENSMUSG00000139538		0.3417988	
A530088E08Rik		0.3417988	
Gm17948		0.3417988	
Btnl2		0.3417988	
Lta		0.3417988	
Gm16181		0.3417988	
Psors1c2		0.3417988	
Gm20443		0.3417988	
ENSMUSG00000125942		0.3417988	
ENSMUSG00000126043		0.3417988	
H2-M10.2		0.3417988	
Or14q1-ps1		0.3417988	
Or2n1c		0.3417988	
Crisp1		0.3417988	
Gm9104		0.3417988	
ENSMUSG00000124788		0.3417988	
ENSMUSG00000141633		0.3417988	
Tomm6		0.3417988	
n-R5s28		0.3417988	
ENSMUSG00000133551		0.3417988	
Gm37176		0.3417988	
Gm9214		0.3417988	
Mark1-ps2		0.3417988	
Hcfc1r1-ps2		0.3417988	
Slc5a7		0.3417988	
Acsbg2		0.3417988	
Gm46575		0.3417988	
ENSMUSG00000136955		0.3417988	
ENSMUSG00000129968		0.3417988	
ENSMUSG00000125441		0.3417988	
ENSMUSG00000137243		0.3417988	
Lrrc30		0.3417988	
Pcare		0.3417988	
Gm30476		0.3417988	
ENSMUSG00000124919		0.3417988	
ENSMUSG00000123637		0.3417988	
ENSMUSG00000126655		0.3417988	
Gm6276		0.3417988	
Gm17315		0.3417988	
Gm23125		0.3417988	
Abcg5		0.3417988	
Gm49979		0.3417988	
ENSMUSG00000128735		0.3417988	
Gm54543		0.3417988	
ENSMUSG00000129633		0.3417988	
Gm31499		0.3417988	
Fshr		0.3417988	
Gm41659		0.3417988	
Gm50027		0.3417988	
Gm50033		0.3417988	
Mir133a-1hg		0.3417988	
ENSMUSG00000123063		0.3417988	
ENSMUSG00000123025		0.3417988	
Hrh4		0.3417988	
ENSMUSG00000143479		0.3417988	
Gm50094		0.3417988	
Gm30230		0.3417988	
Gm15328		0.3417988	
ENSMUSG00000140472		0.3417988	
Gm16558		0.3417988	
ENSMUSG00000123841		0.3417988	
ENSMUSG00000127640		0.3417988	
ENSMUSG00000136812		0.3417988	
Pcdhb6		0.3417988	
ENSMUSG00000135639		0.3417988	
Gm37165		0.3417988	
ENSMUSG00000136417		0.3417988	
Gpr151		0.3417988	
4933407I08Rik		0.3417988	
Spink12		0.3417988	
Gm56506		0.3417988	
Gm41720		0.3417988	
ENSMUSG00000131915		0.3417988	
ENSMUSG00000140453		0.3417988	
ENSMUSG00000138284		0.3417988	
ENSMUSG00000124792		0.3417988	
Gm23270		0.3417988	
Mir143		0.3417988	
Htr4		0.3417988	
Gm36368		0.3417988	
ENSMUSG00000127881		0.3417988	
ENSMUSG00000137895		0.3417988	
ENSMUSG00000129550		0.3417988	
Gm50170		0.3417988	
ENSMUSG00000128870		0.3417988	
ENSMUSG00000126095		0.3417988	
Gm50360		0.3417988	
ENSMUSG00000138485		0.3417988	
ENSMUSG00000127091		0.3417988	
ENSMUSG00000132710		0.3417988	
Gm47273		0.3417988	
ENSMUSG00000127556		0.3417988	
ENSMUSG00000123345		0.3417988	
Gm7289		0.3417988	
D030046N08Rik		0.3417988	
Gm50384		0.3417988	
Gm5826		0.3417988	
1700030N03Rik		0.3417988	
ENSMUSG00000134008		0.3417988	
ENSMUSG00000140175		0.3417988	
Tbx10		0.3417988	
ENSMUSG00000127229		0.3417988	
Gm21844		0.3417988	
Gm56640		0.3417988	
Kcnk7		0.3417988	
ENSMUSG00000131430		0.3417988	
ENSMUSG00000136874		0.3417988	
Hmgb1-ps4		0.3417988	
ENSMUSG00000131111		0.3417988	
Gm30042		0.3417988	
ENSMUSG00000127999		0.3417988	
Gm6501		0.3417988	
Ms4a2		0.3417988	
Or10v9		0.3417988	
Or10q3		0.3417988	
Or5a21		0.3417988	
Or5b3		0.3417988	
Or5b124		0.3417988	
Or10w1		0.3417988	
ENSMUSG00000136652		0.3417988	
Gm21542		0.3417988	
Gm34235		0.3417988	
Gm26207		0.3417988	
ENSMUSG00000138138		0.3417988	
Rln1		0.3417988	
Lipo2		0.3417988	
Htr7		0.3417988	
ENSMUSG00000127133		0.3417988	
1700122C19Rik		0.3417988	
ENSMUSG00000124356		0.3417988	
Gm54777		0.3417988	
Cyp2c55		0.3417988	
Mir8091		0.3417988	
Gm35460		0.3417988	
Lbx1		0.3417988	
Fgf8		0.3417988	
Elovl3		0.3417988	
ENSMUSG00000132364		0.3417988	
Gm50317		0.3417988	
Gm50331		0.3417988	
ENSMUSG00000123346		0.3417988	
ENSMUSG00000127261		0.3417988	
ENSMUSG00000131128		0.3417988	
ENSMUSG00000131087		0.3417988	
ENSMUSG00000136259		0.3417988	
Gm50185		0.3417988	
ENSMUSG00000128493		0.3417988	
Gm56672		0.3417988	
ENSMUSG00000140172		0.3417988	
ENSMUSG00000142558		0.3417988	
Akap4		0.3417988	
Ccdc22		0.3417988	
ENSMUSG00000129059		0.3417988	
ENSMUSG00000144078		0.3417988	
ENSMUSG00000137560		0.3417988	
Spaca5		0.3417988	
Gm3681		0.3417988	
ENSMUSG00000140630		0.3417988	
Ct47		0.3417988	
Snora69		0.3417988	
ENSMUSG00000127214		0.3417988	
Gm7190		0.3417988	
Gm7657		0.3417988	
ENSMUSG00000135444		0.3417988	
Rab33a		0.3417988	
ENSMUSG00000132295		0.3417988	
Gm15482		0.3417988	
ENSMUSG00000122803		0.3417988	
Gm6783		0.3417988	
Rplp1-ps1		0.3417988	
Gm14817		0.3417988	
Gm15063		0.3417988	
Gm5939		0.3417988	
Tsga8		0.3417988	
Samt3		0.3417988	
Mageb10-ps		0.3417988	
ENSMUSG00000131339		0.3417988	
Gm5400		0.3417988	
Gm14826		0.3417988	
Gm9059		0.3417988	
ENSMUSG00000142619		0.3417988	
Gm3858		0.3417988	
ENSMUSG00000139667		0.3417988	
Mir361		0.3417988	
Gm6491		0.3417988	
Gm14930		0.3417988	
ENSMUSG00000128632		0.3417988	
ENSMUSG00000123913		0.3417988	
ENSMUSG00000136192		0.3417988	
4930570D08Rik		0.3417988	
Btf3-ps3		0.3417988	
Gm54805		0.3417988	
4930513O06Rik		0.3417988	
Gm15071		0.3417988	
ENSMUSG00000122676		0.3417988	
Gm15131		0.3417988	
ENSMUSG00000142312		0.3417988	
n-R5s13		0.3417988	
Gm15185		0.3417988	
Bend2		0.3417988	
ENSMUSG00000121874		0.3417988	
Gm15204		0.3417988	
Gm15224		0.3417988	
ENSMUSG00000137668		0.3417988	
Gm15230		0.3417988	
ENSMUSG00000141725		0.3417988	
Dcp2		0.34159353	
Lrba		0.3414704	
Aspa		0.34127733	
Racgap1		0.34096175	
Or2y1g		0.3408386	
Ankrd35		0.34045112	
Tiam2		0.34042507	
Lmf1		0.34034374	
Kcnj2		0.3402855	
Chordc1		0.34022665	
Mrps15		0.3399971	
Trim30b		0.33996457	
Tmem170		0.33995235	
Zc3h12c		0.33991444	
Dmrt2		0.3398311	
Dis3l		0.33981258	
1700022N22Rik		0.33971685	
Wdr44		0.3396035	
Rspry1		0.33936438	
Tnc		0.33915815	
P2ry13		0.33915415	
Mtss1		0.33914977	
Ccnq		0.33912742	
Ccpg1		0.33907688	
Aff3		0.33843052	
ENSMUSG00000121798		0.33832574	
Gm32727		0.33830208	
Mansc1		0.33823147	
Gm2862		0.33822653	
Arhgef3		0.3381698	
Parp2		0.33811274	
Ptov1		0.33810163	
E430021H15Rik		0.33790803	
3110045C21Rik		0.33789685	
Gm10734		0.3377714	
Synrg		0.33753806	
Casd1		0.33753654	
Gm45413		0.33748844	
Slfn4		0.33729103	
Ap1g2		0.33714122	
Usp46		0.3370061	
Glyctk		0.3369249	
Itgam		0.33683193	
Spi1		0.33678648	
Wnk4		0.33674997	
Plaur		0.33669022	
ENSMUSG00000138428		0.33654568	
Gm37342		0.3365221	
Dnajb11		0.33646572	
Nynrin		0.33639893	
Ptgr2		0.33627394	
D630044L22Rik		0.33621943	
Mtmr11		0.33621624	
Pnma8b		0.3360864	
Fzd6		0.33606678	
Sh3d19		0.33601305	
Zkscan1		0.33592936	
4930503L19Rik		0.3359097	
Dusp23		0.33585313	
Xpo1		0.33575743	
Serpina1b		0.3356939	
Phf8		0.33567238	
Fcgrt		0.33556738	
Gata6		0.33537984	
Degs2		0.33526856	
ENSMUSG00000121773		0.33525708	
ENSMUSG00000126923		0.3351738	
Cds1		0.3351486	
Map10		0.33509928	
Gm11839		0.3349241	
Kdm4d		0.3348132	
Usf3		0.3347545	
Bcl7c		0.33469412	
Shox2		0.3346587	
Pparg		0.33461523	
ENSMUSG00000136681		0.33447763	
ENSMUSG00000128142		0.3343723	
Gm44442		0.334344	
Slc38a2		0.33426127	
Nopchap1		0.33417705	
Cldn34c1		0.33402967	
Gm43425		0.33399618	
Nbas		0.3339794	
ENSMUSG00000135515		0.33395588	
Gm56688		0.3339079	
Cdsn		0.33390582	
Atf2		0.3338544	
Nabp1		0.33385402	
6030443J06Rik		0.33364776	
Plagl2		0.3335667	
4930578M01Rik		0.3334845	
Pced1c-ps		0.33347264	
C630043F03Rik		0.33343306	
Gpr180		0.3334223	
Sez6l2		0.3334066	
Aoc3		0.33340222	
Hspa1b		0.3333891	
Zc3hc1		0.333388	
Rabgap1l		0.33338013	
Pex10		0.33335215	
Pspc1		0.333321	
Znrf3		0.3333171	
Poglut2		0.3332717	
Cmklr2		0.33322662	
1810019D21Rik		0.3328809	
Foxp4		0.3328226	
Gm47917		0.33275768	
Nme6		0.3325301	
Rpf2		0.33249298	
Lmnb2		0.3323606	
ENSMUSG00000124114		0.3323573	
Ngly1		0.33220962	
Ace		0.33214793	
Sfxn2		0.33187336	
Cd177		0.33171877	
Klra2		0.331693	
C130051F05Rik		0.3316395	
Tceanc		0.33154482	
Cask		0.33150354	
Kif5b		0.33127502	
Gm35551		0.33116946	
Samd12		0.33109257	
Alg3		0.33104184	
Braf		0.33094466	
Enoph1		0.33092272	
Slc26a11		0.33085936	
Rbfa		0.33066452	
Togaram1		0.3306128	
Ptpn13		0.33052614	
Ifit3		0.3304706	
Armc6		0.3303504	
Dolpp1		0.33027458	
Gm31024		0.3302158	
Zfp1		0.33017987	
Hoxc6		0.330165	
Katnal1		0.33011883	
Gm17501		0.33000955	
Rgs6		0.32995903	
Acp5		0.32990602	
Scel		0.32978642	
Papss1		0.32963908	
Kifc2		0.3296098	
4930509G22Rik		0.32959637	
Tomm40l		0.3295834	
Gm24119		0.32955784	
Galnt16		0.32946315	
Gm55330		0.32938132	
Nxnl2		0.32938105	
Tuba1b		0.3293094	
Nbn		0.32924736	
Hspa8		0.32910162	
Atp5po		0.3290571	
Adamts8		0.3289281	
Gm45091		0.32892504	
Nxt1		0.32880047	
ENSMUSG00000126763		0.3286003	
Lpar4		0.328582	
Adgrg6		0.3285481	
Uap1l1		0.3284786	
Dus3l		0.32847232	
Chchd3		0.32828856	
Ppp1r10		0.3282855	
Tead1		0.32816792	
Lman2l		0.3280748	
Crocc		0.32806277	
Abcg4		0.32796934	
Gm42658		0.32793176	
Tnfrsf12a		0.32779282	
Tspan15		0.32763594	
Gm14418		0.32761964	
Slc12a7		0.32751894	
Epha1		0.32746235	
Csf1		0.32742488	
ENSMUSG00000131467		0.32720813	
Oxct2b		0.32719833	
Catsper2		0.32713288	
Smpd3		0.32711023	
Rnf11		0.3269019	
Zfhx2		0.3268758	
ENSMUSG00000138444		0.32676145	
ENSMUSG00000127602		0.32676145	
Rpsa-ps7		0.32676145	
ENSMUSG00000142880		0.3267301	
Uchl5		0.32640982	
Gm56596		0.32630646	
Gm26740		0.32630157	
Smpd2		0.32629722	
Trmt112		0.32621452	
Gm49413		0.32617524	
Gm11843		0.3261382	
Rbm38		0.32605478	
Ccdc141		0.32597977	
Zbtb11os1		0.32593563	
Zfp597		0.32593435	
Ldlr		0.3259254	
Dsg2		0.32550237	
Prl2c2		0.32548243	
Zfp42		0.32547623	
Syde2		0.32527763	
Tgds		0.32514042	
Fam236f		0.32501933	
9030407P20Rik		0.3249966	
Ptprs		0.32490185	
Unk		0.32485074	
Gm52969		0.32472175	
Map1a		0.32463476	
Fhod3		0.3245852	
Anp32a		0.32435417	
Taf1c		0.32434404	
Bdh1		0.3243265	
Elavl1		0.3241284	
Adcy2		0.32409808	
Vkorc1l1		0.32401785	
Tspan1		0.32390702	
Jmjd4		0.32380486	
Tdrp		0.32379538	
Zfp518a		0.32350072	
Slc25a23		0.3234585	
Plk4		0.3234404	
Sec24d		0.32334268	
Mmrn1		0.3232985	
Acot11		0.3231632	
Tnfaip8		0.3230657	
Rbp4		0.3227971	
Homer1		0.32277703	
Gtf2h2		0.322742	
Cilp2		0.32258564	
Zfp24		0.32255858	
Bcl2l2		0.3224412	
Myo1f		0.32243067	
Mnat1		0.3223749	
Eepd1		0.3223557	
Heatr5a		0.32228616	
ENSMUSG00000134130		0.32213804	
9030622O22Rik		0.3220906	
Cd19		0.32208437	
Gm7287		0.3219731	
Vma21		0.32196954	
ENSMUSG00000130921		0.32192937	
Atf6b		0.3218312	
Trim34a		0.32171613	
Egf		0.32168564	
Hps4		0.32164913	
Slc39a10		0.3214893	
Fam180a		0.32143065	
Dipk1a		0.321407	
Cnot11		0.32139876	
Nudt14		0.32129171	
Enox1		0.32111737	
Tvp23a		0.32108906	
Hsp90b1		0.32084394	
Gpr39		0.32080126	
Gli1		0.32078895	
Unc13b		0.32069403	
Ints8		0.32047263	
Aqp7		0.32043654	
Acsl4		0.32024804	
ENSMUSG00000127911		0.32006386	
Ubd		0.32006386	
ENSMUSG00000126788		0.32006386	
Gm57017		0.3199915	
Mir7675		0.31997317	
Gm47112		0.31989667	
Yaf2		0.31986186	
Nsun6		0.31980368	
Zfp955a		0.31971082	
Zfr		0.31955385	
Zfp213		0.319494	
Lepr		0.31948724	
Icosl		0.31940192	
Arhgap30		0.31924626	
Decr2		0.31923878	
ENSMUSG00000131859		0.31920248	
ENSMUSG00000128400		0.31920248	
Gm56950		0.31920248	
Rbm12b2		0.31914276	
Stard4		0.31898037	
Atp5f1c		0.31887442	
Bbln		0.31885123	
Ing2		0.3186866	
Rnf141		0.31862113	
Gm56626		0.3185852	
Txnl4a		0.3185194	
Mycbpap		0.31840858	
Begain		0.31823948	
Zfand1		0.31816778	
St3gal6		0.31804064	
Arhgap44		0.31795695	
2310068J16Rik		0.31776053	
Erp29		0.31771252	
Paqr5		0.31765756	
Serf1		0.3175943	
Ocrl		0.31756413	
Cxcl3		0.31742683	
4632427E13Rik		0.31741643	
4930581F22Rik		0.31698406	
Disp1		0.31691512	
Zfp322a		0.31685936	
Gpat3		0.31672513	
Erp44		0.3166497	
Idnk		0.3165345	
Lpin1		0.31650043	
Tbc1d8		0.3164601	
Zfp976		0.31633595	
Maip1		0.31623363	
Btn1a1		0.31617117	
Rps12-ps9		0.31615254	
Rab11fip2		0.31605688	
Abcc10		0.31602472	
Cyb561d2		0.31594568	
Eef1a1-ps1		0.31578773	
Rpl10-ps6		0.31578773	
ENSMUSG00000132439		0.31556553	
Rab36		0.3155641	
ENSMUSG00000143801		0.31550866	
9230112E08Rik		0.3153162	
ENSMUSG00000142026		0.31529078	
ENSMUSG00000124970		0.31524384	
Alkbh7		0.31514722	
Snx14		0.31509143	
Tex9		0.3150834	
ENSMUSG00000138613		0.3150097	
Grem2		0.31497192	
Grk5		0.3148989	
Colgalt1		0.3147738	
Kras		0.31464657	
Gramd2a		0.31457782	
Arhgef9		0.3144912	
Fndc3c1		0.31442502	
ENSMUSG00000134649		0.31436396	
ENSMUSG00000127667		0.31417266	
Recql4		0.3141505	
ENSMUSG00000133023		0.31396085	
Kng2		0.3139445	
Pcyt1b		0.31372282	
St3gal3		0.31369507	
Tyw5		0.3136474	
Ehd2		0.3136463	
Gm46350		0.31360766	
Gm6277		0.31358546	
Ptpre		0.31353128	
Lipt1		0.31349218	
Hint2		0.3134087	
Insl6		0.3133985	
Cmtm6		0.31327772	
Fzd5		0.31327736	
Exph5		0.31314787	
ENSMUSG00000133803		0.31314206	
Gm44005		0.31304097	
Get3		0.31274563	
Ppp1r3b		0.31264204	
Dcxr		0.31263405	
B4galnt1		0.31250024	
Rrad		0.31248423	
Gm16023		0.31239963	
Gm26549		0.31237474	
Acat3		0.31228587	
Zcchc8		0.31214648	
Nme5		0.31213877	
Khnyn		0.31204006	
Cnn2		0.3117808	
Rab23		0.31176838	
Fasn		0.31170914	
Tcf24		0.31169784	
Camsap2		0.31157538	
Dhx57		0.31149188	
Tgfbr1		0.31146693	
Grip2		0.3113939	
Vkorc1		0.3112342	
Dpp9		0.31115213	
Rbl1		0.3111436	
Bcam		0.31104606	
Idi1		0.31104454	
ENSMUSG00000127159		0.31100342	
Rufy3		0.3108859	
Pnpt1		0.31086773	
Prom2		0.31077307	
Tcaim		0.3107167	
Rbm6-ps1		0.31062078	
Gm56517		0.31061772	
Asb13		0.31059012	
Lztr1		0.31050023	
Lamtor2		0.3103318	
Gcnt2		0.31028908	
Tgs1		0.31018797	
Trim56		0.31009227	
Gk		0.3100584	
Ppp1r1a		0.31003112	
Zbed5-ps		0.30991632	
Ghrh		0.30991626	
H2-M5		0.30988672	
Nrbf2		0.30984545	
Abhd10		0.3096786	
Gm31513		0.3096561	
Fzd2		0.30957958	
Gm57055		0.30955225	
Zfp160		0.3095395	
Mmachc		0.30951557	
Tinagl1		0.3094653	
Rnf2		0.309407	
Jak3		0.30923143	
Plxnb1		0.30919582	
Gm43457		0.30896932	
Cog6		0.30894274	
Mpeg1		0.30878344	
Stim1		0.30873704	
Gm57409		0.3087039	
Tubgcp4		0.30854815	
Shisa7		0.30853137	
Synj1		0.30850613	
Mtg1		0.30847743	
Tmem123		0.3082726	
Gm47640		0.30827123	
Fzd8		0.30826747	
AU022754		0.3082204	
ENSMUSG00000142873		0.30818108	
S100a16		0.30813637	
Coa7		0.3080064	
Gxylt1		0.30785802	
Gm1976		0.30761382	
Gm45515		0.30733335	
Tspan31		0.30718938	
Stx2		0.3071767	
ENSMUSG00000133791		0.30712602	
Gm12860		0.3071081	
Ifngr1		0.30710474	
ENSMUSG00000142078		0.3067833	
St7		0.3067537	
Bex2		0.30633476	
Amt		0.30610865	
Hsf2bp		0.30595276	
Gm20939		0.30582118	
Rmdn2		0.3057994	
Ltn1		0.305754	
Sec16b		0.30573565	
Mmadhc		0.3056268	
Ethe1		0.3055765	
Erich4		0.3055762	
Slc27a4		0.3055331	
Aldh18a1		0.30540305	
Cfi		0.30526143	
ENSMUSG00000139796		0.30524194	
ENSMUSG00000144089		0.3051441	
D830025C05Rik		0.30505097	
Cdcp1		0.30501485	
Car2		0.3049189	
Mn1		0.3048964	
Tstd3		0.30484813	
Gm46204		0.30477187	
Grwd1		0.30468935	
Helz2		0.30456433	
Ago3		0.304515	
Fcgr1		0.3044519	
Serpinh1		0.30433455	
Ropn1l		0.30431753	
Gpr155		0.30426624	
Exd1		0.30412856	
Nudt22		0.30408052	
Dchs1		0.304078	
Btg1c		0.30407575	
Gpd2		0.3040632	
Gm56719		0.30389473	
Trim68		0.30377352	
Cited1		0.30375925	
Rad23a		0.3036599	
Colec11		0.30359778	
ENSMUSG00000129181		0.30358815	
Parp11		0.3035683	
Zfp936		0.30323565	
Ppp1r21		0.30314347	
Gm28694		0.30311435	
Grb10		0.30301344	
Kcnq4		0.30290267	
Samsn1		0.302625	
Lrsam1		0.3026145	
Hoxb5		0.3026107	
Atp5me		0.30252796	
Fabp6		0.30249423	
Tcp1		0.30243686	
Zcchc3		0.30240828	
Snrpd2		0.30240548	
ENSMUSG00000141774		0.30213395	
Haspin		0.3020618	
Gm7511		0.3019933	
ENSMUSG00000126831		0.3019933	
Cdc23		0.3018285	
Mblac2		0.30180404	
Odf2l		0.3017079	
ENSMUSG00000121730		0.3016859	
Ear2		0.30165842	
2310009B15Rik		0.30162105	
Rhobtb1		0.3016021	
Ppp1cb		0.30157733	
Gm17029		0.30142277	
Brpf3		0.30134618	
Tm9sf4		0.3011468	
Dkk1		0.30104104	
Ppp2r3c		0.30102435	
Fmr1nb		0.30086502	
Mfsd14b		0.30079263	
Dnai7		0.3007426	
B3galt5		0.30070606	
ENSMUSG00000125669		0.30042225	
Tfg		0.30041394	
Elovl5		0.30026904	
Mrps28		0.3002385	
Cmtm4		0.3001779	
Nck1		0.30009657	
C030034L19Rik		0.2999582	
Gm36393		0.29991475	
ENSMUSG00000135455		0.29985172	
ENSMUSG00000140349		0.29985172	
ENSMUSG00000141190		0.29985172	
Gm45738		0.29985172	
Gm47594		0.29985172	
ENSMUSG00000134983		0.29985172	
ENSMUSG00000139430		0.29985172	
ENSMUSG00000131720		0.29985172	
Kcnma1		0.29985172	
Rpl26-ps4		0.29985172	
Gm56645		0.29985172	
Gm5073		0.29985172	
Antxrl		0.29983422	
Wdr18		0.29970953	
Gm5781		0.2997046	
Ptcd3		0.2995703	
Klhl20		0.29952377	
Galnt2		0.29940096	
Cox7b		0.29937264	
Sort1		0.29930276	
Tnk1		0.2992917	
Pdia4		0.29929	
Immp1l		0.2992095	
Scamp2		0.29906595	
Ruvbl2		0.29898113	
Zfp109		0.2989708	
A530072M11Rik		0.29886562	
Cct8		0.29865137	
Mafb		0.2984301	
Gls		0.29840028	
Aldh1l1		0.29835042	
C030005K06Rik		0.29833373	
Vapb		0.29813004	
Serpina3k		0.29784173	
Gm10343		0.29784173	
Aplp1		0.2976964	
Sytl2		0.2976836	
Alpk3		0.29758823	
ENSMUSG00000128508		0.29755303	
Zfp692		0.2975477	
Raph1		0.29747847	
Gm10638		0.2974584	
Aup1		0.2974121	
S100g		0.29738906	
Dnlz		0.29720142	
ENSMUSG00000123156		0.29715508	
Gm9385		0.29708102	
Cacybp		0.29701898	
Ccm2l		0.29699457	
Casp7		0.29697168	
Mmut		0.2969521	
Acly		0.29688397	
Rpl17-ps3		0.2968046	
Gm44093		0.2967354	
C1ra		0.2966771	
P3h4		0.2966609	
Arl10		0.2965888	
Tcfl5		0.296432	
Timm17b		0.29623502	
Inpp5f		0.29623032	
Cklf		0.2960278	
Parm1		0.29599395	
Ccdc117		0.2957975	
AU015836		0.29571587	
Gm28373		0.29538947	
Tgfb3		0.29521275	
Hnrnph3		0.2951964	
Arcn1		0.29517582	
Trap1a		0.29505238	
Calm3		0.29493937	
Pgm3		0.29465738	
Fezf1		0.29463798	
4930447M23Rik		0.2945844	
ENSMUSG00000127702		0.2945844	
ENSMUSG00000141682		0.2945844	
ENSMUSG00000144133		0.2945844	
Ggt6		0.2945844	
Cartpt		0.2945844	
Shd		0.2945844	
ENSMUSG00000142151		0.2945844	
Sema5a		0.294405	
Ifi47		0.29438928	
Gm20457		0.29400337	
Polr2h		0.29399648	
Dnhd1		0.29391357	
Exoc3l4		0.29384086	
Cavin1		0.2938164	
Il4ra		0.2933911	
Tmem119		0.29337472	
Spty2d1		0.2932445	
1700066B17Rik		0.29320842	
Ppp1r3e		0.29317933	
Sp3os		0.2930525	
Mien1		0.2930259	
Lcmt1		0.29300627	
Mat1a		0.29300612	
Fbh1		0.29271954	
Fktn		0.2926885	
Pitpnb		0.29263577	
Ttc4		0.29254273	
A330023F24Rik		0.29253358	
ENSMUSG00000133273		0.29245308	
ENSMUSG00000122485		0.29245308	
ENSMUSG00000138962		0.29245308	
ENSMUSG00000126562		0.29245308	
Gm31416		0.29245308	
ENSMUSG00000139431		0.29245308	
Gm5083		0.29245308	
Gm30122		0.29242873	
Pja2		0.29216993	
Pcmtd1		0.29196572	
Ldhd		0.29177672	
Myorg		0.29168403	
Prdm2		0.29159492	
Mypopos		0.2914455	
Filip1l		0.2913523	
Fubp3		0.2913225	
Krt14		0.29116887	
Slc16a1		0.29113343	
Speer4a2		0.29111645	
A430027C01Rik		0.29111645	
Rrp9		0.29103434	
Gm47043		0.29103166	
Mef2c		0.2908604	
Rtel1		0.29076275	
Rundc3a		0.29076022	
Dancr		0.29063115	
Psd3		0.2905929	
Itga7		0.29048264	
Rps3a2		0.29034272	
ENSMUSG00000123417		0.29033765	
Snx6		0.29021016	
Dio3		0.29013655	
ENSMUSG00000142784		0.28997663	
Gm56560		0.28997663	
ENSMUSG00000131539		0.28997663	
ENSMUSG00000137108		0.28997663	
Gm49888		0.28997663	
Fat1		0.28995547	
Cybrd1		0.2899128	
Brwd3		0.2898404	
H19		0.28979734	
Mbtps1		0.2896759	
Ints10		0.28958535	
Bcl7b		0.2895316	
Rbbp5		0.28952503	
Lamc2		0.28923574	
Pappa2		0.28915972	
Gm56777		0.2889365	
Ccdc50		0.28889585	
Rps6ka1		0.28886086	
Yeats4		0.28869522	
Vcl		0.28855377	
Il2		0.28854892	
ENSMUSG00000126761		0.28854892	
Gm16063		0.28854892	
ENSMUSG00000137335		0.28854892	
Gm17271		0.28854892	
ENSMUSG00000131881		0.28854892	
Evi5		0.28829607	
Gabpb1		0.28824586	
Elmod2		0.28803784	
Gtpbp3		0.28799555	
Mterf3		0.2879441	
Rps4l		0.2879342	
Flvcr2		0.287878	
Farp1		0.28785384	
Lca5		0.2877248	
ENSMUSG00000135744		0.28764907	
Wrap53		0.28762043	
Zfp9		0.28760573	
ENSMUSG00000136785		0.28749955	
Sord		0.28747797	
Lpar2		0.28743514	
1700086O06Rik		0.28730267	
Dynlt3		0.28729078	
Gm20559		0.2872779	
Catsperg1		0.28719255	
2610035D17Rik		0.28714907	
Upf3a		0.2871183	
4933434E20Rik		0.2870888	
ENSMUSG00000137564		0.28707728	
Rab29		0.28689012	
Lpcat1		0.28679568	
Galnt4		0.28676525	
Supt3		0.2867174	
Mme		0.28660572	
Susd4		0.2865823	
Creb3l1		0.28655863	
Stab1		0.28652173	
Gcnt7		0.28614926	
ENSMUSG00000136915		0.28613034	
Cd320		0.28604552	
Pnpla6		0.28595346	
Capn11		0.2858133	
Pccb		0.28548926	
AW822252		0.2854499	
Mrps11		0.28538966	
Wdr74		0.28516033	
Ranbp2		0.2850031	
Peli2		0.28482074	
Grin2d		0.2846966	
C030006K11Rik		0.28462806	
C030034I22Rik		0.28447855	
Dcaf1		0.284459	
Oas2		0.28445074	
Mrpl46		0.2843985	
Ddx59		0.28418228	
Nedd4		0.28404784	
Dsn1		0.2839477	
Sfpq		0.28392848	
Ppp3ca		0.2839282	
Trmt9b		0.28390354	
Fam133b		0.28386405	
Padi1		0.2838597	
Cysrt1		0.28371653	
Capn8		0.28371435	
Tpd52		0.28355163	
Cdk8		0.28354737	
Qki		0.28341416	
Xist		0.28331947	
Slc34a2		0.28329185	
2410004P03Rik		0.28287455	
Dlx4os		0.28280747	
Zfp248		0.28278887	
Tufm		0.28277913	
Aifm3		0.2826485	
Chst13		0.2826189	
Gm56228		0.2825051	
Tex2		0.2824147	
Herpud1		0.28232273	
Il21r		0.28230807	
Wars2		0.2822953	
Rock2		0.2821195	
ENSMUSG00000140346		0.28209957	
Ifi27		0.28208882	
4933407L21Rik		0.28202957	
ENSMUSG00000142890		0.2819734	
Gpd1l		0.28188336	
ENSMUSG00000121378		0.281882	
Ppid		0.28177658	
Aldh3b2		0.2816021	
Rmdn3		0.28151232	
Gm48890		0.28150827	
Xylt1		0.28150663	
Vdac3		0.28139028	
Gm30961		0.2813589	
Gm46212		0.28126726	
Clpp		0.28113705	
ENSMUSG00000123029		0.28092876	
Fgd4		0.2809135	
Ttf2		0.28060743	
Pign		0.28060204	
Gm37566		0.28055948	
Rnf144b		0.28055525	
Fxyd6		0.28052998	
Mfsd11		0.2805291	
Ddx17		0.28046647	
Cbx6		0.2804436	
Prpf40b		0.28041747	
Rerg		0.28040764	
Fbxl5		0.2803782	
Smoc1		0.2801905	
Prdm16		0.2799576	
Kif22		0.27988186	
Zfp638		0.2798816	
Atad2		0.2797337	
ENSMUSG00000141345		0.2797084	
Tsen34		0.2796388	
Cmss1		0.2796325	
Asap3		0.27959102	
Ubqln1		0.27953744	
Gm12791		0.27952546	
ENSMUSG00000143146		0.27952546	
V1ra8		0.27952546	
Gm44260		0.27952546	
ENSMUSG00000139751		0.27952546	
ENSMUSG00000122884		0.27952546	
Abhd12b		0.27952546	
ENSMUSG00000132590		0.27952546	
Gm50345		0.27952546	
Rida		0.27929214	
Mlph		0.2792788	
Ikbke		0.2791221	
Rxylt1		0.27911368	
Gm2225		0.27907	
ENSMUSG00000131967		0.2789855	
Pigv		0.27895725	
Wipf1		0.27895162	
Spp2		0.27895018	
Eps8l1		0.27870974	
Nav2		0.27853793	
Snca		0.2785015	
Top1		0.2781921	
Ccl4		0.27781153	
Gm8292		0.27779958	
Acoxl		0.27777022	
Gm19299		0.27777022	
Krt222		0.27777022	
Strn3		0.27776587	
5330439K02Rik		0.27763203	
ENSMUSG00000132896		0.27762866	
Gm44220		0.2776046	
Rgma		0.2775298	
Idh3a		0.27737662	
Mapkapk5		0.27728426	
Gm15718		0.27713993	
N4bp2		0.27712256	
Stap1		0.27706835	
Nfe2		0.27706066	
Tial1		0.27701944	
Neu1		0.27701125	
Faap24		0.27691853	
Mrpl23-ps1		0.2767302	
Rpl35rt		0.2764845	
A530041M06Rik		0.27641815	
Cacul1		0.27633804	
Garin1b		0.27632013	
Gm9493		0.2762809	
4933407K13Rik		0.27586144	
ENSMUSG00000133279		0.27585697	
Erg28		0.2758216	
Dsp		0.27564064	
Ube2l6		0.27558005	
Scg3		0.27556777	
Afap1l1		0.27556184	
Uso1		0.27554053	
Morf4l2		0.27552122	
Morc4		0.27548254	
Kansl1l		0.27543643	
Scube1		0.27537128	
Samd1		0.27516094	
Akr7a5		0.27515215	
Prr5l		0.27514982	
Mtg2		0.27503905	
Wfdc12		0.27501675	
Muc5ac		0.27501366	
2610306M01Rik		0.2749594	
Prrg1		0.27482235	
Pofut2		0.2746092	
Mtap		0.27454552	
Shmt2		0.27452788	
ENSMUSG00000127773		0.27446347	
Fxyd3		0.27445486	
Napepld		0.27442497	
Srsf4		0.27420938	
Sftpd		0.27411854	
Pik3cb		0.27408785	
Naaa		0.27406874	
Washc4		0.2740613	
Syap1		0.27356565	
Blm		0.2735402	
Jag1		0.2733833	
Pkp4		0.27335864	
Iqcd		0.27332616	
Mlst8		0.27272984	
Vps26b		0.27262092	
Pirt		0.27248317	
Gm12439		0.27243853	
Lurap1l		0.2724025	
Mllt3		0.2723756	
Obsl1		0.27225447	
Cd48		0.27215382	
Plau		0.27211532	
Ivd		0.2720991	
Spata6l		0.27196455	
Gtf2i		0.2718982	
Prex1		0.27182746	
Psip1		0.2718223	
Lrp5		0.27182087	
Inava		0.2718135	
Gm45309		0.27175355	
Myl3		0.27164277	
Otoa		0.27159947	
Ttbk1		0.2711903	
Zup1		0.27107218	
Thop1		0.27096018	
Galnt10		0.2709564	
Cox15		0.27076223	
Ankrd50		0.270617	
Smc3		0.2704082	
Ttc7b		0.27038556	
Gm37274		0.27035743	
Atp5pd		0.27026367	
Hace1		0.270198	
Ctsm-ps		0.2700476	
Ccdc91		0.269695	
Agrn		0.26967534	
Tmem203		0.2694034	
Spag5		0.26936206	
Gm26672		0.26931998	
Csmd1		0.26921096	
Fkbp11		0.26908693	
Fmr1		0.2687791	
Cox17		0.2686421	
Herc6		0.26859638	
Fbp1		0.26843384	
Pla2g3		0.26837108	
Gpc3		0.26831618	
Pacsin3		0.26828817	
Trnp1		0.26825562	
Ap3s2		0.2681737	
Lbr		0.2681308	
Cd86		0.26807475	
Prr11		0.2680377	
Itpka		0.26790184	
Dnaaf1		0.26782945	
Spryd4		0.2678273	
Lamb1		0.2678183	
Clmn		0.26778194	
Prkn		0.26773474	
Timm22		0.26768678	
Melk		0.26768118	
Rnf26		0.26762706	
Tceal8		0.26757753	
Fcna		0.2675395	
Pcdhgc4		0.26749864	
Tsfm		0.26743066	
Asic2		0.26719373	
Gm20554		0.2670573	
Ptpn4		0.26702237	
Mturn		0.26701504	
Gtf3c1		0.2669985	
Adcy9		0.2669013	
Eif4a2		0.26680058	
L2hgdh		0.26670477	
Abca8b		0.26668087	
Gm45250		0.26665562	
Cacnb2		0.26632535	
ENSMUSG00000141856		0.26625603	
Rnf128		0.26618674	
Gid4		0.26593378	
Tlcd3a		0.26592004	
Fam83g		0.2658671	
Cdc27		0.26575705	
Coq9		0.26551893	
Sap18b		0.2654916	
Phactr2		0.2654444	
Paxx		0.2653695	
Tpd52l1		0.26513997	
Il11		0.26512882	
Gmppb		0.26504058	
Atf3		0.26500106	
Fnd3c2		0.26482415	
Tmem64		0.26479074	
Elp1		0.2647705	
Llph		0.26453748	
Vipr2		0.2645119	
Plp1		0.26450786	
Mucl3		0.2644896	
Nrxn2		0.26448387	
Ccl25		0.26447532	
Rdx		0.26443592	
Nap1l1		0.26442817	
Faf1		0.26433986	
Cdkn1c		0.26420382	
Rnpc3		0.2640692	
Mdh1		0.26406747	
Scn2a		0.26402014	
Bmpr1b		0.26402014	
Gm46336		0.26402014	
Gm31621		0.26402014	
Or4d11		0.26402014	
Ccs		0.26398236	
Dnajc1		0.26397738	
Spg7		0.2638235	
Tbck		0.26374817	
Ppl		0.26348683	
Stfa2		0.2634044	
Ltb		0.26333928	
St13		0.26306516	
Cox19		0.26282513	
Pygb		0.2627669	
Wwc2		0.26271793	
Bicc1		0.26257998	
Cmtm7		0.2624572	
Katnb1		0.2624528	
Nxt2		0.2624262	
A230045G11Rik		0.26242518	
Wdr83		0.26237634	
Nhlrc3		0.26237044	
Scoc		0.26233712	
Pfdn1		0.26228318	
Rbm25		0.26218402	
Gkn2		0.26190186	
Ihh		0.26177803	
B3galnt1		0.26176757	
Id3		0.2616817	
Tgtp2		0.2615345	
Acvr1		0.2615172	
Gale		0.26149938	
Plod3		0.26145563	
Coa4		0.2614475	
Garre1		0.26141468	
Hspa5		0.26111585	
Samm50		0.26109493	
Capn5		0.26089725	
Ifitm3		0.26085797	
Cops9		0.26080322	
Tcf19		0.26078087	
Raf1		0.26075292	
Cep70		0.2606705	
Cactin		0.26053175	
Tmem205		0.2604915	
Tom1l1		0.26037943	
Stat5a		0.26033413	
Rtn1		0.2602589	
Uba3		0.26003397	
Sp2		0.26000842	
Foxa1		0.2599928	
Cd180		0.25995964	
Lig3		0.2598556	
Gm9512		0.25983843	
Ank		0.25966978	
Ldha		0.25960508	
Noct		0.25941998	
Hand2		0.25937578	
Vav2		0.2593639	
Ube3c		0.25933594	
ENSMUSG00000124966		0.25912791	
Cd4		0.2590687	
Nomo1		0.2589775	
Ikzf2		0.2589559	
Fzd3		0.25881252	
Adgre1		0.25866213	
Caps2		0.2586614	
Rbm45		0.25864497	
Etnk2		0.25856605	
Gsdmd		0.2584511	
Obi1		0.25836787	
ENSMUSG00000142314		0.25827944	
Kif5c		0.25827578	
Entpd6		0.25814173	
Ifi204		0.2580837	
Parp16		0.25807443	
Flt3		0.25803372	
Stk35		0.2580189	
Marchf3		0.25796768	
Slc7a2		0.25795537	
Mov10		0.25794524	
Ext1		0.25792688	
Gpx7		0.2579211	
Dapk2		0.25792044	
Ndufaf7		0.25791714	
Patz1		0.25791115	
Tmed2b		0.25789288	
Gm43597		0.25787276	
Coq8b		0.25786456	
2010320M18Rik		0.25774878	
Sipa1l3		0.25774023	
Scaper		0.25769857	
Tardbp		0.25764874	
Ggnbp1		0.25759012	
Gm56964		0.2575266	
Gm12059		0.2575266	
Hdac1		0.25745785	
Gm35248		0.25740433	
Phb1		0.25735068	
Prkaa2		0.25731835	
Rap1gds1		0.2573093	
Fsd1l		0.25724864	
ENSMUSG00000142779		0.25708273	
Kif5a		0.25696653	
Fam20b		0.25686765	
Nt5e		0.25685766	
Ogt		0.2567663	
Me1		0.2567275	
C1galt1c1		0.25654915	
Fat2		0.25651187	
Snhg15		0.25648573	
Gm30938		0.25640184	
Gal3st1		0.2561669	
Mtpn		0.25603157	
Plekhg1		0.25600314	
Gm29216		0.25593114	
Cxxc4		0.25593114	
Gm13110		0.25593114	
Gm48822		0.25593114	
Leap2		0.25593114	
ENSMUSG00000122576		0.25593114	
ENSMUSG00000133200		0.25593114	
Vamp4		0.2558768	
Bcat1		0.2558761	
Ly6c2		0.25568384	
AA414768		0.2554937	
Tmem223		0.25546488	
Wdr7		0.2554524	
Gm45267		0.2554437	
Lime1		0.2554325	
Ints7		0.25533623	
Ppip5k1		0.25530276	
Clptm1		0.2547715	
Cdk6		0.2546902	
F2r		0.25449696	
Fndc3b		0.25447735	
Pih1d1		0.2544519	
Tyro3		0.25425357	
Plet1		0.25423157	
Gm44126		0.2541475	
Gm6263		0.2541475	
Amph		0.25412595	
Sgo1		0.25410533	
Tfpi		0.25409344	
Cdkn2b		0.25407478	
Ttl		0.25397387	
Nrg4		0.2539728	
Trappc13		0.2538758	
Cfap97		0.2538655	
Agfg1		0.25385323	
Gm17344		0.25374398	
Gabre		0.25369462	
Uros		0.25369194	
Dap3		0.2536666	
Foxo1		0.25359547	
Gm7162		0.25358257	
Lsm11		0.25354	
Wdr77		0.25341877	
Hmgn3		0.253361	
Sash3		0.2533156	
Derl2		0.25323108	
Loxl2		0.25318128	
Dennd6a		0.25300097	
C230035I16Rik		0.2529639	
Zfp184		0.2529218	
Orc4		0.25285843	
Zfp462		0.25268584	
Pcyt2		0.25260612	
Snx3		0.25247437	
Ifi203		0.25243855	
Bmal2		0.2523407	
Bhlha15		0.25228643	
Zmym3		0.25227672	
Nxf1		0.25227645	
Ppp2r1b		0.25218564	
Mrps21		0.25218025	
Gpr27		0.25198367	
Mutyh		0.25197226	
Ddc		0.25188288	
Peg10		0.25187197	
Smchd1		0.25186482	
1700025N21Rik		0.2518453	
Cdc25c		0.25183377	
1700109H08Rik		0.25180426	
Skap1		0.25169736	
Anxa5		0.25163218	
Manf		0.25161278	
Slc25a26		0.25152844	
Fmc1		0.25135526	
Ssbp3		0.25129917	
Ezr		0.25122842	
Prepl		0.251175	
Aldoc		0.25111035	
Hnrnpa3		0.2509116	
2210016L21Rik		0.2508988	
Klhl9		0.25080746	
Gm12195		0.25074306	
Ddrgk1		0.25062758	
Isoc1		0.25058645	
Hes6		0.25055245	
Socs2		0.25054693	
Clint1		0.25052252	
ENSMUSG00000137251		0.25049272	
1110018N20Rik		0.25047937	
4930556M19Rik		0.25039554	
Man1c1		0.2503657	
Star		0.2502872	
Cenpa		0.25019822	
Epb41l1		0.250163	
Zkscan7		0.25014043	
Polg		0.25011942	
Efnb2		0.2501194	
Dnajc3		0.25000697	
Gm26652		0.24991035	
Zfp446		0.24985693	
Mras		0.24982418	
Tmem131		0.24978039	
Med13l		0.24971813	
Idh2		0.24966985	
ENSMUSG00000135315		0.24959756	
Yae1d1		0.24943869	
Zscan20		0.2493788	
2610528J11Rik		0.24935815	
Pcnt		0.24934565	
Plekha1		0.24916758	
Nid1		0.24908535	
Gm49769		0.24886487	
Ints3		0.2488481	
Exoc6b		0.24881361	
Chpt1		0.24879351	
Rybp		0.24878114	
Txndc5		0.24860464	
Cfap43		0.2482665	
Pdpk1		0.24821876	
Mir503hg		0.24808864	
Cdx2		0.24808165	
Rpl13a		0.24807225	
Stfa1		0.24797848	
Tmco3		0.24796923	
Gm15850		0.24791181	
Stox2		0.24775696	
G3bp2		0.24773669	
Lrrc71		0.24767184	
Riok1		0.24756628	
Prdm11		0.24752024	
Rictor		0.24724907	
Med11		0.2472064	
Kpna6		0.24715987	
ENSMUSG00000130913		0.24714331	
Gpr153		0.24714082	
Gm36279		0.24708074	
Ctse		0.24693374	
Gm9899		0.2469211	
Ptpru		0.24688058	
Arhgdib		0.2468305	
Cisd1		0.24678099	
ENSMUSG00000133600		0.24664307	
Car13		0.24664204	
Zfp407		0.24663419	
Cep162		0.24661952	
Ankrd13c		0.24647677	
Irs1		0.24644916	
Fam171a1		0.2464146	
Rbm47		0.24641153	
Pik3c3		0.24638031	
Rpl19-ps11		0.24635229	
Cphx1		0.2463421	
Cfdp1		0.24622244	
Rce1		0.24617842	
Atp2c2		0.24614075	
Celf1		0.24599972	
Rpl13a-ps1		0.24594599	
Gpr50		0.24583285	
Cx3cr1		0.24582222	
Rbmxl1		0.24570279	
Adam17		0.24569294	
Abca17		0.24566872	
Zfp260		0.24564074	
Gna11		0.24561587	
Cdh18		0.24554263	
Maz		0.24548687	
E130311K13Rik		0.24547447	
Olfm2		0.24538782	
Apool		0.24500063	
Dbt		0.24491024	
Rps10-ps1		0.24471398	
Camk2a		0.24447332	
Pank4		0.24445683	
Atxn7l3		0.24431288	
Eno1		0.24411818	
Setdb1		0.2440066	
Nr1d2		0.24397694	
Tsc2		0.2439606	
Gm16191		0.24395975	
Wls		0.24395911	
Tmem273		0.24387078	
Mindy3		0.24385098	
Pafah1b3		0.24382047	
Cfap46		0.24360576	
Gm49871		0.24360576	
Rab11bos1		0.24360067	
Gmfg		0.2434067	
Cd44		0.24340369	
Aldh6a1		0.24340364	
Eif4e3		0.24331132	
Zfp275		0.24323112	
Zfp273		0.24321643	
Pbx3		0.24320212	
Svbp		0.24318825	
Gm12009		0.24317399	
Utp18		0.24310513	
ENSMUSG00000122012		0.2430979	
Trpv2		0.24306381	
Mrpl21		0.2430297	
Marveld2		0.24300255	
Alg12		0.2429992	
Tpcn1		0.24299267	
Fxyd2		0.24289583	
Usp11		0.24287017	
Tulp2		0.24284838	
Septin2		0.24281695	
Gm36283		0.2427213	
Sdk1		0.24271865	
Slf2		0.2426805	
Hspe1-rs1		0.24264848	
Rd3		0.24262752	
Dnmt3a		0.24257441	
Ulk2		0.24257033	
Rab28		0.24245535	
Myo5b		0.24238293	
Rgs16		0.2423301	
Far1		0.24227998	
Wtip		0.24221776	
ENSMUSG00000125058		0.2420899	
ENSMUSG00000129131		0.24192789	
Zfp827		0.24174681	
Gm10457		0.24152237	
Mfsd6l		0.24147822	
Rhox5		0.24142508	
Gm43684		0.24131703	
Or55b10		0.24126948	
Bglap3		0.24115542	
Slc20a1		0.24114275	
Gm39662		0.24111907	
Gm11611		0.24111907	
Gm4432		0.24111907	
Sparcl1		0.24106129	
Spcs2		0.24105203	
Ntn1		0.24102266	
Pnkd		0.24100251	
Gas7		0.24100241	
Chd3		0.24094337	
ENSMUSG00000130298		0.24087632	
A730020E08Rik		0.2407875	
Slc25a24		0.24071844	
Trmt5		0.24062687	
Creld2		0.24058363	
Gm56846		0.24054173	
Pmf1		0.24052063	
Sfrp1		0.24041837	
Kcnn4		0.24041598	
Zfp119a		0.24038036	
Ttll1		0.24029753	
Alg1		0.24019435	
Cspp1		0.24017327	
Tmprss11f		0.2401327	
ENSMUSG00000143908		0.24012867	
Nol3		0.24007526	
Fam89a		0.24000026	
Hikeshi		0.23997034	
Dhx9		0.23991698	
Camk2d		0.23984827	
Sigmar1		0.23981653	
Cyc1		0.23981066	
Mknk1		0.23969346	
Rgs14		0.23960055	
Ccnc		0.2391793	
Ydjc		0.23912755	
Trim40		0.23909986	
Myom2		0.23898548	
Dmrt3		0.23894279	
B3gnt7		0.238874	
Gmip		0.23884682	
Mettl8		0.23875882	
Sgf29		0.2386527	
Avpr1b		0.2385578	
Hoxd13		0.2385578	
Platr8		0.2385578	
Slc6a21		0.2385578	
Gm45683		0.2385578	
Gm31135		0.2385578	
Hcn4		0.2385578	
ENSMUSG00000137202		0.2385578	
Gm12322		0.2385578	
Gapt		0.2385578	
ENSMUSG00000130215		0.2385578	
Dnajb7		0.2385578	
Eml5		0.23846878	
Txnl1		0.23823126	
Nlrp3		0.23821916	
Septin4		0.23820032	
Eprs1		0.23814605	
Prrt2		0.23811789	
Gm10120		0.23811789	
Gm37653		0.23807302	
Aldh3b1		0.23791027	
Tsc22d2		0.23788318	
Ltbr		0.23787625	
Irgq		0.23779757	
Garem1		0.23767507	
Rnf24		0.23760265	
Cad		0.23756896	
Wdr6		0.23754027	
Hlcs		0.23749647	
Mfsd2b		0.2374672	
Vps26c		0.23744504	
Washc3		0.23729213	
Esco1		0.23718533	
Fermt1		0.2370384	
Cspg5		0.23701757	
Gm57219		0.23683621	
ENSMUSG00000139789		0.23683165	
Vstm4		0.2368076	
Ints4		0.23679267	
Zfp984		0.23676656	
Cpox		0.23676522	
Ascc1		0.23673972	
Pias3		0.23670687	
Pik3r6		0.23663521	
Gata4		0.23660909	
Rabep1		0.23656376	
Gm48804		0.23653698	
Kif20a		0.23646441	
Chchd2-ps		0.23638955	
Gm37254		0.23629113	
Dram1		0.23624496	
ENSMUSG00000136527		0.23624109	
ENSMUSG00000139539		0.2362169	
Ighm		0.23619491	
ENSMUSG00000130941		0.2361318	
Top2a		0.23607613	
Pnpla8		0.23601738	
Rbpj		0.23593332	
Lonp2		0.23587517	
Thbs2		0.2358161	
Wnk1		0.23575868	
Zpr1		0.235713	
Zfp148		0.23533353	
ENSMUSG00000124774		0.235331	
Prl7c1		0.23530006	
Xlr3a		0.23523977	
Pip4k2a		0.23523152	
Tmem242		0.23521425	
Pcmt1		0.23518926	
Gm43534		0.23516478	
Plcg2		0.23515742	
Zfp180		0.23510568	
Med12l		0.2348785	
Gm12404		0.23487003	
Nrp1		0.23481426	
Tmem167		0.23474553	
Wnt2b		0.23471314	
Oas1a		0.23451497	
Chek2		0.23451366	
Appbp2os		0.23451105	
Iqce		0.23448487	
Spns2		0.23436719	
Ubxn7		0.23436664	
Plekhb2		0.23424809	
Mab21l3		0.23404227	
Psg25		0.23403046	
Tmem17		0.23391844	
Gm13421		0.2338972	
Sct		0.23386315	
Jak2		0.23377532	
Dgkk		0.2336915	
Ak3		0.23359615	
Tbc1d22b		0.23347044	
A430033K04Rik		0.23323764	
Rtn4rl1		0.23317745	
Rock1		0.23310506	
Gm46430		0.23310003	
Slmap		0.23307292	
Dusp22		0.23305207	
Gm10250		0.23295711	
Cycs		0.23295598	
ENSMUSG00000134387		0.2327881	
Lzts3		0.23274258	
Pepd		0.23267648	
Slc7a7		0.23265946	
Exoc2		0.23265925	
Chrnb1		0.23263879	
Atoh8		0.23261154	
Trf		0.2325484	
Rap2c		0.23244278	
Rab5if		0.23237091	
Zbtb33		0.23213866	
Ncln		0.23210673	
Zfp764		0.23209135	
Arfgef1		0.23204371	
AU021092		0.23197012	
Cacna1s		0.2319371	
Gm37860		0.2319371	
Prss23os		0.2319371	
ENSMUSG00000143349		0.2319371	
Agtr2		0.2319371	
Amhr2		0.23191763	
Marchf9		0.23188645	
Sh3kbp1		0.2318766	
Calr		0.23184468	
Siglece		0.23182695	
Erich1		0.2317762	
Slc28a3		0.23165849	
Cbx7		0.23164931	
Snrnp35		0.23154281	
4931415C17Rik		0.23147736	
2010003K11Rik		0.23144028	
Tmem161a		0.23136896	
Gm26513		0.23133741	
Arid1a		0.23130742	
Pus10		0.23119202	
Clec4a3		0.23111546	
Atp6v1g1		0.23109078	
Katnbl1		0.23108423	
ENSMUSG00000143161		0.2310425	
Tnr		0.2309948	
Birc2		0.23086871	
Hap1		0.23077579	
C2cd2		0.23068856	
Dusp10		0.23068851	
Mrpl22		0.23064318	
Prss16		0.23061489	
Lmo4		0.23052552	
Gm43860		0.2304447	
Zfpl1		0.23044343	
Frmd4b		0.23042117	
Apex2		0.23012067	
Slc25a48		0.2301087	
Agl		0.22978143	
Eif1b		0.22971682	
Nipal3		0.22961149	
Stau2		0.22957987	
Arhgef25		0.22957432	
Tal2		0.22955978	
Gm42462		0.22955978	
Gm45483		0.22955978	
Gm38403		0.22955978	
Slc35a3		0.22946247	
Castor2		0.22935751	
Btnl12		0.22925171	
Pcbd1		0.22919615	
ENSMUSG00000141637		0.22910938	
Plcd4		0.22903754	
Igsf6		0.22898333	
2410004B18Rik		0.22896767	
Adarb1		0.22884251	
Rubcn		0.2288238	
E030042O20Rik		0.22881956	
Slc5a10		0.2287725	
Entpd7		0.22876847	
Cdc34		0.22865565	
Gnat2		0.22865522	
BC046401		0.22860917	
Gata5		0.22860917	
Gm35986		0.22860917	
Gm7367		0.22860917	
ENSMUSG00000127745		0.22860917	
ENSMUSG00000123876		0.22860917	
Ublcp1		0.22847772	
Tnnt2		0.22845602	
Fam117a		0.22838129	
Timmdc1		0.22829315	
Thg1l		0.22827937	
ENSMUSG00000127791		0.22826196	
Sgms2		0.22815154	
4921524J17Rik		0.22808443	
4930513N10Rik		0.22807738	
B3gnt8		0.22805396	
Hsd17b7		0.2280329	
Serac1		0.22803254	
Rps6ka5		0.22794294	
Ctnnd1		0.22790548	
Zfp398		0.22787544	
Plekhg2		0.22786462	
Gstt1		0.22786298	
Arrb2		0.22783408	
Gm8494		0.22778398	
Ptprn2		0.22770976	
Pcdhgc3		0.22762948	
Gm44284		0.22757815	
Rfx2		0.22753769	
Miga2		0.22751638	
Gm7696		0.227515	
Enah		0.22737244	
Sox18		0.22727905	
Gcdh		0.22724658	
B3galt4		0.22723557	
Adh5		0.22715776	
Gm12846		0.227141	
Cilk1		0.22702287	
Zdhhc9		0.22696643	
Mob1a		0.22694775	
Rgs10		0.22687791	
Itgb2		0.22687367	
N4bp3		0.2267592	
Akap1		0.22673589	
D930020B18Rik		0.22662567	
Erc1		0.2265516	
Cracdl		0.2264733	
6030452D12Rik		0.2264539	
Gtf3a		0.22643515	
Ago2		0.2264207	
Amotl2		0.22640571	
Ttr		0.22631319	
ENSMUSG00000134236		0.22626573	
Tank		0.2262246	
Zfp961		0.22621539	
Bltp2		0.22620268	
Coch		0.22610508	
ENSMUSG00000136960		0.22594438	
Mtx3		0.22593774	
Hs2st1		0.22590743	
Srebf2		0.22588557	
ENSMUSG00000121456		0.22587073	
Gm56783		0.22581817	
Tram1		0.22579932	
Gstt3		0.22578602	
Gm37570		0.22573918	
Rnf32		0.22565848	
Mrpl42		0.22561124	
Pfkm		0.22548309	
Aifm1		0.22523755	
Odr4		0.22517383	
Myh10		0.22512013	
Gm32786		0.22499567	
Gcsh		0.22497213	
Mreg		0.22496085	
Ergic1		0.22493264	
Gid8		0.2248736	
A730063M14Rik		0.22473596	
Gm49745		0.22472951	
Cd27		0.22446238	
Gm13071		0.22443047	
Selenon		0.22439249	
Gm14148		0.22438113	
Gm10167		0.22410047	
Rsl1		0.22402091	
Papola		0.22392026	
Epb41l4a		0.22389117	
Ubqln4		0.22378868	
Dcun1d4		0.22365738	
Sar1a		0.22363326	
Zfp296		0.22360778	
Stk39		0.223531	
Aco1		0.22350317	
Cmbl		0.22349215	
Hsd3b1		0.22331409	
ENSMUSG00000129313		0.22323172	
ENSMUSG00000126368		0.22323172	
Srebf1		0.22322369	
Msto1		0.22315829	
Vsig1		0.22315799	
Ankhd1		0.22312793	
Uqcc6		0.22310783	
Renbp		0.22285035	
Dpf3		0.22284918	
ENSMUSG00000138590		0.22284853	
Pabir1		0.22281657	
Egr1		0.2227522	
Acat1		0.2224841	
Kctd15		0.22245114	
Acot13		0.2224064	
Mtus1		0.22237954	
4732491K20Rik		0.22233665	
Hpcal1		0.22232352	
Metap1d		0.22226201	
Sfxn1		0.2222128	
ENSMUSG00000130610		0.2222067	
Tango6		0.22215925	
Marchf10		0.22212337	
Pacc1		0.22211236	
Mylk3		0.22206825	
Terf2		0.22197922	
Gsdme		0.22192375	
Adat2		0.22184643	
Marf1		0.22166769	
Nid2		0.22152549	
Tmem176b		0.22117427	
Nvl		0.22117046	
Snap47		0.22115996	
Wdfy2		0.2210624	
Tab2		0.22104469	
Rpl35a-ps4		0.22100806	
Ogdh		0.22096461	
Npr1		0.22096148	
Otulin		0.22084121	
Nsmce3		0.22083043	
Selenop		0.22073732	
Snx27		0.22072618	
Gm41804		0.2207186	
Mipep		0.22070815	
ENSMUSG00000131584		0.22063431	
ENSMUSG00000134935		0.22063431	
Itfg1		0.22057433	
H4c14		0.22049895	
Cd9		0.22047429	
C030015A19Rik		0.22044761	
Gm56524		0.2204109	
ENSMUSG00000130119		0.22035983	
Mob4		0.22028184	
Med7		0.22016619	
Gm11672		0.21999	
Anxa4		0.21997431	
Iars1		0.2199231	
Cln5		0.21990278	
Cyp11a1		0.21989343	
ENSMUSG00000143036		0.21981019	
Nup35		0.21968083	
Slc7a6os		0.2195795	
Fam13b		0.21956687	
Slx4ip		0.2195378	
Homer2		0.21953502	
Pop5		0.2195057	
Cdr2		0.21947782	
Twist2		0.21943577	
Adprs		0.21939676	
Arhgap24		0.2193914	
ENSMUSG00000129450		0.21938321	
ENSMUSG00000137079		0.21938321	
Efnb1		0.21935333	
Gm44694		0.21926488	
Tada2b		0.21923554	
Lars1		0.21911244	
Hsph1		0.21899182	
Palld		0.21897438	
Angel2		0.21893635	
ENSMUSG00000127096		0.21893133	
Slc16a10		0.21891367	
Bcat2		0.21883078	
Scnm1		0.21861526	
Kcnb1		0.21854311	
Txndc17		0.21852362	
Slc25a13		0.21836099	
Gpr171		0.21826531	
Tnfrsf9		0.2182012	
Gm44243		0.21814124	
B3gat3		0.21805894	
Rtp4		0.218032	
Dynll2		0.21802378	
Slc26a2		0.21800396	
Phlpp1		0.21782662	
Mus81		0.21781823	
Abcb10		0.21779375	
Egr3		0.2177472	
Gspt1		0.21751995	
Uggt1		0.21751861	
B4galnt2		0.2174442	
Zfp276		0.21743678	
Acot6		0.21739896	
Slc41a2		0.21733218	
Gm26671		0.21732159	
Csrnp2		0.21731743	
Blnk		0.21730472	
Ormdl3		0.21716958	
Atl2		0.21716517	
Edem3		0.2171629	
Slc38a9		0.21702562	
Nsd1		0.2169531	
Slc25a44		0.21692774	
Cand2		0.21685411	
4833412C05Rik		0.21670626	
ENSMUSG00000133693		0.21662022	
Rcsd1		0.21661061	
Adam10		0.2165948	
Emc4		0.21650691	
Prkci		0.21647191	
Nfs1		0.21645167	
Tm9sf3		0.21641822	
ENSMUSG00000135677		0.21641403	
Ap1s1		0.21639521	
Ifnar1		0.2162801	
Deptor		0.21626286	
Zdhhc16		0.21616553	
Lpl		0.21604265	
ENSMUSG00000126177		0.21596959	
Serpinb1a		0.21596394	
Rec8		0.21592644	
Prdm15		0.21574827	
Dpp7		0.21569598	
Uvrag		0.21561742	
Golim4		0.21556845	
Crot		0.21551922	
Arhgap25		0.21550292	
Tnpo2		0.21542202	
Slc16a12		0.21540602	
Plekhg5		0.21527211	
Epcam		0.21526504	
Mpzl1		0.21522586	
Gpc4		0.21519816	
Clic1		0.21505015	
Ttc17		0.21499781	
ENSMUSG00000138188		0.2149661	
Tubb5		0.2148695	
Pacsin1		0.21485995	
Gm3625		0.2148441	
Ipo7		0.21464787	
Srsf12		0.21460617	
Otulinl		0.21456951	
Celf2		0.21453291	
1810062O18Rik		0.21444833	
Crk		0.21440229	
Myadm		0.21420865	
Snx12		0.21419422	
Cpeb4		0.21416992	
Col20a1		0.21415651	
Hsd17b12		0.21405713	
Ahcyl2		0.21401913	
Sod2		0.21399763	
Ptdss1		0.21396258	
Lactb2		0.21394946	
Tbc1d30		0.21393365	
Rhox9		0.2138915	
Cdkl4		0.21379691	
Mat2a		0.21368344	
Gm9902		0.21368305	
Crbn		0.21339296	
2610021A01Rik		0.21329932	
Msln		0.21326384	
Zc3h12d		0.21325785	
Nsmce1		0.21324804	
Arsj		0.21321669	
Xpr1		0.21313979	
Xpo7		0.21313462	
Tmem41b		0.21303245	
Ptprf		0.21299444	
Pmaip1		0.21296486	
1500002C15Rik		0.21292669	
Sycp1-ps1		0.21291392	
Copg1		0.21287042	
Trim47		0.21284746	
Ndufb3		0.2128384	
Unc5a		0.21283102	
Rbbp9		0.21279971	
Gm2a		0.21278752	
Trerf1		0.21274744	
Pcp4l1		0.21272177	
Phc3		0.212539	
Cdk20		0.21252804	
Nit1		0.21248196	
Septin11		0.21241233	
Haus7		0.21240173	
Crlf2		0.21239904	
Qtrt1		0.21239576	
Galc		0.21238327	
Ro60		0.21237694	
Cxcr2		0.21231455	
Mrrf		0.21229878	
Plekha3		0.21226546	
Ube4a		0.21226443	
Ptprc		0.2122002	
Gm28875		0.2121733	
Gtf2e2		0.21216048	
Prkacb		0.21215448	
Gm34934		0.21209988	
Prl2c5		0.21208014	
Mapk9		0.21198787	
Bmt2		0.21177565	
Thbd		0.21166216	
Gm15638		0.2116405	
Iftap		0.2116009	
Gnpat		0.21153747	
Srr		0.21146433	
Ufsp2		0.21142657	
ENSMUSG00000141229		0.21137871	
Gm17019		0.21121946	
Pole		0.21120544	
Crtap		0.21119039	
Ccdc73		0.21118715	
Tle1		0.21118475	
Gm43696		0.21117629	
4933427G23Rik		0.21108194	
Cdc25a		0.21101551	
Mettl16		0.21088137	
Gm49291		0.21087368	
Gigyf2		0.21087147	
ENSMUSG00000132229		0.21085948	
Gm4632		0.21085685	
Ndufa6		0.21077925	
Yy1		0.21076187	
Zfp935		0.21073684	
Hsd11b1		0.21058191	
Stt3a		0.21057443	
Abhd17b		0.21056138	
Snrnp27		0.21055925	
Fam236e		0.21046652	
Lage3		0.21039936	
Evl		0.21035762	
Tada2a		0.21033537	
Sptbn2		0.21020119	
Rgs4		0.21012843	
Tspan3		0.21008515	
Eps15l1		0.21006605	
Cfap36		0.21000184	
Cemip2		0.20997934	
Ccnjl		0.20992045	
Ids		0.2098524	
Gdf9		0.20984069	
Ifrd2		0.20977426	
Mrpl23		0.20971596	
Ccl12		0.20970702	
Atg10		0.20964228	
Rhpn2		0.20956603	
Arhgef7		0.20942882	
Tmem258		0.20935948	
Wdr4		0.2093255	
Chrna4		0.20929545	
Hmgn5		0.20925231	
ENSMUSG00000139080		0.20923112	
Grtp1		0.20909165	
Gpm6b		0.20907177	
Tro		0.20904624	
ENSMUSG00000131059		0.2089575	
Fbxl18		0.20889375	
Pcsk6		0.20871615	
Ndufaf6		0.20867309	
Zfp68		0.20864743	
Fkbp2		0.20861267	
Zfp94		0.20856835	
Elac2		0.20849776	
Twsg1		0.20844832	
Gfpt1		0.20833305	
Cx3cl1		0.20830746	
Gm4876		0.20830625	
Zfp942		0.20826426	
Map4k3		0.20822921	
Arsb		0.20821391	
Alg2		0.20819485	
Lats1		0.20816782	
Vegfc		0.20809145	
Ms4a6d		0.2080626	
Eif5a2		0.20797022	
Rab1b		0.20794477	
Supt20		0.20791993	
Itprid2		0.20789962	
Ttc13		0.20779356	
Tfam		0.20779029	
Pdzd8		0.20777062	
Pik3r2		0.20769426	
Esf1		0.20767769	
Ndufaf2		0.20763269	
Tacstd2		0.20757784	
Uba5		0.2075705	
Slc35e1		0.20751636	
Them4		0.20739813	
Sgpp2		0.20737475	
Cd93		0.2073213	
Pgc		0.20728476	
Npnt		0.20717655	
Klhl25		0.20712814	
Xlr3b		0.20695141	
Bloc1s2		0.20684135	
Kif27		0.20676616	
Dnase1l2		0.20675412	
Rcn3		0.20663923	
Arhgef10l		0.20662817	
Arpp19		0.20661211	
Trmt2a		0.20656523	
Alg14		0.20651992	
Il23a		0.20644915	
Gas6		0.20644379	
Ap2m1		0.20643869	
Tagln		0.20640543	
ENSMUSG00000143907		0.20639245	
Cdc73		0.20635118	
Rai2		0.20633419	
Ctsm		0.2062747	
Caprin1		0.20624593	
Zfp579		0.20620765	
Kdm4a		0.20619215	
Atp6v1f		0.20613912	
Dld		0.20612733	
Gm19046		0.2060567	
Zbp1		0.20604841	
Lrrc47		0.20603126	
Tmed7		0.2060084	
Cpsf4l		0.20598723	
Pex6		0.20596945	
Snx19		0.2058911	
Gm38273		0.20581345	
Primpol		0.205808	
Gm50431		0.2057098	
Nrros		0.2056557	
ENSMUSG00000134356		0.20561537	
ENSMUSG00000128666		0.20561537	
Msantd7		0.20559603	
Prkcz		0.20553118	
Bmpr1a		0.20548457	
Ptprm		0.20548323	
Myo18a		0.20542078	
Gss		0.20533091	
Tinag		0.2052549	
Septin10		0.2052475	
Yipf6		0.2052384	
Cct7		0.20521201	
Usp2		0.20519733	
Gm47926		0.20516062	
Pan2		0.20510076	
Nop10		0.20498289	
Ercc6l2		0.20480612	
Glul		0.20474243	
Map7		0.2047391	
Tslp		0.2047121	
Hcfc1		0.20470566	
Eef2kmt		0.20469694	
Rasgef1b		0.20464525	
Mylip		0.20460966	
Col11a2		0.2045454	
Anapc5		0.20449841	
Hdac2		0.20446147	
Etaa1os		0.20444088	
Dnajb9		0.20441413	
Mtarc2		0.2042537	
Gm35853		0.20422089	
Mrpl32		0.2042142	
Polr3b		0.20420267	
Umad1		0.2041885	
Trap1		0.20416024	
Xrcc1		0.20415938	
Trp53bp1		0.20413758	
Mcf2l		0.20411703	
Abcd1		0.20404427	
Rasa4		0.20395291	
Decr1		0.20392016	
Mtch1		0.20391975	
Gm30262		0.20384431	
Rragd		0.20383072	
Rps6ka2		0.20372616	
Npepps		0.2036497	
Phlda1		0.20357728	
Larp7		0.20344011	
Pwwp3a		0.2033499	
Rsf1		0.20334604	
Zfp516		0.2032947	
Fam83h		0.20327307	
Cldnd1		0.20320451	
Phactr4		0.2031994	
Igf2bp2		0.20313478	
Bri3bp		0.20302348	
4930594C11Rik		0.20299378	
Mplkip		0.20299214	
Hnf1b		0.20287734	
Adad2		0.2028542	
Abca1		0.20285149	
Eid1		0.2028122	
Zfp251		0.2027296	
Mlf2		0.20259184	
Trp53rkb		0.2025103	
Pofut1		0.2024857	
Mest		0.20248385	
Uqcrb		0.20246525	
Rsbn1l		0.20243706	
Gm42432		0.20240264	
Etfdh		0.20239785	
Jkamp		0.20234768	
Ntsr1		0.20230295	
Vps13a		0.20228226	
Rrp1		0.202202	
Dhrs3		0.20218316	
Lpp		0.20208065	
Nup107		0.20206715	
Zfp267		0.20193385	
Nfasc		0.2019029	
Cd164		0.20188338	
Mgat3		0.20184742	
Mlec		0.20179166	
Gm56812		0.20177943	
Gm45805		0.2017793	
Gm5113		0.20169306	
Spn		0.201681	
Rab4b		0.20155807	
Or55b3		0.20151284	
Actr10		0.20150904	
Mpv17		0.20150635	
Gm13415		0.20143399	
Irs2		0.20132354	
Dus2		0.201229	
Asic1		0.20121437	
G3bp1		0.20111996	
Slc20a2		0.20108	
Ap5m1		0.20105231	
Ralgps1		0.20105204	
Ipo11		0.20105068	
Mtmr1		0.20101415	
Sox9		0.20097873	
5930430L01Rik		0.20094205	
Pik3ca		0.20093815	
Fbxl14		0.20089418	
Fbln5		0.20087846	
Luc7l2		0.20084324	
Sdc4		0.20070906	
Slc51b		0.2006555	
Tmem165		0.20058052	
Sp3		0.20058027	
Dmxl2		0.20046765	
Snx7		0.20043178	
Wdr12		0.20024166	
Ube2ql1		0.20023412	
Pbdc1		0.20009974	
Gm19497		0.19996928	
Myo3b		0.19990823	
Lcorl		0.1997754	
4930543I03Rik		0.19975446	
Lancl2		0.19970289	
Ppfia1		0.19962586	
Irgm2		0.19960706	
Eloc		0.19943577	
Slc16a3		0.19942532	
ENSMUSG00000144114		0.19941083	
Ptch1		0.19941026	
Trim30a		0.1991937	
Krt19		0.19917995	
Usp9x		0.1991716	
Itgb7		0.19909142	
Mb21d2		0.19870508	
Pdss2		0.19866565	
Epn2		0.19863938	
Dnmt3b		0.19860725	
Chi3l1		0.19856109	
Uba52		0.1985357	
Bst2		0.19850947	
Ust		0.19844157	
Lrp6		0.19830918	
Slc39a9		0.19819637	
Cldn12		0.19818087	
Tspan32		0.19809934	
ENSMUSG00000135409		0.19809934	
Bace1		0.1980797	
Rnft2		0.19806777	
Ap4m1		0.19795288	
Helz		0.19794361	
Stag2		0.19792831	
Gm14846		0.19790451	
Nlrp12		0.19787702	
Serpinb9		0.19787559	
H60c		0.19782868	
Dph5		0.19776994	
Rnaseh2c		0.19768123	
Rhot2		0.19765194	
Poc1b		0.19752935	
Hnrnpm		0.19745928	
Arvcf		0.19745025	
Ubap2		0.19731039	
Taf3		0.19712643	
Rab11fip4		0.19712162	
Ncmap		0.1971084	
Rsbn1		0.19709711	
Rftn1		0.19693634	
Malt1		0.19689804	
ENSMUSG00000139360		0.19687273	
Mob1b		0.19685684	
Itpr1		0.19673806	
Zfp280d		0.1967329	
Gm45424		0.19670215	
Nrk		0.19668332	
Aacs		0.19664535	
Gm57323		0.1966453	
Dimt1		0.19638215	
Dtwd2		0.1961406	
Selenot		0.19613245	
Tmed2		0.19610985	
Prmt1		0.19608739	
ENSMUSG00000142003		0.19602111	
Znhit1		0.19574387	
Smim22		0.19573104	
Riox2		0.1956141	
Set		0.1955601	
Mrpl19		0.19552326	
Rtf1		0.19548674	
Eif2c5l		0.19546463	
Nelfb		0.19525488	
Tnpo3		0.19511686	
Slain2		0.19497	
Mettl2		0.19494772	
Wrn		0.1949099	
Ndufc1		0.1948118	
Paqr8		0.19479863	
Spout1		0.19466628	
Wfs1		0.19465853	
Fyttd1		0.19462131	
Ino80		0.19460171	
Gm20544		0.1945705	
Dgka		0.19452159	
4930578M07Rik		0.19432217	
Rpl9-ps6		0.1943109	
Frmd8		0.1940362	
Eif4a-ps4		0.19398114	
Snhg12		0.19395602	
Gskip		0.19386895	
Rftn2		0.19382419	
Prl3a1		0.19376053	
Il1rl2		0.19363399	
Opa3		0.19362418	
Ccnd2		0.19357325	
Gm14197		0.19350164	
E130018N17Rik		0.19350164	
Gm12688		0.19350164	
Gm42909		0.19350164	
ENSMUSG00000133783		0.19350164	
ENSMUSG00000129245		0.19350164	
ENSMUSG00000141910		0.19350164	
Gm4880		0.19350164	
ENSMUSG00000127399		0.19350164	
Gm34425		0.19350164	
ENSMUSG00000123661		0.19350164	
ENSMUSG00000125187		0.19350164	
ENSMUSG00000131753		0.19350164	
Prr29		0.19350164	
Gm37194		0.19350164	
ENSMUSG00000137342		0.19350164	
ENSMUSG00000131187		0.19350164	
Gorab		0.1934956	
Nedd9		0.19349155	
Tsen2		0.19343147	
Serpinb9e		0.19333886	
Tent4b		0.193334	
Ermardl2		0.19316389	
Cchcr1		0.19316071	
E230034D01Rik		0.1931224	
Gm46378		0.19309556	
Rigi		0.19303364	
Actmap		0.19300203	
Trem4		0.19287415	
Gm9054		0.1927877	
Pimreg		0.19276099	
Rgs2		0.1926945	
Atp5pf		0.19254257	
Dram2		0.19249703	
Usp32		0.19248325	
Klhl13		0.19244534	
Serp1		0.19242485	
Pafah1b2		0.1923224	
Phf10		0.192289	
St3gal4		0.19221188	
Tfap2e		0.1920773	
Ncf1		0.19207525	
Timm8b		0.19205722	
Sem1		0.19201636	
Gm15687		0.19199383	
Adtrp		0.19195262	
Nfkbib		0.19193882	
Hspa4l		0.19190551	
Rbp1		0.19184944	
Kdm5c		0.19182949	
Ostc		0.19178213	
Nr2c2ap		0.19177496	
Sh3rf1		0.19176267	
Adgrl2		0.19161214	
Dnajc25		0.19153619	
Cacna1d		0.19149499	
Gm45380		0.19147702	
ENSMUSG00000126746		0.19144107	
Prss23		0.19133456	
Emc8		0.19131218	
Irak1		0.19111764	
Bclaf3		0.19104552	
Sarnp		0.19100434	
Cd34		0.19097842	
Tbk1		0.19095412	
Mmrn2		0.19095127	
Btbd2		0.19093958	
Rab14		0.19090201	
Gm49783		0.19086413	
Hmcn1		0.1907376	
Gucy1a1		0.1907315	
4833439L19Rik		0.19064373	
Yme1l1		0.19045287	
Myo9a		0.19039245	
Prl8a2		0.19038214	
Dtx3l		0.19035402	
Zfp444		0.19006616	
Dmac2l		0.19005354	
Fkbp14		0.1900088	
Tex30		0.18996261	
Golt1b		0.18996201	
Zfp568		0.18988818	
Prdm10		0.18980916	
Tent4a		0.18973573	
Pou2f2		0.18961386	
Sh3pxd2b		0.18960486	
Cep290		0.18954471	
Mcph1		0.18943715	
Bag2		0.18937363	
Thumpd2		0.1893252	
Rasgrp1		0.1893043	
Ptafr		0.18920554	
Fpr1		0.18916799	
Epb41l5		0.18907203	
Ahnak		0.1890527	
Epc2		0.188898	
Mrpl15		0.18889627	
Gpr17		0.18881539	
Stx16		0.18880771	
ENSMUSG00000142554		0.18876779	
Il1rap		0.18875563	
ENSMUSG00000135460		0.18868116	
Zmat5		0.18867302	
Atp6ap2		0.1886556	
mt-Nd4		0.18858951	
Ctbs		0.18856171	
Fitm2		0.18855774	
Zc3h11a		0.18850395	
Crocc2		0.1884374	
Ets2		0.18841667	
Yif1a		0.18838681	
Itga10		0.18830934	
Fgfr1op2		0.18817751	
Abracl		0.18814713	
Rbm18		0.18803409	
Qprt		0.18800573	
Gm5165		0.1879943	
Ddx25		0.1878214	
Txndc16		0.18781976	
Tiam1		0.18780889	
Tctn2		0.18779074	
Hnrnpll		0.18762946	
Gm48768		0.1876182	
Znrf2		0.18756108	
Zfp560		0.18754376	
Ttc39aos1		0.18747759	
Irf2bp2		0.18739489	
Ncoa2		0.1873143	
Syne3		0.18728907	
Tubgcp6		0.18727592	
Paqr3		0.18713644	
Stub1		0.18711612	
Rab6a		0.18709365	
Tmprss6		0.18706891	
Nudt5		0.18706007	
Mmaa		0.18699718	
Cct6a		0.18699421	
Nek6		0.1869915	
Tmem60		0.1869154	
Prrc2c		0.18688105	
Dck		0.18687038	
Phkb		0.18686357	
Magt1		0.18686143	
Armcx2		0.18685333	
Tmem135		0.1867736	
Zfp617		0.18675587	
Hdhd2		0.1865849	
Rab4a		0.18648806	
Twf1		0.18642977	
C1d		0.18642594	
Airn		0.1863337	
Tmem30a		0.1863056	
Tmem30b		0.18624638	
Ctps1		0.18621777	
Zfp934		0.18615529	
Fem1b		0.1861246	
Peg3		0.18612255	
Yipf2		0.18605666	
Txndc12		0.18598197	
Ndst1		0.18590727	
Prom1		0.18589714	
Pals1		0.18589042	
Ttc38		0.18585901	
Mycn		0.18576747	
Paox		0.18568756	
Agpat3		0.18563041	
Nbeal1		0.18551402	
Rasgrp2		0.1854909	
ENSMUSG00000125716		0.18544953	
Dag1		0.18543483	
Morrbid		0.18534495	
Slc22a5		0.1852495	
Gm45733		0.1852314	
Telo2		0.18515798	
Ppp2r3a		0.18508822	
Arhgap45		0.18501897	
Ube2h		0.18497503	
Slc4a2		0.18497175	
Snd1		0.18492435	
Vps54		0.18488611	
Hnrnph1		0.18477301	
Spint2		0.18474412	
Slc25a10		0.18463182	
Ppp1r14a		0.18450357	
Hprt1		0.18433307	
Dock6		0.18427494	
Zfp445		0.18424326	
Dennd4b		0.18422653	
Gm43946		0.18415043	
ENSMUSG00000139753		0.18415043	
Sgsm2		0.18413849	
C730034F03Rik		0.18410803	
Ubqln2		0.18398502	
Erc2		0.18394287	
Fgd2		0.18387172	
Jrk		0.1838003	
Cdc6		0.18377604	
Hspd1		0.18375455	
Rpl36-ps2		0.18355173	
Rbm15		0.18353637	
Lrfn3		0.1834549	
Igf2r		0.18344918	
C1galt1		0.1833928	
Pxdc1		0.18335631	
Steep1		0.1833364	
Anxa2		0.18333426	
Pla2g6		0.18329525	
Zfp281		0.1832348	
Stra6		0.18322136	
Pak4		0.1831655	
Tbc1d19		0.18315242	
Mdc1		0.18314144	
Trip11		0.18307024	
Psme2		0.1830606	
Cdc37l1		0.1829947	
Simc1		0.18293324	
Magec2		0.1828441	
Rpl15		0.18277252	
Pbrm1		0.18274745	
Ankrd27		0.1827227	
Rbm7		0.18268478	
Commd4		0.1825533	
Copb1		0.18254003	
Vac14		0.18253878	
Bcl9		0.18252878	
Vrk3		0.18252236	
Thap1		0.18250036	
Mrto4		0.182373	
Rimoc1		0.18232575	
ENSMUSG00000130887		0.18221307	
Pclo		0.18220405	
ENSMUSG00000143148		0.18220405	
Selenoi		0.18214616	
Ubac2		0.18213707	
Ik		0.18200575	
Gm27003		0.18199953	
Uqcrc2		0.18197563	
Psmg3		0.18194169	
Entpd1		0.181886	
Ten1		0.18178706	
Trmt10b		0.18177724	
Washc1		0.18172537	
Gga2		0.18168601	
Ndufs7		0.18166514	
Zfp938		0.1816387	
Ttll5		0.18163194	
Platr25		0.18151689	
Il17re		0.1814633	
Gm3055		0.18141891	
Eny2		0.1811662	
Ankib1		0.1811411	
H2az1		0.18113938	
Fam114a2		0.18113554	
Esx1		0.18097502	
Srsf6		0.18081556	
Zfand2b		0.18081196	
Als2		0.18078436	
Suclg1		0.18065289	
Tbx6		0.18065023	
Apoa1		0.18059663	
Spns1		0.1805348	
Slc5a8		0.18049964	
ENSMUSG00000134330		0.18049964	
D430001F17Rik		0.1804934	
Gdi1		0.18047877	
Eps8		0.18029356	
Gm43808		0.18028893	
Crat		0.18027869	
Tfip11		0.18015948	
Mapk14		0.18015717	
ENSMUSG00000128505		0.18009423	
Hdac11		0.18007514	
Gm20300		0.18004663	
ENSMUSG00000143415		0.17996061	
Pdgfa		0.17989957	
Rnf14		0.17987433	
Ppp2r5a		0.1797935	
Lats2		0.17978382	
Grhl1		0.17969804	
Metap2		0.17966327	
Hmg20a		0.17949277	
1110019D14Rik		0.17936154	
Zfp715		0.17930242	
Mapk6		0.17922275	
Supt7l		0.17917666	
Mvb12b		0.17916211	
Gm8378		0.17897537	
Dapk1		0.17896606	
Cplane2		0.17895119	
Chmp4c		0.1788632	
Gm45871		0.1786874	
Sertad2		0.17868035	
Pik3r1		0.1785522	
G930009F23Rik		0.17853534	
Baiap2l1		0.17848529	
Retsat		0.17843221	
Mgat4a		0.17839196	
Uckl1		0.17836647	
ENSMUSG00000134937		0.17833021	
Ldah		0.17819543	
Slc2a1		0.17815797	
Ppargc1b		0.17812416	
Rap1a		0.1780382	
Eif2s1		0.17797981	
Commd2		0.1779641	
Rcor3		0.1779328	
Pin1		0.1779286	
Slc6a19os		0.17791376	
Slc2a9		0.17784853	
Rnaseh2b		0.17781012	
Unc13c		0.17771311	
Trrap		0.1775284	
Rad21		0.1774125	
Lyl1		0.17739868	
Pex1		0.17732087	
Tkfc		0.17731287	
Smc1a		0.1772558	
Adcy7		0.17725036	
Gm44777		0.17721686	
Gabpb2		0.17720471	
Gstm4		0.17718911	
Vps13c		0.17717858	
Dmgdh		0.17716344	
Lamb2		0.17710827	
Rasl11b		0.17707585	
Scyl1		0.17698944	
Mal		0.17698766	
Dnaaf5		0.17696229	
Sfr1		0.17686206	
Ppwd1		0.1768393	
Bmp6		0.17678723	
Pibf1		0.1767519	
1700034P13Rik		0.17661706	
Ppp1r12b		0.17654987	
Sprtn		0.17652988	
4930570N18Rik		0.1765108	
Kdm2b		0.17645146	
St3gal5		0.17642494	
Psmb7		0.17640053	
Iqgap3		0.17638223	
Sumo1		0.17629623	
Msmo1		0.17626429	
2900060N12Rik		0.17624918	
Cela1		0.17607838	
Clec9a		0.17605203	
Cnbp		0.17602149	
Gm44567		0.17593536	
Sephs2		0.17588322	
A430027H14Rik		0.17581293	
Orai1		0.17578754	
Dnaaf9		0.17577517	
Polr2l		0.17575653	
Nucks1		0.17574403	
Dcun1d2		0.17568114	
Cenpx		0.1756691	
Arl1		0.17557234	
Gm42970		0.17556836	
Lypla1		0.17551553	
Efcab14		0.17551392	
B3galnt2		0.1754674	
Polb		0.17546214	
Safb		0.17543815	
Agtrap		0.17539297	
Mpnd		0.17538872	
Mybph		0.17533712	
ENSMUSG00000127553		0.17533712	
Upk3a		0.17533712	
Map6d1		0.17533712	
Adamtsl5		0.17527258	
ENSMUSG00000131246		0.1752653	
A430078I02Rik		0.17526089	
Asb4		0.1751737	
Mettl14		0.1748598	
Plekha8		0.17484255	
ENSMUSG00000128604		0.174841	
Corin		0.17477782	
Hrk		0.17472588	
Prkab2		0.17472525	
Atp6v0a1		0.17470235	
Nhlrc1		0.17449398	
Drg1		0.17444792	
Gm30984		0.17421255	
Ptprj		0.17415753	
Hipk3		0.17413549	
Ttc39a		0.17406315	
Pdxdc1		0.17405543	
Ppip5k2		0.1739667	
Timp3		0.17377383	
Ythdf3		0.17375001	
Med12		0.17373303	
Coa3		0.17368709	
Med19		0.1736758	
ENSMUSG00000131459		0.17366982	
Med1		0.17359337	
Setx		0.17353578	
Ppil4		0.17339572	
Pars2		0.17330164	
Tjp3		0.1732836	
Ralb		0.17327613	
Cers2		0.17326288	
Trp63		0.17317884	
Gm9776		0.17315142	
Mthfsd		0.17308469	
ENSMUSG00000141162		0.17301123	
Ripply1		0.17292584	
Gnas		0.17286012	
Naxe		0.17277248	
Nab1		0.17276017	
Csgalnact1		0.17275523	
Rgs1		0.17270342	
Fhit		0.17265642	
Fap		0.17265561	
Ass1		0.17260657	
Adissp		0.17259362	
Gm57349		0.1725865	
Tmem260		0.17245558	
Stmn2		0.17243378	
Zfp947		0.17240961	
Rsrc1		0.17225364	
Kif16b		0.17224011	
Anp32b		0.17192894	
Ubxn6		0.17188509	
Stard8		0.17185342	
Ino80d		0.17175446	
Hadh		0.17172426	
Syngap1		0.17162918	
Larp4		0.17155856	
Myg1		0.17151336	
Gm47469		0.17149748	
ENSMUSG00000123524		0.1714542	
Trim33		0.17142501	
Rnf223		0.17139588	
Ywhaq		0.17133856	
Clns1a		0.17130129	
Psma2		0.17119645	
Casp9		0.1711458	
Sfmbt2		0.1711062	
Mfng		0.17106678	
Cotl1		0.1710056	
Cadps2		0.17099114	
Rab21		0.17098464	
Capn2		0.1709152	
Gm36099		0.17091194	
Exosc9		0.17089817	
Nek3		0.1707506	
St3gal2		0.17074011	
Gm57852		0.17073087	
Bcl2l12		0.1706623	
Map3k8		0.17062126	
Tdrd3		0.17058915	
Tpk1		0.1705835	
Ube2l3		0.1704688	
Orc6		0.17045146	
Pde7a		0.17044276	
Ndst3		0.1703514	
ENSMUSG00000129111		0.17029671	
H2bc9		0.17029671	
ENSMUSG00000136330		0.17029671	
Tedc1		0.17023164	
Vangl1		0.17014202	
Acad9		0.17010194	
Akirin1		0.17004122	
Trpt1		0.16996793	
Prelid2		0.16996329	
Exosc2		0.16995372	
Sh3glb1		0.1699064	
AW047730		0.16989973	
Commd8		0.16986361	
Zfp609		0.16979979	
B9d1os		0.1697639	
Zfp1004		0.16960806	
Cnp		0.1695739	
Gm28807		0.16951248	
Ermp1		0.16949551	
Nob1		0.16945153	
Faf2		0.16933282	
Brd9		0.16906236	
Mex3d		0.16895045	
Dock11		0.16887607	
Eprn		0.16886868	
Cbln1		0.16886	
Fam241b		0.16876519	
F730311O21Rik		0.1687486	
Cyrib		0.16867535	
Hbs1l		0.16867469	
Acot9		0.16866499	
Ap2a2		0.16866454	
Gucy1b2		0.16863878	
Tlcd5		0.16863793	
Calm1		0.16851023	
Ppp3r1		0.16849378	
Ppib		0.16842307	
Ppia		0.16840973	
Pde10a		0.16839834	
Scnn1a		0.16836195	
Plac8		0.16834971	
Ddr1		0.16832651	
Clcn3		0.16823705	
Camkmt		0.168227	
Socs5		0.16820341	
B4galt4		0.16819769	
Arfrp1		0.1681954	
Cdk16		0.16813534	
Slc25a11		0.16799767	
Ahi1		0.16790158	
Itm2c		0.16787705	
Slc13a4		0.16760585	
Ubxn8		0.16758989	
Spock1		0.16757056	
Ptrh2		0.16755426	
Vgll4		0.1675368	
Dpf2		0.16749066	
Hmgcr		0.16742639	
Hs1bp3		0.16736832	
Nudt7		0.16732444	
Zfp952		0.16728744	
Aoc1l2		0.16722345	
Stx7		0.16721614	
Gm16701		0.16714892	
Synj2bp		0.16711232	
Mcm9		0.166916	
Reps2		0.1669133	
Sec23a		0.1669131	
ENSMUSG00000131731		0.16686341	
ENSMUSG00000127738		0.16680706	
Kctd21		0.16679576	
Foxk2		0.1667839	
Vps52		0.16672112	
Ago1		0.16669928	
Zfp65		0.1665812	
Med21		0.16650042	
Hddc2		0.16643642	
Sdf2		0.16641244	
Gramd4		0.16640976	
Smyd1		0.1664031	
Prmt9		0.16638768	
Abhd16a		0.16633418	
Tsn		0.16631684	
Noc3l		0.16626884	
Nisch		0.16622597	
Aen		0.16619249	
ENSMUSG00000140143		0.16614634	
ENSMUSG00000130900		0.16613558	
Tjp1		0.1660937	
Lrrc38		0.1660866	
Taf15		0.16606912	
Lrfn1		0.16606814	
Fnbp1l		0.16606739	
Adgrg7		0.16602902	
Ints13		0.16595364	
Lman1		0.16592088	
Cers5		0.1658693	
Cldn7		0.16582198	
Mavs		0.16577707	
Pptc7		0.16575095	
Cct2		0.1657357	
Flot1		0.16572598	
Ap3m2		0.16571108	
4930447C04Rik		0.16570626	
Plat		0.1656907	
Rflnb		0.16565143	
Hebp1		0.16557853	
Sptlc1		0.16557647	
Atp1b3		0.1655539	
Tars1		0.16553363	
Rhox6		0.16550548	
Mex3c		0.16540532	
Eif2ak3		0.16540234	
Osgep		0.1652961	
Ndufa13		0.1652354	
Uhrf1		0.16519189	
Bicd2		0.16516702	
Snrpc		0.16514753	
Noc2l		0.16501403	
Rad51		0.1650085	
Rprd2		0.16489032	
Fundc2		0.16488092	
Sdr39u1		0.16486649	
Yif1b		0.16486642	
Zmynd11		0.16479474	
Rbm10		0.16470033	
Gad1		0.16468678	
Gm9821		0.1646837	
Ninj2		0.16463567	
Zfp395		0.16460608	
Vdac1		0.16459991	
Bub1b		0.1645734	
Slc66a1		0.16456188	
Clca4a		0.16447403	
Romo1		0.16445272	
Eps8l2		0.16445152	
Snap29		0.16439524	
Nrap		0.16423588	
Pxmp4		0.16417122	
Fzd7		0.16413023	
ENSMUSG00000129751		0.16411857	
ENSMUSG00000141077		0.16407922	
Nsdhl		0.16406558	
Hsd17b11		0.16404761	
Bahcc1		0.16403441	
Rnf145		0.16402262	
Fbxl17		0.16396035	
Thap11		0.1637898	
Cdk5rap3		0.16367987	
Gm45890		0.16365299	
Pgls		0.16357428	
Nme7		0.16355969	
Tbc1d16		0.16353919	
Atp5f1a		0.16352148	
Tek		0.16352077	
Tars3		0.16352049	
Lin7c		0.16351752	
Bmyc		0.16345495	
Rab11fip3		0.1634179	
Zfp282		0.16337898	
Ebf1		0.16334337	
Mtmr12		0.16328825	
Rmnd5a		0.16303353	
Hs6st1		0.16302347	
Gm12807		0.16300969	
Ppox		0.16300498	
Fbxo44		0.1627858	
Nipbl		0.16277839	
Adra2c		0.16274974	
Fundc1		0.162667	
Map3k7cl		0.16259244	
Cmas		0.16258831	
Spint1		0.16245657	
Dhodh		0.16245507	
Rab5b		0.16233863	
Usp15		0.16232546	
Gm33280		0.16219182	
Dars1		0.1621889	
Grhl2		0.16196406	
Dhx38		0.161889	
Irak2		0.1618791	
Fbxo22		0.16165595	
Slc35b1		0.16162662	
Jpt1		0.16160871	
Cox6b1		0.16157524	
Krit1		0.16140758	
Zfp511		0.16140687	
Svil		0.16140077	
Baz1b		0.16116045	
Gria3		0.16113909	
Lrpap1		0.1611363	
Ckap5		0.16113557	
Neto2		0.1611026	
Cox10		0.16103747	
Stk24		0.16073674	
Leng1		0.16069569	
Numb		0.16068786	
1600014C10Rik		0.16061355	
Zfp953		0.16059616	
Pgm1		0.16051883	
Srp19		0.1604253	
D030028A08Rik		0.16034964	
Gm53012		0.16034538	
Rb1		0.16034299	
9330159M07Rik		0.16030054	
Mmp24os1		0.16024846	
Dido1		0.16014643	
Ube2n		0.1601094	
C2cd2l		0.1599272	
Sepsecs		0.15975338	
Ehd3		0.15973607	
Zbtb44		0.15972978	
9330151L19Rik		0.15968339	
Tcta		0.15964799	
Dnajc16		0.159633	
Zfp385c		0.15962009	
Wdr20		0.15959363	
Hook3		0.15957	
Gas1		0.15956105	
Csf1r		0.15950723	
ENSMUSG00000131306		0.15950145	
Bhlhe41		0.15945533	
3632454L22Rik		0.1594251	
Muc4		0.1594151	
Rexo2		0.15940112	
Gm37490		0.15939616	
Aco2		0.1593675	
Wdr45		0.1592889	
Zbtb6		0.15920904	
Snx5		0.15918466	
Tma7		0.15912195	
Cspg4		0.1590183	
Rps27l		0.1588443	
Mia3		0.15879872	
Eif2b3		0.15879564	
Hdgf		0.15878505	
Fbxo40		0.15877247	
Foxd1		0.15874793	
Ciao3		0.15873864	
ENSMUSG00000128561		0.15873164	
Gm5171		0.15858494	
Mir32		0.15855214	
ENSMUSG00000129694		0.15855214	
ENSMUSG00000123010		0.15855214	
ENSMUSG00000129889		0.15855214	
Avil		0.1584505	
Snx2		0.15844311	
Sf1		0.158376	
Snw1		0.15831424	
Zfp182		0.15822716	
Gm10095		0.15821582	
Fabp3		0.15818475	
Golga1		0.15816765	
Dennd2a		0.1581381	
Gm21992		0.15813594	
Ctf2		0.15804307	
Clpb		0.15801267	
ENSMUSG00000134065		0.15800558	
Cpsf3		0.15793857	
Slc35e3		0.15789929	
Adam9		0.15773545	
Trmt13		0.15769525	
Imp3		0.15767038	
Cdc42bpb		0.15764369	
Smim11		0.15759195	
Ccdc9b		0.15758768	
9330198N18Rik		0.15753593	
Pou3f1		0.15743534	
Hmga1		0.15726218	
Ear1		0.15722369	
Bloc1s4		0.15716264	
Dock1		0.15698731	
Zfp229		0.15688892	
Sarm1		0.15680806	
Zscan22		0.1566948	
Trim71		0.15668738	
Hspbap1		0.15664148	
Idh3b		0.15658401	
Eri3		0.15657891	
Gm15796		0.15656541	
Gm18120		0.15656541	
Qsox2		0.15653417	
Klhl38		0.15652958	
Hdc		0.15650402	
ENSMUSG00000130152		0.15643999	
Mbd3		0.15626758	
Shprh		0.1562527	
mt-Co1		0.15623973	
ENSMUSG00000129626		0.15622547	
Mdn1		0.15615499	
Prim2		0.15612753	
Txlng		0.15611072	
Snx13		0.15610632	
Lipa		0.15608849	
Gm20636		0.15605462	
Bmpr2		0.15600832	
D030016M11Rik		0.15597741	
Mif		0.15594791	
Pfn1		0.15593201	
Csk		0.15585051	
Gab1		0.15582156	
Srsf1		0.15579224	
Hadha		0.1556613	
Hacd3		0.15562375	
St6gal1		0.1556222	
Clip1		0.15559137	
Pole4		0.15558046	
Nt5c		0.15557283	
Tspo2		0.15556136	
Ascc2		0.15554428	
Ccdc102a		0.15551667	
Derl3		0.15550183	
Man1a		0.15548743	
Rala		0.15544488	
Pold1		0.15537523	
Crebrf		0.15518393	
Ppm1f		0.15517944	
Haus8		0.15514645	
Usp16		0.1551379	
Prelid3b		0.15512241	
Mtdh		0.15494953	
Wasf1		0.15489933	
Cog4		0.15486826	
Ubl5		0.15484509	
Hsf1		0.15482965	
Fcsk		0.15481576	
Tcirg1		0.15471311	
Slc30a5		0.15468103	
Asah1		0.15452413	
Fancg		0.15451205	
Cstf3		0.15435351	
Ang		0.15413241	
Krtcap2		0.15410157	
Pik3ap1		0.15401837	
Pcdh7		0.15401518	
Cox4i1		0.1540114	
Frat1		0.15397866	
Cebpg		0.15397432	
Tmem108		0.15392226	
Arglu1		0.15391979	
Brip1os		0.15391973	
Atad1		0.15390103	
B3galt6		0.15384264	
Pdhx		0.15368493	
Ppp5c		0.15365379	
ENSMUSG00000129526		0.15356258	
Tex15		0.15355164	
Efhd2		0.15354228	
Tnfsf13		0.15353392	
Grap		0.15349548	
Immt		0.15341109	
ENSMUSG00000131397		0.15339823	
Gm6517		0.15339823	
ENSMUSG00000132009		0.15339823	
Mgat2		0.15324861	
Ncam1		0.15320553	
Gdpd4		0.15319128	
Man2a2		0.15314722	
ENSMUSG00000131150		0.15311354	
Cnih4		0.15308112	
Mtus2		0.15297243	
Prkdc		0.15297115	
Pkd2l2		0.15294255	
Cmpk2		0.15292995	
Gnptg		0.15288274	
Ppp1r12a		0.15286195	
Xxylt1		0.15280613	
Ppm1m		0.15277283	
9130213A22Rik		0.15268359	
Polrmt		0.15265182	
Inmt		0.15264133	
Paics		0.15263975	
Mib2		0.15262535	
Xrcc2		0.15254198	
Tug1		0.15251906	
Selenof		0.15237641	
Apol7d		0.15235381	
Prl2a1		0.15233172	
Ift80		0.15232734	
Gm36635		0.15225615	
Syngr3		0.1521902	
Fbxo45		0.15218388	
Arhgef16		0.15218106	
Nrcam		0.15216811	
St14		0.15215	
Eif3j1		0.1519727	
Araf		0.15176915	
Gulo		0.1517305	
Eif3b		0.15172538	
Gp6		0.15167055	
Cfap90		0.15167055	
ENSMUSG00000131413		0.15167055	
Srsf7		0.15163712	
mt-Nd2		0.1516072	
Etv5		0.15153702	
Chsy1		0.15151238	
Rab1a		0.15146117	
Htt		0.15139322	
Bpnt2		0.15138297	
Ywhae		0.1513637	
Itga2b		0.15135537	
Wdr47		0.15133703	
Lancl1		0.1512434	
Fam161a		0.15115899	
Slc35a1		0.15115412	
Tdrd7		0.15109134	
Qdpr		0.15108958	
Erich2		0.15101531	
Psg29		0.15097134	
Cep131		0.15086436	
Gm49594		0.15085593	
Pwwp2a		0.15081169	
Slc1a4		0.15080565	
ENSMUSG00000132176		0.15070708	
Tmem62		0.15068763	
2810414N06Rik		0.15058304	
Pgpep1		0.15044798	
Gsn		0.15015481	
Epm2a		0.15014133	
6030458C11Rik		0.15007454	
Slc25a53		0.14988337	
Gm57421		0.14986953	
Txndc15		0.14984363	
Pdcd6ip		0.14974195	
Eif2ak4		0.14966539	
Vegfa		0.14959681	
Rita1		0.14955302	
Fkbp9		0.14953353	
Cndp2		0.14952563	
Kcnq5		0.14950334	
Gm47950		0.14948766	
Nt5dc3		0.14943583	
Rad54l		0.14935988	
Dzip1		0.14931105	
0610030E20Rik		0.14928977	
Nfat5		0.14911987	
Smarcad1		0.14910412	
Cstf2		0.14910196	
Trim44		0.14902474	
Puf60		0.14901754	
Pum1		0.14900887	
Nr6a1		0.14900248	
Liph		0.1489652	
Tvp23b		0.14894696	
Ptpn12		0.14891073	
Mfsd4a		0.1489068	
Elf3		0.14888935	
B4galt1		0.14887354	
Cul2		0.1488055	
ENSMUSG00000131146		0.14868306	
Dmac1		0.14868174	
Gm32589		0.14866228	
ENSMUSG00000136723		0.14866228	
Cited4		0.14857598	
Sike1		0.14840065	
Lrig1		0.1483954	
Cacna2d3		0.14838238	
Ston1		0.1483749	
Rap2a		0.14832595	
Rab11fip5		0.14830415	
Vps25		0.14828508	
Chst11		0.14819284	
Nr3c1		0.14815028	
P4ha1		0.14805993	
Lsm5		0.14803754	
Fut10		0.14796707	
Dnajb2		0.14794011	
Nol11		0.14792709	
Fut8		0.14789845	
Fbxo27		0.14789802	
Rabgap1		0.14785789	
Gm15427		0.14784057	
Sh3glb2		0.14780708	
Tspan33		0.14765684	
Galnt11		0.14753698	
Ift140		0.14753245	
Jmjd8		0.14750454	
Irak4		0.14745876	
Zfp712		0.14726524	
Smc6		0.14724779	
Mars1		0.14718103	
Gata3		0.14717667	
Edf1		0.14712429	
Commd7		0.14698319	
Atp13a3		0.14697886	
Klhl7		0.14697191	
Pld4		0.14696945	
Arhgap27		0.14695978	
Socs7		0.1469434	
Fam234a		0.14693572	
Gfer		0.14689974	
Trak2		0.14688504	
Rnf225		0.14687605	
Polr2d		0.146828	
Fbxl12os		0.14679338	
Depdc5		0.146749	
Erlin2		0.14674349	
Zfp97		0.14673054	
Fbxo11		0.14668715	
Tll2		0.14668368	
Hsbp1		0.14654915	
Ska3		0.1464738	
Slc29a3		0.14633594	
Lipg		0.14631101	
Klf5		0.14629814	
Trim36		0.14616919	
Apobr		0.14612763	
Gnaq		0.14612332	
Rpa2		0.14610581	
Tektip1		0.14605378	
Sec16a		0.14603935	
1700030K09Rik		0.1460085	
Fzd4		0.145999	
Tagap1		0.14598839	
Slc25a4		0.14589709	
Chfr		0.14584886	
2810001G20Rik		0.14582624	
Gm34280		0.14576918	
Abi2		0.14567989	
Ttc9c		0.14564538	
Nol10		0.14562698	
Guf1		0.14559382	
Speer1c		0.1455366	
Vps8		0.14553438	
Cts3		0.14548932	
Snai3		0.14545253	
Ifngr2		0.14536397	
Ubtd1		0.1451434	
Pitrm1		0.14512709	
Cnpy3		0.1451201	
ENSMUSG00000133032		0.14506635	
Gm7488		0.14506635	
ENSMUSG00000143234		0.14506635	
Pilrb1		0.14506635	
Gm4739		0.14506635	
ENSMUSG00000140179		0.14506635	
Gm53000		0.14506635	
Spice1		0.14505997	
Xiap		0.14505523	
Acbd3		0.14503136	
Hdlbp		0.1449641	
Sgms1os1		0.14494915	
Siah2		0.14491315	
Hspbp1		0.14490092	
Gm15234		0.14486316	
Smim1		0.14483821	
Crb3		0.14483052	
Arhgap22		0.14480023	
Ushbp1		0.14460233	
Tmem176a		0.14454368	
Gpr65		0.14446801	
Pacrg		0.14441085	
Jtb		0.14439145	
Taok1		0.14438684	
Ptk6		0.14438112	
Pde6d		0.14428245	
Acap2		0.14422257	
Ube2d3		0.14420934	
Gm16130		0.14415877	
Gm55882		0.14415877	
ENSMUSG00000127956		0.14415877	
Mrpl27-ps		0.14415877	
Smarcd3		0.1440835	
Mfsd13a		0.14403269	
H4c3		0.14402641	
Zfp618		0.14399776	
Dgat2l6		0.1439436	
Chd7		0.1439107	
Herc3		0.14390175	
Zfp955b		0.14389537	
Dhdds		0.14383247	
Smyd3		0.14382607	
Pggt1b		0.14373235	
Lrrc61		0.14370985	
Mrps31		0.1436714	
Matr3		0.14363411	
Atp5mc1		0.14361924	
Rpn1		0.14359687	
Zng1		0.14356805	
Btbd7		0.1434648	
Rcor2		0.14345136	
Wdcp		0.14335336	
Cnpy4		0.14330995	
Ldhb		0.14329502	
Kat6a		0.14314274	
Ddx54		0.14303835	
Hif1a		0.14299682	
Scube3		0.14295904	
Gm17767		0.1429059	
Arid3b		0.14290437	
Xylt2		0.14286895	
Zfp111		0.14284533	
Rgs17		0.14273833	
Pop4		0.14261778	
Aida		0.14259808	
Agps		0.14253287	
Ube3a		0.14253195	
Tm2d1		0.14252943	
Znfx1		0.14248966	
Sh3tc1		0.1424851	
Glod4		0.14241818	
Abcd4		0.14238349	
Rpl10a-ps1		0.14237139	
Ppp2cb		0.14226937	
Rpe		0.14214316	
Atxn7l1		0.1421311	
Swi5		0.14208616	
Scrn2		0.1420204	
Gm40988		0.14198485	
Get4		0.14195237	
Cdc42ep3		0.14192703	
ENSMUSG00000133502		0.14190836	
Fnbp1		0.1419013	
D830039M14Rik		0.14181179	
Ubb		0.1417671	
Psma4		0.14165051	
Zw10		0.1416309	
Kpna1		0.14160241	
Tmem144		0.14159326	
Nup85		0.14159228	
Lrrc42		0.1415355	
Msh3		0.14134201	
Gm12976		0.14131424	
Kbtbd8		0.14130081	
Duox1		0.14121526	
Ltbp3		0.1411985	
Plekhf2		0.14114884	
Mvd		0.14112857	
Mdm4		0.14104952	
Ssr3		0.1409973	
Nop56		0.14085032	
Gin1		0.14081	
1810055G02Rik		0.14079039	
AW146154		0.14078665	
Tut7		0.14075087	
Mark3		0.14075077	
Mcur1		0.14073479	
Gm32856		0.14073184	
Gm10509		0.14071812	
Cdc16		0.14070189	
Bex3		0.1406422	
Acvr2b		0.14059237	
Ift122		0.14049639	
Zc3h13		0.14047971	
Sertad3		0.1404758	
Gm17491		0.14032355	
Cenpc1		0.14013946	
Dele1		0.14013864	
Cel		0.14000805	
Cdk4		0.14000571	
Zfp704		0.13986085	
Prmt3		0.13984884	
ENSMUSG00000139803		0.13984068	
Thbs3		0.13981	
G6pdx		0.13978884	
Gm44949		0.1397621	
Cenpe		0.13975242	
Cul1		0.13973315	
Fam20c		0.139702	
Myo10		0.13969992	
Gm56760		0.13968827	
Fam210a		0.1396768	
Gm56901		0.13967252	
Prpf6		0.13961765	
Zfp950		0.1395682	
Actr2		0.13954246	
Maged2		0.1395409	
Gm45606		0.13949543	
Zfp335		0.13946721	
Sall4		0.13943541	
Hscb		0.13941546	
Phf11c		0.13936472	
Pcdh12		0.13935491	
Scfd1		0.13933699	
Dusp12		0.1393306	
Grhpr		0.13927902	
Ly96		0.13925683	
Atp1a1		0.13924405	
Prkce		0.13920902	
ENSMUSG00000133885		0.13909256	
Foxc1		0.1388794	
Pld2		0.13887054	
Hectd4		0.1387773	
Cyp26b1		0.13874963	
Trim3		0.13874508	
Plbd1		0.13873672	
Mta3		0.13868687	
Cggbp1		0.13862492	
Psmd5		0.13858877	
Ddx18		0.13855332	
4930524B15Rik		0.13854508	
Gm57084		0.13851467	
Sart3		0.13851167	
Pnp		0.13845044	
Usp34		0.13841245	
Micu2		0.13836539	
Mrpl28		0.13830552	
Tns3		0.13824412	
Pcgf6		0.1382374	
Git2		0.13823356	
Eif2ak2		0.13816953	
H2bc4		0.1381594	
Xpo5		0.13811342	
Srm		0.13809818	
Med6		0.13804294	
Lrp12		0.13801078	
Gm37941		0.13798645	
Med24		0.1379784	
Eif2d		0.13797575	
Larp4b		0.13796423	
Alg11		0.13792951	
Rpap1		0.137922	
Tmem94		0.13791429	
Adrm1		0.13790809	
Gm7536		0.13786735	
Brme1		0.13783503	
ENSMUSG00000142676		0.13774125	
Gm3363		0.13772725	
Katnip		0.13762969	
Ppih		0.1376281	
Dguok		0.1376201	
Zfp512		0.13751496	
Myo6		0.13741143	
Lnpep		0.13733917	
Dact2		0.1372094	
Pfkl		0.1370976	
Fbxo8		0.13708915	
Wbp1		0.13705611	
Slc15a4		0.13705428	
Cxcl12		0.13702138	
Cstf2t		0.13700174	
Skic3		0.1369884	
Tmem63b		0.13689932	
Ywhaz		0.1368904	
Xpo4		0.1368478	
Ift172		0.13681316	
Stxbp2		0.13676473	
Zfp40		0.13674468	
Taf13		0.13667017	
Cd47		0.13666381	
Herc2		0.13666114	
Mss51		0.13665926	
A530064N14Rik		0.13661174	
Rc3h1		0.13660765	
Nup205		0.13658205	
ENSMUSG00000141005		0.13652766	
Tie1		0.13650674	
Abca5		0.13650319	
ENSMUSG00000135546		0.13649464	
Tbl1x		0.13649024	
Dek		0.13646811	
Ppfibp2		0.13645479	
Apbb1		0.13645257	
Atp6v1d		0.13643655	
Uspl1		0.13638552	
Stx17		0.1362595	
Sh3d21		0.13621795	
Tubb2a		0.13620879	
Akap8l		0.13615164	
Ccdc47		0.13606417	
Ttc8		0.13587356	
E130308A19Rik		0.13583744	
Kdm4b		0.1358179	
Elmo2		0.13579611	
Ssrp1		0.13575149	
F630040K05Rik		0.13572216	
Sp100		0.13572174	
Setd3		0.13570659	
Gins1		0.13566835	
Sec22a		0.13566178	
Idua		0.135617	
Olah		0.13561106	
Cfap410		0.13555397	
Lamc1		0.13550484	
Proser1		0.1354618	
Wwtr1		0.13543847	
Gm8250		0.13542697	
Mvk		0.13528757	
Cks2		0.13528457	
Bcorl1		0.13519911	
Amfr		0.13519122	
Net1		0.13510564	
Mtln		0.13504781	
Junos		0.13501282	
Nckap1l		0.13495651	
Smim6		0.134926	
Serpinb6b		0.13485551	
Serpinb6a		0.13481666	
Gm6451		0.13470356	
Apeh		0.13465202	
Uevld		0.13464832	
Aebp2		0.13463366	
Acads		0.13460472	
Srsf10		0.13458647	
Rab27a		0.1345818	
Ramac		0.13458134	
Naa12		0.13450906	
Syce2		0.13447148	
Hibadh		0.13447015	
Crnkl1		0.13444889	
Ak6		0.13436638	
Atp11a		0.13434441	
Trim5		0.13432951	
Oxsr1		0.13422254	
Mpc1-ps		0.13420688	
Efcab7		0.13419631	
Cnpy2		0.13417767	
Dusp11		0.1341385	
Anxa8		0.13408051	
Zfp667		0.13406804	
Borcs6		0.13404351	
Hspe1		0.13388924	
Epb41l2		0.13384566	
Myo1c		0.13372122	
Ubn2		0.13364416	
Khk		0.13361654	
Cand1		0.1336037	
Fgg		0.13356648	
Stx18		0.13352217	
Tmem130		0.13349931	
Afmid		0.133488	
Hypk		0.13346392	
Mon2		0.1334111	
Resf1		0.13333423	
Slc22a13b		0.13328749	
Krt25		0.13324478	
Dapp1		0.13322853	
Qrich1		0.13307828	
Vangl2		0.13306555	
Phkg1		0.13293701	
Rpl7l1		0.1329132	
Ermardl1		0.13276218	
Zdhhc20		0.13271181	
Spata13		0.13263325	
Zfp868		0.13259108	
Man2b2		0.13255782	
Irak1bp1		0.13250193	
Lhx2		0.13241716	
Epm2aip1		0.13237382	
Npy		0.13234943	
ENSMUSG00000121489		0.13232324	
Morn1		0.13230664	
Degs1		0.13229638	
Samhd1		0.13217488	
Hdac7		0.13206837	
Aplf		0.13204157	
Dusp7		0.13202652	
1700088E04Rik		0.13202238	
Fubp1		0.13201964	
Bin2		0.13199422	
Ap4e1		0.1319526	
Ankrd46		0.13188468	
Chmp3		0.13172658	
Fancc		0.13169797	
Clta		0.1316212	
Slc37a4		0.1315816	
Zmpste24		0.13158071	
Cntrl		0.13157977	
ENSMUSG00000131101		0.13153128	
Hspg2		0.13148314	
Vps35		0.13143955	
Rnf38		0.13143522	
Adgrl1		0.13137524	
Loxl4		0.13129537	
Eeig2		0.13123454	
Gm57044		0.13120343	
Rps18		0.13118601	
Topors		0.13114752	
Syt14		0.13103646	
Fxr1		0.13101105	
Ecd		0.13094427	
Kmt5a		0.13078374	
Mbp		0.13063702	
Gm10382		0.13056698	
Gm10051		0.13056378	
Cep20		0.13045917	
Aktip		0.1304063	
Ciao2a		0.13040227	
Virma		0.13032536	
Recql		0.13032402	
Gm15608		0.1303235	
Cyb5r4		0.13028505	
Tcf7l2		0.13027844	
Ubxn2a		0.13026455	
Msrb3		0.1302179	
Pir		0.1302147	
Clcn4		0.13018331	
Alg5		0.12997612	
Polq		0.12995929	
Pigh		0.12992652	
2200002D01Rik		0.12986746	
Plekhh2		0.12980902	
Tmem79		0.12978692	
Gm6475		0.12975344	
6430573P05Rik		0.1296493	
Trmt11		0.12962812	
Slc11a2		0.12959135	
Faap20		0.12952411	
Dse		0.12951693	
ENSMUSG00000138339		0.12944528	
Smg1		0.12943667	
Tmx4		0.12934057	
Sh3bgrl2		0.12933227	
Phax		0.12932345	
Kcnj13		0.12929998	
Gm16470		0.12929079	
Gm43328		0.12928006	
Nr1i2		0.12927635	
Rad50		0.12925062	
Ppp2r5c		0.12918113	
Cgref1		0.12916768	
Emg1		0.12899438	
5730480H06Rik		0.12893642	
Hspa13		0.12888862	
Pdcl		0.12888199	
Mmp28		0.12885407	
Ccdc6		0.12880267	
Hirip3		0.1287905	
Fam219a		0.12877983	
Trim62		0.12874599	
Prkaca		0.12868631	
Zbtb37		0.12859184	
Arfgap3		0.12858514	
Ddx6		0.12857832	
Wapl		0.12849826	
Septin8		0.12849084	
Zmym6		0.12849054	
Ripor2		0.12845276	
Oaz1		0.12842669	
9430015G10Rik		0.12837024	
Maco1		0.12834159	
Msl3		0.12820408	
Dxo		0.128177	
Chd8		0.12814446	
Dhrs1		0.1280984	
ENSMUSG00000126235		0.12807499	
Fiz1		0.12798792	
Yipf3		0.12798712	
Snx20		0.12798452	
Ppm1b		0.12796494	
Golph3l		0.12795806	
Gm4707		0.12780365	
Anapc15		0.12779292	
Mapre2		0.12775509	
5330406M23Rik		0.12772155	
Slc40a1		0.12770897	
Sec24a		0.12767106	
Slc38a4		0.12766138	
4931406C07Rik		0.12761995	
Eif4ebp3		0.12761912	
Fam169a		0.12749712	
Lemd3		0.12746248	
Gprc5a		0.12744084	
Gm57122		0.12742607	
4833412K13Rik		0.12742607	
Esrrg		0.12742607	
ENSMUSG00000143215		0.12742607	
Rims4		0.12742607	
Mir697		0.12742607	
ENSMUSG00000130294		0.12742607	
Gm42480		0.12742607	
Prdm8		0.12742607	
ENSMUSG00000134823		0.12742607	
Gm15707		0.12742607	
ENSMUSG00000123865		0.12742607	
Gm39321		0.12742607	
2610028D06Rik		0.12742607	
A230060F14Rik		0.12742607	
Gm11655		0.12742607	
ENSMUSG00000134585		0.12742607	
ENSMUSG00000132568		0.12742607	
Gm48730		0.12742607	
Gm33049		0.12742607	
Slc22a1		0.12742607	
Gm38551		0.12742607	
ENSMUSG00000141396		0.12742607	
ENSMUSG00000130995		0.12742607	
ENSMUSG00000129644		0.12742607	
ENSMUSG00000128095		0.12742607	
Gm50346		0.12742607	
F11r		0.12739047	
Mctp2		0.1272865	
Cntrob		0.1272664	
Arid3a		0.12726074	
Cfap157		0.12723736	
Ccdc32		0.1272305	
Nfya		0.12714419	
Thumpd3		0.1268569	
Hexd		0.12677695	
Senp6		0.12675002	
Prickle3		0.12662105	
Vps53		0.12658909	
Ets1		0.12655358	
Trim37		0.12650885	
Ctsj		0.12649387	
Zfp106		0.12646717	
Fbxo33		0.1264619	
Rsph3b		0.12646133	
Utp11		0.12645374	
Rtn3		0.12639888	
Ilf2		0.12632498	
Spaca6		0.12631512	
Rhpn1		0.12630366	
Syncrip		0.1262686	
Ankrd29		0.12621243	
Nrbp2		0.12618633	
Npdc1		0.12618633	
5430421F17Rik		0.12614445	
Ap2s1		0.1260976	
Gjb1		0.12601954	
Tyms		0.12598574	
Slc35d2		0.1259784	
Fbxo7		0.1258956	
Tmem185a		0.12585968	
Pgpep1l		0.1258406	
Gm43031		0.12583314	
Gm18813		0.12583314	
BC030343		0.12574303	
Gm11240		0.12573795	
Ceacam15		0.1257164	
Lrrc75b		0.12568013	
Arhgap12		0.1256261	
ENSMUSG00000125117		0.12562543	
Gm42639		0.1256217	
Acaa1b		0.125589	
Tmem168		0.1255824	
Cbx1		0.12554868	
Tec		0.1255368	
Tasp1		0.12552331	
Mtrf1l		0.12548672	
Eif4b		0.12547831	
Cptp		0.12543043	
Slc35f2		0.12541927	
Fam90a1b		0.12541091	
Pbx2		0.1253839	
Tecpr2		0.12532203	
Gga1		0.12531227	
Pdcd4		0.12530234	
Zfp646		0.1252764	
Nup62cl		0.12527534	
Npy4r		0.125272	
Mex3a		0.12526964	
Ninl		0.1252326	
Rabl6		0.12520513	
ENSMUSG00000131546		0.1251733	
Kdm4c		0.12515704	
Rbm41		0.12501256	
Itgb1		0.124970526	
Aplp2		0.12490924	
Nfatc3		0.124839485	
Wdr13		0.12481017	
Gm7964		0.12478169	
Bfar		0.124727644	
Igfbp3		0.12461666	
Men1		0.12458877	
Map3k4		0.124576665	
2410003L11Rik		0.12447917	
Xbp1		0.124457404	
Psmd6		0.124449916	
Slc1a3		0.12441664	
Eef2k		0.12441597	
Iah1		0.12440282	
Thoc1		0.12438968	
Susd6		0.12432551	
Eif5		0.12429732	
Ddx5		0.12427724	
Ndufs1		0.12425582	
Lancl3		0.12423844	
Myl6		0.12420514	
Prss36		0.12415528	
Atrnl1		0.124145016	
Zfp825		0.12412408	
Pyurf		0.12411626	
Cdc26		0.12408935	
Sec23b		0.12403144	
Ppp1r35		0.12400981	
Strbp		0.123924226	
Nuak1		0.12389646	
Krba1		0.12387914	
Dnaja1		0.123858124	
Bub3		0.12382786	
Rnd3		0.1238213	
Septin5		0.12381227	
Klhdc1		0.1238078	
Snx30		0.12371769	
Atp6v0e		0.1236608	
Glrb		0.12360632	
BC051226		0.12360632	
Nlk		0.12355846	
Cetn3		0.123558186	
Ttc3		0.123412415	
Drosha		0.123354174	
Ireb2		0.12334746	
Spcs3		0.12332011	
Gm56638		0.1232002	
Ndufs6		0.12314221	
Usp48		0.12312144	
Agap3		0.12311829	
Derl1		0.123058945	
Ap1s2		0.123045176	
Ywhah		0.12303666	
Pld3		0.123033874	
Lclat1		0.12302259	
Nol8		0.122932956	
Prdx4		0.122856714	
Tmed5		0.122835025	
Atp2b1		0.12279498	
Gatad2b		0.122754104	
Fndc5		0.122682035	
ENSMUSG00000135979		0.12263978	
ENSMUSG00000136090		0.12263978	
Ubtfl1		0.12263978	
Acod1		0.12263978	
Gm20732		0.12263978	
Gosr1		0.122616366	
Gtf2a2		0.122602195	
Sppl2a		0.1225925	
Spag7		0.12249114	
ENSMUSG00000125758		0.12245503	
Gm57393		0.12245503	
Bod1l		0.12244504	
Rai14		0.12236533	
Lfng		0.12233591	
Smarca5		0.12232927	
Mark2		0.12231798	
Kirrel1		0.122312665	
Vezt		0.122239485	
Nudt13		0.12223945	
Utrn		0.12219579	
Rhog		0.12214802	
Pick1		0.12200478	
9430087J23Rik		0.121989824	
Ankrd55		0.12195391	
Jcad		0.12194486	
Scx		0.12182667	
Hspa2		0.12180935	
Lgals9		0.12178347	
Cyp2d22		0.12177201	
Prr15		0.12174163	
Med15		0.12170348	
Acot2		0.12168213	
Gm14221		0.12167908	
Praf2		0.12167573	
Elp2		0.12167459	
Snrpd3		0.12165686	
Gm38056		0.12163098	
Anks1		0.12162022	
Lztfl1		0.12157268	
Pomp		0.121421516	
Cript		0.12139914	
Daam1		0.12136167	
Rpl31-ps8		0.1213528	
Dnajc7		0.121319205	
Mfsd2a		0.121252865	
Ccr1l1		0.12125057	
Crebl2		0.12123845	
Ift43		0.12120885	
Slc7a8		0.121182546	
Uhrf2		0.121172905	
Xkrx		0.12102981	
Gjb5		0.12102103	
Trim30d		0.12093167	
Slc5a6		0.1209309	
Mycbp2		0.12086301	
Chtop		0.120802276	
Hnrnpk		0.12079464	
Gm42878		0.120621204	
Tmem185b		0.12061719	
Gtpbp8		0.12060662	
Limk2		0.120575145	
Dock7		0.12054501	
Polr2m		0.12049805	
Cttnbp2		0.12049146	
Mthfr		0.12046783	
Glis2		0.12044765	
Lonrf1		0.12035996	
Mrpl36		0.12035874	
Nags		0.12032369	
Cyb5d1		0.12030079	
Gm10433		0.12028866	
ENSMUSG00000140545		0.12023169	
Kif3b		0.12021677	
Slc7a9		0.1201899	
Ppp2r3d		0.12017903	
1600023N17Rik		0.12015995	
ENSMUSG00000125757		0.120027125	
Zc3h18		0.119995825	
Strip1		0.119885586	
Eml4		0.11988351	
Kars1		0.11987191	
Abcc2		0.11987104	
Appl1		0.11986617	
ENSMUSG00000129227		0.11983749	
Gm10353		0.119807296	
Saa3		0.11980281	
Ctr9		0.11975126	
ENSMUSG00000142182		0.11973201	
Pou2f3		0.11967939	
Brd8dc		0.1196589	
Tle6		0.11965345	
Uqcrc1		0.11964703	
Ttf1		0.11964001	
ENSMUSG00000126499		0.11957148	
Cbx4		0.11947939	
Mnt		0.11945165	
mt-Tq		0.11932625	
Lhpp		0.11926281	
Hmgn1		0.11921987	
Armc5		0.119103506	
Ccdc62		0.11906062	
Itgav		0.118993774	
Aurka		0.11898802	
Unc5b		0.11898514	
Impa1		0.11886183	
Gng5		0.118835576	
Scara3		0.118828416	
Hccs		0.118747115	
Carm1		0.11874331	
Rps26		0.118724376	
Col27a1		0.11865334	
Nadsyn1		0.11864098	
Spsb3		0.11852548	
Krt7		0.11846074	
Skil		0.11839797	
Apba3		0.11838442	
Ctnnb1		0.11836603	
Zfp326		0.11830318	
Adgrg3		0.11817093	
Arap1		0.11816632	
Slu7		0.11815972	
Gm28523		0.11814406	
Rnf103		0.118143134	
Niban1		0.11809158	
Sptbn1		0.117962405	
Ccr1		0.1178347	
Tspyl1		0.11774205	
Appbp2		0.11772823	
Slc29a4		0.117620386	
Ceacam3		0.117603905	
Slc4a3		0.11759127	
Ptp4a3		0.11757749	
Trim28		0.11752747	
Gm23054		0.11738009	
Dgkg		0.11738009	
Pi4ka		0.117245086	
Ivns1abp		0.11716333	
Ankzf1		0.116921425	
Ckap4		0.11686693	
Echdc2		0.11682861	
Brf1		0.11680697	
Srp68		0.11663801	
Hand1		0.11663274	
Ddx50		0.11660704	
Larp1		0.116559654	
Mrps5		0.116521314	
Huwe1		0.11649255	
Abce1		0.11647232	
AU022252		0.116330095	
N4bp2os		0.11624573	
Shoc2		0.11623414	
Pds5b		0.11615202	
Cd37		0.11613446	
Mypop		0.11613437	
Sin3b		0.1160875	
Smad3		0.11599782	
ENSMUSG00000121727		0.115996726	
Plekhg6		0.115975134	
Lrrc41		0.11593406	
Mcmbp		0.11590933	
Ybx3		0.11584472	
Sema4c		0.11583645	
Aox2		0.11574831	
Adss1		0.115740456	
Fam76b		0.11573374	
Bcl11b		0.115705945	
Psme2b		0.11569411	
Golph3		0.11563526	
AF357399		0.1156073	
Fbxo42		0.11560721	
Zfp707		0.11553136	
Rell1		0.11549689	
Tbl1xr1		0.11547786	
Slc25a5		0.11542149	
Pak2		0.11533205	
Pth1r		0.11506962	
Cdip1		0.11504667	
Ndufb1		0.115024135	
Plin3		0.114969745	
Pabpn1		0.11496553	
Ap5b1		0.11495988	
Arhgef5		0.11495977	
Nyx		0.11491016	
Gnl3l		0.114908606	
Vps33b		0.11481653	
Zbtb11		0.11477223	
Gm16485		0.11475624	
Fam98a		0.114716895	
Kif20b		0.11460397	
Pno1		0.11459279	
Nampt		0.11453547	
Cat		0.11451399	
Idh3g		0.114489526	
Polr3k		0.11448938	
Klf14		0.11445387	
Pgap6		0.11440828	
Kpna4		0.11438167	
Gm57857		0.11434088	
Rara		0.11433011	
Prkab1		0.11430246	
Gcnt4		0.11418545	
Gm4890		0.11418418	
Sphk2		0.11417104	
Gimap1		0.11407964	
Zmym2		0.114054546	
Lamp2		0.11403547	
Ncoa4		0.11399734	
Nebl		0.1139834	
Ldlrad3		0.113922454	
Pfdn2		0.11388339	
Napa		0.11386168	
Ap3s1		0.11385795	
Trappc2l		0.113836065	
ENSMUSG00000128987		0.11382824	
Zfp830		0.1137467	
Pdha1		0.113725685	
Gpn1		0.11369744	
Wdr91		0.113690354	
Hmgcl		0.11366346	
Tmem256		0.113623075	
Zscan2		0.11361464	
Tgfbr3		0.11359804	
Foxn3		0.113498665	
Zbtb38		0.11344627	
Mcu		0.113430955	
Pwwp2b		0.11339567	
Sirt2		0.11338718	
Bpgm		0.11334567	
Ubash3b		0.11327568	
Ppt1		0.11326806	
Rnf39		0.11320045	
Mrpl47		0.11298488	
Lnx2		0.11296082	
Spart		0.11279603	
Heatr3		0.11278173	
Sema3f		0.11276825	
E330037G11Rik		0.11275945	
Kptn		0.11275348	
Siae		0.11274162	
Osbpl11		0.11272166	
Ncoa7		0.112681374	
Siah1a		0.11265753	
Mad2l1		0.112519525	
Ampd2		0.11250519	
Casq1		0.11246728	
Zfp787		0.1124183	
Prep		0.112416595	
Twnk		0.11237934	
Ppa1		0.11227707	
Rnf208		0.11224666	
Cyb561		0.11221692	
Malsu1		0.11218348	
Gulp1		0.11218329	
Chaf1a		0.112161145	
Ankrd42		0.11214782	
Dusp9		0.112108365	
Arhgap17		0.11210062	
Ube4b		0.11196316	
Abca3		0.11190552	
Mrpl10		0.11187885	
Rbm39		0.11178261	
Rbm8a		0.11178164	
Cdkn2a		0.11167389	
Tmsb10		0.111658916	
Ppp1r16b		0.111649044	
Nop58		0.11160454	
Efr3b		0.11156579	
Tfdp1		0.111559995	
Ankrd33b		0.111554585	
E2f3		0.11153577	
Sema6a		0.11146696	
Sin3a		0.11133243	
ENSMUSG00000142069		0.11131756	
Cyb5rl		0.11131671	
Abcf2		0.11125329	
Pphln1		0.11123426	
ENSMUSG00000140884		0.11119376	
Pcsk2		0.11119376	
Gm42752		0.11119376	
Gm1667		0.11119376	
Abhd1		0.11119376	
6720475M21Rik		0.11119376	
Gm43292		0.11119376	
Smim17		0.11119376	
Lin7b		0.11119376	
Gm45591		0.11119376	
Il27		0.11119376	
ENSMUSG00000123597		0.11119376	
Rabif		0.111124896	
Tmem9b		0.111095324	
Smim29		0.11108368	
Pttg1		0.111008964	
Chmp5		0.110978104	
Cyp39a1		0.11095249	
C130021I20Rik		0.110939525	
Rfc2		0.110928304	
Samd10		0.11091456	
Tmem129		0.11091258	
Tpp2		0.11084555	
2410018L13Rik		0.11083419	
Exosc7		0.110826254	
Uqcrfs1		0.11079786	
Tomm7		0.110792205	
Ubr4		0.11078491	
Abhd6		0.11076904	
Siva1		0.11076539	
ENSMUSG00000132609		0.11075389	
1700016G22Rik		0.11075389	
Son		0.110749595	
Kctd9		0.11071234	
Arpc3		0.11070766	
ENSMUSG00000127915		0.110700496	
Acvr1b		0.110681854	
1700001L05Rik		0.11067703	
Ywhag		0.11067578	
Nudc		0.11058567	
Rem1		0.11056374	
Pdia3		0.110499784	
Ubxn2b		0.11031581	
Mrps7		0.11024091	
Gm43413		0.110225424	
Senp1		0.1102058	
Ywhab		0.110189624	
Gm14593		0.110156104	
Pank2		0.110152185	
Ptbp3		0.11012707	
Ints1		0.11010087	
Gm13577		0.11004317	
Gpr137b-ps		0.11003956	
Pmepa1		0.109966725	
Raly		0.10994244	
Mideas		0.10993437	
4833438C02Rik		0.10971942	
Dync1li2		0.10967452	
Brcc3		0.109661065	
Lrrc40		0.10965369	
Emilin1		0.10964089	
Rassf7		0.10961176	
Kat8		0.10956883	
Zfp668		0.109555684	
Patj		0.10954205	
Ppil2		0.10952181	
Ankrd17		0.109509446	
Map4		0.109473884	
Stat2		0.109345555	
Astn1		0.109316364	
Sh3pxd2a		0.10929626	
Zfp592		0.10928347	
Agpat1		0.1092588	
Dffa		0.109234795	
Pgap3		0.109190844	
Cdc5l		0.10915048	
Csde1		0.1090523	
Tbc1d13		0.10898657	
Cyb5b		0.10897667	
Kiz		0.10896302	
Gm7967		0.10880911	
Adcy6		0.10871383	
Gm44710		0.10869262	
Rcbtb2		0.10868496	
Pgm2l1		0.10866616	
Snrpd1		0.10865828	
Slc35f5		0.10862989	
Slc38a1		0.108606115	
2310022B05Rik		0.10848312	
Clasp1		0.10845908	
Clstn1		0.10842317	
Rnf149		0.10841293	
Gm16083		0.108347	
Hopx		0.10834688	
Uqcr11		0.108342454	
Ccl3		0.108315036	
Vdac2		0.10830656	
Rdh14		0.10828003	
Gng7		0.10819441	
Perp		0.10818834	
Cmpk1		0.10816654	
Gm10073		0.108145416	
Entpd3		0.1081412	
Fto		0.108067654	
Ganab		0.108056776	
Vapa		0.10804864	
Ubl3		0.10804319	
Rnf20		0.108025484	
Crls1		0.10802056	
Tagln2		0.10800012	
Sub1		0.10797657	
Hnrnpul2		0.10797169	
Rint1		0.10793667	
Ift57		0.10793125	
Gm16433		0.10793109	
Ppp3cb		0.10777344	
Cyfip2		0.107639864	
Cd248		0.107542835	
Tmem139		0.107540384	
Zfp532		0.10748505	
Mynn		0.10744083	
Kmt5b		0.1074088	
Gm47814		0.10736093	
Akap9		0.10730668	
Zftraf1		0.107149884	
Ackr2		0.10692456	
BC031181		0.10691646	
Ppp1r37		0.10683869	
Exosc10		0.106772535	
Mosmo		0.10668147	
Ddb1		0.10662604	
Ptpn9		0.1066089	
Stil		0.10655617	
Hip1		0.10654035	
Tnfrsf10b		0.10652683	
Slc25a37		0.10651649	
Tm9sf2		0.10650646	
Gm13034		0.10646205	
Rsrp1		0.106396966	
ENSMUSG00000127817		0.106352255	
AU041133		0.10621233	
Dlg3		0.106190026	
A930004D18Rik		0.10618351	
Armc1		0.10618195	
Agk		0.106127925	
Picalm		0.10612367	
Il3ra		0.10609056	
Phyhip		0.1060883	
Hsf2		0.10605984	
Rpa3		0.10602413	
Akirin2		0.10585141	
Rabggta		0.10585116	
Sema5b		0.10574497	
Depdc7		0.10573848	
Lipo3		0.10568895	
Marveld3		0.10564294	
Irf2bp1		0.105637126	
Rrn3		0.105633594	
Zmat2		0.10563287	
Rnpepl1		0.10555742	
Parg		0.10546707	
1810010H24Rik		0.10541897	
A430046D13Rik		0.10541719	
Sugt1		0.10539328	
Adamts6		0.10536341	
Gm15459		0.105338834	
Cc2d2a		0.10533471	
Gm56588		0.105313174	
Reep3		0.10526331	
Cbl		0.10521871	
Snrpa		0.105187066	
Tmem230		0.1051694	
Kazn		0.10515113	
Srp9		0.10511967	
Ndufb10		0.10493849	
ENSMUSG00000121973		0.10491205	
Rab5a		0.10486513	
Rpp21		0.10479262	
Frmpd1		0.10473485	
Vti1a		0.104706354	
Tmem59		0.104705736	
Gm10603		0.104486175	
Hif1an		0.10445135	
Gm14303		0.10440607	
Papss2		0.10433086	
Selenok		0.104306795	
Cfap418		0.104275	
Syngr1		0.104091585	
Gng3		0.104052275	
Selenos		0.10394823	
Ptms		0.10385593	
Polr3a		0.10379163	
Acin1		0.1037835	
Slc2a4rg-ps		0.10375621	
Afdn		0.10375486	
Fbxw11		0.10368773	
Septin7		0.10358544	
Parp1		0.103467785	
Brat1		0.10345857	
Lrrfip1		0.10343697	
Gm57854		0.10335333	
Edem2		0.10330011	
Arid1b		0.10326077	
Fhl1		0.103242695	
Atp2a2		0.1032077	
Gm45819		0.10320661	
Chchd2		0.103164576	
Rora		0.10315762	
Zfp879		0.103111364	
Tent5a		0.1029986	
Zdhhc12		0.102989554	
Sinhcaf		0.10284182	
Gm15834		0.10277944	
Eif4h		0.10275865	
Klhdc10		0.102688864	
Ndufb2		0.102664866	
Jpt2		0.10262822	
Actl6a		0.10249971	
Hexim2		0.10237092	
F10		0.10230337	
Zfp944		0.10226121	
Nr1h4		0.102237836	
Zdhhc23		0.10220483	
Slk		0.10214219	
Csrp2		0.1021177	
Bex1		0.10205157	
Zbtb3		0.1019815	
Atxn1		0.10192931	
Hnrnpu		0.101922475	
Cd63		0.101830095	
Nek7		0.1018041	
ENSMUSG00000136396		0.10179698	
Stk10		0.101755984	
Bap1		0.101754	
Cbx5		0.10166714	
Gm52182		0.101600304	
A330084C13Rik		0.101600304	
Homer3		0.10156015	
Ap3b1		0.10139071	
Rpsa		0.10131713	
Klhl12		0.101296455	
Ube2c		0.101221286	
Dmxl1		0.101193324	
Etohd2		0.10091081	
Brca1		0.10085131	
Zfp937		0.10081614	
Ciz1		0.10079969	
Nae1		0.100784406	
Zbtb24		0.100764774	
Max		0.100755446	
Pkd1		0.10075485	
Psmc5		0.10063328	
Serpinb9c		0.1005989	
Phip		0.10059035	
Tns4		0.100527674	
Snrk		0.1004882	
Polr3gl		0.10037302	
Prc1		0.100370884	
Zfp711		0.10029722	
Senp2		0.10027473	
Arl3		0.10026241	
Gm42991		0.1002569	
Irs3		0.10024251	
Gm6477		0.100105174	
Cryzl1		0.10006044	
Lpcat3		0.10003895	
Gm43544		0.099936604	
Prkar2a		0.099906005	
Tefm		0.09986641	
Golga4		0.099773906	
Ecm2		0.099708304	
Pcdh1		0.0996388	
Dr1		0.099631645	
Ap2b1		0.09955883	
Mrpl16		0.09955661	
Atg2b		0.09955087	
Carns1		0.09951865	
Kdm6b		0.09950895	
Tpbpa		0.09939557	
Zmynd8		0.09934611	
Uba2		0.099277526	
Cenpv		0.09920014	
ENSMUSG00000123421		0.099114254	
Zfp710		0.09905134	
Fam8a1		0.09902982	
Acsl5		0.09902967	
Hsd17b4		0.09881104	
Mcfd2		0.0987401	
Dlst		0.09873741	
Aar2		0.09872955	
Uqcc4		0.09872831	
Tbc1d25		0.09852051	
Alg9		0.0985168	
Il13ra1		0.09841888	
ENSMUSG00000124130		0.098412305	
Phc1		0.098407105	
Nrn1		0.09834697	
Kcnk5		0.09833575	
Hemk1		0.098250106	
Wdfy3		0.09814655	
Tuba1c		0.098080255	
Ttll3		0.098059	
Arfip1		0.098037206	
Irf2bpl		0.097988166	
Nsf		0.09797494	
Afg3l1		0.097904585	
Gcn1		0.09789854	
Tgm1		0.09787643	
Oxr1		0.09776981	
Agpat4		0.09772691	
Grid1		0.09765557	
Ppp1r11		0.097645275	
Abcc1		0.097643286	
Ubc		0.09761319	
Anapc1		0.09749814	
Manba		0.09743655	
Tmem214		0.09743576	
Slfn9		0.09729572	
Taf6l		0.09727096	
Slc37a3		0.09724737	
Cltc		0.09708228	
Dnaja4		0.09703096	
Ino80c		0.09698629	
Nup160		0.09694679	
ENSMUSG00000134302		0.0969145	
Kpna3		0.09684219	
1700087I21Rik		0.09684181	
Cep170		0.096814446	
Exosc4		0.09681181	
Arf2		0.09680833	
Stradb		0.09677045	
Higd1a		0.09675241	
Dennd1a		0.09669594	
Rnf213		0.09668926	
Ppp6c		0.09663425	
Gtf2h4		0.096629374	
Mrpl11		0.09662132	
Smarca2		0.09655302	
Plekhh1		0.0964893	
Mgat5		0.09648486	
Atp5pb		0.09647587	
Acp1		0.09643948	
Gnb4		0.09642384	
Cryl1		0.09642165	
Lrrc59		0.096373536	
Myct1		0.09634382	
AA986860		0.09624666	
Ado		0.09623875	
Caprin2		0.096228644	
Clic5		0.09619875	
Sumf1		0.09615175	
Ift81		0.096142896	
Egln1		0.09612529	
Pard3		0.09611305	
Slc25a30		0.096113004	
Prr12		0.09609396	
Tcea1		0.09606209	
Arnt		0.09598138	
Diaph1		0.09589861	
Dlat		0.09589557	
Cald1		0.09587537	
Rfc1		0.09579202	
Slc45a4		0.09574444	
Emp1		0.095716365	
Swsap1		0.09569881	
ENSMUSG00000136530		0.09564847	
Blvrb		0.09563767	
Cdc42bpg		0.09546939	
Itsn2		0.09542197	
Txlna		0.09537367	
BC005624		0.09537045	
Hagh		0.09533475	
Kyat1		0.09532637	
Mysm1		0.09526762	
2310039H08Rik		0.09523936	
Slc10a7		0.095224865	
Vps41		0.095151715	
Rpl36al		0.095149316	
Atg4d		0.095121644	
Nckap1		0.09503265	
Zcchc7		0.09485624	
C230066G23Rik		0.094743975	
Neil3		0.094743975	
Srrt		0.09473872	
Naa25		0.094727136	
Septin1		0.09472492	
Crybg1		0.094678134	
Cdin1		0.094664805	
Phgdh		0.09465303	
1700020L24Rik		0.09463377	
ENSMUSG00000142011		0.09445626	
Cyp24a1		0.094456136	
Hells		0.09444453	
Maged1		0.094346866	
Golga7		0.0943319	
Tia1		0.09422758	
Zfp91		0.09408045	
Pef1		0.09401076	
Ccdc88b		0.09392805	
Rbms2		0.09376823	
Abraxas2		0.093734756	
Prxl2c		0.09371811	
Dusp3		0.093628265	
Eif4g2		0.093609095	
Fam91a1		0.09353848	
Zfp513		0.093494445	
Amigo2		0.09347816	
Smc4		0.093415745	
Brd7		0.093398035	
Wsb2		0.09339579	
Six5		0.093373746	
Flt1		0.09334458	
Mief1		0.09332729	
5730455P16Rik		0.09331074	
Gm20605		0.09326147	
Ikbkb		0.09325781	
2700046A07Rik		0.09324709	
Arpc4		0.09322076	
Pstpip1		0.093161754	
Rngtt		0.09314051	
Actn1		0.09294136	
Tbp		0.092890434	
ENSMUSG00000143570		0.09280134	
R3hdm2		0.092738725	
Comt		0.09271729	
Wfdc1		0.09269906	
Cop1		0.09268083	
Marcksl1		0.092679754	
Gpbp1		0.09264108	
Zfp871		0.09263263	
Duox2		0.09261352	
S100a10		0.092612356	
Ptma		0.09257434	
Gon4l		0.09254362	
Fbxo9		0.09244949	
Prpf38b		0.092390046	
2310015A10Rik		0.09238511	
Gm9234		0.09234775	
Prr23a1		0.09234775	
ENSMUSG00000124152		0.09234775	
Rpl38-ps2		0.092250675	
Vars1		0.09224682	
Micos10		0.09220792	
Map2k6		0.092144355	
Pde8a		0.092038095	
Slx9		0.09201899	
Deaf1		0.09197584	
Ankfy1		0.09196707	
Oip5os1		0.09196068	
Purb		0.091925666	
Drap1		0.09190451	
C530043K16Rik		0.091852225	
Kctd12		0.09184477	
Oasl1		0.09184332	
Bnip1		0.09179122	
Srsf2		0.09177809	
Gm14173		0.09171168	
Gm10254		0.09171168	
ENSMUSG00000126201		0.09171168	
Gm44732		0.09171168	
Gm4928		0.09171168	
Gm6032		0.09171168	
Cpsf2		0.09165246	
Ubtd2		0.09162311	
Ptges2		0.09157089	
Mtfr1		0.091463014	
Zfp781a		0.09144349	
Fbxl7		0.09143579	
Fbxl6		0.09142485	
Ing1		0.09139478	
Zcchc2		0.09137076	
Tomm34		0.091359735	
Zfp318		0.09127646	
Sephs1		0.09121598	
Slc28a1		0.091165386	
Thoc2		0.09115786	
Lmbr1		0.09115369	
B4galt3		0.09114554	
Actr6		0.0911448	
Hibch		0.091140166	
Cabcoco1		0.091114365	
Gnao1		0.091112055	
Nsd2		0.0909878	
Tubb4b		0.090963535	
Gusb		0.09094133	
Capza2		0.090869956	
Zfp575		0.090840146	
Slco1a6		0.090828046	
Ifnlr1		0.09077843	
Zfp316		0.09073819	
Chd6		0.09072651	
Dalrd3		0.09066834	
Snapc1		0.09064099	
P4ha2		0.09060881	
Tjap1		0.090539135	
Gm15286		0.09048914	
Zfp62		0.09048012	
Rarres1		0.09046998	
Ktn1		0.09044276	
Nolc1		0.09044245	
Sdha		0.09024672	
Nqo2		0.09024251	
Birc6		0.09020218	
Ripk1		0.09019332	
Preb		0.090049006	
Hoxa13		0.09003141	
Man1a2		0.09000913	
Psmc3ip		0.08999713	
5730409E04Rik		0.089965224	
Pdia5		0.0899376	
Atp9a		0.089929834	
Gm57468		0.08992851	
Gripap1		0.08988446	
Snx18		0.08979122	
ENSMUSG00000121479		0.089751065	
Gtf2e1		0.089737654	
Lpin2		0.0897326	
Cwf19l1		0.08965647	
Tysnd1		0.08960958	
Stambpl1		0.08960676	
Rab11a		0.08955029	
Ccdc68		0.089287415	
Ostf1		0.08927717	
ENSMUSG00000130173		0.08926982	
5530601H04Rik		0.08921232	
Kifc5b		0.08917589	
Wscd1		0.08913425	
Mapk7		0.08911545	
Aimp2		0.08907934	
Eef1d		0.08907773	
Spindoc		0.08902073	
Zfp750		0.08901691	
Msrb1		0.088981375	
ENSMUSG00000134271		0.088905536	
Rhbdd2		0.08886986	
ENSMUSG00000135067		0.08885728	
Gm11274		0.08877938	
Dnaja3		0.088756554	
Ccdc28a		0.08874408	
Fads1		0.08873138	
Arxes2		0.088704936	
Ppig		0.08863021	
Septin9		0.08862723	
Lyar		0.08862392	
Kdm1b		0.08861841	
Erlec1		0.08856553	
Scrib		0.08853519	
Pik3r3		0.08853321	
Sgcg		0.08849788	
Tmem150a		0.0884708	
Card9		0.08845614	
Gm42547		0.088403136	
Zfp521		0.08838748	
Bend3		0.08831596	
Tra2b		0.08828933	
Map1s		0.08828423	
Samd8		0.088270865	
Mcm2		0.08825767	
Rab10		0.08820986	
Nfe2l1		0.088203155	
Med29		0.08810237	
Nln		0.08806584	
ENSMUSG00000135557		0.08802171	
Gnai3		0.08800184	
Sec24c		0.0879456	
Cops7a		0.08787025	
Mtmr3		0.08785022	
Usp10		0.08784976	
Stap2		0.087848864	
Mad2l2		0.08783803	
Hlf		0.08783092	
D5Ertd579e		0.087742195	
Cnst		0.087735206	
Snx9		0.087695174	
Ube2g2		0.08769362	
Spcs1		0.087567315	
Cyb5r1		0.08752784	
Nup54		0.087479	
Cnih1		0.08745599	
Sh3gl1		0.08740554	
St6galnac2		0.08733765	
Ncoa3		0.08728781	
Ssc4d		0.08722658	
Dcaf12		0.087175116	
Osbpl2		0.08716416	
Soat1		0.087112784	
Tstd2		0.08707847	
Rab39b		0.08706264	
Fbxl3		0.087019086	
Gpr135		0.08694919	
Hnrnpc		0.08671511	
Phlpp2		0.086692005	
Eif3k		0.086678065	
Ccdc25		0.086660795	
Utp6		0.08662102	
Plp2		0.0866008	
Tcof1		0.08657336	
Ndufa1		0.08653536	
Npm1		0.08645641	
Trappc14		0.08630689	
Ascc3		0.08626259	
Nup37		0.08625822	
ENSMUSG00000136363		0.08614814	
Habp4		0.08592174	
Cenpt		0.08584324	
Smim10l2a		0.08581253	
AI506816		0.08577985	
Bcl2l11		0.08575383	
Sos2		0.085725464	
Sae1		0.08570713	
Lsg1		0.085605234	
Copz2		0.08558065	
Klf11		0.08553502	
Cdc123		0.08549198	
Sln		0.0854025	
Coa5		0.08533454	
Nbr1		0.085329205	
Gpc1		0.08528925	
Pask		0.085221276	
Cluh		0.08516657	
Tnip2		0.08513161	
Gpsm3		0.08513003	
Gask1b		0.08512738	
Pip4k2b		0.085124806	
Gm38197		0.08507754	
Gm20692		0.08496684	
Mrps18a		0.08494021	
Has1		0.08489467	
Pigyl		0.08486642	
Bltp1		0.08486607	
Coa8		0.08482574	
Prrg4		0.0848176	
Pcdhga6		0.08474311	
Rsl1d1		0.08466779	
Spats2		0.08461784	
Edc3		0.08460744	
Nudt3		0.08460563	
Rpl27-ps3		0.08457117	
Ubr5		0.084557734	
Gba1		0.08451313	
Rrs1		0.08448872	
Cops7b		0.084487535	
Gabrp		0.084481016	
Kdm3a		0.08441732	
Hdac9		0.08438847	
Sec31a		0.08434979	
Fnta		0.08434901	
Cct5		0.084343396	
ENSMUSG00000124905		0.08431952	
Actb		0.08412418	
Slc39a3		0.084096566	
Ppp6r3		0.08404233	
Gm43813		0.08392432	
Ephb3		0.08385876	
Lman2		0.08371654	
Tns1		0.08371598	
Isca2		0.08369364	
Selplg		0.08368502	
Arhgef18		0.083677314	
Rps23		0.08352306	
Il1r1		0.08350103	
Rbpms		0.08345885	
Spen		0.08345672	
Ensa		0.08345552	
Zfp112		0.08344017	
Kpnb1		0.08342689	
Smcr8		0.08339459	
Kdm3b		0.08336937	
Ube2b		0.08335638	
Mapkapk3		0.083334506	
Kri1		0.08321081	
Sec11a		0.083200425	
Ptpn14		0.08319565	
Nherf1		0.083191276	
Pgap4		0.08311455	
Srd5a1		0.08306588	
Enpp3		0.08302032	
Mertk		0.08298617	
Grsf1		0.08290899	
Rnft1		0.08279228	
Bcr		0.08278608	
Coq5		0.08273705	
Srp54c		0.082731746	
Gins4		0.08266807	
1700108F19Rik		0.082552716	
Gstz1		0.082502715	
Hspb6		0.08249028	
Gfm2		0.08248753	
Dnm1l		0.08242002	
Nos1		0.082403384	
Arrdc4		0.08225342	
Gm14253		0.08218439	
Gm5910		0.08218439	
Gm7589		0.08218439	
Gm16439		0.08218439	
Tmsb15b1		0.08218439	
ENSMUSG00000143678		0.0821816	
ENSMUSG00000123070		0.08216744	
Tanc1		0.08214432	
Srgap2		0.08213955	
Bcor		0.08208665	
Zfp664		0.08204052	
Rangap1		0.08202305	
Trmt61a		0.08191661	
Pcbp3		0.08188199	
Arhgef15		0.08182875	
2610507I01Rik		0.08181066	
Rfx1		0.08166112	
Arfgap2		0.081529245	
P3h2		0.08151902	
Pdcd10		0.081467256	
Polr3e		0.08142855	
Abhd18		0.081417084	
Arhgef33		0.08139265	
Atg5		0.08137952	
Sltm		0.081297934	
Gpbp1l1		0.08129176	
Ppm1g		0.08124807	
Cops8		0.08121828	
Mfge8		0.08110115	
Efhc1		0.08108363	
Plscr3		0.08102948	
ENSMUSG00000135368		0.08102094	
Ralgapa1		0.0810041	
Dino		0.08091778	
Gm50402		0.08091778	
Mau2		0.08087758	
Arf4		0.08087379	
Letm1		0.08085321	
ENSMUSG00000141375		0.080849215	
6530409C15Rik		0.080849215	
ENSMUSG00000137329		0.080849215	
Gm7656		0.080849215	
Gm30925		0.080849215	
ENSMUSG00000126498		0.080849215	
Sumo3		0.080842026	
Mapk1ip1l		0.080833316	
St8sia2		0.08070281	
Slc39a1		0.08068563	
Kat5		0.080647156	
Hmgxb3		0.08061168	
Knl1		0.08058123	
Zfp239		0.08051811	
Mettl25		0.08047225	
Dhx15		0.080379866	
Rnf170		0.080224365	
Psd4		0.08021478	
Mitf		0.08020977	
Senp5		0.08013547	
Cep112		0.08003982	
Mcts1		0.08003461	
Usp5		0.08001268	
Kalrn		0.08000915	
4930590J08Rik		0.079961225	
Apoc1		0.07993966	
Myo1e		0.07980933	
Tmem248		0.07976687	
Fam168b		0.07972192	
Fam120aos		0.07961009	
Sod3		0.079599775	
Sla		0.079547495	
Sp110		0.07948817	
Dipk2a		0.07946692	
Atrn		0.07945926	
Dtx1		0.07943165	
Rnf44		0.07941697	
Gm4668		0.07941631	
Gm16201		0.079395935	
Sec11c		0.07938247	
Bivm		0.0793405	
Abhd11		0.07929125	
Crebzf		0.07928223	
Mark1		0.079267696	
Slc6a6		0.07921062	
Setd5		0.07916414	
Fam120a		0.07914668	
Rrm2b		0.0790868	
Tbcc		0.079060316	
Rbpms2		0.07900297	
Copa		0.078999035	
Psmb3		0.078992374	
Rhot1		0.078984715	
Scaf8		0.07887009	
Nsmce4a		0.07883572	
Eif4g1		0.07883021	
Pam16		0.07877318	
Epop		0.07877283	
Cabp7		0.07874682	
Sucla2		0.078733794	
Extl3		0.07870557	
Rpl28		0.078692794	
Tulp4		0.0786706	
Psme1		0.07854829	
C2cd3		0.07845367	
Ndufab1		0.07839525	
Cdc45		0.07838439	
Lipt2		0.07833726	
Btbd9		0.0783182	
Scaf11		0.0783157	
Vps50		0.07821466	
Ap3d1		0.078182854	
AU040320		0.07809457	
Fbln2		0.07807154	
Cdc42ep1		0.07807151	
Prkrip1		0.077970594	
Fth1-ps		0.077950336	
ENSMUSG00000126345		0.07793605	
Ube2e3		0.07790187	
Ash1l		0.07787597	
Tmed3		0.07786592	
Laptm4a		0.07785781	
Dph6		0.07784872	
Mafg		0.07777181	
Msantd2		0.077742934	
Prrg3		0.07762267	
Prrc2a		0.07757857	
Ccl5		0.0775587	
Tubb3		0.07744705	
Dph1		0.07742852	
Eif2a		0.07742098	
Arhgef10		0.077326484	
Tacc2		0.07732573	
Ct45a		0.07727182	
Mtpap		0.077248	
E030013I19Rik		0.077207826	
ENSMUSG00000125657		0.077207826	
ENSMUSG00000129753		0.077207826	
Calu		0.07707846	
Tiprl		0.077063814	
Mib1		0.07706097	
Med13		0.076974295	
Eda		0.07697365	
5330431K02Rik		0.07693759	
Ak7		0.07693448	
Cmya5		0.07691277	
Gm15943		0.07688073	
Uba6		0.07686427	
Pbx4		0.076823354	
Spryd7		0.07677134	
ENSMUSG00000126221		0.076759696	
Asb3		0.07670449	
Ddx39a		0.07670445	
Abca4		0.07667577	
ENSMUSG00000132298		0.07659179	
Ston2		0.07644382	
Sdccag8		0.07642834	
H2-Ob		0.07639663	
Gstm1		0.0763659	
Macroh2a1		0.07631064	
Pikfyve		0.076274045	
Irf9		0.07626139	
Cemip		0.07625028	
Ap1g1		0.07619033	
Src		0.07613991	
Map3k5		0.07594138	
Cct4		0.07590307	
Arhgap35		0.075814106	
Gm6712		0.07578551	
Mapk8ip1		0.075750805	
Wnt7b		0.075735375	
Map3k14		0.075717345	
Tmpo		0.075656205	
Gm43359		0.07558927	
Synpo		0.07552046	
Bmi1		0.07545888	
Necap1		0.07540871	
Spata21		0.07538283	
Rhobtb2		0.07535941	
Serhl		0.07530164	
Ebna1bp2		0.07528689	
Myo1a		0.075286746	
Actg1		0.07527954	
Pias1		0.075195454	
ENSMUSG00000139876		0.07507716	
Foxk1		0.07503565	
Hectd1		0.07503043	
Gm44053		0.074989885	
Ndufv2		0.0749484	
Aga		0.07492163	
Scamp1		0.07491436	
H2-T11-ps		0.07488059	
Faim		0.0748234	
Gm6288		0.07477369	
Atp6v0c		0.07471847	
Fkbp6		0.07469466	
Hnrnpr		0.0746881	
Slc4a4		0.07465579	
Pigk		0.07461114	
Gtsf1		0.074589886	
Smug1		0.074565485	
Trappc10		0.07456381	
Cdca4		0.07456236	
Prpf18		0.07447846	
S100a6		0.0744221	
Cdkn2aip		0.07440028	
Stk4		0.07431336	
ENSMUSG00000130586		0.07428389	
Akap11		0.07428358	
Casp6		0.07426481	
mt-Nd5		0.07425648	
ENSMUSG00000128571		0.07425016	
Rtl8b		0.07420114	
Asph		0.0741893	
Ndufa11		0.074101426	
Rfxap		0.07398427	
Rexo1		0.07398104	
Tbrg1		0.07397816	
Srrm2		0.07390307	
Sass6		0.07390137	
Lacc1		0.073834576	
Snrpg		0.073803514	
Elovl1		0.07376168	
S100b		0.073658854	
Suox		0.07365845	
Arf3		0.07365034	
Mapre1		0.07357585	
Itga1		0.073566295	
Creb3l2		0.073550075	
Hspa14		0.073543236	
Rpl7		0.07351986	
Sars1		0.07351425	
Cisd3		0.07349846	
Nr6a1os		0.07348684	
Ednrb		0.073483974	
Park7		0.07342418	
Arl16		0.07331092	
ENSMUSG00000140710		0.07328528	
ENSMUSG00000127268		0.07328528	
ENSMUSG00000122263		0.07328528	
Gm3320		0.07328528	
Gdi2		0.07327249	
Ptk2b		0.073161565	
Chchd5		0.07306142	
ENSMUSG00000134942		0.073002554	
H2-DMb1		0.0729269	
Suv39h1		0.07288988	
Eogt		0.07288127	
Vcam1		0.072872445	
Tbca		0.072854586	
ENSMUSG00000126785		0.07272357	
Cntfr		0.07260412	
Gpat4		0.07258394	
Scgb1a1		0.07255265	
Aff4		0.07248115	
Mrpl9		0.07242355	
Zfp760		0.07239956	
Izumo4		0.07235251	
Mpdz		0.07233745	
Ttc1		0.07226499	
Cbll1		0.07222846	
Kdelr2		0.072156556	
Fbxo28		0.072101854	
Myom3		0.07206392	
Fkbp3		0.07201498	
Stard10		0.07196391	
U2af1		0.07194288	
Atp5f1b		0.07189156	
Ect2		0.0718807	
Casp2		0.07183344	
Sh2b2		0.07177073	
Arl6ip5		0.07174339	
Sox11		0.071728975	
Lsm7		0.07172821	
Ubtf		0.071705475	
A930029G22Rik		0.071532756	
Zcchc4		0.071504116	
ENSMUSG00000137750		0.071474604	
ENSMUSG00000128036		0.071326904	
Ep300		0.07131466	
Ptges3		0.0713109	
Altre		0.071230076	
Bahd1		0.07122903	
ENSMUSG00000132232		0.071192235	
Zbtb21		0.071185045	
Plppr2		0.07118425	
Cul7		0.071184106	
Slc30a9		0.071183756	
Smg8		0.07116136	
Acsl3		0.07114685	
Rb1cc1		0.0710784	
Gm56948		0.071055286	
Tead2		0.07105183	
Bid		0.07100291	
Zc3h4		0.07098812	
Atp6v0b		0.070925996	
Pogz		0.07082572	
Plrg1		0.07074895	
ENSMUSG00000142810		0.070661604	
Abhd5		0.07066101	
Gm37334		0.07064727	
Gm15651		0.07064727	
Eif4enif1		0.070570305	
Clca3b		0.07054451	
Ubp1		0.07052628	
Slc7a6		0.07050724	
Krt8		0.0704975	
Cav1		0.070396416	
Golga2		0.07038228	
Nono		0.07036192	
Pip4k2c		0.07032848	
Ehbp1		0.070325494	
Nipsnap2		0.070267774	
Pex26		0.070187345	
Pik3c2a		0.07018043	
Tbx15		0.07013448	
Gm44103		0.0700791	
Mm2pr		0.07006331	
Tafa5		0.070020616	
Sanbr		0.070012696	
Zfp948		0.069953054	
Glt8d1		0.069941446	
Uaca		0.06993228	
Ccdc28b		0.069906965	
Ubfd1		0.06989022	
Nr2f2		0.06982568	
Gkn1		0.06977293	
Zfp131		0.06976978	
Pgam1		0.06974657	
Or10ah1-ps1		0.069712825	
Asap1		0.06966999	
Aqp11		0.06965398	
Itm2b		0.06962995	
Gm4366		0.06960046	
Ndufv3		0.06958615	
ENSMUSG00000124473		0.06957657	
Zfta		0.06952743	
Cul5		0.06943358	
Creg1		0.069424376	
Stard3		0.06940104	
AW551984		0.06928836	
B3gnt3		0.069245994	
BC016579		0.069239326	
Prpf3		0.06923389	
Ajuba		0.06920509	
Tnpo1		0.06915835	
Tspan2		0.06912986	
Rnf123		0.06910939	
Inpp1		0.06908029	
Cept1		0.0690404	
Zfp507		0.06902414	
Csf2ra		0.06902075	
Lrch1		0.06899924	
Wdr82		0.068812445	
Col4a1		0.06880563	
Lrrc8c		0.06879307	
Rnf222		0.06869701	
Apc		0.06867632	
Mrpl50		0.06865274	
Isg20		0.06864537	
Taf7		0.068630785	
Kdm5a		0.06862426	
Mllt10		0.06860665	
Tnfaip1		0.06850278	
Aste1		0.068479344	
Eif3a		0.0684578	
Efr3a		0.06838504	
Med18		0.06829979	
Erbb2		0.068236135	
Zfp945		0.0681899	
Stard13		0.06816398	
3110056K07Rik		0.068137236	
Ran		0.068085924	
Nrf1		0.068078354	
Mrps18c		0.068032615	
Prrg2		0.06798767	
Ehd1		0.06793919	
Usp25		0.06792033	
Igfbp2		0.06791203	
Ssna1		0.06787225	
Commd9		0.06773254	
Ace2		0.067724854	
Cnn3		0.06772396	
Reps1		0.067717254	
Ppie		0.06767636	
Sik3		0.06767316	
Erbb3		0.067664795	
Atpsckmt		0.06765178	
9130230N09Rik		0.06755593	
Nsd3		0.06752677	
Calm2		0.0675187	
Fbxw2		0.06744721	
Tax1bp3		0.06739911	
Slco4a1		0.06738353	
Gm26779		0.06736999	
ENSMUSG00000124658		0.06735015	
Cox7a2		0.067305796	
Casp8ap2		0.06725658	
Cfap300		0.06724331	
Ptpra		0.06707895	
Smarca4		0.067010075	
Arrdc2		0.066978864	
Dnajc10		0.066953644	
Cdc14a		0.066840366	
Myo1b		0.06683714	
Klf10		0.066822454	
Copz1		0.06681799	
Vps26a		0.06681252	
Inpp4a		0.06680251	
Clrn3		0.06678927	
Septin6		0.06674499	
Sesn1		0.06671054	
Zfp983		0.06667381	
Cybc1		0.06655497	
Ube2i		0.06653291	
Gm34059		0.06643518	
Sumo2		0.06641011	
Phf6		0.06637806	
Parp10		0.06628921	
Dclre1c		0.06622024	
Ncor1		0.066076964	
Prpf4b		0.06601066	
Mtif2		0.065979294	
Ctnna1		0.06591591	
Igf2		0.06591494	
Trio		0.06588227	
Cytl1		0.065879546	
Acaa1a		0.065871306	
Ripk4		0.065870814	
Adra2b		0.06586367	
Scamp5		0.06584591	
Hs3st1		0.065825485	
Cbx3		0.06579356	
Ypel5		0.06578512	
Gas5		0.065767765	
Sft2d2		0.06571119	
Tut4		0.06570666	
Ssr2		0.065694615	
Sox12		0.06568902	
Apbb2		0.065656	
Sppl3		0.06560879	
ENSMUSG00000142365		0.065597	
Slc25a39		0.0655819	
0610040F04Rik		0.06555771	
Ndufc2		0.06553351	
Bend6		0.065526366	
Mvp		0.0655253	
Stk40		0.06551282	
Dbnl		0.0654746	
Sh3rf2		0.065418355	
4930404I05Rik		0.065404974	
Dnajc19		0.06533767	
Mrm3		0.065334894	
Cadm4		0.06528425	
Rdh11		0.06514509	
Sipa1l1		0.065023616	
Rpl22		0.064980425	
Cog8		0.064979754	
Gm37677		0.06495641	
Slc23a3		0.06492599	
Arl6ip4		0.06486725	
Vps13b		0.06482439	
Smndc1		0.06481362	
Tbc1d24		0.064808704	
Tpm2		0.06480756	
Gm43088		0.064753234	
Klhdc4		0.064744905	
Gm6548		0.06474111	
Zfp719		0.064741075	
Timm10		0.06471753	
Gtf2f1		0.06468698	
Tpm4		0.064666204	
Mrfap1		0.06464223	
Gpalpp1		0.06461229	
Tbrg4		0.064604744	
Rnf40		0.06459059	
Gm53207		0.06453252	
Tpbpb		0.06451575	
Gm2011		0.064484954	
Prr35		0.06448437	
Kmt2c		0.064332806	
Mbd1		0.06426189	
Gm26642		0.064238206	
Nsun2		0.06418	
Chid1		0.064148486	
Psma1		0.06408146	
Bsdc1		0.0640807	
Tfb2m		0.063953064	
Klc2		0.06389171	
Coro1c		0.063855715	
Aamdc		0.06385084	
Thada		0.06383975	
Klhl18		0.06378405	
Psg-ps1		0.06377595	
Mns1		0.06371427	
Sema6b		0.063700184	
Prune1		0.06362428	
Insyn2a		0.06356315	
ENSMUSG00000135643		0.063473225	
ENSMUSG00000123834		0.063473225	
ENSMUSG00000133864		0.06345664	
Mrpl27		0.063395776	
Pcdhgb8		0.06338472	
Adk		0.06334405	
Zfp706		0.06328963	
Add1		0.06324441	
Psen1		0.063196525	
Heca		0.0631439	
Atp13a1		0.063134	
Dtymk		0.06313222	
Pak1		0.06312208	
Tlcd1		0.063111	
Eva1a		0.06309931	
Rpl23a		0.063080914	
Lgr6		0.06303824	
Usp31		0.06303251	
Phf14		0.06298449	
Irf1		0.06297729	
Fgd5		0.06296239	
Lhx6		0.06293454	
Csad		0.062862754	
Slc38a6		0.06286209	
Dnajc11		0.062842555	
Fdx1		0.06284255	
B9d1		0.06280106	
Borcs8		0.06276017	
Il17rd		0.06275412	
Gm57280		0.06274467	
Ddx3x		0.06270066	
Knop1		0.06266139	
Gm57229		0.062644586	
Psmd7		0.062551245	
Proser2		0.06254333	
Lmtk2		0.06250992	
Cox6c		0.06244054	
P4hb		0.0623931	
Sptssa		0.062386464	
Washc5		0.062348854	
Foxj3		0.062343463	
Arf5		0.062245436	
Slc6a17		0.06221989	
Zbtb4		0.0621669	
Hmgn2		0.06212515	
Naip2		0.06207864	
Polr2g		0.062056586	
Stam2		0.062055863	
Cln6		0.062054373	
Tff3		0.062021308	
Tspan14		0.061968327	
Cys1		0.061926138	
Gm44836		0.061916124	
Slc31a1		0.061896786	
Ypel2		0.06189197	
Rheb		0.0618703	
Gm50107		0.061842117	
Gm43646		0.061841164	
Gm48604		0.061811846	
Ctps2		0.061800607	
ENSMUSG00000128798		0.061760522	
Ech1		0.061733082	
Zbtb22		0.061697874	
Gm16536		0.061516445	
Rasgrf1		0.061491404	
Scyl2		0.061485074	
Enc1		0.061442874	
Stag1		0.06143317	
Il2rb		0.061421547	
ENSMUSG00000140561		0.061307035	
A230107N01Rik		0.061307035	
Prdx5		0.061304267	
Hltf		0.061257675	
Copb2		0.061238457	
Ndufs8		0.0612359	
Bsg		0.061167862	
Tor1a		0.061128158	
Gbp7		0.061061013	
Arhgap32		0.061006222	
Rnf217		0.060988378	
Etfrf1		0.06096355	
Mill2		0.060956888	
Hdac4		0.060920045	
Parp4		0.06087587	
Gm48079		0.060867816	
Cyp21a1		0.060805634	
Zfp354c		0.060772736	
Cstf1		0.060761653	
Mdm1		0.06070239	
9630010A21Rik		0.060689382	
Ppp6r1		0.060628247	
Rnf135		0.060608715	
Vps35l		0.06059213	
Ldb2		0.060532264	
Zap70		0.06052725	
Eea1		0.060520064	
Tada3		0.060456622	
Tmem209		0.060444646	
Ppp1r3c		0.060399998	
Cyb5a		0.060329918	
Prr14l		0.060315076	
Sypl1		0.06028198	
Sp140l1		0.060188323	
Vps51		0.06009004	
Recql5		0.060087577	
Armc9		0.060059063	
Tril		0.060052447	
Ankrd9		0.060051996	
Pkn1		0.059956867	
Cstdc4		0.059914473	
Pnrc1		0.059840243	
Fam149b		0.059779074	
Trim12c		0.059733115	
Mbnl2		0.059666693	
Kctd2		0.059645142	
Ralgapb		0.05963878	
Trpm7		0.05960272	
Clstn3		0.05958829	
Scn9a		0.05942414	
Klf15		0.059402753	
Cfap96		0.059398144	
Yipf1		0.05939493	
Alkbh4		0.059392337	
Dicer1		0.059378188	
Dpp3		0.059330948	
Disp2		0.059324574	
Phldb2		0.059307493	
Slc52a2		0.05929702	
Calcrl		0.059257295	
Rpl3-ps1		0.059238024	
Arsa		0.059198454	
Cox14		0.059197705	
Dync1h1		0.059167825	
Ptar1		0.059164118	
Fstl3		0.0590625	
Hspb1		0.05904801	
Nhsl2		0.059046686	
Fbxw8		0.059013672	
Xndc1		0.058903344	
ENSMUSG00000136899		0.058891315	
ENSMUSG00000140450		0.058891315	
Gm56670		0.058891315	
Psmb4		0.058876373	
Lsm10		0.058870878	
Dok2		0.058862578	
Naca		0.058846187	
Cnot6		0.058732636	
Pphln1-ps1		0.058698684	
Gm57403		0.05853859	
Gm11748		0.05853859	
ENSMUSG00000130797		0.05853859	
Atic		0.058537263	
Dph7		0.058463644	
Chd4		0.058443077	
Trib2		0.05841003	
Agtpbp1		0.058381315	
Trim12a		0.058338225	
Ralbp1		0.058333717	
Dcaf6		0.05830414	
Arhgef4		0.05830376	
Ciao2b		0.058270384	
Pex2		0.05823967	
Stat1		0.05820979	
Haus1		0.058150906	
Atg12		0.05814678	
Ftsj3		0.058140825	
Cdh23		0.058138084	
Abcg2		0.058089692	
Atp6v1b2		0.058056276	
Serbp1		0.058006577	
Ric1		0.05780446	
Jph2		0.057709713	
H1f0		0.057663634	
Clec14a		0.05762825	
Zfp133-ps		0.057584267	
Sec22b		0.057555303	
Ppp4r3a		0.057488304	
4930445E18Rik		0.057444442	
Arrdc3		0.057436284	
Clca2		0.057393216	
Zfp287		0.057370193	
Ei24		0.057367392	
Thoc7		0.057249002	
Gm12191		0.057167005	
Impdh2-ps		0.05714207	
Gmfb		0.057128537	
Jade3		0.05708637	
Alg13		0.056965355	
Garnl3		0.05692229	
Polr1a		0.056920823	
ENSMUSG00000125391		0.056848343	
0610025J13Rik		0.056767963	
Itch		0.056756575	
Ppt2		0.05675178	
Pdia6		0.056601558	
Ccdc71		0.05657486	
Atxn7l3b		0.056572285	
Ddhd2		0.056481645	
Ostm1		0.056412872	
Gm11934		0.056404218	
Fbxw15		0.056404218	
Gm56697		0.056404218	
Slc3a2		0.056340102	
Paip1		0.056320418	
Tpst1		0.05625761	
ENSMUSG00000133858		0.056224417	
Snrnp40		0.056155466	
Prl8a8		0.056084517	
Leprot		0.056054607	
Smc5		0.056003865	
Trp53bp2		0.055995345	
Iqcc		0.055944115	
Sec14l1		0.0559423	
Stoml1		0.055923976	
Gm7361		0.055884507	
Sowahc		0.05586436	
ENSMUSG00000126872		0.05582264	
Ppp1r1b		0.05578652	
Rpf1		0.05578626	
Fam168a		0.05574322	
Stk31		0.055735473	
Gm42787		0.05573321	
Gm45797		0.05573321	
ENSMUSG00000130922		0.05573321	
Hnrnpf		0.05573043	
Med23		0.05572017	
Zcrb1		0.05571333	
Gorasp1		0.05570169	
C9orf72		0.05569894	
Dok4		0.05567466	
Secisbp2l		0.055668242	
Gjb2		0.05564861	
Zfp946		0.055628292	
Dtnb		0.055597935	
Aldh16a1		0.055550367	
Acbd5		0.055544857	
Herc1		0.05552965	
Rpusd2		0.055501983	
Cuta		0.05547978	
Taok3		0.0554022	
Gm10138		0.055384822	
Chd9		0.055347636	
Trim39		0.055298258	
Creb1		0.05527703	
Itpripl2		0.05525753	
Fgd1		0.05518805	
Hapstr1		0.055111963	
Ddx47		0.055035282	
Ccdc107		0.055031262	
Smyd5		0.055006146	
Cops2		0.05495226	
Ahsg		0.054906335	
Saraf		0.05483326	
Ndc1		0.05483048	
Aars2		0.054800928	
Zwint		0.054793794	
Gopc		0.054720137	
Snrpb		0.05471617	
Hoxaas3		0.05471519	
Ncoa5		0.054684296	
Samd4b		0.05464511	
Mamld1		0.05464467	
Fkbp8		0.054617316	
Rnf6		0.05456516	
Cep72		0.054531723	
Ada		0.054472007	
Man2c1os		0.054443177	
Slc25a46		0.054421786	
Zfp933		0.05434419	
Banf1		0.05434167	
Srsf3		0.054327562	
Pla2g15		0.054300204	
ENSMUSG00000130632		0.054297127	
Tmem87a		0.054295205	
Fignl2		0.054270837	
Trappc6b		0.054268077	
Dmrtc1a		0.054180905	
Eif4e		0.05414041	
Wwp1		0.054063745	
Zfp563		0.054006215	
Ormdl2		0.053973734	
Abhd14a		0.053963985	
Rad1		0.05391589	
ENSMUSG00000126638		0.053886224	
Stab2		0.053863853	
Gpr146		0.05376843	
Rbm22		0.05360872	
Rcn2		0.053601895	
Nfatc4		0.053574435	
Arl8b		0.05357283	
Snapin		0.053513765	
Gga3		0.053495273	
Uck1		0.053341657	
Clk4		0.053317834	
Sh3bgrl3		0.05321956	
Coasy		0.053090315	
Lrch3		0.05307322	
Atg3		0.05303257	
Tor2a		0.052967716	
Serpinb9b		0.05294836	
Gm49747		0.052937683	
Atxn7		0.052895203	
Tpgs1		0.052870616	
ENSMUSG00000127612		0.052810922	
4930405A21Rik		0.052670278	
Sart1		0.05266017	
Trip12		0.052635364	
Tdo2		0.052623186	
Atp13a2		0.052561563	
Kcp		0.052427564	
Zfp236		0.052389394	
Gm15559		0.052387696	
Mcm7		0.05237965	
Hyal2		0.052366316	
Mageh1		0.052353077	
Actn4		0.05234741	
Hdgfl2		0.052323006	
Meis3		0.052318998	
Lrrc1		0.05231459	
Rxrb		0.052187487	
Nacc2		0.0521704	
Guk1		0.052085843	
Ret		0.052057993	
Rad9a		0.052014705	
Col4a2		0.051990017	
Mgrn1		0.051982097	
Zfp217		0.051916298	
Zfp266		0.051899236	
Vbp1		0.051860504	
Ddx19b		0.051832795	
Clptm1l		0.051789522	
Ccnl1		0.05175365	
Pgd		0.051737096	
Slc35e2		0.0515597	
Ipo9		0.05153473	
Gpr108		0.051475924	
Dennd4a		0.05138725	
Spred1		0.051385373	
Csnk2a1		0.051369775	
Coil		0.051349286	
Fcer1g		0.051348597	
Klf3		0.051305797	
Myo1d		0.051272452	
Psmd12		0.051168934	
Ms4a6c		0.05116703	
Tmem199		0.05116466	
Dnpep		0.051080875	
Zgpat		0.050990198	
ENSMUSG00000124449		0.050976012	
Zfp428		0.050974827	
ENSMUSG00000134766		0.050966516	
ENSMUSG00000133477		0.050966516	
Tmod3		0.050964393	
Aprt		0.0507799	
ENSMUSG00000127101		0.050765194	
Clspn		0.05074688	
Pura		0.0506956	
Nfkbiz		0.050670225	
Rpl26		0.050619897	
A730061H03Rik		0.05060282	
Rrp15		0.050599076	
Ttyh2		0.05049533	
Tbcb		0.05047756	
Tdg		0.050456196	
Lrrc49		0.050328854	
Gm46587		0.0502979	
Ficd		0.05018036	
Mogs		0.050066017	
ENSMUSG00000137453		0.050057583	
Chka		0.049959503	
Zdhhc14		0.049953032	
Lsm14b		0.049928013	
Pidd1		0.049878024	
Ano8		0.049876172	
Gng12		0.04983089	
Mast4		0.049803387	
Gm57227		0.04980027	
Igsf1		0.04978716	
Alg8		0.049737025	
Ceacam18		0.049726155	
Osbpl9		0.04969325	
Pigo		0.049659226	
Colq		0.049634397	
Gm11574		0.04962427	
Gm37202		0.04959828	
Ppp1r2		0.049596455	
Pramel12		0.049594846	
Slc39a4		0.049525723	
Arap3		0.04950262	
Atxn10		0.049500465	
Abhd2		0.049484737	
Ghdc		0.04941397	
Cisd2		0.04940058	
Gm42528		0.049387522	
Aldoa		0.049358174	
Gm5200		0.04927033	
Nus1		0.049188595	
Ncapd2		0.049179807	
Cul4a		0.0491306	
Pla2g5		0.049070437	
ENSMUSG00000131051		0.049016535	
Zfp862-ps		0.04900697	
Rufy1		0.04895609	
Snx4		0.048846554	
Apcs		0.048845105	
Czib		0.04884079	
Adamts1		0.048835684	
Bzw1		0.048834953	
Coq2		0.048780777	
Ano10		0.048766598	
Rpp30		0.048726074	
Slc16a9		0.04872364	
4930456G14Rik		0.048722602	
Gm37738		0.048722602	
Cacna1e		0.048722602	
ENSMUSG00000141478		0.048722602	
Gm57435		0.048722602	
Gm17619		0.048722602	
Skint7		0.048722602	
Gm43693		0.048722602	
Reg2		0.048722602	
ENSMUSG00000123493		0.048722602	
Gm35842		0.048722602	
ENSMUSG00000132784		0.048722602	
ENSMUSG00000127551		0.048722602	
Rasl10b		0.048722602	
Pcdhb9		0.048722602	
F830016B08Rik		0.048722602	
ENSMUSG00000128617		0.04861683	
Zfp652		0.04849207	
Cops3		0.04842344	
Prpf38a		0.0482864	
ENSMUSG00000134320		0.048272282	
Mycbp		0.048168756	
Emc10		0.04810299	
Arhgap1		0.048066843	
Mmp19		0.048065335	
Ehmt1		0.048049733	
Cdkn2aipnl		0.048006117	
Gm42900		0.047875922	
Pknox1		0.04778294	
Ccdc191		0.04771057	
Cibar1		0.04765888	
Oasl2		0.047498006	
Exoc7		0.04745202	
Extl2		0.047383595	
Gnai2		0.047354624	
Rpusd4		0.047294613	
Zmat3		0.047252297	
Prelid1		0.0472238	
Ppm1a		0.0471718	
Mgst2		0.047131423	
Pkp2		0.04709929	
Mmgt2		0.046941556	
Khsrp		0.046818893	
ENSMUSG00000142427		0.04679831	
Ryk		0.046783783	
Hhatl		0.046778977	
Fam114a1		0.046727125	
Pgbd5		0.046658218	
Rprd1a		0.046641022	
Ark2c		0.046604272	
Nrdc		0.046570145	
Nlgn4l		0.046565697	
Tcf12		0.046515983	
Rcan2		0.04651048	
Tmem131l		0.04649033	
Adamts15		0.04643895	
Gm57307		0.046402235	
Pla2g10		0.04630994	
Ttpal		0.046291932	
Pmvk		0.04628141	
Arfip2		0.046280995	
Slc22a4		0.04620626	
Boll		0.04618331	
A430018G15Rik		0.04618331	
Klrd1		0.04618331	
ENSMUSG00000128154		0.04618331	
ENSMUSG00000133266		0.04618331	
Gm805		0.04618331	
Gm50341		0.04618331	
ENSMUSG00000135400		0.046171922	
Neurog2		0.0461546	
Furin		0.04611153	
Pdlim2		0.046009645	
AI480526		0.045987837	
Emc1		0.04589351	
4930433N12Rik		0.045890287	
Dvl1		0.045809045	
Hnrnpab		0.045784842	
Tram2		0.045736182	
Pard6g		0.045722034	
Gm36445		0.04561843	
Slc6a2		0.045588065	
Cdk5rap2		0.045581426	
Adnp2		0.045450192	
Sptan1		0.04538706	
mt-Nd1		0.045351587	
Pqbp1		0.045274593	
Anks3		0.04525108	
Nav1		0.045226593	
Kyat3		0.045217074	
Prss35		0.045198657	
Mettl22		0.045151036	
Eif2b5		0.04514379	
Vps37b		0.045134004	
Myo7b		0.045084063	
Gm7862		0.045078523	
Ms4a4c		0.04506192	
Snhg18		0.045058742	
5730414N17Rik		0.04502915	
Cep170b		0.045011073	
ENSMUSG00000130377		0.044976097	
Ldc1		0.044976097	
Gm22499		0.044976097	
Cltb		0.044945266	
Gm50069		0.044936538	
Eif3g		0.044832494	
Snrnp70		0.04469837	
AW011738		0.044629812	
Eya3		0.04457628	
Terf2ip		0.044546165	
Catsperd		0.04449375	
Pde1b		0.044386767	
Tbc1d8b		0.04437969	
Glyr1		0.044374123	
Etv6		0.04434706	
Wrnip1		0.044306725	
Chd1l		0.044261187	
Zc3h7a		0.044254873	
Ifitm2		0.04423717	
Ccdc166		0.04420307	
Zfp626		0.044162996	
Ptk2		0.044127777	
9530068E07Rik		0.04403986	
B3glct		0.04400878	
Bicdl1		0.044000648	
Gm42940		0.043984115	
AI661453		0.043976292	
Hic2		0.043968122	
ENSMUSG00000130925		0.043808613	
Taf1d		0.043759912	
Dap		0.043723445	
Atl3		0.043711085	
Slc39a7		0.043683864	
Zfp975		0.043674406	
Cobll1		0.043662082	
ENSMUSG00000128367		0.04364322	
A230052G05Rik		0.04364322	
ENSMUSG00000127014		0.04364322	
Fgd3		0.043642066	
ENSMUSG00000134722		0.04360543	
Serf2		0.043586977	
Def8		0.04356338	
ENSMUSG00000136728		0.04350547	
Dyrk1a		0.04349011	
Tuft1		0.04348085	
Gm49926		0.04348004	
Rpl12		0.043453462	
Ralgps2		0.0434449	
Rnf43		0.0433671	
Med8		0.04336329	
Parva		0.043363217	
Map3k2		0.0433351	
Htatsf1		0.043305207	
Lzic		0.04330446	
mt-Cytb		0.04328422	
Rpp25		0.0432532	
Ptprn		0.04312464	
Phka2		0.043098938	
Ndufaf3		0.042948037	
Atat1		0.042921424	
Chrac1		0.042868894	
Eif5a		0.042729173	
Pkd2		0.04272148	
Cpm		0.042716246	
Ak1		0.042700924	
Zfp874b		0.04264811	
Capn12		0.042644285	
Prpf40a		0.04259353	
Ap3m1		0.042522028	
Pafah1b1		0.042520925	
ENSMUSG00000128861		0.042468473	
Ercc1		0.042421725	
Dctpp1		0.04233844	
Tsg101		0.042194337	
Arhgef6		0.042190786	
Nup210l		0.042172562	
Tbce		0.04215977	
Hdac5		0.04214285	
Cmc2		0.04212267	
Mrps16		0.042083956	
Rapgef6		0.041897707	
Sec23ip		0.04188869	
Commd10		0.041857343	
4930438A08Rik		0.04182724	
Prl7d1		0.041816924	
Mmd		0.04175887	
Msl1		0.041646793	
Inppl1		0.041587997	
Aak1		0.04151112	
Nasp		0.041499734	
Rbms1		0.041488577	
Ctdnep1		0.0414078	
Blzf1		0.041389164	
mt-Nd6		0.041379042	
Polr2j		0.041359223	
Bet1		0.041352194	
Glg1		0.041290164	
Tmbim1		0.04122676	
Tmem41a		0.041185006	
Kat7		0.041151736	
Srprb		0.041078914	
Sdcbp2		0.041078016	
Tars2		0.041069474	
Tbc1d9b		0.041054808	
Ap3b2		0.04105006	
Gm56860		0.041039407	
Cpne8		0.041033022	
Fam162a		0.04102971	
Prtg		0.041023847	
Itprip		0.040971886	
Pawr		0.040931415	
Amn1		0.04074788	
Tent5c		0.04074491	
Vasp		0.040710676	
Lsm14a		0.040550955	
ENSMUSG00000139120		0.040530115	
Emc2		0.04052743	
Fez2		0.0405139	
ENSMUSG00000144015		0.04044208	
Nos1ap		0.040350284	
Srf		0.040318657	
Nop2		0.04027868	
Uxt		0.040270697	
Cc2d1a		0.040205404	
Gm26361		0.040167883	
Gm10425		0.040064834	
Usp37		0.04004341	
Tnks2		0.040023442	
Fbxo3		0.040008284	
Sec62		0.039995212	
Rbm15b		0.0399633	
Bccip		0.039934017	
Gpr107		0.039915014	
Zfp263		0.039888624	
Zfp873		0.039852433	
ENSMUSG00000136562		0.03982167	
Tmco1		0.039812062	
Rasl11a		0.03978471	
Nfkbid		0.039758384	
Fbrs		0.039740756	
Psmb8		0.039693102	
Nfyb		0.039692484	
ENSMUSG00000125611		0.03969021	
Adra1b		0.0396894	
Tex54		0.0396894	
Zfyve26		0.03960051	
Mrpl41		0.03957863	
Mtmr2		0.03952826	
Leo1		0.039487604	
Robo1		0.039486192	
Sclt1		0.0393714	
Szrd1		0.039365478	
Tmed4		0.039255682	
Gramd1a		0.039194554	
Cpsf6		0.03916067	
St3gal1		0.039111212	
Atf7		0.039092824	
Gstp1		0.03908901	
Gpatch4		0.03904613	
Cep43		0.039036907	
Sez6l		0.03897645	
Tpst2		0.038852807	
Mix23		0.038774274	
B4galt6		0.038693484	
Clhc1		0.038657706	
Mtch2		0.03865122	
H2ax		0.038644005	
Chrna9		0.038636453	
Rnf121		0.038625944	
Lama5		0.038622584	
Crkl		0.038605586	
Glb1l		0.03857935	
Zfp81		0.03857126	
Map4k4		0.038528427	
Phf3		0.03850722	
Nostrin		0.03850408	
Pts		0.038458843	
Cd1d1		0.038427815	
Dbi		0.038402006	
Gm11942		0.03838785	
2510039O18Rik		0.03837569	
Setd1b		0.038320377	
Tmem179		0.03831151	
Tmem106c		0.03830981	
Tmed9		0.03828922	
3425401B19Rik		0.03828131	
Dlg4		0.03827689	
Arl14ep		0.038230486	
Marchf8		0.03818874	
Ranbp3		0.038105104	
Ube2z		0.038017996	
Mapt		0.0379923	
Zfp866		0.03782685	
Ube2q1		0.03781035	
Chst8		0.037795648	
Ergic3		0.037793063	
Stk3		0.037771787	
ENSMUSG00000124239		0.037618674	
Dennd2c		0.037596263	
Ubxn10		0.03734389	
Gm19554		0.03734389	
ENSMUSG00000137812		0.037334237	
Gm56743		0.037233997	
1700021J08Rik		0.03722443	
Csnk1d		0.037203148	
Ccser1		0.037183486	
Nppb		0.03716786	
2810004N23Rik		0.03716617	
Mapk11		0.03708758	
2310061I04Rik		0.03699185	
Flnb		0.036972217	
Col18a1		0.03693859	
Gm17907		0.03693056	
Top3b		0.036927108	
Fstl1		0.03687422	
Pex14		0.03683966	
Ndufaf8		0.036792204	
ENSMUSG00000132304		0.036764584	
Phospho2		0.03659851	
Rasef		0.036588315	
Rab22a		0.036585785	
Gm19590		0.036552895	
Pgk1		0.036440637	
Gm37035		0.036437288	
Nek9		0.03627588	
Pea15a		0.03626373	
Phaf1		0.036254488	
AV356131		0.03624434	
Dennd6b		0.03620095	
Rpl35a		0.036167737	
Zpbp		0.036142252	
Luc7l3		0.036139775	
N6amt1		0.036130916	
Pnisr		0.03613045	
Sh3bp5		0.0360576	
Hnrnpul1		0.036037218	
Rpl7a		0.036021564	
Tmem147		0.03600276	
Ercc6		0.03599396	
Zbtb26		0.03593268	
Lcp1		0.035886932	
Zfp319		0.03586984	
Fhip2a		0.03586656	
Gm38012		0.03586526	
ENSMUSG00000136554		0.03586526	
Rpl21		0.03585501	
Fbxo21		0.03574006	
Ica1		0.03566368	
Rnd2		0.035594653	
Tbc1d10b		0.03559242	
Gng2		0.03556057	
Uba52rt		0.035548005	
AU020206		0.035521004	
Chst12		0.035469938	
Asb1		0.035459366	
Adgre5		0.035404216	
Arf1		0.03539351	
Rnmt		0.035351433	
Tmod2		0.03528059	
ENSMUSG00000142127		0.035278857	
Ost4		0.035265945	
Akt2		0.035202995	
Npc1		0.035074294	
Nedd8		0.03503843	
Hspa4		0.034977287	
Tmem167b		0.034948204	
Zic3		0.034795713	
Gm12940		0.034745067	
Elp3		0.03474085	
Stk17b		0.03473472	
Gm128		0.03468724	
Prkx		0.034681592	
Yeats2		0.0346812	
Shf		0.034674913	
2810402E24Rik		0.03466907	
Swt1		0.034637414	
2700054A10Rik		0.034631964	
Eif2b1		0.034611028	
Ndel1		0.034498915	
4933406P04Rik		0.034490235	
Lsm6		0.03444656	
Rpl36		0.034409728	
Ube2w		0.034394056	
Gm56904		0.03435889	
Gtpbp2		0.034330282	
Zfp995		0.03431881	
Gm49207		0.034299683	
Smarcd2		0.03424435	
Mir450b		0.034227915	
Hivep3		0.034164093	
Mapk3		0.034126602	
Smdt1		0.03410142	
Lamtor5		0.033955976	
Mrpl45		0.033847112	
Ttc27		0.03379561	
Maf1		0.033727687	
Oxnad1		0.03369605	
Frk		0.033694945	
Pcnx4		0.033661254	
Tmem87b		0.033526342	
Cox7c		0.033524446	
Gm5817		0.03350525	
Vcp-rs		0.03345231	
Gm31619		0.033433106	
Polr1e		0.03341209	
Tpm1		0.033411533	
Isg15		0.033353366	
Dus1l		0.0333487	
Wrap73		0.03325677	
Chtf8		0.03325423	
Pcgf3		0.033228125	
Pde4a		0.033200867	
Mfhas1		0.03318626	
Sowahd		0.03308023	
Tada1		0.033044457	
Slc38a7		0.03295996	
Rab3ip		0.03292054	
Nploc4		0.03290884	
Etl4		0.032892868	
Ndufaf1		0.032835003	
Adipor2		0.032804582	
Rab3gap1		0.03278694	
Rwdd4a		0.03276199	
Tubb6		0.032761868	
Rreb1		0.03267321	
Prpf8		0.03266814	
Ttc32		0.03249289	
Ccdc3		0.032490112	
Slc48a1		0.03246683	
Plekhg3		0.032455955	
ENSMUSG00000141641		0.032414593	
Taok2		0.032404393	
Sulf2		0.03233638	
Timm29		0.03233605	
ENSMUSG00000137966		0.032223932	
Tmem80		0.032206006	
Prkcd		0.03215472	
Pcf11		0.032152813	
Pfkfb3		0.032152396	
Rtraf		0.03214929	
Mfap3		0.03214299	
R3hdm4		0.0320283	
Coro2b		0.03202771	
Pdik1l		0.03201911	
Ccdc51		0.032009605	
Sf3a1		0.031989947	
Clcc1		0.031893466	
Dph3		0.031826682	
Gm16268		0.03182448	
ENSMUSG00000129166		0.03177387	
Pxdn		0.0317685	
Dcbld1		0.031744633	
Sap18		0.031735424	
Gm56945		0.03169229	
Orc2		0.031627737	
Gstm5		0.031539146	
Zfp791		0.031513534	
A730085K08Rik		0.031504188	
Gnl1		0.03149328	
Arih1		0.03148528	
Gm57450		0.03148461	
Sh3rf3		0.031459782	
Cnot2		0.03143584	
Snip1		0.031433884	
Tcf20		0.031416725	
Ntaq1		0.031410962	
Pou3f3		0.03139515	
Pdzd2		0.031392325	
Zcchc14		0.03137652	
Zeb1		0.031329185	
Hdhd5		0.031302545	
Rps9		0.031277634	
Smpd4		0.03126714	
Rsf1os2		0.03124939	
Tsku		0.031222055	
Timm21		0.03121388	
Nkap		0.031179842	
Wdr48		0.031172005	
Zfp746		0.031075373	
Gm49492		0.031067573	
ENSMUSG00000125330		0.031067573	
Ercc3		0.031037908	
Api5		0.031003162	
Qser1		0.030971495	
LTO1		0.030946385	
Gm13684		0.030925713	
Gtf2a1		0.030886145	
Taf1b		0.030881003	
Epc1		0.030839063	
1700019L13Rik		0.030824682	
Ankrd24		0.030782975	
H6pd		0.030760527	
Atg9a		0.030738357	
Tbccd1		0.030732118	
Zcchc9		0.030730048	
Rnaseh1		0.030629268	
Rer1		0.03060135	
Limd1		0.030592032	
H2bc6		0.030555366	
Krt88		0.030511951	
Cipc		0.030502023	
Sec61a1		0.030492797	
Man1b1		0.030471914	
Ptpn21		0.030376691	
Exoc3		0.030324053	
Khdrbs3		0.030126108	
Qng1		0.03012201	
Zscan21		0.030104717	
Ebp		0.030067412	
Cox8a		0.03001121	
Micu3		0.029857947	
Cfap77		0.02984864	
Mesd		0.029836169	
Rab19		0.02981158	
Pds5a		0.029780807	
Stard5		0.029760843	
Smarce1		0.029737081	
Rnf111		0.029690364	
Srgap3		0.029663192	
Unc5c		0.029655604	
Armh3		0.029618202	
Nmi		0.029566342	
Tomm40		0.029559782	
Klhdc2		0.029523432	
Myo7a		0.029470392	
ENSMUSG00000123439		0.02946049	
Nhlrc2		0.029447949	
Stx8		0.029415824	
Naa30		0.029316349	
Dhx30		0.029277977	
Mrpl49		0.0292755	
Syvn1		0.029238613	
Nras		0.02923526	
Gdpgp1		0.029149301	
Aqr		0.029114546	
Cab39		0.029075835	
Phyh		0.029029276	
Rpl18a-ps1		0.028938973	
Slc25a22		0.028935168	
Zdhhc17		0.028928444	
Ebf4		0.02891741	
Anapc10		0.028858159	
Fam219b		0.028830348	
Mrps18b		0.028786978	
Tpi1		0.028747983	
Thoc3		0.028668862	
Cp		0.02866696	
Flii		0.028626412	
Capn10		0.028595006	
Rhoa		0.028497213	
ENSMUSG00000140684		0.028477773	
Mydgf		0.028443504	
Cfl2		0.028402515	
Rpl35		0.028393885	
Sel1l		0.02834473	
Vav3		0.028315922	
Ak8		0.028252307	
Prl8a6		0.028208308	
Pycr3		0.028144961	
Rps24		0.028123833	
Bag6		0.028098678	
Ilf3		0.027997307	
Cdnf		0.027988894	
Aurkaip1		0.027964886	
Bms1		0.02780102	
Cxxc1		0.027732102	
Kctd5		0.027696362	
Pole3		0.02768713	
Papolg		0.027557502	
Tcf25		0.027544975	
Gm54310		0.0274685	
Erf		0.027446527	
Rxra		0.027404321	
Specc1l		0.027386157	
Eipr1		0.027370123	
Emd		0.027340924	
Tspyl2		0.027323682	
Smad5		0.027221004	
Map3k3		0.02721758	
Plekha2		0.02715539	
Farp2		0.027103858	
Eif2ak1		0.02709545	
Msantd5l		0.02686778	
Gm10658		0.026786365	
Paxbp1		0.026702179	
Nosip		0.026560197	
Dnajb12		0.026534237	
Pdgfd		0.026521493	
Kifap3		0.02644328	
Dnajc21		0.02643702	
Plaat3		0.026366964	
Afap1l2		0.02632325	
Chd2		0.026310079	
H2ac6		0.026295843	
Dot1l		0.026291	
Rinl		0.02629046	
Ibtk		0.026271677	
1810034E14Rik		0.026221534	
Tceal9		0.02618826	
Gm7160		0.026157254	
Rpl27a		0.026105206	
Mrps12		0.026094781	
Cnot7		0.025899233	
Zfand3		0.025892748	
Brk1		0.025890104	
Lasp1		0.025814604	
Rab7		0.02579591	
Cnot8		0.025737511	
Isg20l2		0.025671832	
Zfp747l1		0.025648426	
Sugp2		0.025532637	
Tssc4		0.025522584	
Dcun1d3		0.02551225	
Ahsa1		0.025469705	
Eif4a1		0.025352567	
4732496C06Rik		0.025352046	
Acadvl		0.02534577	
Ppp1r36dn		0.025344161	
Maea		0.02531105	
Pnn		0.025254082	
Fam174b		0.025244901	
Plcd3		0.025199646	
Got2-ps1		0.025198866	
ENSMUSG00000140797		0.025198866	
Gm8228		0.025198866	
Gm2423		0.025198866	
BC024139		0.025198866	
Pde4dip		0.025196245	
Gm5424		0.025136868	
Ubxn1		0.025087103	
App		0.025072008	
Eif3i		0.025051657	
Ints9		0.025037788	
Parp9		0.025035106	
Ncl		0.025014605	
Ash2l		0.02497921	
Tbc1d4		0.024977263	
Hoxa11os		0.024956143	
Irf3		0.024910498	
Sec24b		0.024878744	
Slc17a5		0.024868572	
Rpl14		0.02484576	
Evc2		0.024785465	
Chst15		0.024774991	
Tm2d2		0.024740929	
Srbd1		0.024713438	
Morf4l1		0.02471322	
Rpl3		0.024703467	
Dctn1		0.024661662	
Abtb3		0.024639338	
ENSMUSG00000126057		0.024617847	
Tnrc6b		0.024600012	
Ccm2		0.024578292	
Lpcat4		0.024570659	
Retreg2		0.024512243	
Kcmf1		0.024502879	
Mtx1		0.024358647	
Tomm22		0.0243261	
Depp1		0.024308406	
Ppp6r2		0.024180971	
Ddx21		0.024128681	
E2f2		0.02412826	
Psmb1		0.024100779	
3830403N18Rik		0.024079073	
Eps15		0.02407846	
Smurf2		0.024052184	
Tmem38b		0.024024863	
D630045J12Rik		0.024019826	
Rncr4		0.024015829	
Pga5		0.024008816	
Prpsap2		0.024007961	
Zfp867		0.024004782	
Cep250		0.023992555	
P3h3		0.023932412	
Bet1l		0.023871517	
Nek4		0.02384662	
Got2		0.02382644	
Mkln1		0.023787968	
Srp54a		0.023782205	
Zfyve21		0.023734946	
Mcl1		0.023668732	
Usp4		0.023608536	
Rnf220		0.023555959	
Acox1		0.023514558	
Itpkb		0.023506708	
Gm40309		0.023492683	
Nucb1		0.023456365	
Nedd4l		0.023441501	
Etf1		0.023429822	
Brd3		0.023414856	
Atp9b		0.023398306	
Klhdc3		0.023379412	
B930059L03Rik		0.023267088	
Ppp1r9b		0.023052894	
Polr3h		0.022980396	
Msl2		0.022897663	
Tmem132e		0.022882821	
Ctsq		0.02282096	
Gm38250		0.022799145	
Rnf115		0.022723807	
D6Ertd527e		0.022699589	
Prdm4		0.022696286	
Ccdc157		0.022651762	
Gm26810		0.022631126	
Gm8546		0.022631126	
Ube2s		0.022467911	
Tax1bp1		0.022417706	
Epdr1		0.02236104	
Tm7sf3		0.022346526	
Pfkp		0.022327911	
Pigm		0.022298053	
Srsf9		0.022272488	
Arl5b		0.022265466	
Dync2i1		0.02225647	
Rsad2		0.022196488	
ENSMUSG00000132209		0.022178927	
Prr5		0.022132078	
Nkrf		0.022100652	
Cfap70		0.022030603	
Cep15		0.022013823	
Rpl27rt		0.021851994	
Cfap20		0.021757787	
4931413K12Rik		0.021754391	
Mapk1		0.021722289	
Spag9		0.021717332	
Usp30		0.021687752	
Rad51d		0.021601072	
Gm46620		0.021553177	
Ptpn22		0.021487657	
Ctsd		0.021465229	
Gpsm2		0.021463329	
Ctc1		0.02139941	
Atp5f1d		0.02133639	
Gfus		0.021282839	
2810002D19Rik		0.021223204	
Hbb-bt		0.021154426	
1700025G04Rik		0.021133132	
Focad		0.021110669	
Sec31b		0.021072183	
Mkrn2		0.02105128	
Glrx3		0.021024488	
Clec1a		0.021015285	
Myof		0.020987762	
Ebi3		0.02097495	
Shisa5		0.020950789	
Marchf6		0.02090102	
Scaf1		0.0208718	
Cxcr4		0.02083513	
Caskin2		0.020834882	
Gbf1		0.020813188	
Stx3		0.02072869	
Usp14		0.020667443	
Srp14		0.020649666	
Inhbb		0.020642003	
Btk		0.020620055	
Txndc11		0.020592373	
Mdp1		0.02057628	
ENSMUSG00000141459		0.020531297	
Ndufa5		0.020530699	
Ank3		0.020516794	
Lactb		0.020464975	
Gapvd1		0.020388255	
Tmem254		0.020282518	
Eef1akmt2		0.020229494	
Rnpep		0.020159464	
Maml3		0.020158803	
ENSMUSG00000141390		0.020118259	
Llgl1		0.020062933	
Arl6ip1		0.02005527	
Tsc22d3		0.02002683	
Troap		0.020021746	
Lrrc55os		0.019998897	
ENSMUSG00000140776		0.019998897	
4933438K21Rik		0.019998897	
ENSMUSG00000142250		0.019998897	
ENSMUSG00000122464		0.019998897	
Gm11195		0.019998897	
ENSMUSG00000135064		0.019998897	
Gm5452		0.019998897	
Heatr6		0.019989852	
Acvr2a		0.019972522	
ENSMUSG00000131495		0.019928891	
Gm7762		0.019840097	
Psmg2		0.019838788	
Hspa12a		0.019803453	
Srp72		0.01975178	
Bod1		0.019748027	
Mphosph9		0.019712552	
Carmil1		0.019625252	
Ddx56		0.019606419	
Rbbp4		0.019578174	
Gramd2b		0.01953229	
Yap1		0.019521007	
Zswim6		0.019500984	
Pigq		0.01949515	
Zbtb39		0.019444639	
Plxna2		0.019411298	
Acbd4		0.019406559	
Exosc5		0.019394493	
Dusp6		0.019353457	
Sbno1		0.019291515	
Gm31223		0.019259004	
Dzip1l		0.019243503	
Tmem126b		0.0192273	
Rbmx		0.019148028	
Lyrm2		0.019144073	
Tprg1l		0.019095948	
Gm13370		0.019020593	
ENSMUSG00000128394		0.019020593	
ENSMUSG00000138345		0.019020593	
ENSMUSG00000130357		0.019020593	
Cs		0.01900367	
Emsy		0.01893543	
Rac1		0.018915365	
Wdr11		0.018882237	
Tmed1		0.018850591	
Kash5		0.01884668	
Cnot1		0.018836332	
Lrrc14		0.018792402	
Mrpl17		0.018697424	
9530082P21Rik		0.01869378	
Zdhhc13		0.01864159	
Ankra2		0.018550068	
Dmac2		0.018459508	
Tyk2		0.018458242	
Jarid2		0.018449472	
Mad1l1		0.018402759	
Nup214		0.018381298	
Eva1b		0.018366497	
Nom1		0.018360833	
5830444B04Rik		0.018281318	
Spaca1		0.018275928	
Pot1a		0.018245677	
C1rl		0.018198837	
Lhfpl6		0.018128054	
Mbd2		0.018050589	
Kcnq2		0.018044641	
Hax1		0.018042732	
Pald1		0.01797471	
Hnrnpa0		0.01796758	
Rpl11		0.017871706	
Phf11d		0.01785611	
Ddost		0.017811116	
Pip4p1		0.017761013	
Taf9b		0.017700156	
Cox6a1		0.017657679	
Iffo2		0.017648136	
Hycc2		0.017644757	
Angpt1		0.017602248	
Gm39929		0.017545618	
ENSMUSG00000137479		0.017545618	
Tep1		0.017516436	
Eloa		0.01747493	
Osmr		0.017463174	
Ubr2		0.017433532	
Crybb1		0.017429074	
Gm56673		0.017429074	
4933405D12Rik		0.017270379	
Sorbs1		0.017264308	
Pgrmc2		0.017237063	
Ptpmt1		0.017121218	
Npepl1		0.017115291	
Ppp1r14b		0.017034963	
1810037I17Rik		0.016990006	
Tgfbr2		0.016925108	
Dcp1b		0.01689519	
Mxi1		0.016813707	
Mtcp1		0.016808454	
Bptf		0.016706755	
Atg14		0.016706625	
Cacfd1		0.016676996	
Ldlrap1		0.01664446	
Akap13		0.016587926	
Magel2		0.016442573	
ENSMUSG00000143505		0.016413912	
Ppp4r3b		0.016380498	
Ppp2r2b		0.016371692	
Arhgap21		0.016349051	
Lias		0.016305495	
Nes		0.016282199	
ENSMUSG00000142665		0.016252277	
Pak1ip1		0.016246373	
Dip2c		0.016231747	
Top2b		0.016196044	
Srgap1		0.016127307	
Vamp8		0.016117007	
Pkp3		0.016112512	
Icam2		0.016011355	
Ptdss2		0.015995672	
Ing3		0.015945273	
Akap12		0.015915757	
Basp1		0.015894828	
Hoxa4		0.01589447	
Gm37113		0.01589447	
Ccdc137		0.015887834	
Ctns		0.015806263	
Add3		0.015655547	
Kansl2		0.015617943	
1810059H22Rik		0.015590897	
Tbc1d2b		0.015573146	
Psmd3		0.0155164255	
Wtap		0.015467352	
Erap1		0.015462601	
Cpeb2		0.015440934	
Atp6v1c1		0.015337452	
Pum2		0.015333942	
Cyba		0.01525049	
Kctd17		0.015227495	
H3f3a		0.015209697	
Bltp3a		0.0151768485	
Slc23a2		0.015141147	
Tuba8		0.01512101	
Rapgef5		0.015113426	
Nap1l4		0.0150656495	
Tpm3		0.015039876	
Rpl38		0.014979631	
Arl13b		0.014860719	
Cenpl		0.014848878	
Ube2m		0.014840979	
Utp15		0.014792377	
Tmx2		0.0147721805	
Pum3		0.014731745	
Mtss2		0.01468776	
Spon2		0.014542695	
Ppan		0.014513476	
Mrgprf		0.014349436	
Rest		0.014322779	
Dctn4		0.014306299	
Tnrc18		0.014280392	
Hras		0.014256302	
Rdh10		0.014212142	
Zfp930		0.0141781755	
Arhgef26		0.014137224	
Gm57456		0.013953686	
Reep5		0.0139527265	
Pcm1		0.013868192	
Mbnl3		0.013850359	
Zbtb2		0.013810862	
Hivep1		0.013806732	
ENSMUSG00000141942		0.013741156	
Slc35c2		0.013734691	
Flad1		0.013624951	
Zfp54		0.013619417	
Mark4		0.013605085	
Jade1		0.013586412	
Cav2		0.013585151	
Cdpf1		0.013573217	
Gucy1b1		0.01349158	
Stk16		0.013461285	
Zfp90		0.013434421	
Id1		0.013422235	
Drg2		0.013260118	
Kif3a		0.01325296	
Colec12		0.013247351	
Tmem70		0.013208175	
Htra4		0.01316607	
Abcf3		0.013139887	
Dnase1l1		0.013105644	
Dpy30		0.013038311	
Rai1		0.013005318	
Kctd3		0.012819221	
Rin3		0.012810655	
Zfp748		0.012785424	
Arid4b		0.012769387	
Rab35		0.012727996	
Zfp264		0.01267351	
Dync1li1		0.0126415575	
Scaf4		0.012629097	
C1qbp		0.012599779	
Serinc2		0.012550845	
Eci1		0.012526789	
Gnasas1		0.012484186	
Cnksr1		0.012480446	
Pfdn5		0.012448464	
Sctr		0.012411309	
Ctnnbl1		0.012409469	
Pigu		0.012395615	
Peg13		0.012237331	
Ldaf1		0.012212462	
Phactr1		0.012169731	
Ube2d2a		0.012152011	
Gm3364		0.012091359	
Actr8		0.011988278	
Gm4961		0.011947111	
Rars1		0.011903585	
Sars2		0.0118855545	
Trpm4		0.011881114	
Slc44a4		0.011853685	
Map1lc3b		0.011811601	
Sra1		0.011810836	
Gm57352		0.0117559945	
Gpx1		0.011744265	
Rpp14		0.011720537	
2410002F23Rik		0.011700408	
Gm46658		0.011691071	
Slc30a7		0.011685523	
Gm20556		0.011681546	
Fam83d		0.0116784815	
Lrrc45		0.011656454	
Gm54882		0.011638004	
Stk25		0.011631554	
Lyn		0.011623853	
Bola1		0.011582298	
Map3k7		0.011551148	
Sdhd		0.011481014	
Slc30a6		0.011454799	
Lgmn		0.011446152	
Cps1		0.011442218	
Gm5395		0.011442218	
Armcx1		0.011435842	
Msh2		0.011430548	
Brd2		0.011402529	
Bin1		0.011397066	
Mfsd1		0.011314981	
Fem1c		0.011224186	
Ttc19		0.011219431	
Gm43984		0.011158057	
Map2k4		0.01110996	
Lyrm4		0.011004809	
Clip3		0.011001521	
Plekha7		0.01098103	
Mdh2		0.01093582	
Rps19-ps7		0.01092614	
Ctbp1		0.010898691	
Gorasp2		0.010809178	
Homez		0.010743461	
Nova2		0.01064342	
5730471H19Rik		0.010598936	
Dock2		0.010578945	
Atxn2		0.010562315	
Nmt2		0.010540335	
Atp5mc3		0.010509579	
Chac1		0.010497436	
Mrpl2		0.010495814	
Ubl4a		0.0104560135	
Shisa4		0.010449561	
Uap1		0.010443614	
Smyd2		0.01040235	
Ints2		0.010358132	
Lzts2		0.010317406	
Babam1		0.010306761	
Asb6		0.010214664	
Map4k2		0.010175128	
Seh1l		0.010137839	
Rps13		0.010124313	
Oaf		0.010041535	
Cdc42bpa		0.0100139165	
Serpine1		0.009988043	
Ctu1		0.009982179	
Tmem39b		0.009929258	
Usp43		0.00991494	
Gm44639		0.009900962	
BC004004		0.009887481	
Nfyc		0.009887016	
Capn7		0.009862146	
Pex19		0.009790821	
Rps11		0.009709734	
Cln8		0.009681661	
Prickle1		0.009653577	
Atg4b		0.009626737	
Zfp37		0.009617011	
Sh2d3c		0.009543331	
Arl4a		0.009519691	
Rcan3		0.009518689	
Zc3h15		0.009445439	
Sparc		0.009444377	
Cdc42		0.009363392	
ENSMUSG00000124743		0.009319292	
Dym		0.009230456	
Dcaf5		0.009230197	
P3h1		0.009197874	
Zfp811		0.0091973115	
Rere		0.00916412	
Naa50		0.009121517	
Pear1		0.00909055	
Kank1		0.009057039	
Gins2		0.008892536	
Apobec1		0.008888807	
Naa15		0.008871694	
U2af2		0.0088052135	
Cyp4f13		0.008754352	
Fpgt		0.00869754	
Stard9		0.008636976	
Sema6d		0.00862751	
Wscd2		0.008574389	
Ufc1		0.008386565	
Oard1		0.0083840545	
Mpc2		0.008362417	
ENSMUSG00000126941		0.008348089	
Lad1		0.008221592	
Smap2		0.008204555	
Reep2		0.008087927	
Aamp		0.00807483	
Kdm1a		0.0080706	
Dyrk2		0.00806878	
Psmb2		0.008042517	
Axin1		0.008023356	
Kdelr1		0.0079729315	
Rnasel		0.007945112	
Asxl1		0.007929474	
ENSMUSG00000135378		0.007836117	
Stard7		0.007788834	
Ccdc59		0.007766937	
Tmem164		0.0077516627	
Pgam5		0.0077379444	
Gm4779		0.0077208863	
Pnrc2		0.0076098354	
Esrra		0.0075034774	
Dctn2		0.0074365623	
Mterf4		0.007412488	
Ehf		0.007274686	
Eml2		0.0072243805	
Ndfip2		0.0071694544	
Mapkap1		0.007125177	
Zfp185		0.0071128593	
Pdcl3		0.007110065	
Ccnj		0.0070929932	
Lemd2		0.007078676	
Gm26885		0.0070518935	
Prrc2b		0.006976319	
Prl3d1		0.0069450145	
Man2b1		0.0069200974	
Stk26		0.0068905093	
Trappc8		0.0068301405	
Cdk17		0.006785753	
Mrps35		0.006772841	
Slbp		0.0067388015	
Katnal2		0.006737187	
Onecut2		0.006721224	
Gm7890		0.0066027893	
Ppp2ca		0.0065632127	
Upf1		0.0065585156	
Atp5mj		0.0065473043	
Epb41l4aos		0.0065373797	
ENSMUSG00000122526		0.0064888936	
Esrp2		0.006454806	
Gm57295		0.0064502065	
Ifi27l2b		0.00644529	
Ppp2r1a		0.006356332	
Atp11b		0.0062757856	
Armc7		0.006178972	
Dnajc14		0.0061081075	
Eif4ebp1		0.006093921	
Chpf		0.0060443594	
Rcor1		0.005913409	
Mrpl38		0.005892121	
Rps27a		0.0058081537	
Gm43138		0.005796737	
ENSMUSG00000136903		0.005796737	
Cpvl		0.005796737	
Rps7		0.0057820384	
Lamp1		0.005758728	
Nptn		0.005718327	
Gm9967		0.005697878	
Ppp4r1		0.0056935074	
Chst2		0.0056591374	
Ddx42		0.00561628	
Endou		0.005576558	
Ddx1		0.0055231513	
Nif3l1		0.0054797595	
Nfu1		0.0054340432	
Smad4		0.005421831	
Mrpl24		0.0052487487	
Hapln3		0.005175882	
Muc1		0.0051151626	
Dmtn		0.005067982	
Zbtb34		0.005062066	
Stk19		0.0050036917	
Nt5m		0.0049920613	
Zfp292		0.0049674804	
mt-Rnr1		0.0049593644	
Neat1		0.004938374	
Parp6		0.004838448	
Coq6		0.00483844	
Hip1r		0.004837068	
Foxi3		0.004750224	
Polr2e		0.0047495877	
Pced1a		0.0046829456	
Ndufa12		0.004600035	
Wdr24		0.0044989837	
Plcd1		0.0044400063	
Trpc4ap		0.0043745204	
Rps17		0.00437365	
Rps4x		0.004355625	
Vta1		0.004341846	
Tulp3		0.0043004532	
Eri1		0.004285608	
Ilkap		0.004279839	
Cops4		0.004262355	
Sfn		0.0041657267	
Eef1e1		0.004152534	
Rdm1		0.0041183103	
Pigf		0.004116087	
Rnf4		0.004086151	
Shc1		0.0040836213	
Gm11468		0.004078357	
Brd1		0.004078278	
Hmg20b		0.0040697437	
Gm14326		0.0040606842	
Ceacam14		0.003983676	
Iba57		0.0039291377	
Platr27		0.0038812528	
Rnf139		0.0037954547	
Trappc2b		0.0037890542	
Zfp759		0.0036946442	
Tpr		0.003594987	
Abcb1a		0.003575837	
Ptger4		0.003552817	
Nufip2		0.0035507581	
Mamdc2		0.0035244322	
Wdfy4		0.00352135	
1110004F10Rik		0.0034416572	
Ddx23		0.0033701404	
Manea		0.003354546	
Gas8		0.0032976393	
Limk1		0.0032761043	
Ppp1r15b		0.003270762	
Xpo6		0.0032135907	
Gm30978		0.0031953906	
Rgl1		0.003028034	
Zfp438		0.0029928146	
Cib1		0.00292415	
Gtf2h1		0.0028949543	
Kif13a		0.0028511658	
Trp53		0.0028291896	
Postn		0.002801479	
Cbfa2t3		0.0027764083	
Dcaf11		0.0027210743	
Cecr2		0.0026987356	
Zfp523		0.0026714338	
Dpp8		0.0025848912	
Cep152		0.0024956947	
Tmem37		0.0024866425	
Xpnpep3		0.002461731	
Zfpm1		0.0024465867	
Man2a1		0.002415401	
Zbtb7b		0.002382359	
1110065P20Rik		0.0023788048	
U2surp		0.002310279	
Flna		0.0022879958	
E430024I08Rik		0.0022687174	
Neu2		0.002261254	
Slc6a4		0.0022041542	
Nbeal2		0.0021828867	
Inca1		0.0021172676	
Lmnb1		0.0021039867	
Copg2		0.0020682747	
Xrcc6		0.0020415268	
Rras		0.0020071901	
C3ar1		0.0019798796	
Ube2k		0.0019761962	
Cenpp		0.001802668	
Prl8a9		0.0017732235	
Rnf13		0.0017304035	
Cap1		0.0017285036	
Adgrg1		0.0017027259	
Slc35f3		0.0014883206	
D930048N14Rik		0.001484502	
Zfp335os		0.0013098764	
Gm42460		0.0012865802	
Dync1i2		0.001158605	
Sppl2b		0.0011207794	
Ppa2		0.0010965721	
Acp2		0.0010132685	
Magea9		9.5776666E-4	
Unc93b1		9.3226734E-4	
Nectin2		9.076483E-4	
Tmem222		8.906361E-4	
Kidins220		8.573956E-4	
Ipp		8.396856E-4	
Cdk13		8.341755E-4	
Fem1a		7.3575095E-4	
Alpk2		6.919244E-4	
Plekhf1		6.8554573E-4	
Nos2		6.6430407E-4	
Usp36		6.6110777E-4	
Echs1		5.9639E-4	
Tpx2		5.707376E-4	
Sgms1		5.513443E-4	
Tk1		5.480245E-4	
Frrs1		5.084528E-4	
Ncoa6		4.634935E-4	
Pomk		4.3909583E-4	
Cox16		3.837971E-4	
Gpi1		3.610081E-4	
Cpne2		3.0457636E-4	
Dhx29		2.2275491E-4	
Dlg5		1.7143082E-4	
Trappc5		1.7048603E-4	
Ahctf1		1.2736603E-4	
Gjb4		1.1750211E-4	
Sufu		1.1237119E-4	
Neurl4		1.06018015E-4	
Tasor2		1.017943E-4	
Leprotl1		5.283376E-5	
Rpl31		2.6900647E-5	
Ttyh3		1.968294E-5	
Dll1		-1.7286038E-5	
Trp53inp1		-1.769094E-5	
Tead4		-1.15742325E-4	
Tmem259		-2.2754981E-4	
Mbnl1		-2.4089821E-4	
Zfp770		-3.298593E-4	
Fbxl21		-3.5752633E-4	
Ruvbl1		-3.8288327E-4	
Mrpl51		-4.5750343E-4	
Msx2		-4.6333708E-4	
Pitpna		-5.2878447E-4	
Rps15		-6.5945025E-4	
Hk2		-6.6935766E-4	
ENSMUSG00000127669		-7.0371147E-4	
Klc4		-7.0630014E-4	
Elp5		-7.2707445E-4	
Cnep1r1		-7.6716684E-4	
Inpp5a		-8.043021E-4	
Pdk4		-8.1891194E-4	
D2hgdh		-8.7273784E-4	
Pomgnt2		-9.039535E-4	
Gm56936		-9.1283873E-4	
Grk6		-9.2487654E-4	
Atf7ip		-9.320148E-4	
Pals2		-0.0010235191	
Adsl		-0.0010569884	
Hnrnpa1		-0.0010875311	
Ticam1		-0.0011528383	
Supt5		-0.0011829503	
Kmt2b		-0.0011928647	
Vamp3		-0.0012357639	
Wbp4		-0.0012503873	
Slx4		-0.00134137	
Cd82		-0.0013620416	
Tra2a		-0.0015223497	
Isyna1		-0.0015746146	
Ubr1		-0.001636241	
Akap17a		-0.0016518483	
Rae1		-0.0016993186	
Clec16a		-0.0017517073	
Ifi209		-0.0017784671	
Usp47		-0.0018648576	
Pan3		-0.0018721222	
Gm16754		-0.0020725094	
Hus1		-0.0020841605	
Gosr2		-0.0021136925	
ENSMUSG00000131735		-0.0021171013	
Cplane1		-0.002148249	
Cdh24		-0.002183608	
Bag1		-0.0022771887	
Taf11		-0.0022856062	
Mpv17l2		-0.0023484034	
Mtmr14		-0.0023498293	
Tusc3		-0.0023717973	
Usp21		-0.0024347089	
Pld1		-0.0024509088	
Zdbf2		-0.0024640823	
Tex261		-0.0025138976	
Cyren		-0.0025400652	
Alad		-0.0026199166	
Arl15		-0.0027102884	
Traf4		-0.0027105962	
Orm1		-0.0027965177	
Chuk		-0.0028663143	
Cxxc5		-0.00286907	
Slc30a1		-0.0028846166	
Plpp5		-0.0029674484	
Rassf4		-0.0030076331	
Ccdc127		-0.003127161	
Mcub		-0.0031342623	
Pcyt1a		-0.0031429364	
ENSMUSG00000134786		-0.003192323	
Ttc5		-0.003193697	
Wnk3		-0.0031950132	
Prcp		-0.0032284092	
Crtc1		-0.003398116	
Mtmr4		-0.0034227606	
Slco2a1		-0.0034765834	
Usp6nl		-0.0035115846	
Dazl		-0.0035199677	
Zdhhc5		-0.0036104426	
Ncor2		-0.0036516907	
Utp20		-0.00365809	
Igbp1		-0.0037200474	
Psmc2		-0.0037441729	
Rad54l2		-0.0037733056	
Gdpd5		-0.0037893248	
Plek2		-0.003800731	
Aldh3a2		-0.0038869658	
Piezo1		-0.0039253966	
Haus3		-0.0039530373	
Gm11791		-0.003999492	
Fibp		-0.0040305196	
Cdc25b		-0.004034348	
Ski		-0.0040768343	
Trnt1		-0.0041326485	
Gm56829		-0.00415469	
Bcl9l		-0.0041715987	
Ehmt2		-0.0041986443	
Ttbk2		-0.004241248	
Pinx1		-0.00433847	
Ndufa3		-0.0044006254	
Foxj2		-0.0044082636	
Nelfcd		-0.0044778534	
Psmb5		-0.0045351386	
Pelp1		-0.0045558843	
Arhgef28		-0.0046322	
Surf4		-0.0046710055	
Oga		-0.004687248	
Gpatch1		-0.004787847	
Sco1		-0.0047940235	
Zrsr2		-0.0048813215	
Pja1		-0.0049983594	
Gm37305		-0.0050002355	
Lsm4		-0.0050675306	
Tsnax		-0.0050835446	
Adgrf5		-0.0051596123	
Ndufa9		-0.0052254563	
Tpd52l2		-0.0052335514	
ENSMUSG00000123573		-0.005258431	
Gm57473		-0.005258431	
Gm6206		-0.005258431	
Zfp362		-0.0053211497	
Rpl5		-0.0053331787	
Tor1aip1		-0.005355672	
Ssr4		-0.0053735464	
ENSMUSG00000133311		-0.005490269	
Fkbp10		-0.0056312513	
Rbm27		-0.005686665	
ENSMUSG00000137314		-0.0057171313	
Hnrnpl		-0.0057216105	
Plekhm1		-0.0057423827	
Gm57261		-0.0057495236	
Rp9		-0.0057830145	
Zmiz2		-0.005787793	
Plaa		-0.00586723	
Sod1		-0.0058703003	
Ociad1		-0.0058920663	
Nup153		-0.0059060385	
Ddx39b		-0.005933165	
Gclm		-0.0059664687	
Gm29017		-0.0060107512	
ENSMUSG00000142529		-0.0060107512	
ENSMUSG00000134257		-0.0060107512	
ENSMUSG00000137570		-0.0060788556	
Mlxip		-0.0061025154	
Scpep1os		-0.006128862	
Gm37531		-0.0061335564	
Socs4		-0.006142066	
Pacs2		-0.0061636195	
AW046200		-0.006163692	
Eif3d		-0.0062195496	
Hoxd8		-0.0062197065	
Bysl		-0.0062296134	
Mrps17		-0.0062563885	
Dcaf7		-0.006315216	
B930094E09Rik		-0.0063276743	
Phf21a		-0.0063415254	
Mms19		-0.006401387	
Poll		-0.0064797727	
Slc33a1		-0.006493482	
Gnb1		-0.00653685	
Car5b		-0.006617146	
Ovca2		-0.0066325464	
Dvl3		-0.006647044	
Fkbp1b		-0.006659686	
Cerkl		-0.006659801	
Whrn		-0.0067787836	
Psmd14		-0.0067840605	
Gm16576		-0.0068643414	
Alyref		-0.006868421	
Rpl18a		-0.0068785036	
Gm37174		-0.0068822904	
Ss18l2		-0.006938198	
Tafazzin		-0.0070033297	
Dnajb1		-0.007051348	
Sf3b2		-0.0070527457	
Vash1		-0.0070769186	
Rbbp7		-0.0071497355	
Pdcd5		-0.0071582925	
Mcm3		-0.007202214	
Mx2		-0.0072514843	
Prkd1		-0.007265932	
Defb22		-0.007293253	
Pigs		-0.0073025906	
Utp25		-0.007390009	
Vwa5a		-0.0074039423	
Gm57103		-0.0074120425	
Dgat1		-0.007416873	
Cpxm1		-0.00753381	
Rph3a		-0.007549263	
Ddx24		-0.0075729927	
Ip6k2		-0.0075966283	
Mrpl40		-0.007620518	
Gtf2h3		-0.0076360945	
Sumf2		-0.007682327	
Cfl1		-0.007702767	
Bmp8a		-0.007707237	
Ccdc186		-0.0077731055	
Txn2		-0.0077974387	
Thoc5		-0.007821481	
Snx17		-0.007892706	
Klhl28		-0.007898206	
Samd4		-0.0079071885	
Gm57370		-0.007916271	
Gm57372		-0.007916271	
Nf1		-0.008100432	
Norad		-0.008172135	
Gm37309		-0.008250742	
Rab2a		-0.008284551	
Vps45		-0.008309706	
Rab5c		-0.008331516	
Ift20		-0.00838656	
4930512B01Rik		-0.008392181	
E330020D12Rik		-0.008443054	
Hcfc1r1		-0.008464012	
Zfp612		-0.008465144	
Yars2		-0.008469388	
Faxc		-0.008486517	
ENSMUSG00000123128		-0.008492831	
Gm43858		-0.008586222	
Kiss1r		-0.0085946275	
Erlin1		-0.008598913	
Fbl		-0.008641655	
Acad11		-0.008682222	
Trp53i13		-0.008730591	
Mfn1		-0.008734105	
Ubn1		-0.008779226	
Plod1		-0.008782931	
Chmp2b		-0.008838751	
Tbc1d7		-0.008862404	
Trappc9		-0.00889304	
Wdr53		-0.009036762	
Zfp870		-0.009040171	
Cd2bp2		-0.0091023175	
Cdk5rap1		-0.0091134235	
Nit2		-0.009172704	
Eef1g		-0.009203029	
Mrpl4		-0.0092298845	
Uqcrq		-0.009300035	
Parn		-0.009326604	
Rpl23		-0.009348494	
Lrrc58		-0.009349887	
Tyrobp		-0.009369182	
Ptpdc1		-0.009433262	
Oat		-0.009503909	
Spta1		-0.009504841	
Metap1		-0.009615424	
Snapc5		-0.009637099	
Mphosph10		-0.009706449	
Twf2		-0.009728903	
Parp12		-0.009767385	
Efs		-0.00987423	
Pramel13os		-0.009903515	
Rfng		-0.0099312235	
Chmp2a		-0.009936024	
Tmem245		-0.0099482825	
Pcnp		-0.00994947	
Mtm1		-0.009972717	
Cblb		-0.01011773	
Smad2		-0.010119446	
Gm5879		-0.010151949	
Hjurp		-0.010170254	
Gm6563		-0.010174453	
Ntn4		-0.0101926755	
Hmces		-0.010241962	
Mtrr		-0.0102893105	
Il31ra		-0.010291154	
Pttg1ip		-0.010322343	
Spata33		-0.010324046	
Bloc1s6		-0.010415871	
Otud5		-0.010448155	
Mrpl35		-0.010452225	
Rbm17		-0.010489457	
Rabl2		-0.010552494	
Cert1		-0.010617624	
Serpinf2		-0.010698796	
Osgin2		-0.010719732	
Cul3		-0.010801646	
Sos1		-0.010832593	
Arhgef17		-0.010862499	
Arl5a		-0.010876846	
Vhl		-0.010887225	
Slc35a2		-0.01090411	
Gm15536		-0.011025636	
Cdc37		-0.011026256	
Midn		-0.011050058	
Ntf5		-0.011125601	
Dkkl1		-0.011260795	
Phf12		-0.011263519	
Gm44250		-0.011264914	
Arpc5l		-0.01126624	
Smim10l1		-0.0112759	
Srsf5		-0.011319951	
Flt4		-0.01133162	
ENSMUSG00000126789		-0.011369208	
Pglyrp1		-0.011463779	
Asap2		-0.011469453	
Rmnd5b		-0.0114891445	
Gm48633		-0.011526676	
Fam50a		-0.011568676	
Upf3b		-0.011689194	
N4bp2l2		-0.011747156	
Eif4ebp2		-0.011817466	
Thumpd1		-0.01190308	
Gnl3		-0.011912826	
Rps6-ps3		-0.011914734	
ENSMUSG00000137336		-0.011914734	
Ppp1r7		-0.011915644	
Dyrk1b		-0.01194631	
Cpd		-0.012022599	
ENSMUSG00000134129		-0.012065496	
S100pbp		-0.012076874	
Eef1a1		-0.01212433	
Cdk11b		-0.012214458	
Bdp1		-0.012313373	
Topbp1		-0.012335406	
Galk2		-0.012402594	
Laptm4b		-0.012493805	
Vill		-0.0125052035	
Rps3		-0.012577661	
2900026A02Rik		-0.012622168	
Ube2q2l		-0.012672849	
L3hypdh		-0.012717598	
Psmg1		-0.012825696	
Usp42		-0.012926703	
Psmd13		-0.012973022	
Inafm2		-0.013032797	
Slc25a45		-0.013044552	
Akr1b1		-0.013051503	
Pisd		-0.013157943	
Prkag1		-0.013203667	
Fance		-0.01329523	
Suclg2		-0.01333216	
Gm14443		-0.013340244	
Brip1		-0.01336356	
Tuba1a		-0.013430989	
BC002059		-0.013454412	
Srxn1		-0.013484499	
ENSMUSG00000122225		-0.013519593	
Ift88		-0.013565685	
Zswim3		-0.013592037	
Mgat4b		-0.0136446	
Trim65		-0.013652382	
Atxn2l		-0.0136740375	
Gcc1		-0.013746767	
Anapc7		-0.013796553	
Tmem8b		-0.01379825	
Akt2-ps		-0.013825433	
Csgalnact2		-0.013837449	
Rps6ka4		-0.013860344	
Ylpm1		-0.013890429	
6430571L13Rik		-0.013894151	
Fastk		-0.013917924	
Ap1m2		-0.013933769	
Letmd1		-0.013975271	
Slc37a1		-0.014034638	
Sema4d		-0.014044179	
Scai		-0.014065797	
Sstr3		-0.014088378	
Sfxn3		-0.014151515	
Suz12		-0.014155291	
Ncbp2as2		-0.014158146	
Zfp418		-0.014191622	
Emc7		-0.014202179	
Wnt10b		-0.014208801	
Med31		-0.014221657	
Abca9		-0.014227427	
Anapc2		-0.014259753	
Dab2ip		-0.014271641	
Commd3		-0.014522313	
Scn1b		-0.014536471	
ENSMUSG00000133588		-0.014571069	
Socs6		-0.01461269	
Bri3		-0.014614484	
Zfp608		-0.014638706	
Gm47071		-0.0146429315	
Ogfr		-0.014669757	
Apbb1ip		-0.014670484	
Reck		-0.014711331	
Kank2		-0.014775388	
Arpc1b		-0.014795416	
Phldb3		-0.014818596	
Pcnx3		-0.014836448	
Nefm		-0.014857377	
Il6st		-0.014901337	
Tmem128		-0.014926426	
Gm49733		-0.014934882	
Vsig8		-0.014969669	
ENSMUSG00000142802		-0.015017675	
Ssbp1		-0.015062016	
Fes		-0.015090486	
ENSMUSG00000134216		-0.015106506	
Ap2a1		-0.015143023	
Rpl18		-0.015150826	
Azi2		-0.015257256	
Taldo1		-0.015264595	
Polr1h		-0.015292928	
Gm30198		-0.015355334	
H2aj		-0.015391498	
A630066F11Rik		-0.015398368	
Egln3		-0.015402871	
Dbr1		-0.015423884	
Hunk		-0.015528928	
Vcf1		-0.01556391	
Gtpbp6		-0.01557052	
Pecam1		-0.015586917	
Otud7b		-0.015622645	
Csnk1g1		-0.01568751	
Rela		-0.015728243	
Mas1		-0.015728258	
Smarcc2		-0.015751986	
Cpt2		-0.015792146	
Mef2a		-0.01580499	
Dnajc13		-0.015808418	
Stim2		-0.015810225	
Nrde2		-0.015817914	
ENSMUSG00000137277		-0.01600845	
Rab43		-0.0160582	
Bco1		-0.016085811	
Zdhhc21		-0.016104452	
Mta2		-0.016174871	
Ss18		-0.016214898	
Rragc		-0.016229784	
Rpl4		-0.016243849	
Gm26583		-0.016267996	
Ndufa7		-0.016284581	
Ptbp2		-0.016346436	
Rgl3		-0.016346887	
Nckap5los		-0.016445214	
Tubgcp3		-0.016529558	
Mms22l		-0.01653844	
Atrx		-0.016577419	
Orai3		-0.016623382	
Macf1		-0.016663365	
Tbc1d14		-0.016664978	
Rad51b		-0.016679116	
Jmjd6		-0.016701715	
Cep350		-0.016804287	
Auts2		-0.016829524	
Rpl30		-0.016883679	
Fbxw9		-0.016898142	
Anapc16		-0.01693119	
Kcna7		-0.016987476	
Sf3a3		-0.017016584	
Lamtor4		-0.017124891	
Hspa12b		-0.017200897	
Sbf1		-0.017263195	
Lims1		-0.017263759	
Rusf1		-0.01733578	
Nup88		-0.017384015	
Gm57350		-0.017384779	
Capn1		-0.017437719	
Gm39090		-0.017476939	
Trub2		-0.017496701	
Snx32		-0.017531678	
Gm33302		-0.017544921	
Raver2		-0.017615214	
Sntb2		-0.017627575	
Pcmtd2		-0.017643336	
Fhod1		-0.017689431	
Dgkz		-0.017712818	
Tshz1		-0.017717237	
Acss2		-0.017778603	
Qtrt2		-0.017811425	
Vps4a		-0.017828543	
C920021L13Rik		-0.017834581	
Dcaf15		-0.017839594	
1700058P15Rik		-0.017877901	
Gm56782		-0.017889142	
Tlk1		-0.017897232	
Gramd1c		-0.018065035	
Cyld		-0.01809805	
Bnip2		-0.01812531	
Fnip1		-0.018127618	
Ift52		-0.018140672	
Psmb6		-0.018172331	
Gm37788		-0.018174214	
Gm14411		-0.018180998	
Paip2		-0.01818913	
Cacna2d1		-0.018237706	
Pomt1		-0.018266961	
Usf2		-0.018268488	
Kdm5b		-0.01834514	
Kat6b		-0.018397138	
Ythdf1		-0.018409794	
Tpp1		-0.018487334	
Rasal1		-0.018506194	
Ubxn4		-0.018535424	
Nip7		-0.018552134	
Brwd1		-0.018556569	
Ide		-0.018572059	
Gm47445		-0.01858555	
Agpat5		-0.018609297	
Mfsd14a		-0.018658359	
Unc45a		-0.018709648	
Lrrc27		-0.01874533	
Usp27x		-0.018820882	
ENSMUSG00000139135		-0.018844573	
Nfxl1		-0.018847352	
Adpgk		-0.018873941	
Platr20		-0.018876972	
Dcaf10		-0.0189028	
Rpl10		-0.018929686	
Ehbp1l1		-0.018977428	
Vsig2		-0.019020261	
Ctdspl2		-0.019142646	
Pdk2		-0.019210214	
Ints5		-0.019254737	
Rpl28-ps1		-0.019273845	
Grpel1		-0.019368242	
Smarcc1		-0.01943996	
Kif21a		-0.01951604	
Ankrd10		-0.019517802	
Grn		-0.01951995	
1600012P17Rik		-0.019536095	
Smu1		-0.019595606	
Tmem14c		-0.019711284	
Zkscan3		-0.019738633	
Gm9378		-0.019805178	
ENSMUSG00000135388		-0.01981361	
Dmd		-0.019828035	
Gm8756		-0.019867405	
Lmx1b		-0.019869817	
Arhgef11		-0.01989567	
Atp5f1e		-0.019934531	
Caskin1		-0.02007393	
Kctd6		-0.02008475	
Uba1		-0.020152802	
Osbpl10		-0.020249514	
Arhgap28		-0.020261107	
Mex3b		-0.02027984	
Cic		-0.020305604	
Pxk		-0.020381965	
ENSMUSG00000131608		-0.020436946	
Gm57433		-0.020436946	
ENSMUSG00000122921		-0.020436946	
ENSMUSG00000129862		-0.020436946	
Poln		-0.020436946	
Epgn		-0.020436946	
Gm43123		-0.020436946	
Gm37827		-0.020436946	
Mrgprb1		-0.020436946	
Gm44667		-0.020436946	
B3gnt6		-0.020436946	
ENSMUSG00000130571		-0.020436946	
Gm45865		-0.020436946	
Plk5		-0.020436946	
ENSMUSG00000128149		-0.020436946	
Adam21		-0.020436946	
ENSMUSG00000143730		-0.020436946	
Gm29502		-0.020436946	
Gm37183		-0.020436946	
ENSMUSG00000129688		-0.020436946	
Gm26902		-0.020436946	
Grpr		-0.020436946	
Alpl		-0.020461656	
Ahr		-0.02051308	
Zhx1		-0.020519178	
Eif5b		-0.02059691	
Sgk1		-0.020626986	
Snx1		-0.020644788	
Nf2		-0.020645835	
Gm13594		-0.02066287	
Prdm5		-0.020676482	
Col23a1		-0.020678716	
Rnase4		-0.020688673	
Ccnb1		-0.020692289	
4930430J02Rik		-0.020727124	
Nacc1		-0.020736499	
Wdr5		-0.02091711	
Pex7		-0.020968813	
Chmp7		-0.02103282	
Atad5		-0.021051558	
Pomc		-0.021077305	
Acot8		-0.02108721	
Ntan1		-0.021164294	
Ctdsp2		-0.021251196	
Aard		-0.02126928	
Trmt2b		-0.021280147	
Fip1l1		-0.021285705	
Eif3m		-0.021337777	
Igtp		-0.021348368	
Mthfd2		-0.02147563	
Slc25a28		-0.021529816	
Gm13589		-0.021562718	
Jdp2		-0.021591706	
Sdad1		-0.021592945	
Snrpb2		-0.02160435	
Csnk2a2		-0.021605551	
Ctu2		-0.021654716	
Adipor1		-0.021696303	
Nin		-0.021730466	
ENSMUSG00000130430		-0.021766687	
Cir1		-0.021789547	
Gypc		-0.02180511	
Zfp661		-0.021818422	
Trak1		-0.021861367	
Galnt6		-0.021998145	
Mpst		-0.02206003	
Large1		-0.022144482	
Rnf187		-0.02215262	
Gm47773		-0.022171851	
Taf12		-0.02221478	
Spast		-0.022275055	
Zbtb10		-0.022299847	
Cyth2		-0.022317534	
Arhgap27os2		-0.022331081	
Rpl39		-0.022338293	
Iws1		-0.022369213	
Atmin		-0.022403898	
Ctdsp1		-0.02247819	
Gm16364		-0.022483839	
1600012H06Rik		-0.022506475	
Supt6		-0.022548914	
Cdk7		-0.022558143	
Cep76		-0.02256408	
Lims2		-0.02265471	
Sh3bp5l		-0.022662455	
ENSMUSG00000142882		-0.022705322	
Uvssa		-0.022740133	
Ccdc93		-0.022764783	
Rrp7a		-0.022765951	
Kdm2a		-0.022772282	
Mamdc4		-0.022949804	
Fdxr		-0.022953881	
Wdr26		-0.022954157	
Msi2		-0.023000138	
Gm37648		-0.023006245	
Gm37313		-0.023006245	
ENSMUSG00000128369		-0.023006245	
Gm12299		-0.023006245	
Gm11585		-0.023006245	
ENSMUSG00000136079		-0.023006245	
D930007P13Rik		-0.023006245	
ENSMUSG00000121976		-0.023006245	
ENSMUSG00000139942		-0.023006245	
ENSMUSG00000135899		-0.023006245	
Mon1a		-0.02301964	
Ptpa		-0.023092851	
Rpl17		-0.023126539	
Usp49		-0.023197055	
Gm43461		-0.023216134	
Btbd10		-0.023234	
ENSMUSG00000140554		-0.023397408	
Mroh1		-0.023445256	
4930515G01Rik		-0.023472961	
Nkapd1		-0.023481641	
Efl1		-0.023539536	
Fig4		-0.023542399	
Sptlc2		-0.023550443	
Kif7		-0.023576654	
Ghitm		-0.023623416	
Rbbp6		-0.023681235	
Tcf15		-0.023691839	
Dnmbp		-0.023725616	
Carhsp1		-0.023730202	
Gm48444		-0.023740195	
ENSMUSG00000138382		-0.023751114	
Mafa		-0.02377039	
Ino80e		-0.023795059	
Tmem198		-0.023863332	
Pmm2		-0.023919955	
Tcf7l1		-0.02392873	
Gm39993		-0.023944043	
Shank2		-0.023966465	
ENSMUSG00000135935		-0.024079422	
ENSMUSG00000124808		-0.024081709	
Krcc1		-0.02431324	
Pyroxd2		-0.024314072	
Cd59a		-0.024316339	
Heg1		-0.02433705	
D630024D03Rik		-0.024387872	
Abhd12		-0.024412902	
Nol7		-0.02448545	
Ppp1ca		-0.02452813	
Batf		-0.024530841	
R3hcc1		-0.02461218	
Prss8		-0.024666732	
Rnf227		-0.024707323	
Kif2a		-0.024709793	
Sympk		-0.02472982	
Irf8		-0.024746334	
Rffl		-0.024856742	
Cdk19		-0.024892656	
Pnpla3		-0.024896463	
Blmh		-0.024903493	
Rab11fip1		-0.024912909	
Ppp2r2c		-0.024932439	
Phf2		-0.025004039	
Gabarap		-0.02504911	
Pdzrn3		-0.025069235	
Sqstm1		-0.025115762	
Ube2d1		-0.025156138	
Rprd1b		-0.025163459	
ENSMUSG00000132432		-0.025445007	
Marveld1		-0.025465269	
Tmem184b		-0.02548428	
Gm26839		-0.025514	
ENSMUSG00000142535		-0.025514	
ENSMUSG00000125622		-0.025514	
Xpot		-0.025683615	
Exoc1		-0.025694173	
Zbtb14		-0.02571553	
Hint1		-0.0257631	
Tln1		-0.025809875	
Slc30a2		-0.02588986	
Cldn8		-0.025895631	
Skp1		-0.0259166	
Gm12349		-0.0260874	
Rcbtb1		-0.026115816	
Camkk2		-0.026152808	
Arhgap18		-0.02617726	
Slfn2		-0.026191557	
Fendrr		-0.026281366	
Lhfpl2		-0.026303861	
Ube2q2		-0.02631032	
Rps25		-0.026323574	
Fam83f		-0.026385402	
Ube2j1		-0.026392225	
Borcs5		-0.026393846	
Dars2		-0.026396053	
Ogfod3		-0.026443096	
Cds2		-0.026459558	
Pdlim5		-0.026518572	
Mob3a		-0.026579488	
Peds1		-0.026621185	
Gsto1		-0.02668053	
ENSMUSG00000135560		-0.026685081	
Tmem101		-0.026734458	
Clic4		-0.026735242	
Ehd4		-0.02673831	
Bclaf1		-0.026740136	
Chchd7		-0.026740741	
Prkar1a		-0.026819298	
Hyi		-0.026833648	
Eif2s2		-0.026873505	
Csnk1a1		-0.026874455	
Nrip1		-0.026908811	
5430427G11Rik		-0.026911695	
Rptor		-0.026914928	
Gm50475		-0.026947629	
Gm26226		-0.0269496	
Mon1b		-0.026952809	
Polr1b		-0.026967138	
Senp8		-0.026994359	
Msh5		-0.027087808	
Ercc5		-0.027091952	
Rap1gap		-0.027092334	
Sp1		-0.027155148	
ENSMUSG00000133321		-0.027202899	
ENSMUSG00000135980		-0.027202899	
Gm6252		-0.027202899	
Gm38082		-0.0272103	
Slamf9		-0.027214859	
Gm3734		-0.02724046	
Mrps6		-0.027246589	
ENSMUSG00000124710		-0.027286444	
Cd36		-0.02729549	
Serpinb9f		-0.027339539	
Med30		-0.02735702	
Nqo1		-0.027425036	
Bach1		-0.02745493	
Gm43625		-0.027556915	
Tspan18		-0.027580831	
Atf6		-0.02758255	
Rcl1		-0.027585093	
Ssb		-0.027614702	
Svop		-0.027693981	
Gm15983		-0.0277097	
ENSMUSG00000138777		-0.0277097	
Btf3l4		-0.027746148	
Cldn4		-0.027801778	
Zeb2		-0.027884714	
Gm38037		-0.027937405	
Gm34294		-0.027937405	
ENSMUSG00000135856		-0.027937405	
ENSMUSG00000142857		-0.027937405	
Gm43080		-0.027937405	
Gm43805		-0.027937405	
ENSMUSG00000131124		-0.027937405	
Gm15421		-0.027937405	
Gm55878		-0.027937405	
ENSMUSG00000139411		-0.027937405	
4930413G21Rik		-0.027937405	
Adam5		-0.027937405	
Gng14		-0.027937405	
Gm27030		-0.027937405	
Gm47392		-0.027937405	
ENSMUSG00000130352		-0.027937405	
ENSMUSG00000124385		-0.027937405	
ENSMUSG00000142596		-0.027937405	
ENSMUSG00000140736		-0.027937405	
ENSMUSG00000130978		-0.027937405	
ENSMUSG00000143060		-0.027937405	
ENSMUSG00000124483		-0.027937405	
Arel1		-0.027965475	
Cenpn		-0.028067304	
Smap1		-0.028076826	
Gmps		-0.028082494	
Actr1a		-0.028097559	
Gm56847		-0.028231269	
Rbm6		-0.02825409	
Ppp4r2		-0.028268443	
Gm15446		-0.028324414	
Zbed3		-0.028399672	
Gm57088		-0.028490055	
Smarcb1		-0.028520746	
Casp3		-0.02854536	
Nuf2		-0.02855791	
Iffo1		-0.028595159	
Pcyox1l		-0.028634673	
Tlnrd1		-0.028717743	
Slc30a4		-0.02876461	
Ctsl		-0.028779741	
Ctif		-0.028815709	
Tigd2		-0.02883686	
Gbp6		-0.028837852	
Rbks		-0.028840894	
Myd88		-0.028887017	
Ginm1		-0.02889966	
Met		-0.028933847	
Ranbp6		-0.028972557	
Trappc4		-0.029009543	
Efcab8		-0.029063921	
Ube2r2		-0.029101884	
S100a11		-0.029173292	
Wdr43		-0.029240264	
Camsap3		-0.029283086	
Sri		-0.029285267	
Cep104		-0.029297065	
Arfgef2		-0.029324152	
E2f4		-0.029325344	
Pex11b		-0.029333493	
ENSMUSG00000143383		-0.02933809	
Glrx2		-0.029360512	
Nadk		-0.029411994	
Vps72		-0.02941942	
Zfp36l3		-0.029441163	
Tmt1a		-0.029517658	
Mcm4		-0.029587507	
Rlim		-0.029589916	
Mllt1		-0.029646685	
Rps8		-0.029659986	
Cul4b		-0.029684268	
Ikbip		-0.029716358	
Ggnbp2		-0.02972052	
Tpt1		-0.029752983	
Pros1		-0.029849214	
Taf4b		-0.029914048	
Wasf2		-0.02996236	
Pfas		-0.02997886	
Dnm2		-0.030020485	
Fgf18		-0.030055229	
Tepsin		-0.030067183	
Vps37a		-0.030071149	
Tkt		-0.030096805	
Ifit3b		-0.030132664	
ENSMUSG00000136485		-0.030138029	
Gcc2		-0.030152028	
Atp5mk		-0.030184036	
Mettl1		-0.030189568	
Zfp729b		-0.03019147	
Cyp20a1		-0.030206976	
Gsk3b		-0.030213654	
Eif3c		-0.030249335	
Wwp2		-0.030283373	
Cope		-0.03030504	
Mir7-1		-0.030354248	
ENSMUSG00000134219		-0.030371279	
ENSMUSG00000135968		-0.030371279	
ENSMUSG00000139299		-0.030371279	
Gm15410		-0.030371279	
Gm39429		-0.030371279	
Gm15934		-0.030371279	
Gm3219		-0.030371279	
Pram1		-0.030371279	
ENSMUSG00000139209		-0.030371279	
Tmem11		-0.030434936	
Mia2		-0.030452201	
Cops6		-0.030474603	
Tmem177		-0.030502923	
Kdelr3		-0.030510413	
Fam53c		-0.030554818	
Tmem9		-0.030589078	
Ap1b1		-0.030595986	
Plcb4		-0.030677317	
Tsr3		-0.03070953	
Prl3b1		-0.030719863	
Oplah		-0.030723222	
Gm26728		-0.030734114	
Mfn2		-0.030785931	
Por		-0.030785993	
Sf3b3		-0.03082958	
Gm56878		-0.030833947	
D730003I15Rik		-0.030879587	
Cct3		-0.030880446	
Aph1b		-0.03089654	
Ube2g1		-0.030904679	
Dynlt1f		-0.031002274	
Gja1		-0.031120053	
Iars2		-0.031126535	
Wbp2		-0.031176865	
Npc2		-0.031202424	
Git1		-0.03128866	
Bloc1s5		-0.031288948	
Nceh1		-0.031306162	
Styk1		-0.031310033	
Zc3hav1		-0.031379566	
Rundc1		-0.031382985	
Hgsnat		-0.031504445	
Shroom2		-0.031530596	
Arhgap20os		-0.03153604	
Syf2		-0.03159732	
Ccdc12		-0.031626377	
Timm17a		-0.031883754	
Thap3		-0.031892255	
Akt1		-0.031900886	
Adss2		-0.031905726	
Zyg11b		-0.031946823	
Lyset		-0.032062892	
Slc27a2		-0.03210894	
Trmt44		-0.032109138	
G2e3		-0.032143872	
Dlg1		-0.032196783	
Ncaph		-0.032217633	
Srpk1		-0.032223824	
Ptpn3		-0.03229331	
Cdh3		-0.03230315	
Irf7		-0.032396555	
Rhob		-0.032555934	
ENSMUSG00000123339		-0.032569215	
Batf3		-0.032668255	
ENSMUSG00000123118		-0.032676835	
Thoc2l		-0.032725185	
6330562C20Rik		-0.032737326	
Zdhhc3		-0.032783486	
Rpl13		-0.032869425	
Rpl6		-0.032882188	
P2ry14		-0.03289326	
Vrk2		-0.032911923	
Cyth1		-0.032976694	
A630052C17Rik		-0.033034883	
Me2		-0.033036023	
Zfp800		-0.03310027	
B4galt5		-0.03312634	
ENSMUSG00000125335		-0.0331409	
Gm44550		-0.03324511	
Gapdh		-0.033309173	
Ctsr		-0.033313382	
Ceacam13		-0.033326697	
Celsr2		-0.03335973	
Daxx		-0.033401232	
ENSMUSG00000143059		-0.0334154	
Sgta		-0.033498142	
Dst		-0.033502113	
Mbd5		-0.03351903	
Wdr81		-0.033532422	
Rnh1		-0.03358422	
H13		-0.033600282	
Selenow		-0.03360141	
Ccnl2		-0.033651926	
Ndufs3		-0.033666003	
Trip10		-0.03371479	
Dnajc27		-0.033779047	
Tubal3		-0.033802904	
Frg1		-0.033820674	
Cdc42se2		-0.033856843	
Kctd12b		-0.033867113	
ENSMUSG00000129787		-0.033905614	
Gm14661		-0.033905614	
Slc25a33		-0.033925954	
Mocs2		-0.033932496	
Scmh1		-0.03394088	
Rbx1		-0.033981673	
ENSMUSG00000134819		-0.03399458	
Lpgat1		-0.034151535	
Fntb		-0.034200188	
Arpc2		-0.034217354	
Wdr86		-0.034237806	
Mbtps2		-0.034311064	
6820431F20Rik		-0.034335792	
Psmc1		-0.034371357	
Acsm1		-0.034466933	
Gm49602		-0.034472488	
Gm20522		-0.034474157	
Nfatc1		-0.03447825	
Mtf1		-0.03457023	
Trabd		-0.03458863	
Zfhx3		-0.034641594	
Cnnm3		-0.034688782	
Strn		-0.03470465	
Mgat1		-0.03487051	
Kitl		-0.03492054	
ENSMUSG00000121350		-0.035099383	
Tmem184a		-0.035136703	
ENSMUSG00000129389		-0.03514578	
Gm6457		-0.03514578	
Nsun3		-0.035146292	
Gjb3		-0.035169832	
Slc22a17		-0.03522895	
Bcl10		-0.035241608	
Ceacam11		-0.035280053	
Trim8		-0.035310693	
Axl		-0.0353509	
Edem1		-0.035384107	
Gm7694		-0.03538773	
D17H6S56E-5		-0.03542085	
Gm10605		-0.035534713	
Otub2		-0.035578385	
Eif2s3x		-0.035593815	
Kifbp		-0.03562389	
Hars2		-0.035655156	
Nfkb1		-0.035693742	
Adap2		-0.035721254	
Gm17655		-0.035737924	
Dhcr7		-0.03581751	
Zc3h8		-0.035817582	
Tmsb4x		-0.035896227	
1700052K11Rik		-0.03590904	
Dynlrb1		-0.035913248	
Ninj1		-0.035983227	
Rnf169		-0.036032014	
Mfap1b		-0.03603505	
Tyw3		-0.036051482	
Ist1		-0.03607107	
Elob		-0.036093656	
Foxo4		-0.03611681	
Wsb1		-0.036123067	
ENSMUSG00000140117		-0.036186613	
ENSMUSG00000130683		-0.036186613	
Tm2d3		-0.036194704	
Bak1		-0.036215384	
Trim13		-0.036293946	
Fam193a		-0.036350213	
Pabpc1		-0.03636538	
Arhgdia		-0.03639431	
Smg9		-0.036457315	
Brf2		-0.036496263	
G530011O06Riky		-0.03650541	
Gm16794		-0.036550518	
Rad23b		-0.03656578	
Gm12185		-0.03672172	
Camk1d		-0.036772422	
Nup133		-0.03678954	
Gm32261		-0.036813404	
Tipin		-0.036945004	
Pnpla1		-0.03726972	
Plscr4		-0.037277453	
Sft2d1rt		-0.03739108	
Triobp		-0.037407286	
Ilrun		-0.03744702	
Upp1		-0.03750636	
Pom121		-0.03751945	
Rab11b		-0.037545115	
ENSMUSG00000121477		-0.03754522	
Gm40557		-0.037554257	
Pten		-0.037619423	
Myh7b		-0.037635356	
Gm19510		-0.037685923	
Ccl27a		-0.037738074	
Gm31105		-0.03774457	
Slx1b		-0.03780699	
Rab9		-0.037868865	
Naxd		-0.03791624	
Golm2		-0.037917055	
Serinc3		-0.037976656	
Trim2		-0.03801216	
Scpep1		-0.038027182	
Ypel3		-0.038145415	
Slc4a8		-0.03818786	
Rpusd1		-0.0382208	
ENSMUSG00000128512		-0.03831125	
Ythdf2		-0.038383633	
ENSMUSG00000134250		-0.038422003	
Iscu		-0.03854348	
Asl		-0.038548376	
Mff		-0.0385598	
Utp3		-0.038610145	
Mmab		-0.038618732	
Rhbdd3		-0.038628165	
Psma3		-0.038664788	
B230362B09Rik		-0.038710177	
A430090L17Rik		-0.038785756	
Ifne		-0.03883357	
Prmt5		-0.038840454	
Rraga		-0.038858693	
Slc12a2		-0.03887101	
Ntn3		-0.038899727	
Arhgef19		-0.0389422	
Rassf5		-0.03897333	
Tbc1d5		-0.038981568	
AI597479		-0.038986545	
Cxcl10		-0.03904984	
Mink1		-0.039127436	
Sde2		-0.03914928	
Rpl32		-0.039171733	
Rbm26		-0.039328694	
Wdr70		-0.039331824	
Urgcp		-0.03933509	
Dennd4c		-0.039362777	
Dtd2		-0.039443217	
Dazap1		-0.03951305	
Sfmbt1		-0.039572727	
Skic2		-0.039596796	
Hook1		-0.039755873	
Galns		-0.039785173	
Mrps30		-0.03980149	
Abcc5		-0.039805796	
Arpc5		-0.03990635	
Ttc28		-0.03990927	
Kcnk6		-0.03991404	
Dhx36		-0.039986048	
Emc9		-0.04003685	
Ahcyl1		-0.04012589	
Dip2a		-0.040176887	
Gm43820		-0.04018382	
Triml1		-0.040195197	
Cwc27		-0.040233463	
Rras2		-0.040278606	
Aph1a		-0.040329713	
Klhl42		-0.04032984	
Bag4		-0.04033776	
Ly6e		-0.040367007	
Foxp1		-0.04039452	
Pde4d		-0.040403675	
H3f3b		-0.04041447	
Retreg3		-0.040415388	
Nxph4		-0.04043422	
Rpn2		-0.040464282	
Flt3l		-0.040468805	
Polr3c		-0.04049074	
Gm38304		-0.040498763	
Ctsw		-0.040498763	
Lcp2		-0.040520545	
Wipf3		-0.040548526	
Leng8		-0.040607214	
Wiz		-0.040662106	
Adgra2		-0.04068412	
Dnajb14		-0.04070735	
Znhit3		-0.040742636	
Slc22a18		-0.04074467	
Tprn		-0.040816367	
Tmem151a		-0.040822268	
Rpl9		-0.040857725	
Pdk3		-0.04086333	
Camk4		-0.040897682	
Pms2		-0.040963262	
Clcn6		-0.04100894	
Anxa1		-0.041017942	
Usp7		-0.041075613	
Tm9sf1		-0.04114249	
Armc8		-0.041150935	
Rbak		-0.041153297	
Syt2		-0.04117722	
Ppm1d		-0.04119211	
Kcnd3		-0.04123099	
2010002M09Rik		-0.041259695	
Stk38		-0.041421354	
Paf1		-0.041468047	
Cgrrf1		-0.041511204	
Dennd2b		-0.04153504	
Anks6		-0.041540664	
Cdc40		-0.04155692	
Zfp408		-0.04168798	
Fuca1		-0.041729473	
Fetub		-0.041819636	
Ppp1r8		-0.04182209	
Fam53b		-0.041842308	
Nup188		-0.041855223	
Hsdl1		-0.041860186	
2010204K13Rik		-0.041911263	
Jup		-0.041969687	
Gm37516		-0.042007677	
Nat9		-0.04200781	
Osbp		-0.042045698	
9930111J21Rik2		-0.042133983	
Eif4a3		-0.04218962	
Bcar3		-0.042197656	
Narf		-0.04221986	
Ildr2		-0.04228897	
Pex5l		-0.042323016	
Odf2		-0.04233929	
Rps15a-ps6		-0.042414207	
Sdhc		-0.042435765	
Kif24		-0.04247277	
Tex264		-0.04248727	
Gm7575		-0.042498797	
Gm43511		-0.042557523	
Gm43050		-0.042564437	
Tmem115		-0.04268243	
Pnpla2		-0.042702712	
Gm4617		-0.042715877	
Hectd3		-0.042794213	
Qrsl1		-0.042795055	
Pdlim7		-0.042832956	
Naa40		-0.042910457	
Cdk2ap2		-0.04292715	
Kcnc4		-0.043052763	
Donson		-0.043079082	
Fam204a		-0.04310866	
C1qtnf6		-0.04313925	
Zfp39		-0.043175064	
Gm56677		-0.043249346	
Nenf		-0.043325886	
Itpkc		-0.04337041	
Rpl19		-0.043387175	
ENSMUSG00000132972		-0.04339692	
ENSMUSG00000125120		-0.04339692	
Mad2l1bp		-0.04339867	
Zfp146		-0.043434545	
Ccndbp1		-0.043441076	
Gm15417		-0.04344308	
Nelfe		-0.04352373	
Lrrc8b		-0.043558706	
Gpatch2		-0.043580875	
Tctn1		-0.043643057	
Serinc5		-0.043664306	
Sipa1l2		-0.04368653	
Baz2a		-0.04374501	
Ankle2		-0.043778565	
Suv39h2		-0.043831713	
Pnpla7		-0.04386844	
Patl1		-0.04389091	
Rbm5		-0.0438944	
Ccng1		-0.043953363	
Ttll4		-0.043996517	
B9d2		-0.044069394	
Cmip		-0.044086915	
Rab8a		-0.044098563	
Hdac10		-0.044139296	
Ifi30		-0.044261884	
Becn1		-0.044304125	
Gkap1		-0.04431381	
Pik3r5		-0.04437934	
Ceacam23		-0.04439064	
Vcp		-0.044400323	
Fggy		-0.044427764	
Ache		-0.044441454	
Epor		-0.04451687	
Gatc		-0.04454087	
Scarf2		-0.044576567	
Snhg20		-0.044680733	
Arhgef40		-0.044730067	
Psme4		-0.044731695	
Gtf2f2		-0.04473841	
Tmc5		-0.04477817	
Cdk2		-0.044779107	
Tex10		-0.04490939	
Arhgap27os1		-0.044941235	
Scfd2		-0.044955097	
Gatd3a		-0.04496581	
Sdhaf2		-0.04497206	
Abhd13		-0.04501091	
Etfa		-0.045012914	
Tjp2		-0.045069907	
Diras2		-0.045083515	
Spata1		-0.045095563	
Acadsb		-0.04526608	
Sar1b		-0.04529992	
Gpn3		-0.04530589	
Mapre3		-0.045349065	
Manbal		-0.045371056	
Psg27		-0.045425136	
Lamtor1		-0.04553239	
Prpf19		-0.04559733	
Shroom4		-0.04568212	
Gm57184		-0.045713052	
Dnajc15		-0.045720134	
9130002K18Rik		-0.04574191	
Uhmk1		-0.04576905	
Pik3r4		-0.045881003	
Srd5a3		-0.04596713	
Gm43254		-0.046020966	
Bbip1		-0.046094015	
Trp53i11		-0.046149623	
Tsr1		-0.04615942	
Nme1		-0.046186183	
Mxd1		-0.04631626	
Rtf2		-0.046320453	
Exoc5		-0.046396676	
Ndufs2		-0.046407	
Mecr		-0.046465266	
Nr2c1		-0.046487562	
Cln3		-0.046598747	
Sox17		-0.04670542	
Dusp16		-0.04670947	
Pkdcc		-0.04671341	
Stx12		-0.04681622	
Ppic		-0.046820212	
Cenpi		-0.046832837	
Rnf41		-0.04689325	
Sap30bp		-0.046897072	
Zfp58		-0.046939556	
M6pr		-0.046996973	
Zfp622		-0.047004614	
Uqcc1		-0.047023352	
Rsad1		-0.047173895	
Tfe3		-0.047200374	
Ssr1		-0.047238626	
Traf7		-0.04730735	
Arhgap42		-0.0473214	
Gnb2		-0.047333743	
Pym1		-0.047387015	
Fermt3		-0.047418937	
Gm45620		-0.047443856	
Nudcd2		-0.047448594	
E4f1		-0.047451448	
Gm14325		-0.04762119	
Gm26387		-0.0476597	
ENSMUSG00000134604		-0.0476597	
Bmp7		-0.047661647	
Traf3		-0.047782056	
Adck2		-0.0477873	
Rgs12		-0.047805995	
Prodh		-0.047895223	
Ift74		-0.047969285	
Smim15		-0.048050955	
Sf3a2		-0.048136286	
Bola2		-0.048163246	
Zbtb49		-0.048167564	
Arxes1		-0.04817978	
Wipi2		-0.048207708	
Gbp10		-0.048219867	
Cherp		-0.048318643	
Thra		-0.04832062	
Gm45286		-0.048322	
Tmem106b		-0.048398495	
Chst14		-0.04840658	
Fam43a		-0.048475087	
Crcp		-0.048494384	
Cyfip1		-0.048535515	
Spred2		-0.04855382	
Mier1		-0.048609953	
Tmem145		-0.04865463	
Lrrc28		-0.048700806	
Rab18		-0.048708152	
Rasgrf2		-0.04873936	
ENSMUSG00000139293		-0.048749775	
R3hdm1		-0.04876463	
ENSMUSG00000127240		-0.048829507	
ENSMUSG00000132333		-0.048829507	
Dnajc8		-0.048857678	
Kdf1		-0.048909955	
4921531C22Rik		-0.048912976	
Ufl1		-0.048995156	
Esyt2		-0.049132172	
Gm9873		-0.049183894	
Golgb1		-0.049269427	
Lonp1		-0.04933534	
Psmd11		-0.04939809	
Bcas2		-0.049436223	
Slc46a1		-0.049455833	
Xab2		-0.049544875	
Bmp5		-0.0495783	
Tbcd		-0.049609672	
Prdx2		-0.049624447	
Higd2a		-0.049688146	
Atp6ap1		-0.04972145	
Ambra1		-0.049730565	
Dhrs11		-0.049746644	
Dpagt1		-0.049773544	
Cdadc1		-0.04987778	
Rpl37		-0.049916275	
Gm20627		-0.049974002	
Prps1l3		-0.04997822	
ENSMUSG00000141020		-0.04999038	
Otub1		-0.050028607	
Ebag9		-0.05005496	
Dpcd		-0.050125685	
Ccdc57		-0.05013885	
Rlf		-0.050138984	
Arhgap29		-0.05014491	
Ube2e1		-0.050256137	
Rnf215		-0.05028455	
Fbxl15		-0.050299123	
Usp51		-0.050344583	
Med22		-0.05035471	
Scyl3		-0.05042015	
Vps16		-0.050457038	
Pip5k1a		-0.050464824	
Bicd1		-0.050470058	
Pop1		-0.05048104	
Cacna1c		-0.05049495	
Acp6		-0.050510734	
Ufm1		-0.05077983	
Peak1		-0.050794255	
Dynlt2b		-0.050801646	
Abcb9		-0.05082707	
Btg2		-0.050855916	
Zscan18		-0.050867982	
Gm49172		-0.050950773	
Suds3		-0.05102306	
Cttn		-0.051086135	
Mxd4		-0.05121189	
Rps19bp1		-0.051213562	
Vps18		-0.051283203	
Arhgef1		-0.051501144	
Cdk5		-0.051593434	
Mlx		-0.05159745	
Usp39		-0.051643617	
Xrn2		-0.05167212	
Hpf1		-0.051680278	
Gm13523		-0.05174298	
Glmp		-0.051832806	
Ddx27		-0.05183796	
Ubac1		-0.051865652	
Ero1a		-0.0518874	
Dcun1d5		-0.051903922	
A930007A09Rik		-0.051909488	
Rcan1		-0.051997684	
Gemin5		-0.052030444	
Kat14		-0.052040853	
Cep192		-0.052072138	
Rps3a1		-0.05210529	
Tcf4		-0.052120995	
Dnajc18		-0.052121278	
P2rx4		-0.05212193	
Nkain2		-0.052170068	
Sap130		-0.05218506	
Cpped1		-0.05229682	
Nans		-0.05230138	
Golga7b		-0.052348875	
Pmpca		-0.05250392	
Igsf8		-0.05250413	
Gtpbp4		-0.052549317	
Tbc1d22a		-0.052558295	
Ptrh1		-0.052561175	
Trappc12		-0.052627522	
Hadhb		-0.052665547	
Dcakd		-0.052747566	
Tmem229b		-0.052784283	
ENSMUSG00000135675		-0.05285431	
Glud1		-0.052923515	
Slc50a1		-0.05305867	
Use1		-0.05307919	
Scly		-0.053111993	
Gm39459		-0.05315576	
Mir6955		-0.05315576	
Ipo13		-0.053218197	
Fam3a		-0.053311486	
Syt13		-0.053377543	
Mppe1		-0.053405493	
Cdk3		-0.053424448	
Pdpn		-0.05348775	
Armc10		-0.053489022	
Cby1		-0.053507082	
Cog5		-0.05361693	
Gm21103		-0.053759076	
Hps1		-0.053940438	
Vgll3		-0.053973533	
Sec61g		-0.05400074	
Glipr1		-0.05403685	
Grk2		-0.05405775	
Psme3		-0.05406073	
Emc6		-0.05409424	
Rpl8		-0.05415984	
Tet3		-0.054162435	
Tcn2		-0.05417485	
Ap4b1		-0.054202683	
Rnf17		-0.054204766	
Gm38021		-0.054210488	
Nfix		-0.05421978	
Mfsd9		-0.054243285	
Vegfb		-0.054267332	
Il2rg		-0.054417297	
Kmt2d		-0.05449048	
Vps37c		-0.054493606	
Rfwd3		-0.054500367	
Acer2		-0.054517996	
Nupr1		-0.054606725	
Ddx41		-0.0546824	
Nipal1		-0.054709192	
Oaz2-ps		-0.05471369	
Sapcd1		-0.054752838	
Dkk3		-0.054798916	
Mapkapk2		-0.054858692	
Tedc2		-0.054921802	
Ccser2		-0.054945808	
Avl9		-0.05495693	
Ap4s1		-0.054986056	
Ceacam5		-0.055007312	
Atad2b		-0.05502573	
Lrrc57		-0.05504504	
Yars1		-0.05507824	
Rpl29		-0.05512141	
Nars2		-0.05516147	
Zfp687		-0.055220835	
Gm4117		-0.055284284	
Ppp2r5d		-0.055291414	
Slc25a17		-0.055323094	
Zfyve19		-0.055447098	
Gm28564		-0.0554587	
Gm53048		-0.055463985	
Tnrc6a		-0.055466305	
Memo1		-0.055480737	
Nyap1		-0.055536684	
Rpl5-ps1		-0.055547263	
Hoxb2		-0.055625584	
Unc13a		-0.05570888	
Plekhj1		-0.05571905	
Ogfrl1		-0.055740926	
Gm17147		-0.0557714	
Erg		-0.05579499	
Phgr1		-0.0559121	
Stau1		-0.055964258	
Pak5		-0.055993818	
Tmem268		-0.05601312	
Dip2b		-0.056024835	
Gm26640		-0.056055952	
Polr2c		-0.056105483	
Setd6		-0.056169227	
Mrps2		-0.056303944	
Gm57455		-0.05634445	
Ifi35		-0.056463424	
Usp8		-0.05648881	
Phlda2		-0.056547884	
Tmcc1		-0.056555986	
Mrpl12		-0.05655711	
Usp3		-0.056620684	
Kcnq1		-0.05663276	
Gaa		-0.056664385	
Grep1		-0.056720722	
Kank3		-0.056793906	
Spry1		-0.056820497	
Lsm12		-0.05690307	
Selenom		-0.056993894	
Cast		-0.056994326	
Tyw1		-0.057019077	
Ttc14		-0.057031985	
Megf8		-0.057088647	
Rnf31		-0.057108458	
Mepce		-0.057152346	
Gm13388		-0.057166394	
ENSMUSG00000135795		-0.057166394	
ENSMUSG00000139163		-0.057166394	
ENSMUSG00000121385		-0.057166394	
Mmp21		-0.057166394	
4930509E16Rik		-0.057166394	
ENSMUSG00000130340		-0.057166394	
Gm12052		-0.057166394	
Mirt2		-0.057166394	
Gm7168		-0.057166394	
Phykpl		-0.05716871	
Fam174c		-0.05722812	
A930004J17Rik		-0.05722885	
Egln2		-0.057242732	
Rnf5		-0.057307422	
Mphosph8		-0.05732936	
Brd8		-0.05733195	
Polr3f		-0.05736848	
Cttnbp2nl		-0.05740482	
Clip2		-0.05749058	
S1pr2		-0.057522036	
Creld1		-0.057534453	
Prkag2		-0.05763794	
Dtwd1		-0.057666276	
Satb2		-0.057669807	
Trim24		-0.057674155	
ENSMUSG00000140435		-0.057722837	
Rtcb		-0.05795384	
Plec		-0.057971377	
Ints14		-0.05800799	
Lsp1		-0.05807052	
C330024D21Rik		-0.058157437	
Accs		-0.058165494	
Ythdc1		-0.058261987	
Gm57008		-0.058380313	
Amacr		-0.05839814	
Htatip2		-0.058436684	
Josd2		-0.05843775	
Sdcbp		-0.058440443	
Dnmt1		-0.058452282	
Xrcc5		-0.05845385	
H2-Eb1		-0.0584945	
Vmac		-0.05850189	
Gm44148		-0.058584645	
Gm26648		-0.058595438	
Insig2		-0.058639016	
C330013E15Rik		-0.058698427	
Pdcd7		-0.05870724	
Mat2b		-0.05872218	
Ubap2l		-0.058753382	
Fscn1		-0.058807906	
Stimate		-0.05881063	
Naa20		-0.058815744	
Tbc1d23		-0.058912884	
Zfp691		-0.058972765	
Gm9794		-0.059053328	
Thrap3		-0.05909617	
Hspa9		-0.059121348	
Acad10		-0.05917353	
Irx3		-0.059210118	
Ep400		-0.059210155	
Trappc11		-0.059216134	
Bcap31		-0.059247606	
Cdkal1		-0.059272356	
Adam22		-0.059351522	
Ppp2r5e		-0.059460655	
Zfp27		-0.05950077	
Tmem63a		-0.059520986	
Cstb		-0.059575602	
Ddx52		-0.059634212	
Snx21		-0.059685633	
Gm46516		-0.059758935	
Nptxr		-0.05998158	
Gm13436		-0.0599855	
Pheta2		-0.05999102	
Mtmr9		-0.06005395	
Strn4		-0.060115766	
Tubgcp5		-0.060235985	
Mvb12a		-0.0602368	
Hmbs		-0.06029718	
Heatr1		-0.0603089	
Pus7		-0.060350653	
Gdap2		-0.06038396	
Lin9		-0.06039294	
Rpl10a		-0.060454667	
Akt3		-0.06061829	
Ska2		-0.0606456	
Ncapd3		-0.060708456	
Map2k1		-0.06071871	
Slc9b2		-0.060777377	
Coq10b		-0.060819913	
Rnf126		-0.06082136	
Gm19569		-0.06089803	
Agbl2		-0.060907487	
Plppr4		-0.060907487	
Gm43652		-0.060907487	
Ntf3		-0.060907487	
ENSMUSG00000138767		-0.060907487	
Alkbh5		-0.06090859	
Slc23a1		-0.06090953	
Gm57076		-0.060942262	
Arhgap31		-0.060966183	
Mob2		-0.060997788	
Svip		-0.061028033	
Ccar1		-0.06103482	
4930431P22Rik		-0.061051298	
Dhx16		-0.061052132	
Map3k11		-0.06112855	
Camsap1		-0.061153017	
Abl1		-0.061251782	
Mmp1a		-0.061280213	
Nat2		-0.06132562	
Acd		-0.061405834	
Lmna		-0.06144895	
Ube2j2		-0.061476972	
Gm56765		-0.06155125	
Treml4		-0.061570838	
Hr		-0.06157206	
Ice1		-0.061575092	
Rab15		-0.06159228	
Dapk3		-0.061604075	
Dop1b		-0.061626542	
Utp23		-0.06166744	
Ndufa10		-0.06192603	
Slc9a8		-0.061947457	
Slc27a3		-0.061974976	
Rps29		-0.06199481	
Cyb561a3		-0.062010415	
Snrpe		-0.062104955	
Usp18		-0.062169623	
Zfp629		-0.062186018	
Rccd1		-0.062206276	
Ccdc122		-0.06223087	
Gm15710		-0.062378738	
Fblim1		-0.06240576	
Smim20		-0.06243842	
Mllt6		-0.062465247	
Il1b		-0.062498294	
Xk		-0.062503114	
Wdr75		-0.062508285	
Got1		-0.06256785	
Snai2		-0.06263418	
Spire2		-0.06267995	
Tbc1d17		-0.06270821	
Xpnpep1		-0.06280135	
Mak		-0.06288317	
Poc1a		-0.06290094	
Hdac3		-0.062956385	
Fam32a		-0.06296182	
Rpl27		-0.0629784	
Rnf34		-0.06297945	
Emc3		-0.063051164	
Iqgap1		-0.063067295	
Vamp2		-0.06307947	
Dlc1		-0.06310267	
Unc50		-0.06311077	
Eif3l		-0.06312618	
Bcl2l1		-0.06318871	
Ppp1cc		-0.06319969	
Nck2		-0.06326948	
Zfand6		-0.06330363	
Zfp143		-0.06330556	
Trmt6		-0.06338657	
Zranb1		-0.06340295	
Rbck1		-0.063415706	
Ofd1		-0.06353037	
Anapc13		-0.063536845	
Gatad2a		-0.063590355	
Gm5445		-0.06362194	
Cbr4		-0.06363995	
Rnf19a		-0.06368199	
Pomgnt1		-0.06369063	
Notch4		-0.063699245	
4930579K19Rik		-0.063746706	
Hectd2		-0.0638044	
Hmgb1		-0.063818306	
Dstn		-0.06382665	
Wdr1		-0.06383845	
Psma6		-0.0638413	
Snu13		-0.063843414	
Firre		-0.06384867	
Bdnf		-0.06396161	
Ero1b		-0.064010166	
Rbfox2		-0.064023584	
Samd13		-0.06405894	
ENSMUSG00000132163		-0.064151645	
Zfp384		-0.06438567	
Pigt		-0.06439062	
Epn3		-0.06444655	
Slc35f6		-0.06459739	
Ptgfrn		-0.0646239	
Afg2b		-0.06468236	
Usp24		-0.06469644	
Ngdn		-0.064707935	
Prkcsh		-0.06471331	
Scgn		-0.06476634	
Lrrk2		-0.064774506	
Vps28		-0.0647946	
Chn1os3		-0.06480971	
Cnksr3		-0.06482327	
Maml2		-0.0648351	
Gm4754		-0.064848416	
Opa1		-0.06485994	
Dpy19l4		-0.06488281	
Nrp2		-0.06491132	
Gm5555		-0.064928085	
Dctn5		-0.06494674	
Tollip		-0.06495722	
Tapbp		-0.06498702	
Kndc1		-0.065000996	
Pigx		-0.06501495	
Syde1		-0.065046996	
Brd4		-0.0650672	
Cinp		-0.06511058	
Zer1		-0.06512429	
Notch2		-0.06514975	
Itga11		-0.065255925	
Entr1		-0.06537668	
Champ1		-0.06539141	
Megf11		-0.0654154	
Aasdhppt		-0.06543004	
Col9a3		-0.065440185	
Tbc1d9		-0.06544819	
St6galnac3		-0.0654822	
Mdk		-0.06550936	
Srrm1		-0.06554973	
Capn15		-0.065616414	
Eef2-ps2		-0.06568268	
ENSMUSG00000131356		-0.06568268	
Nmd3		-0.06593197	
ENSMUSG00000124012		-0.06595965	
Gm42901		-0.06595965	
ENSMUSG00000143884		-0.06595965	
ENSMUSG00000127212		-0.06595965	
Ccdc81		-0.06595965	
Bcl2a1b		-0.06595965	
ENSMUSG00000128930		-0.06595965	
ENSMUSG00000126002		-0.06595965	
Taf5l		-0.06596254	
R3hcc1l		-0.06604417	
Upf2		-0.06606289	
Arb2a		-0.06606728	
Lilra6		-0.06617913	
1110059G10Rik		-0.06617963	
Tox4		-0.066190645	
Ccnd1		-0.06619339	
ENSMUSG00000133005		-0.06620505	
Fzd9		-0.06620505	
Dync1i1		-0.06620505	
Gm48639		-0.06620505	
Ring1		-0.066323526	
Fam228a		-0.06636778	
Blcap		-0.06637845	
Sdf2l1		-0.06645487	
Pcbp2		-0.066470936	
Gm57096		-0.06649934	
Ugp2		-0.06656795	
Or6c208		-0.06657353	
Zscan26		-0.06658199	
ENSMUSG00000131650		-0.06663704	
4933400F21Rik		-0.06664749	
Dpyd		-0.06664749	
ENSMUSG00000129146		-0.06667917	
Nfrkb		-0.06668979	
Zmym4		-0.06677609	
Mta1		-0.06679799	
Dnaja2		-0.06681443	
Ncaph2		-0.06684518	
Bspry		-0.06690066	
Tmem71		-0.06695541	
2810430I11Rik		-0.06698842	
Stk11ip		-0.06714028	
Lcmt2		-0.067150876	
Tapt1		-0.067163564	
Zfp799		-0.06717262	
N4bp1		-0.067176804	
Gna13		-0.06721937	
Pkig		-0.067251675	
Npat		-0.06728113	
Brsk1		-0.067295715	
Fastkd3		-0.06732409	
Gpx4		-0.067324184	
Gm11478		-0.06734779	
Cacnb3		-0.067383066	
Smg6		-0.067429565	
Sdf4		-0.0674351	
Pdcd11		-0.067448035	
Ern1		-0.067474276	
Serpina1a		-0.06748879	
Cd300lf		-0.067493595	
Keap1		-0.06749605	
Mrtfa		-0.06755142	
Sobp		-0.06761601	
Gm34081		-0.06766716	
Pcid2		-0.06767179	
Sil1		-0.06768658	
Foxred2		-0.06770675	
Gm8960		-0.067732394	
Tube1		-0.06775122	
Dctn3		-0.06778832	
Fgfr3		-0.067874484	
Gm10371		-0.06799741	
Itgb5		-0.06802141	
Trim11		-0.06808221	
Dop1a		-0.06811031	
Anxa7		-0.068117015	
Mrpl1		-0.06814974	
Herc4		-0.06818543	
Cebpz		-0.06820099	
Tmed10		-0.068240404	
Parl		-0.06841709	
Ahcy		-0.06842891	
Rif1		-0.06862134	
Fh1		-0.06866356	
Zkscan5		-0.06869439	
Gm56492		-0.06873287	
ENSMUSG00000132887		-0.068752475	
Cpsf7		-0.068769455	
Tle3		-0.06898048	
Ykt6		-0.06898274	
Pdlim1		-0.06899366	
Cenpo		-0.06904517	
Gm1968		-0.06907744	
Rnf138		-0.0691157	
Nr2f6		-0.06923839	
Ric8b		-0.06928158	
Zfp87		-0.06930805	
Crebbp		-0.06941148	
Npr3		-0.06941635	
Hexb		-0.06943019	
Lrp10		-0.06946665	
Zmym5		-0.06955261	
Tcerg1		-0.06962542	
Kif13b		-0.06979262	
Morc2a		-0.06983124	
Wasl		-0.06991985	
P2ry2		-0.06996659	
Pih1d2		-0.06999298	
Dph2		-0.070002064	
Snapc2		-0.07004958	
Gm26533		-0.07005032	
Ighd		-0.07008747	
Myh9		-0.07011287	
Sash1		-0.07015427	
Nr1h2		-0.07016932	
Naa10		-0.07017894	
Rars2		-0.070240565	
Strap		-0.07029099	
Gm16001		-0.070310175	
Det1		-0.0704718	
Zfp3		-0.070557415	
Ccnt1		-0.07058299	
Sec13		-0.0706196	
Ark2n		-0.070622206	
Srcin1		-0.07064111	
Fam78b		-0.07065873	
Slc25a51		-0.070691995	
Jak1		-0.07070765	
Nup93		-0.07082128	
Tmem120b		-0.070851855	
Fth1		-0.07087041	
Mllt11		-0.07092501	
Palmd		-0.07100121	
Setd1a		-0.07116696	
Ybx1		-0.0711748	
Mphosph6		-0.07121124	
Morc3		-0.071229264	
Cep83		-0.07126342	
Desi2		-0.07130098	
Tmem191		-0.07132265	
Gm45572		-0.07132311	
Slc2a12		-0.07135172	
Vezf1		-0.07148958	
Gabarapl2		-0.07153778	
Gtf3c3		-0.07155412	
Castor1		-0.07169494	
Naa60		-0.07173393	
Usp19		-0.07176567	
Gm12472		-0.07185014	
Pfdn6		-0.071853496	
1600020E01Rik		-0.07191915	
Rbm28		-0.071926124	
Tm7sf2		-0.072057605	
Itgal		-0.07209248	
Bckdk		-0.07216594	
Trafd1		-0.07220338	
Vmp1		-0.072211705	
Nccrp1		-0.07222631	
Ext2		-0.07222774	
Mrps14		-0.0722281	
Rabac1		-0.07231791	
Trp53inp2		-0.07232008	
Casp1		-0.0723224	
Pabir2		-0.07245372	
Cd300a		-0.07249438	
Gm12951		-0.07250684	
Apaf1		-0.07255845	
AI837181		-0.07256738	
Il36a		-0.07261046	
ENSMUSG00000131396		-0.07262019	
Zfp971		-0.072628625	
Lta4h		-0.07263645	
Taf4		-0.07264334	
Il1rn		-0.07268546	
Trp53rka		-0.072731294	
Gm35588		-0.072778076	
Prrc1		-0.072829165	
Afg3l2		-0.07292675	
Wdr36		-0.073084325	
2810403D21Rik		-0.073096685	
Plcb3		-0.07314153	
Il18bp		-0.073148854	
Acadl		-0.073149845	
BC060293		-0.073161505	
Ggta1		-0.07318055	
ENSMUSG00000126796		-0.073247716	
Isca1		-0.073251136	
Adamts14		-0.07333784	
Abcd3		-0.0733528	
Wdr27		-0.07337857	
Gm28231		-0.07356745	
Snrpn		-0.07356794	
Lgals1		-0.07358888	
Gps2		-0.07360439	
Il18		-0.07374025	
Csnk1g2		-0.07379762	
Ccdc124		-0.0739175	
Rcc1l		-0.07398765	
9130401M01Rik		-0.074050836	
Ndufb11		-0.07405626	
Gps1		-0.074119315	
Coq7		-0.07412994	
Bhlhb9		-0.074133694	
BC005537		-0.074185856	
Map3k12		-0.074205026	
ENSMUSG00000142033		-0.074345104	
Sf3b6		-0.074346446	
Gm5617		-0.07436934	
ENSMUSG00000137719		-0.07441129	
Cdc42ep2		-0.07457786	
Hpn		-0.07460015	
Chrdl2		-0.074623	
Nup98		-0.07483707	
Smim13		-0.07484969	
Psg21		-0.07498163	
Apex1		-0.0749985	
Tm6sf1		-0.07505586	
Egfl8		-0.075146556	
Gm18733		-0.07517317	
Dhx35		-0.075261764	
5430431A17Rik		-0.07534896	
Myo9b		-0.075357	
Rps15a		-0.07542824	
Prpsap1		-0.07547916	
Capns1		-0.07552067	
Fhip2b		-0.07554456	
ENSMUSG00000141104		-0.07556027	
Pln		-0.075608514	
Tnni2		-0.075754054	
Clcn2		-0.07593169	
Atox1		-0.07594729	
Ctnnbip1		-0.075947665	
Tbc1d1		-0.075948566	
Map2k3os		-0.07597184	
Zfyve27		-0.07597356	
Gm46440		-0.07599916	
Crip2		-0.076065734	
Zfp330		-0.07611047	
Bud31		-0.07614063	
Cars2		-0.076174684	
4930439D14Rik		-0.07617901	
Gdf3		-0.07617901	
Palm		-0.076275475	
Dnajc5		-0.07628109	
Vcf2		-0.07630841	
Gpr137		-0.07633958	
Armcx5		-0.076348506	
Sacm1l		-0.07636359	
Med28		-0.0764046	
Acp7		-0.076460056	
Nelfa		-0.07647663	
Rack1		-0.07654619	
Timm50		-0.076603435	
Gsk3a		-0.07662517	
Exosc8		-0.076669894	
Brap		-0.07668513	
5031434O11Rik		-0.07672182	
Timp1		-0.076790266	
Usp1		-0.07681529	
Gtf2b		-0.07686209	
Cc2d1b		-0.07688465	
Spehd		-0.0768897	
Rps14		-0.07691213	
Dohh		-0.07691864	
Klf6		-0.07694249	
Pstk		-0.07701229	
H2bc8		-0.07701408	
Tmem120a		-0.077051565	
Hacd2		-0.077203065	
Nek8		-0.07723909	
Atf5		-0.077255204	
Wdr37		-0.077289626	
Zfp949		-0.07730737	
Mbip		-0.0773871	
Cnot3		-0.077395864	
Eapp		-0.07739636	
Dctd		-0.07744772	
Tfdp2		-0.07749175	
Pias2		-0.077512264	
Cops5		-0.077630535	
ENSMUSG00000136737		-0.07765662	
Gm57411		-0.07770558	
Surf6		-0.077751525	
Robo2		-0.07777386	
ENSMUSG00000126960		-0.07785106	
Pop7		-0.077874996	
Usp22		-0.07787597	
Tsc22d1		-0.07790388	
Rpl34		-0.07795494	
Slc12a4		-0.077974014	
Stx1a		-0.0779859	
Krr1		-0.07803347	
Tnf		-0.07804381	
Spin4		-0.07810728	
C1qtnf7		-0.07822028	
Mettl26		-0.07825064	
Trim32		-0.07827166	
Gm39478		-0.078314625	
Edrf1		-0.078319184	
Pigp		-0.07837334	
Atp5mc2		-0.078430906	
Gm16574		-0.07844894	
Ankrd39		-0.07851112	
Plekhm3		-0.078540035	
Atp2a3		-0.0785581	
Specc1		-0.07855959	
Mtmr10		-0.07856527	
Ctnnal1		-0.07858832	
Yju2		-0.07859816	
Timeless		-0.07864374	
Tent5b		-0.07867258	
Cnot4		-0.07870525	
Nup155		-0.07872558	
4933416I08Rik		-0.07879375	
Ell2		-0.078801334	
Atg4c		-0.07882794	
ENSMUSG00000126868		-0.0788286	
Ak4		-0.078833364	
Tmem104		-0.07886176	
Nr4a1		-0.07888423	
Abcc9		-0.0788857	
Osbpl1a		-0.07891659	
Bambi		-0.07895834	
4930527F14Rik		-0.079033345	
Rpp38		-0.07903591	
Gatad1		-0.07907196	
Fam98b		-0.07914078	
Tor4a		-0.07915801	
Serinc1		-0.07917025	
Btrc		-0.07917938	
Glb1		-0.079182826	
Gm36839		-0.07922312	
Akr1a1		-0.07923035	
Riok2		-0.07945899	
Vti1b		-0.07946343	
Jun		-0.079495415	
Polr1f		-0.07949564	
Tcp11l1		-0.07949691	
Zfp771		-0.079507	
Ier3ip1		-0.079583615	
2310057M21Rik		-0.07959603	
Gm57362		-0.07961725	
Psmb10		-0.07965153	
Zfp773		-0.07972363	
ENSMUSG00000124047		-0.07974454	
Zmynd19		-0.0797941	
2610203C22Rik		-0.079808354	
Sgk2		-0.07981678	
Ifit1		-0.07983551	
Gm8703		-0.079840966	
Psmd10		-0.07988831	
Krt18		-0.079967454	
Fam217b		-0.07997761	
Tincr		-0.07999812	
Mindy2		-0.08001045	
Apbb3		-0.0800697	
Gfm1		-0.08018044	
Tgoln1		-0.08021979	
Chac2		-0.08024944	
Atg2a		-0.080254376	
2700068H02Rik		-0.08029134	
Dnajb6		-0.08034276	
Herpud2		-0.08037884	
Rplp0		-0.08038397	
Plvap		-0.08042437	
Arhgef12		-0.08043322	
Rev1		-0.080456175	
Tatdn1		-0.080459855	
Tti1		-0.08051208	
A430110L20Rik		-0.08059783	
Gmppa		-0.08061125	
Mprip		-0.08068362	
Chmp4b		-0.080704585	
Tnfaip8l1		-0.08074035	
Plcl1		-0.080761276	
Gpnmb		-0.080771804	
Mir703		-0.08079643	
Smad6		-0.08087029	
Rrp8		-0.08095041	
Kif3c		-0.08098017	
Dnm1		-0.0810435	
Tc2n		-0.08109124	
Gm26555		-0.08109482	
Zfp655		-0.08111426	
Gm16675		-0.08117877	
Eftud2		-0.08118387	
Gprc5c		-0.08137163	
Nmrk1		-0.08149683	
Gm45266		-0.08163275	
Cdc20		-0.08189498	
Uqcc2		-0.081938036	
Nabp2		-0.08202689	
Tekt5		-0.08203571	
Spata24		-0.08203571	
Prdx1		-0.082050696	
3830432H09Rik		-0.08206012	
Pold3		-0.08207062	
Frey1		-0.082086414	
Washc2		-0.08209475	
Slc26a8		-0.0821946	
ENSMUSG00000134123		-0.08223335	
Trabd2b		-0.08228862	
Csnk2b		-0.08231839	
Tor1b		-0.082360186	
Pot1b		-0.082386754	
Cnot10		-0.082522154	
Rps28		-0.08258361	
Rnf10		-0.08264145	
Rflna		-0.08265	
Eif3e		-0.0827092	
Ears2		-0.08271142	
Mtmr6		-0.08275386	
Gtf3c6		-0.08278099	
Marchf5		-0.08281235	
Mcrip1		-0.082820676	
H2-T23		-0.08285232	
Psg18		-0.082861215	
Ipo4		-0.08286701	
Abitram		-0.0829159	
Tmem86a		-0.08301469	
Sec63		-0.083037086	
Gata1		-0.08304981	
Nat10		-0.08304984	
Klf7		-0.08305661	
Pink1		-0.08312469	
Mettl6		-0.083145216	
Rc3h2		-0.08320308	
Trmu		-0.083255686	
Ube3b		-0.083257474	
Hat1		-0.083297685	
Agbl5		-0.08337587	
Tchp		-0.08346104	
Alkbh2		-0.08349038	
Dgcr2		-0.08349597	
Uchl3		-0.08355944	
Hic1		-0.08365274	
Nop53		-0.083698034	
Prpf31		-0.08381707	
Ano6		-0.08386093	
Zbed4		-0.083927944	
Zfp386		-0.083982766	
Cxcl16		-0.08417299	
Tab1		-0.08417487	
Pithd1		-0.084179744	
Spg11		-0.08420297	
Mea1		-0.084214665	
Macrod1		-0.084238656	
Syne2		-0.08424294	
Zfas1		-0.08427371	
Iqsec1		-0.084344976	
BE692007		-0.08438951	
Hk1		-0.08439752	
Gm44697		-0.08447269	
Pa2g4		-0.08455348	
Taf7l		-0.08462438	
Pprc1		-0.08462619	
Lef1		-0.084729	
Gm4524		-0.08473011	
Yipf5		-0.084733315	
Agap1		-0.08481009	
Inpp5b		-0.08481122	
Gm36266		-0.08486252	
Gm371		-0.08491825	
Map1b		-0.08502707	
Fbxo6		-0.08507287	
Parvb		-0.085117884	
1700112J16Rik		-0.085145414	
Tbc1d15		-0.08524579	
Stat6		-0.085318886	
Gm52870		-0.08534048	
Fchsd2		-0.085415244	
Khdc4		-0.08551444	
9230111E07Rik		-0.08552155	
Naga		-0.08554741	
Poldip2		-0.085564345	
Wdr76		-0.08568172	
Rtn2		-0.08571155	
Tgfbrap1		-0.085728176	
Fry		-0.08573707	
Clk2		-0.085759126	
Ceacam9		-0.08576492	
Nudt9		-0.085798405	
B230217C12Rik		-0.08583269	
Med9		-0.08590091	
Lrig3		-0.08594181	
Gm9		-0.08604716	
Zfp512b		-0.08610626	
Polr1d		-0.08613173	
Get1		-0.08615985	
Zfp660		-0.086218864	
Ptpn1		-0.08622489	
Btd		-0.086316444	
Ankrd49		-0.086405106	
Fbxl19		-0.08651902	
Mfsd10		-0.08654271	
Zfp768		-0.08654454	
Ccdc17		-0.086656	
Gm33989		-0.08671935	
Gm56798		-0.086802825	
Ndfip1		-0.0868322	
Rtn4		-0.08684935	
Zkscan6		-0.08698743	
Cep164		-0.08701433	
Mgme1		-0.08702504	
Cyth3		-0.0873361	
Kif9		-0.087343164	
Mir17hg		-0.087345	
Rgs3		-0.087431334	
Vrk1		-0.08759486	
Elf4		-0.08759881	
Polr1g		-0.08760197	
Grb2		-0.08760544	
ENSMUSG00000143428		-0.08765055	
Las1l		-0.08770565	
Aifm2		-0.08779401	
4833411C07Rik		-0.08783465	
Dnase2a		-0.0879019	
Pik3cd		-0.087922625	
Aspscr1		-0.08794307	
Ndufv1		-0.087960444	
Kctd7		-0.08803165	
Xrn1		-0.08804864	
Slc29a1		-0.08807632	
Ms4a14		-0.08819571	
Arhgap39		-0.08820926	
Eif4e2		-0.08821158	
Gm11515		-0.08825856	
Rasa1		-0.088301644	
Ilvbl		-0.08831739	
Gas2l1		-0.08839414	
Tmc8		-0.08844711	
Eola1		-0.08847055	
Gpkow		-0.0884923	
Apba1		-0.08850401	
Wdr33		-0.08854874	
Dda1		-0.0885712	
Als2cl		-0.08868497	
Capzb		-0.08883861	
Slc12a6		-0.088862695	
ENSMUSG00000125871		-0.08890306	
Olfm1		-0.088912606	
Shfl		-0.088996	
Wfikkn1		-0.0890016	
Zfp36l2		-0.08914527	
Acot7		-0.089181736	
Sh3bp1		-0.089219235	
Peli1		-0.089234665	
Atg13		-0.08924066	
Catspere2		-0.089243494	
Tle5		-0.089266784	
Supt16		-0.08939682	
Gpn2		-0.089418784	
Ubl7		-0.08957057	
Phf20l1		-0.08960968	
Cdk9		-0.089623846	
Oxa1l		-0.08974148	
Lmf2		-0.089745305	
Wnt8a		-0.089759886	
Gmeb1		-0.0897769	
Rplp1		-0.089803286	
Fads2		-0.08980601	
Adck5		-0.08980949	
Esrp1		-0.08982287	
Cep63		-0.08986321	
Klhl22		-0.08986398	
Cr1l		-0.08987385	
Srek1		-0.08987387	
Lsm8		-0.08994936	
Abca16		-0.089980826	
1300002E11Rik		-0.089998804	
Hipk1		-0.09002981	
Serpinb6c		-0.09006062	
Lamtor3		-0.09006081	
Tsen54		-0.09014962	
Tgtp1		-0.09028562	
Nrbp1		-0.09033059	
4833419F23Rik		-0.0903331	
Camk2n2		-0.090353735	
Chn1		-0.09036806	
Slc4a7		-0.09037613	
Wnk2		-0.0903815	
Gne		-0.090491176	
Polk		-0.09050657	
Ppil6		-0.09064551	
Syngr2		-0.09067851	
Phrf1		-0.090679504	
Trappc1		-0.090788946	
Smc2os		-0.09082081	
Gm44695		-0.09082081	
4930484H19Rik		-0.09082081	
D030007L05Rik		-0.09082081	
ENSMUSG00000136931		-0.09082081	
Tsbp1		-0.09082081	
Fkbpl		-0.09082407	
Numa1		-0.090852655	
Tmem179b		-0.09088178	
Atxn1l		-0.090885356	
Ehhadh		-0.090896204	
5031425E22Rik		-0.09091077	
Mir1a-1		-0.09091146	
Tbc1d32		-0.09092285	
ENSMUSG00000137649		-0.090979904	
Gm56887		-0.090979904	
ENSMUSG00000142274		-0.091023274	
Tes		-0.09103796	
Gm29642		-0.09109246	
Jagn1		-0.09120249	
Tfeb		-0.09126866	
Klf16		-0.09133128	
Nol12		-0.0913714	
Dusp29		-0.091464035	
Abcf1		-0.09151678	
Anxa9		-0.091573365	
Sf3b5		-0.091816604	
Fam120b		-0.09189566	
Srsf11		-0.09195626	
Rps16		-0.09207874	
Tafa2		-0.092101336	
Gm16740		-0.09211709	
Pgp		-0.09213894	
Utp4		-0.092144676	
Dhps		-0.09218406	
ENSMUSG00000133468		-0.092190765	
Khdrbs1		-0.092228256	
Rpgrip1		-0.09230509	
ENSMUSG00000127732		-0.09233107	
Mmp24		-0.09240032	
Adam4		-0.09240032	
Rplp2		-0.09240745	
Bcap29		-0.092468224	
Gpr4		-0.09251744	
Tcf3		-0.09259228	
Mrps22		-0.09261503	
ENSMUSG00000144060		-0.09263047	
Yipf4		-0.09265804	
Hbp1		-0.09269911	
Fhl2		-0.09270768	
ENSMUSG00000121658		-0.09272074	
Zfp810		-0.092758	
Gm44829		-0.09279586	
Tmem40		-0.09287293	
Ubr3		-0.09297143	
Med25		-0.09303057	
Mettl23		-0.09337599	
Hmgxb4		-0.09343923	
Slc12a9		-0.09346645	
Polm		-0.09347682	
E2f8		-0.093486644	
Pigbos1		-0.09353505	
Fbxo10		-0.09353747	
Mical3		-0.0935818	
Hps3		-0.09366844	
Kctd20		-0.093701415	
Brox		-0.09376397	
Rrp1b		-0.093867525	
Cnot6l		-0.09388028	
Fbrsl1		-0.094110236	
ENSMUSG00000135787		-0.09412371	
Gm7143		-0.09412371	
Gm50010		-0.09414367	
Rps21		-0.09416673	
Hars1		-0.09417398	
Bola3		-0.09418096	
Mybbp1a		-0.09418637	
Tead3		-0.09427816	
Coprs		-0.09435672	
Gjc1		-0.09441331	
Sh3bp4		-0.09443696	
Fzd1		-0.09446225	
Nop14		-0.094499975	
Ptp4a2		-0.09461279	
ENSMUSG00000132274		-0.09461621	
Mrpl30		-0.09467827	
Icmt		-0.09469396	
Trim41		-0.09478593	
Gm3788		-0.0947866	
ENSMUSG00000138925		-0.09485568	
ENSMUSG00000137064		-0.09485568	
Gm11646		-0.09485568	
Gm47916		-0.09485568	
Serpinb6e		-0.09485568	
ENSMUSG00000126491		-0.09485568	
Rps27		-0.094868615	
5730507C01Rik		-0.09490973	
Prkaa1		-0.09491773	
Parp8		-0.09492702	
Mzt1		-0.09498485	
Fbxl8		-0.09509956	
ENSMUSG00000142744		-0.09513125	
Slc46a3		-0.09515261	
Nkiras1		-0.09515956	
Tmem200b		-0.09517458	
Ddx31		-0.09518187	
Slc29a2		-0.095187716	
Cbfb		-0.095214196	
D430040L24Rik		-0.09536314	
Stx4a		-0.09540924	
Fbxw17		-0.09547873	
Dpm2		-0.09549474	
Gm37943		-0.09562177	
Med14		-0.09567138	
Mfsd12		-0.09571915	
Abhd17a		-0.09577927	
Mindy1		-0.095808394	
Esco2		-0.09586825	
Fnbp4		-0.09588402	
Spin1		-0.09589471	
Igf1r		-0.09598885	
Zfand2a		-0.095993176	
Ccnk		-0.09601547	
She		-0.096023075	
Gm13588		-0.09606224	
Polr2b		-0.09607382	
Rom1		-0.0961701	
Stmn1		-0.096203655	
Slc35a4		-0.09627316	
Dnajc2		-0.09627461	
Cryzl2		-0.09627606	
Cd81		-0.09629428	
Ctbp2		-0.09635064	
B230312C02Rik		-0.09635071	
Gm45251		-0.09636132	
Gm49449		-0.09636132	
ENSMUSG00000134904		-0.09636132	
A230072E10Rik		-0.09636132	
Ndufb7		-0.0964413	
Aldh9a1		-0.096442565	
Camta1		-0.09645924	
Fam210b		-0.096573226	
1810030O07Rik		-0.09664908	
Ncoa1		-0.096682474	
Gm43712		-0.096708514	
Map4k5		-0.09677645	
Inpp5e		-0.09685337	
Gm16136		-0.096897826	
Paip2b		-0.09702061	
Exog		-0.097041726	
Ankrd52		-0.09707947	
Tinf2		-0.097101554	
Hes1		-0.09716447	
Niban2		-0.097167656	
Cxcr1		-0.09716987	
ENSMUSG00000137484		-0.097250186	
Dgkd		-0.09735817	
Tanc2		-0.097479366	
Gli3		-0.09757432	
Gtf2ird1		-0.09763761	
Zbed5		-0.09763883	
Snhg17		-0.09766731	
Gm47662		-0.09768871	
Orc3		-0.09770124	
Osbp2		-0.09770815	
Uqcrh		-0.097810656	
Rsu1		-0.09792446	
AW209491		-0.09792573	
1600025M17Rik		-0.09798864	
Slc1a5		-0.09800832	
Btg1		-0.09818594	
Ccny		-0.09820623	
Nufip1		-0.098220125	
Rps6kb2		-0.09826663	
0610039K10Rik		-0.09826727	
Smg5		-0.09829179	
Enpp7		-0.09829459	
Nfx1		-0.09830083	
Rps5		-0.09830135	
Amot		-0.098317586	
Dao		-0.09832667	
Rapgef1		-0.09838829	
Smim30		-0.098452516	
Card10		-0.09849123	
4933439C10Rik		-0.0985626	
Scn4a		-0.098661825	
Tut1		-0.09880096	
Rnf157		-0.098863445	
Pes1		-0.09888647	
Gmeb2		-0.09897551	
B230219D22Rik		-0.09911556	
Emb		-0.099233024	
Zzz3		-0.09928345	
Sys1		-0.09940595	
Vps29		-0.099441126	
Ccdc8		-0.099454835	
Zfp64		-0.099457406	
Lmntd2		-0.09959067	
Ankrd66		-0.0995973	
Tomm5		-0.099646024	
Zfp672		-0.09964618	
Dad1		-0.09971044	
Smim7		-0.09971121	
Pkn2		-0.09974137	
Trim59		-0.09979195	
Lmbrd1		-0.099792436	
Tmem141		-0.09987687	
Baz1a		-0.09988386	
Cyp17a1		-0.099920146	
Pi4k2a		-0.0999597	
Fbxo34		-0.09996916	
Serpina3h		-0.100002944	
Atg101		-0.1000654	
Pias4		-0.100096874	
Atad3a		-0.100110024	
Tesk2		-0.100225866	
Eed		-0.10030053	
Ganc		-0.100308314	
Nsfl1c		-0.10035379	
Ube2f		-0.10039983	
Psg19		-0.10045337	
Xkr4		-0.100462265	
Zfp324		-0.10047288	
Eeig1		-0.10051776	
Etv4		-0.10053847	
Trib1		-0.10057804	
Ankrd44		-0.10061357	
Ola1		-0.10063519	
Syk		-0.100669086	
Kctd18		-0.10077486	
Urb2		-0.10082834	
Sh3bgrl		-0.100839525	
Zfp991		-0.10091697	
Gm6159		-0.10092013	
Gm5578		-0.10092013	
H2bc12		-0.10092013	
Gm4819		-0.10092013	
ENSMUSG00000138995		-0.10092013	
Dcaf17		-0.10102729	
Rsl24d1		-0.10109488	
Nudt16l1		-0.10120803	
Mfsd5		-0.10121586	
Prpf39		-0.10129454	
Ap1m1		-0.101393715	
Ppfibp1		-0.1014468	
Foxred1		-0.1016276	
Gm2788		-0.1016276	
Gm56958		-0.10162783	
Psmc3		-0.10164989	
Il6ra		-0.10169851	
Prpf4		-0.10170479	
Ccdc90b		-0.10178217	
Cep89		-0.10181118	
Gm5864		-0.101811945	
Rabgef1		-0.10181489	
Fyn		-0.10190329	
Rps27rt		-0.10193321	
Qars1		-0.10195485	
Lrrc8d		-0.10197759	
Btaf1		-0.10200486	
Mx1		-0.10202436	
Slc39a2		-0.10211806	
Speg		-0.10223382	
Usb1		-0.10224358	
2810429I04Rik		-0.10232546	
5730521K06Rik		-0.10232546	
Slc25a34		-0.10235415	
Pitpnm2		-0.10248617	
Rnf214		-0.102599494	
Nfe2l2		-0.10262997	
Hipk4		-0.10265715	
Gm47595		-0.10266853	
Ankmy2		-0.10284458	
ENSMUSG00000134211		-0.10293603	
Supv3l1		-0.10303238	
Dock5		-0.1031348	
Rps2		-0.103320666	
Ncbp1		-0.10338203	
Popdc3		-0.10341654	
Bnip3l		-0.10342261	
Psap		-0.10346567	
Stam		-0.10348232	
Smoc2		-0.103510275	
Gm57335		-0.10357803	
Fuca2		-0.10358873	
Osr2		-0.10359504	
Zswim8		-0.10365486	
Tsr2		-0.10368052	
Sft2d1		-0.10371037	
Fus		-0.10375999	
Tnfrsf19		-0.10391076	
Pank1		-0.10401374	
Gm15963		-0.10409962	
Ube2d-ps		-0.104148254	
Ncstn		-0.104185	
Atf7ip2		-0.10420866	
Tasl		-0.10424797	
Pgs1		-0.10424914	
Igfbp7		-0.104259714	
Arpc1a		-0.10434845	
Fam118a		-0.104457356	
Fam76a		-0.10453969	
Bscl2		-0.10455087	
Vtcn1		-0.104593165	
Hoga1		-0.104657814	
Got1l1		-0.104660705	
Nsrp1		-0.10469064	
Phka1		-0.10477123	
Pxn		-0.10480646	
Nktr		-0.104807444	
Tfap2c		-0.10484013	
Ftx		-0.10491931	
Phf2os1		-0.10502843	
E2f5		-0.105033495	
Gm21930		-0.10508426	
Epg5		-0.1051656	
Chek1		-0.10518694	
Rpia		-0.105194114	
Naa35		-0.105294615	
Chmp1b		-0.10531014	
Mtnap1		-0.10553914	
Gm44987		-0.105552465	
1700123O20Rik		-0.105581	
Gm13563		-0.105589695	
Psen2		-0.10562249	
Smg7		-0.1057002	
Or10ak16		-0.105739474	
Cep57		-0.105813704	
Stx5a		-0.10587846	
Gm7785		-0.105913825	
Adar		-0.1059662	
Nupr2		-0.10598413	
Psg17		-0.106072396	
Tbx5		-0.106076404	
Adgrg2		-0.10607719	
Acsbg1		-0.10608691	
Ralgapa2		-0.10644273	
Skap2		-0.10644384	
ENSMUSG00000142054		-0.10648119	
Ankrd12		-0.10651186	
Mak16		-0.10653137	
Pdcd6		-0.10654723	
Sema3e		-0.106564805	
Slc25a3		-0.10657388	
Nnmt		-0.10657483	
Wnt10a		-0.10658284	
Elf1		-0.106615804	
Mgst1		-0.106643535	
Utp14a		-0.106651574	
Impact		-0.10668845	
Gm42918		-0.10670799	
Gm12280		-0.10670799	
Sbf2		-0.106781974	
Snrnp48		-0.106799185	
Eif4g3		-0.106837764	
Tmem19		-0.10692992	
Zfp951		-0.10696406	
Ccdc97		-0.10712438	
Pramel13		-0.10718087	
Hnrnpdl		-0.107247256	
Tob1		-0.107298546	
Abi1		-0.10761307	
Mapk13		-0.107739516	
Gm38380		-0.10778206	
Atp6v1e1		-0.10778283	
G630030J09Rik		-0.10780933	
Ccbe1		-0.10786266	
Armt1		-0.10813367	
Rps6ka3		-0.108156055	
Gm17189		-0.10820606	
Rin2		-0.108210824	
Smim19		-0.10829511	
Fam135a		-0.108395755	
Gm14812		-0.10841597	
Coq10a		-0.108422935	
Arhgap10		-0.10855979	
Nfkb2		-0.108572	
Marchf2		-0.108578384	
Creb3		-0.10861785	
Ppp2r5b		-0.10866612	
Safb2		-0.10872205	
Ap5z1		-0.10874177	
Sfxn5		-0.10875619	
Myl12a		-0.10877769	
Gatd1		-0.10878123	
Micu1		-0.10886661	
A030005L19Rik		-0.108892664	
Gk5		-0.1089398	
Cpsf1		-0.10894501	
Ndufb9		-0.10896584	
Cwc22		-0.10897837	
Vcpip1		-0.109098904	
Eya2		-0.10911137	
ENSMUSG00000134382		-0.10911137	
Asgr2		-0.10911137	
Scube2		-0.10917404	
Map3k10		-0.10925131	
Rps6kb1		-0.109256946	
ENSMUSG00000128028		-0.10955527	
Gm12254		-0.10955561	
Lsm1		-0.10957225	
Rogdi		-0.10959387	
Sac3d1		-0.10962526	
Odc1		-0.10990063	
Bzw2		-0.10992003	
Setd7		-0.10996283	
Gm43128		-0.109993435	
Nkiras2		-0.11001614	
Setbp1		-0.11011951	
Lrif1		-0.11014614	
Spata7		-0.11019636	
Cmklr1		-0.11022374	
Cd151		-0.11025111	
Maml1		-0.11029937	
Sult1e1		-0.110313065	
Pdp1		-0.11036479	
Xlr		-0.11037991	
Actr5		-0.11045482	
Lurap1		-0.11051592	
ENSMUSG00000124773		-0.11057146	
Ppp1r13b		-0.11057544	
Nxf7		-0.110605374	
Caap1		-0.11062097	
Gm10033		-0.110634424	
Btf3		-0.110755205	
Sh2b3		-0.11076714	
Zfp35		-0.11085397	
Cep68		-0.11095621	
Piwil2		-0.11099579	
Cox5b		-0.110998705	
Bmper		-0.11102446	
Meak7		-0.111045554	
Mid2		-0.11105093	
Thoc6		-0.11105407	
Txn1		-0.1110926	
Gprin2		-0.11113091	
Pip5k1c		-0.11124206	
Cutc		-0.11131791	
Chmp6		-0.11135015	
Dis3l2		-0.11136603	
Tmub2		-0.111405835	
Dgcr6		-0.111425675	
Rassf8		-0.111453675	
3830408C21Rik		-0.11148526	
Rpl41		-0.11153648	
Cyb561d1		-0.111594625	
Gstcd		-0.11160522	
Fam13a		-0.11160909	
Dennd5a		-0.111667395	
Clp1		-0.11167608	
Tmem238l		-0.11183025	
Xkr6		-0.11183707	
Gstm6		-0.11184927	
Hottip		-0.11184927	
Zfp429		-0.11193832	
Il11ra1		-0.11194722	
Cdca7l		-0.11197881	
ENSMUSG00000143946		-0.112068444	
ENSMUSG00000138091		-0.112068444	
Il34		-0.1121478	
Ythdc2		-0.112148724	
Gm16137		-0.11221921	
Ino80b		-0.11222784	
Pam		-0.11246791	
Phyhipl		-0.11255339	
Gbp4		-0.11276422	
ENSMUSG00000136256		-0.11279354	
ENSMUSG00000124379		-0.11279354	
Elac1		-0.11283858	
Surf1		-0.11292341	
Gm10602		-0.11293789	
Acsf3		-0.11294366	
Rpl36a		-0.11296486	
Fcho2		-0.11298361	
Zbtb48		-0.11315557	
Gm57047		-0.11317811	
Gm56584		-0.11327717	
Ppp4c		-0.11337623	
Rpl28-ps3		-0.113409296	
Gm56494		-0.1135197	
Ftsj1		-0.11353644	
Taf2		-0.113613255	
Adamts5		-0.113677405	
Prss12		-0.11369619	
Ptbp1		-0.11382558	
Diaph2		-0.11383353	
Sphkos		-0.11384816	
Gm19557		-0.11395702	
Tsc22d4		-0.11395791	
ENSMUSG00000139742		-0.11397396	
ENSMUSG00000138954		-0.11401372	
ENSMUSG00000142543		-0.114014685	
Mapkbp1		-0.11402947	
Slc26a10		-0.11403824	
Stoml2		-0.11405537	
Limd2		-0.11415733	
Dock4		-0.114283726	
Tmtc1		-0.1143697	
Eif1		-0.11456786	
Adam32		-0.11457566	
Tmbim6		-0.11457653	
Aftph		-0.11460273	
Slc38a10		-0.11478604	
Ube2o		-0.114866585	
A730017L22Rik		-0.11488036	
Zfp84		-0.1149439	
Rhoh		-0.11497831	
Tbl3		-0.11504412	
Sgsh		-0.11510202	
Cdv3		-0.11515095	
Gm32840		-0.11516331	
Nipa1		-0.11516384	
Eml3		-0.115192816	
Zdhhc4		-0.11523235	
Csdc2		-0.11523944	
Pcbd2		-0.1152401	
Kbtbd7		-0.11524174	
Glod5		-0.11526314	
Mrs2		-0.11528104	
Fbxl20		-0.11530526	
Insc		-0.11534535	
Hebp2		-0.11534958	
Stk35os1		-0.11535897	
Selp		-0.11537325	
Dusp26		-0.11539052	
Atg7		-0.11542543	
Zbtb16		-0.11548112	
Trir		-0.115559734	
Ctso		-0.115561046	
6030440G07Rik		-0.11568093	
Etv3		-0.115775384	
Yju2b		-0.115775876	
Pfkfb4		-0.11582595	
Rab3gap2		-0.11607055	
Fkbp1a		-0.11617598	
Plpp1		-0.1161981	
Stk11		-0.11622692	
Luzp1		-0.11625166	
Epb41		-0.11631728	
Nsmf		-0.11640436	
Rnf167		-0.11640735	
Sdhaf3		-0.116418436	
Smim36		-0.11647516	
Mccc2		-0.116624944	
Gm15697		-0.11665228	
Cep44		-0.11669438	
Oxsm		-0.11675092	
Gm17182		-0.116751604	
Gm37820		-0.116751604	
Rps6		-0.11679857	
Selenoh		-0.11680521	
Cdc42se1		-0.11683237	
Erfl		-0.1169352	
Dock10		-0.11702413	
Snx11		-0.11710873	
Gm20186		-0.11711421	
Mcm3ap		-0.117180824	
Trpm1		-0.11727914	
Med17		-0.11741342	
Rbl2		-0.11751154	
Fbxo46		-0.11751713	
Map7d3		-0.11763853	
Gna12		-0.11780267	
Fhl3		-0.11782859	
Abt1		-0.11785724	
Pelo		-0.117974505	
Adgrv1		-0.11813209	
Gm28095		-0.11816443	
ENSMUSG00000124918		-0.11816443	
ENSMUSG00000135252		-0.11816443	
Gm37799		-0.11816443	
Meig1		-0.11816443	
ENSMUSG00000133109		-0.11816443	
ENSMUSG00000141632		-0.11816443	
Gm43961		-0.11816443	
1700003G18Rik		-0.11816443	
Gm40652		-0.11816443	
ENSMUSG00000141298		-0.11816443	
4930505A04Rik		-0.11816443	
Gm56754		-0.11816443	
ENSMUSG00000132065		-0.11816443	
Gm32492		-0.11816443	
Gm56912		-0.1182219	
Dmrtc1b		-0.11827973	
Sipa1		-0.11835512	
Sorbs3		-0.11839111	
Mrpl44		-0.11840045	
Bbs2		-0.118469924	
Gm57127		-0.11852583	
Dtx3		-0.11855919	
Epas1		-0.11868463	
Lrwd1		-0.118739784	
Ing5		-0.11876117	
Tomm20		-0.11879667	
Gm28706		-0.118881166	
ENSMUSG00000128837		-0.118881166	
Pnma8c		-0.118881166	
Gm6013		-0.118881166	
Gm57015		-0.118881166	
Gm49741		-0.118881166	
Psme3ip1		-0.11890665	
Phb2		-0.11894919	
Sdhb		-0.119091466	
Ift70a1		-0.119100176	
Sharpin		-0.11910211	
Nt5c3b		-0.11911445	
Inka1		-0.11913064	
Abhd4		-0.1191654	
Tbx3		-0.11918657	
ENSMUSG00000128082		-0.11922252	
Wdhd1		-0.119358905	
Dock9		-0.119381085	
Golga5		-0.11943306	
Zmiz1		-0.11947032	
Carmil2		-0.119492784	
Atxn3		-0.119496755	
Dhrs7b		-0.11950423	
Smpdl3b		-0.1195187	
Galr3		-0.11956978	
Zbtb42		-0.11959546	
Cdk2ap1		-0.11964571	
Zfp574		-0.11969555	
Taf1		-0.11980683	
ENSMUSG00000137581		-0.12004302	
Timm23		-0.12015506	
Asic3		-0.12024721	
Gtf2ird2		-0.120247625	
Phlda3		-0.12026112	
Agtr1a		-0.12037004	
Clec1b		-0.120379716	
Styx-ps		-0.120451696	
Ppm1l		-0.12059756	
Tef		-0.120647475	
Gm42783		-0.12065116	
Slc19a2		-0.12075139	
Hexim1		-0.12080487	
Smagp		-0.120956406	
Zbtb46		-0.12095856	
E130102H24Rik		-0.121124975	
Il4		-0.12121169	
Osbpl3		-0.12121267	
Cant1		-0.12125738	
A930024E05Rik		-0.121260405	
Tap2		-0.12131603	
Tmem241		-0.12132251	
Tcaf1		-0.121358365	
Mical1		-0.121364996	
Dnajc9		-0.12139248	
4930412C18Rik		-0.121460944	
Ammecr1l		-0.12155722	
Hdac6		-0.12155887	
Med10		-0.12163157	
Babam2		-0.12174654	
Psmd9		-0.12177674	
Cep126		-0.12179072	
Ripor1		-0.1218041	
Evi5l		-0.1219652	
Dhx8		-0.121983856	
Ildr1		-0.1219994	
Marchf7		-0.12208655	
Msantd4		-0.12209596	
Kif1c		-0.122200996	
Txndc9		-0.12228779	
Kansl3		-0.1223213	
L3mbtl2		-0.122327074	
Gm57461		-0.12240528	
Timp4		-0.12246069	
Mettl25b		-0.12262212	
Myl6b		-0.122681744	
Trank1		-0.12278412	
Pgrmc1		-0.122799896	
Cpeb3		-0.12284587	
Gm49417		-0.122853756	
Ddit3		-0.122881725	
mt-Nd3		-0.122922786	
Trmt1		-0.122996405	
Tbkbp1		-0.1230608	
Pltp		-0.12307937	
Ttc21b		-0.123094365	
Mbd6		-0.1230959	
Fbxo38		-0.123192534	
Zfp738		-0.12321893	
Gm36723		-0.12326859	
Caml		-0.1233384	
Abca7		-0.1233585	
Sts		-0.123377375	
Dnah2		-0.123433314	
Dtx2		-0.123542674	
Srpra		-0.12358625	
Ate1		-0.12366118	
Trpc3		-0.12368324	
Fbf1		-0.1236924	
ENSMUSG00000130422		-0.123717934	
Meis2		-0.12374234	
4930453N24Rik		-0.123749495	
Mis12		-0.123799406	
Slc25a16		-0.12387782	
Stmp1		-0.123881325	
Rgs9		-0.12391894	
Smtn		-0.12394989	
Cdipt		-0.12397192	
Gm49336		-0.12407729	
Heatr5b		-0.12414625	
Bud23		-0.12420161	
Slc14a1		-0.12425141	
Vps37d		-0.12432518	
Trim10		-0.12434708	
Itgbl1		-0.1244013	
Prdx6		-0.124428935	
Tmem192		-0.12444324	
Cyp4a32		-0.12454425	
Ptprh		-0.1245824	
Zfp141		-0.12460952	
Sirt5		-0.124687225	
ENSMUSG00000140077		-0.124783315	
Rnf181		-0.12479471	
Cmtr1		-0.124893434	
Kbtbd2		-0.12491863	
Sirt1		-0.12499141	
Ndufa2		-0.12500967	
Hira		-0.12503155	
Klf13		-0.12507787	
Gm45292		-0.12517332	
Platr6		-0.12522379	
Calcoco1		-0.12526138	
Rnf168		-0.12546618	
Eif2b4		-0.12547478	
Gm3654		-0.12548923	
Dera		-0.1255768	
Cdc14b		-0.12563129	
Gns		-0.12570871	
Serpinb9d		-0.12576857	
Phf5a		-0.12587935	
Lax1		-0.12600264	
Efna2		-0.12614757	
Amigo1		-0.1261741	
Dhx34		-0.12620391	
Mgp		-0.12620454	
Me3		-0.12629348	
Bad		-0.12641516	
Parp14		-0.1264469	
Rbm33		-0.12646696	
Gm20560		-0.12653501	
Mbtd1		-0.12656732	
Ttc9		-0.12656884	
Cdca8		-0.12660179	
Acot4		-0.12666973	
Mast2		-0.12675686	
Sox5		-0.12678356	
Hipk2		-0.12683792	
Kif26a		-0.12684762	
Dmwd		-0.12685531	
Zfp51		-0.12694561	
Lox		-0.12702385	
Gla		-0.12704702	
Etfb		-0.12708539	
Cystm1		-0.12709683	
Otud4		-0.1271332	
Tusc1		-0.12713648	
Slit3		-0.12714656	
Map2k7		-0.12715584	
2610020C07Rik		-0.12721181	
4933424G05Rik		-0.12721497	
Gba2		-0.12729307	
Zfp280c		-0.12733899	
Apon		-0.12735227	
Poldip3		-0.1274229	
Dhx32		-0.12764208	
Gm45894		-0.12764654	
E330034L11Rik		-0.12780978	
Stxbp1		-0.12816006	
Ewsr1		-0.12826361	
Slf1		-0.12830465	
Slc5a11		-0.12835571	
Nutf2		-0.1284243	
Tbc1d10a		-0.12863252	
Gbp3		-0.12868072	
Ephb4		-0.12871557	
Tmf1		-0.12874635	
Magi2		-0.1287832	
Baz2b		-0.12883121	
Pigl		-0.12896113	
Vps11		-0.12896201	
Bbc3		-0.12917325	
Hgh1		-0.12919672	
1110038B12Rik		-0.12923104	
Slc6a12		-0.12933682	
Ccdc162		-0.12939982	
Cox5a		-0.12940735	
A730090N16Rik		-0.12941274	
Bnip5		-0.12942894	
Mafk		-0.12944698	
Gm13648		-0.12948762	
Pet100		-0.12964281	
Zfp598		-0.12973805	
Pml		-0.12974137	
Inf2		-0.12977356	
Pin4		-0.1297804	
Gm10575		-0.12983878	
Ippk		-0.12990062	
Bag5		-0.12998766	
Cd2ap		-0.13001616	
Rcc2		-0.13012451	
Taco1		-0.13013071	
ENSMUSG00000131004		-0.13014044	
Ptges3-ps		-0.13017379	
Snupn		-0.13022186	
Arc		-0.13042572	
Fbxw7		-0.13046287	
Egfl7		-0.13048202	
Dclk2		-0.13063127	
Sirt7		-0.13068798	
Tspyl4		-0.13093123	
Vwa8		-0.13096492	
Trip4		-0.1310269	
Ackr3		-0.13103184	
Dnajb4		-0.13109238	
Gm17188		-0.13110664	
Zfp207		-0.13114011	
Atp5if1		-0.13118036	
Rwdd1		-0.13121134	
Trim23		-0.13121435	
ENSMUSG00000127162		-0.13125063	
Tmem106a		-0.13133839	
Elmo1		-0.13140546	
Sertad4		-0.13141485	
BC024063		-0.13146886	
Thtpa		-0.13151124	
Ccdc172		-0.13156715	
Farsa		-0.13163769	
Gm45495		-0.13169914	
Gzf1		-0.13170229	
ENSMUSG00000122577		-0.13182025	
Gm57383		-0.13200577	
Zfp809		-0.13201022	
Crlf3		-0.13201195	
Arhgap8		-0.13202369	
Fech		-0.1320367	
Rpl14-ps1		-0.13203736	
Nudcd3		-0.13204625	
Sdc3		-0.13205682	
Pacs1		-0.13206862	
Cfap97d2		-0.13222545	
Gpr137b		-0.13222726	
Sema7a		-0.13225548	
Mdga1		-0.13229875	
Lama2		-0.13237566	
Ppp1r9a		-0.13271548	
1110038F14Rik		-0.13274431	
Lrrc73		-0.132791	
Mtrex		-0.13282916	
Zdhhc19		-0.13287506	
Pkm		-0.1329039	
Sidt2		-0.1329357	
Ipo5		-0.1330539	
Pcsk7		-0.13307774	
Mcam		-0.13314067	
ENSMUSG00000131897		-0.13314603	
Gm15542		-0.13316303	
Iqank1		-0.13319947	
ENSMUSG00000136671		-0.13320187	
Barx2		-0.13331345	
Srek1ip1		-0.13333265	
Mthfsl		-0.13333857	
Pou2f1		-0.13350227	
Dct		-0.13352548	
Dcp1a		-0.13356845	
Arfgap1		-0.13360085	
Itgb6		-0.13361514	
Anapc11		-0.13367556	
Card19		-0.13388343	
Actr3		-0.1339355	
Pex11a		-0.13411368	
Hmox2		-0.13414678	
Fryl		-0.1341795	
Gm6871		-0.13426645	
Lypd5		-0.13429384	
Slc4a5		-0.13430786	
Tlcd3b		-0.13438801	
Tsc1		-0.13441291	
Slc28a2		-0.13443542	
Gm20428		-0.13455255	
ENSMUSG00000123028		-0.13455255	
ENSMUSG00000122570		-0.13455255	
Gm57209		-0.13455255	
Gm47643		-0.13455255	
Gm12328		-0.13455255	
ENSMUSG00000131864		-0.13455255	
ENSMUSG00000140150		-0.13455255	
Gpsm1		-0.13463627	
Tob2		-0.13466544	
Aqp3		-0.13476568	
Syt8		-0.13496505	
ENSMUSG00000131507		-0.1349918	
Ccdc174		-0.13506308	
Pcgf2		-0.13515782	
Ctdspl		-0.13518804	
Aggf1		-0.1352145	
Slc49a4		-0.13523494	
Svep1		-0.1353091	
Atl1		-0.13533987	
Sap30l		-0.13547483	
Trim7		-0.13553181	
Zyx		-0.13553219	
Zswim9		-0.13556801	
Tesk1		-0.13560401	
Mtor		-0.13570341	
Hhip		-0.135704	
Alas2		-0.13578025	
Zfp623		-0.13586214	
Gm36745		-0.13596243	
Lima1		-0.13605574	
Rps19		-0.13607961	
9330162G02Rik		-0.13620192	
Gfod2		-0.13637479	
A230108P19Rik		-0.13638365	
Lama3		-0.13643666	
Inip		-0.13643968	
Afm		-0.13649568	
Pdhb		-0.13660535	
Lpin3		-0.13671896	
Tmem218		-0.13680856	
Gse1		-0.1368921	
Retreg1		-0.13689618	
Tmbim4		-0.13690521	
Tlk2		-0.13696678	
Inpp5k		-0.13699889	
Zfand5		-0.13712707	
Mterf2		-0.13715263	
Pdk1		-0.13720697	
Triap1		-0.13726991	
Josd1		-0.1373672	
Smim38		-0.13738538	
Glt1d1		-0.13739102	
Wdr45b		-0.13739897	
Hgs		-0.13742289	
Nos3		-0.13753007	
Tmem127		-0.13754363	
Smtnl2		-0.1376581	
Rpain		-0.13766204	
Phc2		-0.13773306	
Cachd1		-0.13775396	
Tmem208		-0.1377599	
Atp8a2		-0.13791384	
Ubald2		-0.13791983	
Zdhhc8		-0.13809294	
Cd300lg		-0.13814302	
Magi1		-0.13823506	
Lmbr1l		-0.13826057	
Rhbdd1		-0.13827838	
Fam171b		-0.13829617	
ENSMUSG00000137840		-0.13829617	
Ptx3		-0.13829617	
Gm42702		-0.13829617	
Gm42549		-0.13829617	
ENSMUSG00000128421		-0.13829617	
Tacr1		-0.13829617	
C1s2		-0.13829617	
Klk13		-0.13829617	
ENSMUSG00000121308		-0.13829617	
Gm47345		-0.13829617	
Gm30698		-0.13829617	
Cts7		-0.13829617	
Sp7		-0.13829617	
A530030E21Rik		-0.13829617	
Gm50017		-0.13829617	
Pglyrp2		-0.13829617	
Gm6133		-0.13829617	
Dok6		-0.13829617	
Or10v1		-0.13829617	
Tmub1		-0.13832502	
Gnl2		-0.13833094	
Snf8		-0.1383479	
Cars1		-0.1383754	
Ctsb		-0.1384104	
Ccdc134		-0.13843757	
Sbds		-0.13844122	
Zfp219		-0.13848266	
Micall1		-0.13855734	
Epn1		-0.13858342	
Plpbp		-0.13858481	
Kat2b		-0.13877748	
5730419F03Rik		-0.13886319	
Cth		-0.13886394	
Mab21l2		-0.13893397	
Serpina3f		-0.1389343	
Gm6226		-0.13906388	
Tab3		-0.13914537	
Spef1		-0.13921222	
Elof1		-0.13922995	
Pard3b		-0.13926296	
Neil2		-0.13935322	
Fkbp15		-0.1394442	
Snhg6		-0.139541	
Cyth4		-0.13954969	
Pola1		-0.13956743	
Ttll10		-0.13962169	
ENSMUSG00000129481		-0.1396736	
Gemin7		-0.13968295	
Spopl		-0.13973154	
Zc4h2		-0.13976654	
Ciapin1		-0.13988946	
Slc8b1		-0.14000885	
Vat1		-0.1400206	
Mitd1		-0.14002402	
Cfap298		-0.14006795	
Ttll13		-0.1401364	
Ubr7		-0.14014508	
4930426I24Rik		-0.14023858	
Dennd10		-0.14026214	
Ulk3		-0.14055113	
Zfp821		-0.14058393	
Tm9sf5		-0.14058731	
ENSMUSG00000142994		-0.14064457	
A430005L14Rik		-0.140717	
Htra2		-0.1407349	
Hspb7		-0.14076623	
Nfic		-0.14077862	
Ttc33		-0.14080492	
Slc30a3		-0.14091259	
Cdh5		-0.14098775	
Mrtfb		-0.14104523	
Snrnp25		-0.1410558	
Cwc15		-0.14116132	
Bcar1		-0.14121193	
Hrct1		-0.14125039	
1810019N24Rik		-0.14130893	
Tfpt		-0.1413608	
Fcf1		-0.14136758	
Rbm12b1		-0.14143239	
Phldb1		-0.14143614	
Slc25a12		-0.14157996	
Akap8		-0.14163737	
Pigc		-0.14167142	
Ftl1		-0.1417417	
Agmo		-0.14175801	
Rnf166		-0.14176054	
Prcc		-0.14178428	
Aptx		-0.14179799	
Mkln1os		-0.14181961	
Ccdc115		-0.1418332	
Rpl36a-ps2		-0.14196482	
Ddx19a		-0.14197329	
Gm44291		-0.14201193	
Slc4a1ap		-0.14206283	
Xpc		-0.14213978	
C2cd5		-0.14227045	
Tnks1bp1		-0.14231086	
Mpp4		-0.14235549	
Mios		-0.14235823	
Fam13c		-0.14236306	
ENSMUSG00000141680		-0.1424445	
Cyb5r3		-0.14262798	
Slc27a6		-0.14269757	
Gan		-0.14285818	
Ighmbp2		-0.14287794	
Ccnf		-0.14287798	
Xrcc4		-0.14296252	
Bbs5		-0.14299719	
Fis1		-0.14301425	
Zfp850		-0.14313172	
Prp2rt		-0.14318857	
Haus2		-0.14320542	
Fam151b		-0.14321476	
Adam19		-0.1432665	
Atosa		-0.14344037	
Gtf3c2		-0.14349975	
Tmem43		-0.14351268	
Dock8		-0.14353618	
Gtpbp1		-0.14362606	
Scarb2		-0.14370087	
Uqcc3		-0.14374144	
Mpg		-0.14375111	
Gna14		-0.14380625	
Casc3		-0.14383838	
Uqcr10		-0.14392103	
Wnt11		-0.14406936	
Arf6		-0.14413533	
Gm13340		-0.14414664	
Utf1		-0.14415678	
1700102P08Rik		-0.14415678	
ENSMUSG00000132248		-0.14415678	
Ctxn3		-0.14415678	
Gm14506		-0.14415678	
Med16		-0.14420134	
4632428C04Rik		-0.14424413	
Serpini1		-0.14430049	
Mpzl3		-0.14432883	
Rnf7		-0.14436232	
ENSMUSG00000129343		-0.14441797	
Gm43857		-0.14444594	
Setdb2		-0.1445012	
Agfg2		-0.14462516	
Ppp1r13l		-0.14469193	
Ankrd23		-0.14470565	
Mier2		-0.14472824	
Slc35b2		-0.14473242	
Cep295		-0.1449358	
Zfp869		-0.14494577	
Pou6f2		-0.14498016	
Tubgcp2		-0.1450617	
Sirt6		-0.1450885	
Gm37422		-0.14512448	
Fn1		-0.14526825	
Psmd4		-0.14529078	
Rmc1		-0.14532632	
Dysf		-0.14548843	
Rap2b		-0.14555773	
Micall2		-0.14559242	
Lifr		-0.1457004	
Extl1		-0.14581233	
Commd1		-0.14606842	
Gm13074		-0.14607422	
Gm49518		-0.14607422	
Usp38		-0.14624947	
Csnk1e		-0.14633466	
Capza1		-0.14634782	
Cst3		-0.14644131	
Snai1		-0.1465695	
Pde1c		-0.14662391	
Gon7		-0.14671203	
Fan1		-0.14673135	
Nop9		-0.14676099	
Lrrc8a		-0.1468344	
Morc1		-0.14684144	
Pdgfrb		-0.14686026	
Sh3bp2		-0.14692932	
Tlcd2		-0.14708161	
Trim26		-0.14713402	
Nub1		-0.14715011	
Alas1		-0.14718205	
Eif3h		-0.14734206	
Polr2f		-0.1473659	
Mtfr1l		-0.14738104	
Eef2		-0.14741793	
Msantd1		-0.14741987	
Lgals3bp		-0.14750835	
Perm1		-0.1475191	
Aldh2		-0.14756113	
Kdm6a		-0.14757961	
Casz1		-0.14764248	
Gm57286		-0.14772114	
Gm26814		-0.14772594	
Camk2b		-0.14779605	
Mob3b		-0.14793642	
Ankrd13a		-0.1479679	
Hnrnph2		-0.1480522	
Zfp963		-0.14805776	
Igsf3		-0.1482224	
Gm37447		-0.14824252	
Phf20		-0.1482874	
Tnni3		-0.14829072	
Snrpa1		-0.1483175	
Gm26574		-0.14857681	
Golga3		-0.14861298	
6230426M11Rik		-0.14868402	
Tatdn2		-0.14870869	
Gm57320		-0.14875497	
Hnrnpd		-0.14875904	
Zfp36		-0.14878203	
Gm40918		-0.14878488	
Ankrd11		-0.14880145	
Zfp78		-0.14883831	
Ptpn11		-0.14886087	
Lct		-0.14886521	
Gm42525		-0.14889778	
Sf3b4		-0.14896862	
Pcolce2		-0.14899755	
Lin54		-0.14905998	
ENSMUSG00000125093		-0.1491373	
Fmo5		-0.14917475	
Plet1os		-0.14924432	
2300009A05Rik		-0.14931539	
Ctcf		-0.14932936	
Ptk7		-0.14937814	
Top3a		-0.14941247	
Crim1		-0.14949004	
Anp32e		-0.14953576	
Slc36a4		-0.14963345	
Nmt1		-0.14982095	
Gm12596		-0.14995167	
Pcdhgb4		-0.1499658	
Rbm20		-0.14998944	
Gm38162		-0.15003951	
Galk1		-0.15004167	
Musk		-0.15014996	
Zfp628		-0.15020186	
Ptpn6		-0.15022248	
ENSMUSG00000130143		-0.1503339	
Gm23205		-0.15039583	
Arhgef37		-0.15040147	
Micos13		-0.15040272	
Gimap1os		-0.15041494	
Trim25		-0.15042555	
Ung		-0.15044743	
ENSMUSG00000137476		-0.15056787	
ENSMUSG00000128074		-0.15056787	
ENSMUSG00000138818		-0.15057066	
A930007I19Rik		-0.15059765	
Txnrd3		-0.15069908	
Zkscan17		-0.15094611	
Gfra2		-0.15109505	
Rnps1		-0.15118366	
Mtrfr		-0.15134943	
Fbxo32		-0.15137923	
Gm33222		-0.15142547	
Dcaf4		-0.15149821	
Nherf2		-0.1516466	
Epha2		-0.1516733	
Gm8129		-0.15176168	
Cwc25		-0.1518414	
Fau		-0.15190277	
Nfkbia		-0.15203999	
Fhip1b		-0.15212128	
Fuz		-0.152151	
Cpt1a		-0.15218465	
Ahdc1		-0.1521862	
Plekha5		-0.15229525	
Anapc4		-0.15243383	
Neo1		-0.1528062	
Rfxank		-0.15309995	
Zfp451		-0.15311424	
Gabrg3		-0.15321115	
Noc4l		-0.15327446	
Mier3		-0.15328111	
Foxj1		-0.15328671	
4930500L23Rik		-0.15331142	
Cfap92		-0.15331142	
Gm44021		-0.15331142	
Gm15953		-0.15331142	
Gm15729		-0.15332727	
Abraxas1		-0.1533325	
Eid2		-0.15339734	
Rfc3		-0.1533986	
4930500G05Rik		-0.15344496	
Ppp2r2a		-0.15355992	
Elf2		-0.15362197	
Ikbkg		-0.15363057	
Atp6v0d1		-0.15365715	
Gm13558		-0.15366638	
Gm16751		-0.15366638	
Gm14393		-0.15366638	
Gm43134		-0.15366638	
ENSMUSG00000142055		-0.15366638	
Lrrc8dos		-0.15366638	
ENSMUSG00000131617		-0.15366638	
Morn3		-0.15366638	
Gm45897		-0.15366638	
ENSMUSG00000141930		-0.15366638	
Gm2991		-0.15366638	
Gm55238		-0.15366638	
ENSMUSG00000139622		-0.15366638	
Gm19466		-0.15366638	
Psmd1		-0.15374593	
Shank3		-0.15375113	
2900093K20Rik		-0.15379037	
Dlk1		-0.15387955	
Fam111a		-0.1538809	
Fmo4		-0.15391049	
Zfp839		-0.15396127	
2900089D17Rik		-0.1539671	
Igf2bp1		-0.15415725	
Tmcc2		-0.15418608	
ENSMUSG00000132554		-0.15431708	
Klf9		-0.15431872	
Gm56635		-0.15439057	
Rtca		-0.1544349	
Clcn7		-0.15446272	
Fthl17a		-0.15452176	
Gm2885		-0.15452826	
Rps6kc1		-0.15453199	
Drp2		-0.15455222	
4930579F01Rik		-0.15458952	
Rufy2		-0.15476611	
Ccdc9		-0.15477486	
Gm36457		-0.15485825	
Pdcd2l		-0.15487467	
Cdx1		-0.15491112	
Lrig2		-0.15491359	
Zfp605		-0.15504736	
Asb8		-0.15508302	
Pdap1		-0.15518259	
Fbxl4		-0.15522219	
Esyt1		-0.1552523	
Adap2os		-0.15534955	
Plcg1		-0.15543263	
Znhit6		-0.15543373	
Fads3		-0.15546401	
Ssh1		-0.15550639	
Ppfia3		-0.15560792	
C130013H08Rik		-0.15574037	
Rgp1		-0.15582086	
Nop16		-0.15587595	
Bbof1		-0.15593539	
Psmc6		-0.15594786	
ENSMUSG00000127346		-0.15600865	
Mrps26		-0.15602006	
ENSMUSG00000139989		-0.1560543	
Bmp1		-0.15606011	
Gm40975		-0.15610881	
Sbsn		-0.15611625	
Clk1		-0.15622157	
Arrb1		-0.15626512	
Eppk1		-0.15640023	
Cfap68		-0.15651533	
Pdlim4		-0.15663177	
Itpa		-0.1567236	
Slc15a2		-0.15673907	
Cep120		-0.15679269	
Zfp709		-0.15684374	
Zfp212		-0.15685086	
Ccdc120		-0.15689664	
Ctsz		-0.1570367	
Erbin		-0.15704055	
Rapgef3		-0.15704173	
Cebpzos		-0.15708964	
Slc6a18		-0.1571262	
D230022J07Rik		-0.15714704	
Aimp1		-0.15740588	
Traf5		-0.1574334	
Acad8		-0.15761934	
Nudt4		-0.1576226	
Slc22a15		-0.15765595	
Zdhhc7		-0.15771659	
Ly6m		-0.15782784	
Gm15640		-0.15793614	
Prr14		-0.15793763	
Rit1		-0.15808064	
Appl2		-0.15818304	
Cramp1		-0.1582837	
Oaz2		-0.158299	
Bicra		-0.15832224	
Irgm1		-0.15833515	
Tmem234		-0.15837012	
Zfp637		-0.1585172	
Rnf25		-0.158781	
Arid5b		-0.15879275	
Psma5		-0.15898527	
Tspan5		-0.15901063	
Gm32885		-0.15902038	
Ldb1		-0.15921715	
Grk3		-0.15933207	
Oit3		-0.1594728	
Mapk8		-0.15960331	
Cwf19l2		-0.15962091	
Stard3nl		-0.15962364	
Gm26688		-0.15967683	
Rapgef2		-0.159728	
Optn		-0.15983564	
Gtf3c5		-0.15984465	
9930014A18Rik		-0.15994307	
Daam2		-0.15994851	
4732419C18Rik		-0.16000907	
Eif6		-0.16004796	
Clk3		-0.16013142	
Timm44		-0.16025162	
Gm5082		-0.16032676	
Lrrtm2		-0.16032676	
Eif3f		-0.16056469	
Kdsr		-0.16059227	
Vinac1		-0.16069582	
Luc7l		-0.16073902	
Stk36		-0.16078758	
Mcm6		-0.16082227	
Gadd45gip1		-0.16082728	
Eefsec		-0.16088961	
Gm15772		-0.16091807	
Prr13		-0.16092272	
ENSMUSG00000135361		-0.16109341	
Dlgap4		-0.16111878	
Morn2		-0.16118824	
Ptprb		-0.16120404	
Plod2		-0.16121502	
Smpdl3a		-0.16123547	
Rps12		-0.16133682	
ENSMUSG00000127099		-0.16140997	
ENSMUSG00000130869		-0.16140997	
Nagk		-0.16152416	
Gtf2h5		-0.16160168	
Dcaf8		-0.16161658	
Acacb		-0.16171533	
Crppa		-0.16173816	
Pskh1		-0.1617392	
Enpp2		-0.16175756	
Dtnbp1		-0.16181754	
Gm47483		-0.16182949	
Gars1		-0.1618346	
ENSMUSG00000132714		-0.16185066	
Gm11696		-0.16191626	
Gprc5b		-0.16197056	
Gm6658		-0.16207422	
Gm57038		-0.16222425	
Vps36		-0.16226654	
Slc35b3		-0.16227995	
Dolk		-0.16232166	
Dgkq		-0.162436	
Mef2d		-0.16248386	
ENSMUSG00000122793		-0.16261864	
Zdhhc1		-0.16279908	
Zfp53		-0.16284046	
F11		-0.1628909	
Ceacam-ps1		-0.16315968	
Psenen		-0.16316316	
Rps20		-0.16330849	
Zfp52		-0.16333489	
Gm57457		-0.16333942	
Gm40773		-0.16348223	
Zfp442		-0.16351011	
Hspa1l		-0.16351166	
Ier5		-0.16352536	
Hmgb2		-0.16353011	
Gm31749		-0.16355428	
Gm3362		-0.16360988	
Armcx3		-0.16372797	
Gpaa1		-0.1638033	
Wwox		-0.16388842	
Stn1		-0.16406094	
Mcoln1		-0.16411638	
Nle1		-0.16417457	
Pla2g7		-0.16434538	
Pkn3		-0.16446091	
Mcrs1		-0.16453804	
Ttyh1		-0.16459545	
Muc2		-0.16490881	
Acap3		-0.16490974	
Ndufb8		-0.16494173	
Rsrc2		-0.16496165	
Rab12		-0.1651244	
Whamm		-0.1651636	
Angpt2		-0.16520482	
Paxip1		-0.16524798	
Lcat		-0.16526987	
Ramp2		-0.1652777	
ENSMUSG00000136844		-0.16536	
Aagab		-0.16546924	
Nod2		-0.16551426	
Gm47508		-0.16563725	
Fbln7		-0.16565524	
Mga		-0.16571547	
Mid1ip1		-0.16571726	
Gm5805		-0.16571932	
Rab30		-0.16612391	
Polh		-0.16612975	
Klc1		-0.16621198	
Gys1		-0.16623253	
2310033P09Rik		-0.16624153	
Tgfbi		-0.16627993	
Ggps1		-0.16628446	
Discn		-0.16628629	
ENSMUSG00000132575		-0.16628629	
Sall1		-0.16631402	
Vps9d1		-0.16631812	
A730049H05Rik		-0.16634412	
Mfsd8		-0.16637732	
Fzr1		-0.1664822	
Tomm70a		-0.16656034	
Klhl5		-0.1666233	
Gm57024		-0.16663925	
Tcim		-0.16669746	
Dpysl3		-0.16672854	
Prex2		-0.16674596	
Neil1		-0.16689393	
Sun2		-0.16712192	
Ercc8		-0.16716774	
Nsmaf		-0.16721888	
Pabpc4		-0.16722804	
Elk3		-0.16733657	
Trim35		-0.16733871	
Brix1		-0.16740525	
Sox7		-0.16743688	
Thap7		-0.16744143	
Eif1ax		-0.16759816	
Atf4		-0.16780008	
Ufd1		-0.16781765	
Pck2		-0.1679456	
D17H6S53E		-0.16795515	
Tmcc3		-0.1680058	
Slc43a1		-0.16802515	
Hp1bp3		-0.16840991	
Ocel1		-0.16846402	
ENSMUSG00000127357		-0.16850652	
Nifk		-0.16856812	
1700055D18Rik		-0.1685736	
Fbxo31		-0.16869864	
Kifc3		-0.16871192	
Gm7623		-0.16874522	
Rpl22l1		-0.16882709	
Kctd10		-0.16883172	
Mtx2		-0.16890433	
Gm38248		-0.16904345	
Kcnj9		-0.16904345	
ENSMUSG00000127166		-0.16904345	
Gm13477		-0.16904345	
ENSMUSG00000125851		-0.16904345	
ENSMUSG00000135893		-0.16904345	
Gm5914		-0.16904345	
ENSMUSG00000127708		-0.16904345	
Gm48856		-0.16904345	
5830418P13Rik		-0.16904345	
Gm12289		-0.16904345	
Krt2		-0.16904345	
Prickle4		-0.16904345	
Gm38220		-0.16904345	
Snord53		-0.16904345	
Gm14874		-0.16904345	
Rmdn1		-0.16912672	
Nsa2		-0.16921875	
Pheta1		-0.16924806	
Gm39859		-0.16930456	
Frmd4a		-0.16932367	
Egfl6		-0.16934668	
Lexis1		-0.16946225	
Ms4a1		-0.16946225	
Adgrb2		-0.16952106	
Cdc7		-0.16959338	
ENSMUSG00000129885		-0.16965124	
A930018P22Rik		-0.16965124	
Gm42892		-0.16965124	
ENSMUSG00000132481		-0.16965124	
Hm629797		-0.16965124	
Gm39363		-0.16965124	
A530065N20Rik		-0.16965124	
Cdh10		-0.16965124	
ENSMUSG00000136370		-0.16965124	
Ager		-0.16978157	
Gal3st2		-0.16979502	
Ipmk		-0.16995928	
Tbpl1		-0.17000104	
Nkain4		-0.17000364	
ENSMUSG00000126262		-0.17003705	
ENSMUSG00000124987		-0.17007749	
Gm45501		-0.17015089	
Mpc1		-0.17016318	
Plpp2		-0.17022963	
Senp3		-0.17028692	
Pitpnm3		-0.17039086	
Stra6l		-0.17050345	
Igha		-0.17051713	
Map7d1		-0.1705377	
Nab2		-0.17056483	
Clasp2		-0.17063904	
Lbh		-0.17072228	
Tlr12		-0.17077877	
Tmem186		-0.17080167	
ENSMUSG00000126089		-0.17094566	
Gm50100		-0.17105907	
ENSMUSG00000134535		-0.17107232	
Gm43560		-0.17107232	
Clvs1		-0.17107232	
Hes3		-0.17107232	
ENSMUSG00000131184		-0.17107232	
Gm44432		-0.17107232	
B430319F04Rik		-0.17107232	
Ifitm5		-0.17107232	
Gm22063		-0.17107232	
Gm47525		-0.17107232	
Gm34639		-0.17107232	
ENSMUSG00000133545		-0.17107232	
ENSMUSG00000144156		-0.17107232	
Pwwp4d		-0.17107232	
Magoh		-0.17113376	
Sdc1		-0.17118002	
Rbm34		-0.1711903	
Tprkb		-0.17121582	
Nol9		-0.1713056	
Tmem183a		-0.17154847	
Dcaf13		-0.17161602	
Uri1		-0.17162363	
Wdsub1		-0.17171045	
Foxo3		-0.17174843	
Gvin2		-0.1717825	
Secisbp2		-0.17181084	
Ces1a		-0.17187464	
Tigar		-0.17198318	
Mospd3		-0.17199117	
Map3k6		-0.1720097	
E130008D07Rik		-0.1723832	
Dctn6		-0.1723861	
Rpa1		-0.17239821	
Ubox5		-0.17242435	
Cdk12		-0.17246251	
Mzf1		-0.17263693	
Nrm		-0.17267182	
3110053B16Rik		-0.17270388	
Efna5		-0.1727693	
Nphp3		-0.17280072	
Tlr5		-0.17290935	
Kansl1		-0.17292306	
Gm14305		-0.1730459	
Timm13		-0.17306943	
Sox30		-0.17309307	
Gm49695		-0.17313927	
Txnip		-0.17314357	
Thbs4		-0.1732113	
Camk1		-0.17321303	
Ppif		-0.17329521	
Hba-a1		-0.17335613	
Trappc3		-0.17336445	
Zfyve1		-0.17336963	
Dixdc1		-0.17336974	
Impa2		-0.17347287	
Trip6		-0.17361751	
Efna1		-0.17377016	
Gm44509		-0.1737735	
Aatf		-0.17379048	
ENSMUSG00000123758		-0.17381248	
Ido2		-0.17385735	
Bach2		-0.17408046	
Arid2		-0.17424779	
Mirc35hg		-0.17428637	
Cacna1a		-0.17436902	
Rnf146		-0.17441532	
Mrpl20		-0.17444614	
Fermt2		-0.1744704	
Gnb1l		-0.17447859	
Pwp1		-0.17452444	
Rnf113a1		-0.17468621	
Gm23849		-0.17485826	
Laptm5		-0.17488988	
Thap12		-0.17501345	
Pim3		-0.17516503	
S1pr1		-0.17520691	
1700024J04Rik		-0.17554809	
Lysmd4		-0.17558758	
ENSMUSG00000141452		-0.17559129	
Pebp1		-0.17563811	
Msh4		-0.17578743	
Fam178b		-0.17581204	
Fam229b		-0.17582919	
Chd1		-0.17584942	
Nadk2		-0.1758503	
Nup50		-0.17593846	
Rhou		-0.17610511	
Mfsd3		-0.17615862	
Nde1		-0.1762114	
Zdhhc24		-0.17638758	
Vipas39		-0.17642622	
Mdfi		-0.1764519	
ENSMUSG00000140879		-0.17648908	
ENSMUSG00000143322		-0.17648908	
Sirpa		-0.17651135	
Wdr19		-0.17654599	
Lrrn2		-0.17656301	
Hivep2		-0.17657661	
Podn		-0.17679264	
Calhm5		-0.17684706	
Mtres1		-0.17706548	
Rfx7		-0.17708933	
ENSMUSG00000123723		-0.17727903	
Gm21123		-0.17728245	
Lnx1		-0.17730547	
Ccdc88a		-0.17752248	
Gm24494		-0.17766267	
ENSMUSG00000128344		-0.17766267	
Nubp2		-0.17772311	
Zzef1		-0.1777371	
Gm49327		-0.17792569	
Atg16l2		-0.17815442	
Gigyf1		-0.17817889	
Gak		-0.1782107	
Fli1		-0.17826745	
Ddx10		-0.1782782	
Vps13d		-0.17832178	
Cers4		-0.17835978	
ENSMUSG00000138915		-0.17836335	
Tmem216		-0.17841923	
Camta2		-0.17847504	
Cenpw		-0.17849582	
Mrpl43		-0.17851199	
Pex13		-0.17854501	
Prkd3		-0.17857587	
Rassf1		-0.17858224	
Acvrl1		-0.17862938	
Mall		-0.17865898	
Cog2		-0.17874403	
Ndrg1		-0.17883384	
Pola2		-0.17894101	
Atp6v1a		-0.17895885	
Chchd10		-0.17921703	
Hcfc2		-0.17922908	
Ammecr1		-0.17927241	
Gab2		-0.17948993	
Meaf6		-0.17955647	
Steap2		-0.17962229	
Krt80		-0.17965697	
ENSMUSG00000128769		-0.17975697	
Ssu72		-0.179759	
Clasrp		-0.17989145	
Aoc1l1		-0.1800299	
Smim14		-0.18026114	
Arpin		-0.18052536	
Rrp12		-0.1805444	
Kctd13		-0.18055071	
Taf10		-0.18057537	
Evi2a		-0.18060529	
Zfp12		-0.18080546	
Gm28417		-0.18080747	
Elp4		-0.18102527	
Cenpb		-0.1810338	
Lyplal1		-0.18104337	
Gm5532		-0.18105054	
Ssbp4		-0.18107252	
Tbc1d12		-0.18115772	
Bcl2l13		-0.18120797	
2310011J03Rik		-0.18123318	
Rfx5		-0.18123703	
Surf2		-0.1812428	
ENSMUSG00000123165		-0.18132262	
Tmem50b		-0.18134893	
Hcst		-0.18145412	
Npas3		-0.18160506	
Nsun5		-0.18169925	
Mpzl2		-0.18186426	
Mettl9		-0.18192062	
Rft1		-0.18193357	
Gm10817		-0.18193533	
Gm49338		-0.18194847	
Gabpa		-0.18199323	
Hmgb3		-0.18201663	
Tnk2		-0.18216617	
Zcchc17		-0.18228877	
Vps39		-0.18230543	
Tnrc6c		-0.18230698	
Zc3h14		-0.18233456	
Dmap1		-0.18242444	
ENSMUSG00000122040		-0.18249576	
Rbm14		-0.18258137	
B830012L14Rik		-0.18270919	
Bmp2k		-0.18275571	
Itpr3		-0.18282068	
Elmod3		-0.18293838	
Gm5963		-0.18308094	
Ip6k1		-0.1831423	
1700086P04Rik		-0.18316603	
Mchr1		-0.1831667	
ENSMUSG00000137821		-0.18369262	
Itga9		-0.18372491	
Lrfn4		-0.18377933	
Endog		-0.18381897	
Csn1s2b		-0.18382423	
Man2c1		-0.18393467	
Dazap2		-0.1840274	
Gm35268		-0.18413106	
Utp14b		-0.18416232	
Gm37760		-0.18436947	
Stambp		-0.18443099	
Gm31562		-0.18452133	
Poli		-0.18452924	
Zbtb7a		-0.18452945	
Gm11827		-0.18473396	
Qsox1		-0.1847611	
Gm57136		-0.18486321	
C130036L24Rik		-0.18487169	
Cd83		-0.1849023	
Xrcc3		-0.18494055	
Car5a		-0.1849423	
Fut11		-0.18494964	
Ntmt1		-0.18495986	
Dhx37		-0.1850044	
Ifi211		-0.18507117	
Ucp2		-0.18508162	
Tor1aip2		-0.18529306	
Zc3h3		-0.18537177	
Fam124a		-0.18538034	
Cabin1		-0.18544494	
C920006O11Rik		-0.18558587	
Anln		-0.18568617	
Dmkn		-0.18577133	
Fxr2		-0.18585117	
Naa38		-0.1858931	
Gm47863		-0.1859246	
Tacc3		-0.18603265	
Smc2		-0.1862548	
ENSMUSG00000130600		-0.18631823	
Myl12b		-0.18643597	
Gm49463		-0.18648712	
Rpl17-ps5		-0.18650274	
Sms		-0.18653446	
Gm15050		-0.18664537	
Cbr1		-0.18664588	
Pgghg		-0.18674135	
Pwp2		-0.18682162	
Psma7		-0.18691549	
ENSMUSG00000135532		-0.18696791	
Dffb		-0.18700574	
ENSMUSG00000136603		-0.1870767	
Gm57193		-0.18709788	
Kif26b		-0.18726511	
Rex1bd		-0.18731534	
Yrdc		-0.18735428	
Relb		-0.18739088	
Chmp1a		-0.18740286	
Ctsf		-0.18741778	
Pgm2		-0.18742025	
Gm20632		-0.18747361	
Gm3617		-0.1874866	
Atf1		-0.18762401	
Dnai3		-0.18764824	
Gm12258		-0.18773565	
Ranbp1		-0.18774696	
Mdfic		-0.18786955	
Gm21781		-0.18787217	
Adck1		-0.1878908	
Zfp954		-0.18790168	
Bltp3b		-0.18795478	
Fam110a		-0.18804632	
Rps16-ps2		-0.18806998	
Myo19		-0.18809158	
Fn3krp		-0.18814239	
4930511O05Rik		-0.18815838	
Tspan6		-0.1882271	
Csnk1g3		-0.18824367	
Gm6325		-0.18840525	
Pi4k2b		-0.18842092	
Osbpl8		-0.18848956	
Zfp33b		-0.18853578	
Snx24		-0.18854217	
ENSMUSG00000129234		-0.1885907	
Tmem25		-0.18860203	
Zfp644		-0.18860357	
Gm16378		-0.18862264	
Glce		-0.18865333	
ENSMUSG00000130379		-0.18876463	
Ptgr1		-0.18877086	
Atr		-0.1889271	
Runx2		-0.18927817	
Zwilch		-0.18940946	
Shkbp1		-0.1894207	
Fahd1		-0.18945475	
Tti2		-0.18946573	
Sema4b		-0.189509	
Hcls1		-0.1895216	
Slc6a19		-0.18958072	
Dclre1b		-0.1896496	
2410006H16Rik		-0.18966763	
Tdrkh		-0.1900014	
Bcl6		-0.19002022	
Pcna		-0.19002208	
Ncbp3		-0.19002342	
Kin		-0.19030243	
Eef1b2		-0.19034907	
Esam		-0.19045478	
Rchy1		-0.19045839	
Fmnl3		-0.19047217	
Sell		-0.19048634	
Nprl2		-0.19051811	
Chchd4		-0.19052798	
2900005J15Rik		-0.19053489	
ENSMUSG00000137347		-0.19054751	
Scarf1		-0.19055766	
Dlx2		-0.19058305	
Marchf1		-0.19058305	
Exosc1		-0.19062075	
Ifit2		-0.19066288	
Ppcs		-0.19070378	
Nprl3		-0.19085622	
Ube2e2		-0.1908616	
Xlr4c		-0.1910214	
ENSMUSG00000121648		-0.1911184	
Gpatch8		-0.19112009	
Ift25		-0.19119267	
Rabepk		-0.19119743	
Gm10736		-0.1913062	
Birc7		-0.19133912	
Mlycd		-0.19149816	
Lsm2		-0.19150053	
Smn1		-0.19160625	
Tfcp2l1		-0.19162908	
Psg23		-0.19168122	
ENSMUSG00000132934		-0.19169901	
Tnfrsf1a		-0.1917161	
Oxct2a		-0.19178528	
ENSMUSG00000127828		-0.19178528	
Cnot9		-0.19181064	
Snrnp200		-0.1918123	
Ceacam12		-0.19184524	
Rps19-ps6		-0.19201842	
Alpk1		-0.19209805	
Per1		-0.19210657	
Ccz1		-0.1922145	
ENSMUSG00000126969		-0.19232066	
Shq1		-0.19243278	
Atp6v0a2		-0.19264558	
Plekha6		-0.19274774	
Oser1		-0.19317725	
ENSMUSG00000130622		-0.19323151	
Fer1l4		-0.19329698	
Gm15918		-0.1933551	
Nectin1		-0.19344956	
Gbe1		-0.1936612	
Ncdn		-0.19373028	
Serp2		-0.1938606	
Klf4		-0.19388442	
Rbm19		-0.1940396	
1700085D22Rik		-0.19410932	
Chd5		-0.19418098	
Psmc4		-0.19418743	
Gm30613		-0.19421653	
Isy1		-0.19428122	
Tmsb15a		-0.19434534	
Galt		-0.19437683	
Gm14827		-0.19442068	
Fbxl9		-0.19453755	
Pdzd11		-0.19462687	
6330415G19Rik		-0.19463177	
Bbs7		-0.19465591	
A330035P11Rik		-0.19467744	
Arhgap26		-0.19481242	
Ercc2		-0.19487643	
Sspn		-0.19499505	
Ddah2		-0.19499855	
Slc35g1		-0.19500892	
Mast3		-0.19504026	
Uxs1		-0.19534071	
Zfp566		-0.19536485	
Rhod		-0.19536595	
Zfp956		-0.19536637	
Tox3		-0.19543482	
Pcdhgb7		-0.19547567	
Hmox1		-0.19548973	
Wac		-0.19555032	
Fam193b		-0.19557151	
Pon2		-0.19561334	
Trim6		-0.19575062	
Slit1		-0.19594698	
Alkbh6		-0.1960428	
Bend5		-0.19611086	
Akap10		-0.19611442	
Ints15		-0.19617082	
Mul1		-0.19623998	
ENSMUSG00000135861		-0.19636428	
Setd2		-0.1964875	
Magohb		-0.19659515	
Ddhd1		-0.19662464	
Gm42788		-0.19663651	
Amdhd2		-0.1967188	
Apol10b		-0.19679715	
Sall3		-0.19679715	
Gltp		-0.19686958	
Naip6		-0.19688056	
Actr1b		-0.19701667	
Gnb5		-0.19707964	
Cnppd1		-0.19718474	
Cog3		-0.19722022	
Gm26621		-0.19726548	
A530058O07Rik		-0.19735818	
Bbs9		-0.19736265	
Atg4a		-0.19742902	
A430103D13Rik		-0.19749376	
Arl8a		-0.19767119	
Tulp1		-0.19774231	
ENSMUSG00000124181		-0.19786155	
6330403L08Rik		-0.19791166	
Tmem63c		-0.19793884	
Aldh5a1		-0.1979491	
E030044B06Rik		-0.19822171	
Gm9917		-0.1982243	
Ubap1		-0.19822493	
Nfatc2ip		-0.19823259	
Mre11a		-0.1982911	
Gm26641		-0.19857067	
Scn7a		-0.19873998	
Gpr182		-0.1987921	
Gm10134		-0.19885537	
Fgf2		-0.19893564	
9830144P21Rik		-0.19896819	
F3		-0.19901991	
Il15ra		-0.1991306	
Ccng2		-0.19918987	
Zfp974		-0.19926123	
Gm31036		-0.19931449	
Card11		-0.19937935	
2510017J16Rik		-0.19938524	
Lbhd1		-0.19942768	
Fbln1		-0.19954619	
Tcf7		-0.19965374	
ENSMUSG00000143154		-0.19966492	
Ptgis		-0.19968207	
Zfp1003		-0.19973983	
Fkbp7		-0.19975738	
Skic8		-0.19978942	
Ttll12		-0.19982944	
Rpl7-ps8		-0.19985598	
Arhgef2		-0.19988647	
Tenm4		-0.20000294	
Cers6		-0.20004383	
Fbxo36		-0.20009592	
Zbtb40		-0.2002554	
Gata2		-0.20033032	
Rnf216		-0.20036964	
Rnf114		-0.20038356	
Ube2n-ps1		-0.20057058	
Phf13		-0.20057572	
Tmem38a		-0.20060676	
Inafm1		-0.20066568	
Ints12		-0.20072168	
Dstyk		-0.20075774	
Tspan9		-0.20078954	
Cbx2		-0.20085908	
Jmy		-0.20091215	
ENSMUSG00000129411		-0.20096625	
Gm37320		-0.20098794	
Gm57090		-0.20108408	
Zfp780b		-0.20124215	
ENSMUSG00000131942		-0.20147051	
Gm45235		-0.20147051	
Ros1		-0.20147051	
Mrpl13		-0.20151109	
C330011M18Rik		-0.20151643	
Atp2a1		-0.20170501	
Shroom1		-0.20170942	
Gm45338		-0.2017276	
Sec61a2		-0.20188765	
Lama4		-0.2019503	
Dhx40		-0.20203377	
Eef1akmt3		-0.20205125	
Nipa2		-0.2020846	
4930458D05Rik		-0.20227996	
Rhox4b		-0.2023484	
Timp2		-0.20239496	
Gm56911		-0.20249894	
Xlr4b		-0.2025294	
Bax		-0.20255545	
Tgif1		-0.20257488	
Zfp619		-0.2026405	
Rps13-ps2		-0.2026692	
Shpk		-0.20278881	
Pnpo		-0.2028918	
Nucb2		-0.20291658	
Fbxw4		-0.2030783	
Cap2		-0.20325227	
Nagpa		-0.20329863	
Scamp3		-0.20329927	
Lrrfip2		-0.2034239	
Nckap5l		-0.2034492	
Alkbh3		-0.20351605	
Chic2		-0.20354338	
G6pc3		-0.20356587	
Fhdc1		-0.20363274	
Hyal1		-0.20370306	
Gpatch3		-0.2039373	
Gm37019		-0.20402715	
Ppme1		-0.20405886	
Prob1		-0.20406625	
St7l		-0.20406818	
Prkch		-0.20418003	
Mrpl3		-0.20422374	
Plac1		-0.20437458	
Ankrd54		-0.20447046	
Kcnk9		-0.20468692	
Fam131a		-0.20475674	
Rrp36		-0.20528589	
Cux1		-0.20531566	
Wbp11		-0.20534392	
Rel		-0.20541778	
1700064N11Rik		-0.20546234	
Lypla2		-0.20548484	
Wars1		-0.20549484	
Afap1		-0.20558222	
Halr1		-0.20571469	
Gm14486		-0.20588948	
Fgd6		-0.20593272	
Aig1		-0.20593633	
Suco		-0.20603095	
Zfp553		-0.20626903	
Map2k2		-0.20627491	
Zfp599		-0.2063035	
Rab24		-0.20636134	
Spryd3		-0.2064693	
Lrp11		-0.20658001	
1110028F18Rik		-0.20658006	
Fer		-0.20664039	
Tmem140		-0.20681432	
Nol6		-0.20683452	
Gm15650		-0.20687865	
Zfp783		-0.20688322	
Per2		-0.20696938	
Kit		-0.2071408	
Itgb1bp1		-0.2073619	
ENSMUSG00000134669		-0.20740248	
9430038I01Rik		-0.207451	
B230206H07Rik		-0.2075457	
Cetn2		-0.20754601	
Smad1		-0.20767187	
Gm5796		-0.20787285	
Gadd45b		-0.20790397	
Gm48699		-0.20801908	
Ndufaf4		-0.20816612	
0610009L18Rik		-0.20820035	
Mgll		-0.20824108	
Gm12498		-0.20825924	
Cdca7		-0.20838703	
Cpq		-0.20838727	
Muc12		-0.20841551	
Pex16		-0.20843425	
ENSMUSG00000125795		-0.2084849	
Atraid		-0.20848686	
Chtf18		-0.20849869	
Ogfod1		-0.20850804	
Acsl6		-0.20883027	
Gsr		-0.20883963	
Ctsa		-0.20890023	
Rnf113a2		-0.208989	
Ier2		-0.20909034	
Mrps23		-0.20921418	
Nat8f1		-0.20923343	
Sestd1		-0.20936011	
Atn1		-0.20949148	
Hexa		-0.20950161	
ENSMUSG00000142675		-0.20951062	
Tecpr1		-0.20967771	
Klhl24		-0.20972866	
Btbd1		-0.2097427	
Tmem138		-0.20976505	
Bcl3		-0.20978074	
2310030G06Rik		-0.20981988	
Ing4		-0.20982288	
Ms4a10		-0.20995957	
Reep4		-0.210111	
Tmem202		-0.2101402	
Gngt2		-0.21018644	
Zc2hc1a		-0.21019156	
Pde3b		-0.21019617	
ENSMUSG00000141504		-0.2103109	
Hvcn1		-0.21034698	
Gm49886		-0.21040694	
Galnt1		-0.21044017	
Zbtb17		-0.21047114	
Gm49839		-0.21054561	
Abtb1		-0.2106024	
Ly6g6c		-0.21088433	
Cdiptos		-0.21090528	
Aoc1		-0.21094993	
Rhno1		-0.21102205	
Atg16l1		-0.2111218	
Rap1b		-0.21115364	
Zcchc24		-0.21115789	
Tmem198b		-0.2112869	
Aaas		-0.21130247	
A230059L01Rik		-0.211305	
Reno1		-0.21148516	
Rph3al		-0.21163164	
Zdhhc6		-0.21169594	
Psmf1		-0.21173534	
Slc43a2		-0.21184321	
Ppp1r16a		-0.21189816	
Helb		-0.21196586	
H4c9		-0.21197025	
Ezh1		-0.21200286	
Enho		-0.21207379	
Rpl37a		-0.21209578	
Rab40c		-0.21213533	
Bnip3		-0.2122414	
Mknk2		-0.21224712	
Gxylt2		-0.21228087	
Ndufa8		-0.21228929	
Kmt5c		-0.21238954	
Amz2		-0.21240059	
Eme2		-0.21270652	
Larp1b		-0.2127377	
Gm29050		-0.2130268	
Gm31305		-0.21312505	
Ogfod2		-0.21329539	
Maff		-0.21331164	
BC048644		-0.21336001	
Tgm2		-0.2135573	
Plekha4		-0.21359313	
Sh2b1		-0.21363652	
Ifih1		-0.21366243	
Mpdu1		-0.21370326	
Rab10os		-0.2138923	
Tmem88		-0.21399264	
Katna1		-0.21415459	
Ddi2		-0.21423335	
Cep57l1		-0.2143068	
Ankrd16		-0.21432121	
Ppp1ccb		-0.21440649	
Pced1b		-0.2144511	
H2az2		-0.21447572	
Ddit4		-0.2145371	
Glipr2		-0.21455602	
Traf6		-0.21464738	
Rexo4		-0.21468036	
Gm25835		-0.21468927	
Piezo2		-0.21479118	
Snx33		-0.2149352	
Slc25a25		-0.21496838	
Nsun4		-0.21501043	
Cmtr2		-0.2151356	
Polr1has		-0.21519887	
ENSMUSG00000132030		-0.21542749	
Vgf		-0.21543005	
Gm35992		-0.21545848	
Gm8515		-0.21545848	
ENSMUSG00000132083		-0.21545848	
Gm42685		-0.21545848	
ENSMUSG00000126690		-0.21545848	
Gm26581		-0.21545848	
Gm15961		-0.21545848	
Gm11675		-0.21545848	
Gm4929		-0.21545848	
4933425B07Rik		-0.21545848	
Gm10362		-0.21545848	
Hmgb1-ps6		-0.21545848	
ENSMUSG00000128887		-0.21545848	
ENSMUSG00000137496		-0.21545848	
ENSMUSG00000128830		-0.21545848	
Mxra7		-0.21550766	
Gm47218		-0.21569327	
Gm15186		-0.21581228	
Gm32950		-0.2158319	
Hsd17b8		-0.21591417	
Tmem35b		-0.21593022	
Gtpbp10		-0.21593234	
Gmnn		-0.2160384	
Arl2		-0.21605642	
Gm36026		-0.21614951	
Cep85		-0.2161834	
Slc44a1		-0.2161932	
Dpf1		-0.21620287	
Pex3		-0.21630931	
Zfp105		-0.21637309	
Tradd		-0.21644162	
Gucd1		-0.2165315	
D16Ertd472e		-0.21657386	
Rbm12		-0.21665119	
Dclk1		-0.21666732	
Clec7a		-0.21667677	
Sertad1		-0.2166848	
Tdp2		-0.21675417	
mt-Rnr2		-0.21676365	
Col22a1		-0.21678114	
S100a13		-0.21679413	
ENSMUSG00000139928		-0.21686625	
Gm57306		-0.21686625	
Gm9939		-0.21686625	
ENSMUSG00000142537		-0.21686625	
ENSMUSG00000139924		-0.21686625	
ENSMUSG00000134495		-0.21686625	
Gm49432		-0.21686625	
ENSMUSG00000143185		-0.21686625	
Ccdc42		-0.21687585	
Pi4kb		-0.21699193	
1810012K08Rik		-0.21711552	
Flot2		-0.21731488	
C4a		-0.21734905	
Nipal4		-0.21746886	
Gm22270		-0.21752264	
Pycr2		-0.21760066	
Rmi1		-0.21776533	
Cluap1		-0.217787	
Zfc3h1		-0.21780607	
Tamalin		-0.21789092	
Baalc		-0.21803905	
Fndc10		-0.21813738	
Trpm6		-0.21814856	
Cbfa2t2		-0.21820731	
ENSMUSG00000129048		-0.21821196	
C030010C08Rik		-0.21831398	
Zfp697		-0.21838516	
Ulk1		-0.21846318	
3110009E18Rik		-0.2186149	
Dnttip1		-0.21873242	
Haus6		-0.21890093	
Gm57273		-0.21890682	
Mocs1		-0.218956	
Ddb2		-0.21896128	
Pim2		-0.21910295	
Fbxl2		-0.21921887	
4933415A04Rik		-0.21926661	
Gm14057		-0.21940611	
Il33		-0.21946943	
Taf8		-0.21954021	
ENSMUSG00000130358		-0.21954583	
Cxcl9		-0.21954583	
Mmp27		-0.21954583	
ENSMUSG00000133375		-0.21954583	
Gm4425		-0.21954583	
Gm49959		-0.21954583	
ENSMUSG00000130811		-0.21962547	
Gm8399		-0.21969633	
Fam107b		-0.21970943	
Tmem220		-0.21976648	
Ggh		-0.21984234	
Ppp1r12c		-0.21990319	
B130024G19Rik		-0.22006543	
Tom1l2		-0.22039698	
Zfyve16		-0.22054729	
Styx		-0.22055513	
Nubp1		-0.22060677	
Aip		-0.2207889	
Psmd8		-0.22087786	
Gnptab		-0.22089097	
Ddx49		-0.22110358	
Bag3		-0.22120297	
Calml4		-0.22129844	
Acer3		-0.22141036	
Psg22		-0.22144271	
Tubg2		-0.2214461	
Nme2		-0.221489	
2810013P06Rik		-0.22155069	
Psg16		-0.2217297	
Zbtb43		-0.22179665	
Med20		-0.22181045	
ENSMUSG00000129606		-0.22190915	
Majin		-0.22190915	
Klhl26		-0.22191507	
Gpatch2l		-0.22201465	
Gm38161		-0.22205651	
ENSMUSG00000124948		-0.22211242	
ENSMUSG00000135419		-0.22216843	
Gstm2		-0.2222009	
Arhgap11a		-0.22223169	
ENSMUSG00000136942		-0.2222372	
Cab39l		-0.22223784	
Adra2a		-0.22225706	
Cyria		-0.22229479	
Phf23		-0.22232367	
Poglut1		-0.22242475	
Gm56867		-0.22293462	
Chp1		-0.22293884	
Rab33b		-0.22295275	
Fbxw5		-0.22295754	
Scd1		-0.22296138	
Smox		-0.22296543	
Mapk8ip3		-0.22323424	
Traf2		-0.22327141	
4930506C21Rik		-0.22331709	
Pdgfra		-0.22354357	
Tmem97		-0.22355111	
Gja5		-0.22362848	
Gm50288		-0.22370258	
Ror1		-0.22387706	
Igfbp6		-0.22393523	
Baiap2		-0.22402595	
Gm44013		-0.22407837	
2610005L07Rik		-0.22408408	
Clpx		-0.22413424	
Tex19.1		-0.22416647	
Mrm1		-0.22453834	
Gle1		-0.22463895	
Mrpl55		-0.22468527	
Rbm4b		-0.22469412	
Tmem100		-0.22472438	
Ramp3		-0.22473261	
Gm11662		-0.22478022	
Mapk1ip1		-0.22483158	
Psg26		-0.22485387	
Ttll7		-0.22487031	
Espl1		-0.22489783	
Gm18649		-0.22490452	
Spsb1		-0.22496668	
Tmed8		-0.22498164	
Scap		-0.22512263	
Rac2		-0.22514436	
Faap100		-0.22515859	
Tmem65		-0.22519605	
Sugp1		-0.22523725	
Sfswap		-0.22525051	
Hddc3		-0.22527306	
Ntng2		-0.22542883	
ENSMUSG00000126591		-0.22546919	
Iqcb1		-0.2255281	
Gm13127		-0.225561	
Il36g		-0.22556761	
Nox4		-0.22558315	
9930017N22Rik		-0.22575697	
Efemp2		-0.22612584	
Gm8297		-0.22629765	
Akr1b8		-0.22639547	
Zswim1		-0.2264067	
Antxr2		-0.22653545	
Mrpl48		-0.22654729	
Slc7a11		-0.22655067	
Prdx3		-0.22659402	
Pla2g4d		-0.2266283	
Ppp2r2d		-0.22669338	
Il9r		-0.22693142	
Nt5dc1		-0.2269505	
Mks1		-0.2270698	
Madd		-0.22707982	
Rev3l		-0.22717722	
Zfp410		-0.22719711	
A630023P12Rik		-0.22720407	
Gm15402		-0.22720407	
Mif4gd		-0.22722557	
Chst10		-0.22724865	
ENSMUSG00000140318		-0.22733128	
Tusc2		-0.22740088	
Riok3		-0.22745222	
Exo5		-0.22763743	
Klhl41		-0.22781079	
Rem2		-0.22781079	
ENSMUSG00000131294		-0.22781079	
ENSMUSG00000136513		-0.22791043	
Tubb4a		-0.22796781	
Tnfrsf1b		-0.22798376	
6030442K20Rik		-0.22802457	
Mmp2		-0.2281711	
Il17ra		-0.22823381	
Os9		-0.22823495	
Mrpl39		-0.2282594	
Kremen1		-0.22828655	
Gm45330		-0.22835647	
Gm12500		-0.22839838	
Fgfrl1		-0.22853328	
Ptpn23		-0.2285847	
Bop1		-0.22863097	
Cdyl		-0.22865576	
Acaa2		-0.22870284	
Bud13		-0.22881435	
Coro1b		-0.22882013	
Desi1		-0.22885461	
Tmem132a		-0.2289273	
ENSMUSG00000134949		-0.22902706	
Rnf8		-0.22917363	
D030040B21Rik		-0.22936578	
Slc9b1		-0.22938001	
Fgfr2		-0.22945118	
Klhl2		-0.22966419	
Calhm2		-0.22974418	
Gm12183		-0.22982082	
Saxo2		-0.2299128	
Abcg1		-0.23001102	
2610008E11Rik		-0.23025657	
Cdkn1b		-0.23026894	
Tgfb1		-0.23034866	
Maoa		-0.2303674	
3110070M22Rik		-0.230507	
Usp35		-0.23051083	
Gm8883		-0.23074111	
Nhp2		-0.23074873	
Gpank1		-0.23077488	
Trim27		-0.23080245	
Adam15		-0.230806	
L3mbtl1		-0.23081361	
Mcc		-0.23119769	
Fpgs		-0.23122247	
Zfp334		-0.23127449	
Sema3a		-0.23131506	
Robo4		-0.23131655	
Cebpb		-0.23132905	
B3gnt9		-0.23140031	
Gm42858		-0.23144126	
Ticrr		-0.23145169	
Slc25a19		-0.23146288	
Gm13003		-0.23154813	
Nefh		-0.2316414	
Triqk		-0.23168418	
Ngrn		-0.23182043	
D330041H03Rik		-0.23186308	
Glrx5		-0.23193131	
Mical2		-0.23205638	
Ccni		-0.23241852	
Gm20714		-0.23242684	
Gm14295		-0.23248595	
P2ry6		-0.23252377	
Cep97		-0.23281316	
Wdr46		-0.23286289	
Gm12576		-0.23287676	
A130010J15Rik		-0.23289321	
Tmem26		-0.23300321	
Tsen15		-0.23302013	
Cyp2u1		-0.23318307	
Gm14225		-0.23329669	
Gm16184		-0.23329669	
Ubald1		-0.23340306	
Prr3		-0.23343731	
1110058D11Rik		-0.23344499	
Alb		-0.23353054	
Sergef		-0.23379521	
A730056A06Rik		-0.23394276	
Kcnd1		-0.23400503	
Ift46		-0.2342007	
Gm4949		-0.2342318	
D630033O11Rik		-0.2342427	
Tmem184c		-0.2345697	
Yod1		-0.23496881	
Ripply3		-0.23504785	
9030625G05Rik		-0.23528615	
Gm26664		-0.23538034	
Grcc10		-0.2353849	
Prl7b1		-0.23546596	
Ago4		-0.23549913	
Dbf4		-0.23558992	
Gm44154		-0.23570177	
ENSMUSG00000121384		-0.23626356	
P2rx7		-0.23629488	
ENSMUSG00000131158		-0.23641703	
H2bc21		-0.2364504	
ENSMUSG00000129945		-0.23667455	
Cog1		-0.2367308	
Gipc1		-0.23677355	
Ralgds		-0.23694302	
Ddr2		-0.23700249	
Ube2a		-0.2371592	
Rbis		-0.2374256	
Rtl6		-0.23755826	
Mdm2		-0.2376065	
2510002D24Rik		-0.23772474	
Cplx1		-0.23776594	
Sp4		-0.2377892	
Arhgap23		-0.23779382	
Gm11695		-0.23810628	
Trmt10c		-0.23815008	
Spidr		-0.23815036	
Npm3		-0.23821738	
Gm10557		-0.23833917	
Cited2		-0.2384094	
Tbx2		-0.2384324	
Fcgr3		-0.23855427	
Zfp341		-0.23866615	
Tmem67		-0.23883075	
Asf1a		-0.23884289	
Ankrd28		-0.23893152	
Oas1g		-0.23895109	
Zbtb47		-0.2389525	
Dmrta2		-0.23908803	
Rbbp8		-0.2396035	
ENSMUSG00000136569		-0.23961186	
F2rl3		-0.23969793	
Dlx3		-0.23976842	
Kantr		-0.23984116	
Alms1		-0.23986106	
Tom1		-0.2400173	
Zfp740		-0.2400334	
Urod		-0.24007162	
Zfp777		-0.24007851	
Usf1		-0.24018335	
Zfp59		-0.24045046	
D7Ertd443e		-0.24052177	
Nudt18		-0.24071738	
Ccdc92		-0.24074191	
Gm7331		-0.24111818	
Cerk		-0.2412063	
Phf11b		-0.24125499	
Pygo2		-0.24141547	
2010001K21Rik		-0.24143685	
Clock		-0.24152853	
Ccnt2		-0.24155933	
Hey1		-0.24163415	
ENSMUSG00000140893		-0.24163704	
Snn		-0.24165826	
Abhd8		-0.2418415	
Coro7		-0.24192029	
Hcrtr1		-0.24193402	
Spring1		-0.2419633	
Gm42655		-0.24205215	
Efcab12		-0.24205215	
Kirrel3os		-0.24205215	
Gm36411		-0.24205215	
Gm48898		-0.24205215	
Gm48242		-0.24205215	
Dscc1		-0.24205215	
ENSMUSG00000135862		-0.24205215	
Snx29		-0.24211738	
Frs2		-0.24215774	
Ankrd6		-0.24222785	
Zfp358		-0.24225648	
Gm50340		-0.24233225	
Zbtb25		-0.24233708	
Grm4		-0.24250871	
Zfp958		-0.24259178	
ENSMUSG00000142767		-0.24275441	
Cog7		-0.24288882	
Vsir		-0.242978	
Kmt2a		-0.24323086	
Mtcl2		-0.24338971	
Txnrd1		-0.24342065	
Adprm		-0.24366756	
Plpp6		-0.24368584	
Mrpl37		-0.24370626	
Lxn		-0.24374227	
Tceanc2		-0.24375565	
Crtc3		-0.24377485	
Thsd7a		-0.24378875	
Itpk1		-0.24382909	
Sgpp1		-0.24390414	
Nog		-0.24400344	
Ppat		-0.24403684	
Ccnd3		-0.24412155	
Camk2n1		-0.24440669	
Rnf19b		-0.24444021	
Upb1		-0.24473774	
Tmem109		-0.24499914	
Gas2l3		-0.24502064	
Letm2		-0.24503735	
Ndufs5		-0.24521522	
Psd2		-0.24525541	
Spib		-0.24525969	
Atp23		-0.2453028	
Sycn		-0.2453174	
Gm38157		-0.24537307	
Dnajc28		-0.24551551	
Hephl1		-0.24553059	
Hoxb7		-0.24560452	
Gm12279		-0.24564755	
Dnttip2		-0.24580808	
Gpr156		-0.2458735	
Gm56905		-0.24590775	
Otud6b		-0.24597956	
4930511M06Rik		-0.24602018	
ENSMUSG00000134258		-0.24631652	
Gm44674		-0.24636483	
Gm17597		-0.24636717	
4933433H22Rik		-0.24636717	
2310069B03Rik		-0.24644873	
Plk2		-0.2468093	
ENSMUSG00000121783		-0.24686833	
Ssh3		-0.24699521	
Ptprk		-0.24706206	
Cfap45		-0.24715889	
Dusp5		-0.2472933	
Zmym1		-0.24747099	
Hpcal4		-0.24760945	
Ap5s1		-0.24765104	
Pcbp4		-0.2477977	
Hgfac		-0.24783087	
Pigb		-0.24792594	
Gm56971		-0.24805845	
ENSMUSG00000126733		-0.24805845	
ENSMUSG00000132744		-0.24805845	
Edc4		-0.24816443	
Chaserr		-0.24816848	
Flcn		-0.24819267	
Asxl2		-0.24846607	
Hsdl2		-0.24847125	
Gm14026		-0.24866296	
Gm12974		-0.24866296	
ENSMUSG00000124859		-0.24866296	
Gm49493		-0.24866296	
ENSMUSG00000131625		-0.24866296	
Gm45776		-0.24866296	
Gm25694		-0.24866296	
Gm48045		-0.24866296	
Pkd1l1		-0.24866296	
ENSMUSG00000123384		-0.24866296	
ENSMUSG00000139054		-0.24866296	
Cma2		-0.24866296	
ENSMUSG00000135912		-0.24866296	
Gm42477		-0.24866296	
Snora20		-0.24866296	
Gm52988		-0.24866296	
Cd5		-0.24866296	
L3mbtl3		-0.24878854	
Dis3		-0.24886452	
Arih2		-0.24916591	
Esyt3		-0.24916899	
Mecp2		-0.249344	
Clca3a1		-0.24948488	
ENSMUSG00000140606		-0.24952304	
Inpp5d		-0.24959463	
Smyd4		-0.24967815	
ENSMUSG00000126871		-0.24973963	
Cdc42ep4		-0.24976763	
Matn4		-0.24980508	
ENSMUSG00000127035		-0.24980508	
Gas2		-0.24990948	
Gm15708		-0.24993198	
Mir22hg		-0.25009033	
Fam53a		-0.2501487	
Gata6os		-0.2501488	
Rgmb		-0.25024045	
Thap4		-0.2502868	
Txnl4b		-0.25032255	
Cd33		-0.25034133	
Pcdhga7		-0.25035465	
Gm4316		-0.25040308	
Malat1		-0.25045282	
Smpd1		-0.25047123	
Zscan12		-0.250519	
Gpr176		-0.25058913	
Pcif1		-0.25059095	
Rhox12		-0.2506373	
Mettl4		-0.2507013	
Gm11749		-0.25070322	
Spag6l		-0.25070322	
Ggact		-0.25079852	
5430405H02Rik		-0.2509599	
Eaf1		-0.2509783	
Gm20008		-0.25101563	
Bbs10		-0.25132844	
Rpl39l		-0.25142944	
Gml		-0.25159013	
Gm56547		-0.25162685	
ENSMUSG00000142023		-0.2517108	
Gm38317		-0.25175732	
Tbcel		-0.25229988	
Gstt2		-0.25236544	
3300005D01Rik		-0.25238964	
Cabp1		-0.25246823	
Rpusd3		-0.25271082	
Irak3		-0.25276273	
Brpf1		-0.25278634	
Gm47798		-0.25286657	
Gm10277		-0.2529783	
Filip1		-0.2530039	
Zscan29		-0.25305322	
Tesc		-0.25323012	
Zfp329		-0.25326693	
Eif2b2		-0.25340146	
Acbd6		-0.2534098	
Gm56489		-0.2534954	
Snhg7		-0.25357467	
Gm42820		-0.25364354	
Asns		-0.253657	
Ccdc13		-0.25372162	
Ptrhd1		-0.25378248	
Gm10785		-0.25385985	
Birc3		-0.25395942	
Cox7a1		-0.25404277	
Tcp11l2		-0.25437546	
Fam221a		-0.25440714	
Gm57390		-0.2544857	
Plbd2		-0.2544901	
Mkrn3		-0.25464797	
ENSMUSG00000135486		-0.25484133	
Cenatac		-0.2549518	
ENSMUSG00000132705		-0.25495252	
Fa2h		-0.25500318	
Map2k5		-0.2550304	
Ppp1r42		-0.25511903	
Fcrla		-0.25511903	
Mccc1os		-0.25511903	
ENSMUSG00000143853		-0.25511903	
Tdpoz8		-0.25511903	
ENSMUSG00000139010		-0.25511903	
Gm57067		-0.25511903	
2310074N15Rik		-0.25511903	
4930421C12Rik		-0.25511903	
ENSMUSG00000127317		-0.25511903	
4930405N21Rik		-0.25511903	
ENSMUSG00000132160		-0.25511903	
Gm57002		-0.25511903	
1700034J05Rik		-0.25511903	
Gm19126		-0.25511903	
ENSMUSG00000137607		-0.25511903	
Hmx3		-0.25511903	
Nctc1		-0.25511903	
Gm38414		-0.25511903	
Gm27011		-0.25511903	
Gm20735		-0.25511903	
1700034K08Rik		-0.25511903	
2900079G21Rik		-0.25511903	
A530083I20Rik		-0.25511903	
Gm17200		-0.25511903	
Gm48874		-0.25511903	
Or2v2		-0.25511903	
Gm48225		-0.25511903	
Gm26679		-0.25511903	
ENSMUSG00000134023		-0.25511903	
Gm7638		-0.25511903	
Myh15		-0.25511903	
ENSMUSG00000127248		-0.25511903	
Prss41		-0.25511903	
Gm20478		-0.25511903	
ENSMUSG00000127952		-0.25511903	
ENSMUSG00000138542		-0.25511903	
Rgs19		-0.25542426	
Mtfmt		-0.25545394	
Acss1		-0.25558126	
Ptgs1		-0.25570223	
Fam184a		-0.2558063	
Ppard		-0.25598338	
Fndc3a		-0.2560287	
Gm46280		-0.2560412	
Zbtb5		-0.25608018	
Rbsn		-0.2561016	
Lgals3		-0.2561191	
Mrc2		-0.25614238	
Gm50020		-0.25620282	
Arid4a		-0.2562222	
Gm20707		-0.25630718	
Cables1		-0.2563513	
1700017B05Rik		-0.256352	
Cdan1		-0.25637478	
Samd9l		-0.25640035	
Mlc1		-0.25642198	
Pnkp		-0.25651103	
Mrpl52		-0.2565669	
Gm19391		-0.25657564	
Dgke		-0.25660864	
Gm57301		-0.2566981	
Prdm1		-0.256722	
Gm26782		-0.25695008	
Flywch1		-0.25695413	
ENSMUSG00000135962		-0.25699547	
Nup62		-0.25704607	
Ranbp17		-0.25708574	
Vgll1		-0.25710183	
Gch1		-0.25712305	
Atp8b2		-0.25725323	
ENSMUSG00000128563		-0.25737903	
Fam24b		-0.25737903	
Rdh1		-0.25737903	
ENSMUSG00000121706		-0.25737903	
Gm21859		-0.25737903	
Gm30794		-0.25737903	
ENSMUSG00000134905		-0.25737903	
Slc22a8		-0.25737903	
Acan		-0.25741157	
Plac9		-0.25741956	
Nt5c2		-0.25747392	
Tmem243		-0.25748578	
Zfyve9		-0.2575332	
1600029O15Rik		-0.2576877	
Pla2g4e		-0.25776687	
Hcar1		-0.25786588	
AI839979		-0.25800905	
ENSMUSG00000121399		-0.25812608	
Ifitm10		-0.2581325	
Rybp-ps		-0.25861803	
Lrrn4		-0.2586264	
Eif1a		-0.25869775	
Lin37		-0.2587158	
Odad1		-0.2587414	
Ccdc181		-0.25875014	
Gm15567		-0.2587909	
Uimc1		-0.25898805	
Gm50260		-0.25901875	
Cpsf4		-0.25903428	
Scara5		-0.2591188	
Enox2		-0.25929403	
Kbtbd3		-0.25931498	
Chad		-0.25931972	
ENSMUSG00000137171		-0.25942662	
Fastkd5		-0.25945014	
Rundc3b		-0.25950417	
1700071M16Rik		-0.25971445	
ENSMUSG00000134578		-0.2597898	
Fgr		-0.26000795	
Il20rb		-0.2601127	
Lyrm1		-0.26016864	
Ciao1		-0.26042768	
Kti12		-0.2604414	
Ism2		-0.2605017	
Add2		-0.26092726	
ENSMUSG00000129667		-0.26095837	
Gm45847		-0.26096755	
Prr23a3		-0.26103023	
Vps4b		-0.26116621	
Gabrd		-0.26122	
Gm47694		-0.2612382	
ENSMUSG00000129427		-0.2612403	
Denr		-0.26127252	
Umps		-0.26148066	
Gm48226		-0.2615002	
Mok		-0.26158467	
Apcdd1		-0.26167896	
Igsf9		-0.2617855	
Stat3		-0.2617867	
Kcnj12		-0.26180857	
Slc25a42		-0.2618277	
Pde12		-0.26192898	
Gm48653		-0.26196888	
Cd99l2		-0.2619971	
Lrr1		-0.2620006	
Sema6c		-0.26202506	
Drc3		-0.262087	
Tmem18		-0.2622387	
ENSMUSG00000127740		-0.2622457	
ENSMUSG00000122146		-0.26232135	
Mybl1		-0.2624074	
Ccdc86		-0.26245502	
Fbxl16		-0.26245663	
Asf1b		-0.26249546	
Gm57245		-0.2625925	
Gm42067		-0.2625925	
Gde1		-0.26280162	
Rilpl1		-0.26283282	
Bace2		-0.26297453	
Rasip1		-0.263142	
Ercc6l		-0.26318973	
Gm15927		-0.26319653	
6230400D17Rik		-0.26323336	
Naa16		-0.26335984	
Gm20324		-0.26339686	
Serpinb1c		-0.2634499	
Gm49405		-0.263605	
Pierce2		-0.2637397	
2810029C07Rik		-0.2637429	
Nrip3		-0.2637581	
Usp20		-0.26395223	
Rdh12		-0.26400936	
Mrps9		-0.26416028	
Imp4		-0.26423442	
Rbfox3		-0.2643328	
Zc3h7b		-0.26454285	
Lppos		-0.26457646	
Hcar2		-0.2647621	
Ugdh		-0.2648702	
Asz1		-0.26501042	
Marcks		-0.2650234	
Gm48355		-0.26525125	
Eng		-0.26564622	
Rasgef1a		-0.2657458	
Scnn1g		-0.2658687	
4933421O10Rik		-0.2659745	
BC107364		-0.26604307	
Crybg3		-0.2661028	
Garin5a		-0.2661088	
Pls3		-0.26611757	
B230354K17Rik		-0.26616952	
Pold2		-0.2662862	
Gm48529		-0.2663893	
ENSMUSG00000142443		-0.26641586	
Zfp846		-0.26650536	
Gabbr1		-0.2665081	
Pex12		-0.2665804	
Dnaaf8		-0.26670697	
Arfgef3		-0.26672748	
Emcn		-0.26675004	
Vash2		-0.26675433	
Gm9752		-0.26684994	
Col13a1		-0.26694497	
Zfp113		-0.2671861	
Lgr5		-0.26732808	
Wfikkn2		-0.26739657	
Fam187b		-0.2674451	
Gm35279		-0.2674753	
Glis1		-0.26759	
ENSMUSG00000134371		-0.2677519	
Gm6093		-0.26778346	
Msra		-0.26791546	
Gm11131		-0.26799282	
Polr1c		-0.2680192	
Cd276		-0.2684908	
Nradd		-0.2684938	
Col12a1		-0.26859805	
Ercc4		-0.2686834	
Dnase1l3		-0.26869592	
Egfem1		-0.26893225	
ENSMUSG00000136143		-0.26893225	
Zfp26		-0.26902434	
ENSMUSG00000124311		-0.2690869	
Carmn		-0.26912275	
ENSMUSG00000140275		-0.26917174	
Kxd1		-0.26922974	
Acsf2		-0.26929906	
Ric8a		-0.26931322	
1700003M07Rik		-0.26966318	
ENSMUSG00000140804		-0.26973614	
Fam149a		-0.26982966	
Gm57399		-0.2700967	
Gm7072		-0.2701234	
Plekhh3		-0.27027053	
Qpctl		-0.2702725	
Med26		-0.27033097	
Lpcat2		-0.27038512	
Zfp469		-0.2704644	
Usp28		-0.27076888	
Rhbdf1		-0.27077186	
Slc39a11		-0.27079934	
Map1lc3a		-0.27084413	
Map3k13		-0.27085432	
Nemp1		-0.27087802	
Psmd2		-0.27090824	
Mrps34		-0.27098018	
Traf3ip2		-0.2713131	
Foxf1		-0.2716464	
Tmem175		-0.27176195	
Trim21		-0.27183872	
Gm57402		-0.27185425	
Krt8-ps		-0.27189466	
ENSMUSG00000141011		-0.27194908	
C230013L11Rik		-0.27200624	
B430203G13Rik		-0.27203387	
ENSMUSG00000138831		-0.2720663	
Otol1		-0.27208674	
Elk4		-0.27217916	
Atpaf2		-0.2721888	
Mrps24		-0.2722378	
Gm15884		-0.27236375	
A730091E23Rik		-0.27243713	
1700008J07Rik		-0.2726046	
Naip5		-0.27260783	
Gm35041		-0.27275386	
Actr3b		-0.2728376	
Ufsp1		-0.27287817	
Ptcd1		-0.27300116	
Hcn2		-0.27310032	
Chchd6		-0.27318627	
ENSMUSG00000132379		-0.2734915	
Samd14		-0.27352145	
ENSMUSG00000122020		-0.27358386	
Ebf2		-0.27360138	
Gm36629		-0.27365777	
Gm6104		-0.27373356	
ENSMUSG00000141243		-0.27373356	
Gm37108		-0.27373356	
ENSMUSG00000128816		-0.27373356	
Gm6195		-0.27373356	
ENSMUSG00000122491		-0.27373356	
Gm2383		-0.27373356	
Gm29283		-0.27373356	
Gm5523		-0.27373356	
Gm25166		-0.27373356	
Gm15795		-0.27373356	
Il17f		-0.27373356	
ENSMUSG00000133875		-0.27373356	
Gm36949		-0.27373356	
Atp6-ps		-0.27373356	
Gm28661		-0.27373356	
ENSMUSG00000122244		-0.27373356	
Gm5525		-0.27373356	
Ptp4a1		-0.27373356	
Gm19680		-0.27373356	
ENSMUSG00000138807		-0.27373356	
ENSMUSG00000123789		-0.27373356	
Gm37670		-0.27373356	
ENSMUSG00000138886		-0.27373356	
Gm33533		-0.27373356	
Rpl12-ps1		-0.27373356	
ENSMUSG00000143598		-0.27373356	
ENSMUSG00000139392		-0.27373356	
ENSMUSG00000125331		-0.27373356	
Gm16151		-0.27373356	
Gm6621		-0.27373356	
ENSMUSG00000124233		-0.27373356	
Gm37347		-0.27373356	
Gm28634		-0.27373356	
Gm9915		-0.27373356	
ENSMUSG00000127954		-0.27373356	
ENSMUSG00000140754		-0.27373356	
Gm9496		-0.27373356	
ENSMUSG00000135290		-0.27373356	
ENSMUSG00000123784		-0.27373356	
Gm28322		-0.27373356	
Gm16107		-0.27373356	
Gm18800		-0.27373356	
Gm55384		-0.27373356	
ENSMUSG00000140936		-0.27373356	
Gm57110		-0.27373356	
ENSMUSG00000124835		-0.27373356	
ENSMUSG00000140762		-0.27373356	
Sec61g-ps2		-0.27373356	
ENSMUSG00000137422		-0.27373356	
Gm29083		-0.27373356	
Gm13750		-0.27373356	
Cryga		-0.27373356	
Gm28922		-0.27373356	
ENSMUSG00000137262		-0.27373356	
ENSMUSG00000143389		-0.27373356	
ENSMUSG00000139633		-0.27373356	
ENSMUSG00000133027		-0.27373356	
Gm28364		-0.27373356	
Gm56341		-0.27373356	
Cryba2		-0.27373356	
ENSMUSG00000122907		-0.27373356	
ENSMUSG00000142041		-0.27373356	
Gm816		-0.27373356	
ENSMUSG00000137979		-0.27373356	
ENSMUSG00000122898		-0.27373356	
ENSMUSG00000122769		-0.27373356	
Gm29187		-0.27373356	
Gm6244		-0.27373356	
Gm37925		-0.27373356	
Rpl19-ps1		-0.27373356	
Gm7582		-0.27373356	
Gm18342		-0.27373356	
Gm7609		-0.27373356	
Gm5258		-0.27373356	
ENSMUSG00000130320		-0.27373356	
ENSMUSG00000136638		-0.27373356	
Gm29055		-0.27373356	
ENSMUSG00000129327		-0.27373356	
ENSMUSG00000139695		-0.27373356	
ENSMUSG00000141394		-0.27373356	
Gm28499		-0.27373356	
Gm37521		-0.27373356	
ENSMUSG00000133254		-0.27373356	
Prlh		-0.27373356	
Gm19085		-0.27373356	
Gm29099		-0.27373356	
Mir149		-0.27373356	
Gm26446		-0.27373356	
Gm7895		-0.27373356	
Gm23389		-0.27373356	
Gm37761		-0.27373356	
Gm1833		-0.27373356	
Gm3555		-0.27373356	
ENSMUSG00000124825		-0.27373356	
Cntnap5b		-0.27373356	
ENSMUSG00000132547		-0.27373356	
ENSMUSG00000132589		-0.27373356	
Gm6028		-0.27373356	
Gm4854		-0.27373356	
Gm7200		-0.27373356	
Gm3551		-0.27373356	
Gm37043		-0.27373356	
ENSMUSG00000122345		-0.27373356	
ENSMUSG00000123230		-0.27373356	
Gm37478		-0.27373356	
Gm37551		-0.27373356	
ENSMUSG00000128696		-0.27373356	
Gm29597		-0.27373356	
ENSMUSG00000129110		-0.27373356	
Gm28914		-0.27373356	
Gm55850		-0.27373356	
Gm37120		-0.27373356	
ENSMUSG00000128131		-0.27373356	
Gm25612		-0.27373356	
Gm57130		-0.27373356	
ENSMUSG00000137967		-0.27373356	
2610012C04Rik		-0.27373356	
Gm37759		-0.27373356	
ENSMUSG00000123258		-0.27373356	
Gpr25		-0.27373356	
ENSMUSG00000143464		-0.27373356	
Gm29485		-0.27373356	
Gm57131		-0.27373356	
Mif-ps1		-0.27373356	
ENSMUSG00000142455		-0.27373356	
Gm23534		-0.27373356	
Gm37099		-0.27373356	
ENSMUSG00000135523		-0.27373356	
Gm26048		-0.27373356	
Gm37142		-0.27373356	
ENSMUSG00000129655		-0.27373356	
ENSMUSG00000127907		-0.27373356	
Gm4034		-0.27373356	
ENSMUSG00000135923		-0.27373356	
Gm19087		-0.27373356	
Gm8947		-0.27373356	
Gm25279		-0.27373356	
5530400K19Rik		-0.27373356	
ENSMUSG00000141271		-0.27373356	
Nphs2		-0.27373356	
ENSMUSG00000141317		-0.27373356	
ENSMUSG00000143846		-0.27373356	
Gm37115		-0.27373356	
ENSMUSG00000139035		-0.27373356	
Gm36975		-0.27373356	
4930558K02Rik		-0.27373356	
ENSMUSG00000131606		-0.27373356	
Gm16548		-0.27373356	
Gm32652		-0.27373356	
ENSMUSG00000136740		-0.27373356	
Gm38210		-0.27373356	
Gm16418		-0.27373356	
ENSMUSG00000140424		-0.27373356	
ENSMUSG00000138864		-0.27373356	
Mpz		-0.27373356	
ENSMUSG00000135644		-0.27373356	
Gm37450		-0.27373356	
Gm10171		-0.27373356	
Gm36937		-0.27373356	
Gm35742		-0.27373356	
Gm42475		-0.27373356	
ENSMUSG00000134544		-0.27373356	
Gm37106		-0.27373356	
ENSMUSG00000124163		-0.27373356	
ENSMUSG00000138953		-0.27373356	
Gm37070		-0.27373356	
ENSMUSG00000137014		-0.27373356	
Gm6606		-0.27373356	
Gm57166		-0.27373356	
ENSMUSG00000127993		-0.27373356	
Gm37177		-0.27373356	
ENSMUSG00000137428		-0.27373356	
1700112H15Rik		-0.27373356	
Rpl21-ps1		-0.27373356	
ENSMUSG00000131161		-0.27373356	
ENSMUSG00000138239		-0.27373356	
ENSMUSG00000129927		-0.27373356	
Gm37239		-0.27373356	
ENSMUSG00000125162		-0.27373356	
ENSMUSG00000133398		-0.27373356	
Gm37132		-0.27373356	
Gm37107		-0.27373356	
Gm13187		-0.27373356	
Gm36988		-0.27373356	
Gm13216		-0.27373356	
ENSMUSG00000138435		-0.27373356	
ENSMUSG00000132667		-0.27373356	
C630004M23Rik		-0.27373356	
ENSMUSG00000122068		-0.27373356	
Gm55725		-0.27373356	
Mir297a-3		-0.27373356	
Gm13294		-0.27373356	
Gm13292		-0.27373356	
ENSMUSG00000141718		-0.27373356	
Gm10851		-0.27373356	
ENSMUSG00000138323		-0.27373356	
ENSMUSG00000138014		-0.27373356	
ENSMUSG00000142883		-0.27373356	
Gm13322		-0.27373356	
Gm13349		-0.27373356	
ENSMUSG00000127884		-0.27373356	
Myo3a		-0.27373356	
Gm13342		-0.27373356	
Gm13339		-0.27373356	
Gm13392		-0.27373356	
ENSMUSG00000142420		-0.27373356	
ENSMUSG00000122469		-0.27373356	
ENSMUSG00000141405		-0.27373356	
ENSMUSG00000129257		-0.27373356	
ENSMUSG00000128093		-0.27373356	
Gm14471		-0.27373356	
ENSMUSG00000134702		-0.27373356	
Mir3089		-0.27373356	
Gm13441		-0.27373356	
Gm56422		-0.27373356	
Gm13403		-0.27373356	
Gm13408		-0.27373356	
ENSMUSG00000128045		-0.27373356	
Gm35202		-0.27373356	
Morn5		-0.27373356	
Gm13430		-0.27373356	
Or1j20		-0.27373356	
ENSMUSG00000139818		-0.27373356	
ENSMUSG00000122566		-0.27373356	
Bloc1s2-ps		-0.27373356	
ENSMUSG00000132803		-0.27373356	
ENSMUSG00000133278		-0.27373356	
ENSMUSG00000133231		-0.27373356	
Gm13581		-0.27373356	
Gm52513		-0.27373356	
ENSMUSG00000137706		-0.27373356	
ENSMUSG00000134915		-0.27373356	
Gm13592		-0.27373356	
ENSMUSG00000143164		-0.27373356	
ENSMUSG00000141078		-0.27373356	
Gm13629		-0.27373356	
Mir6335		-0.27373356	
Gm38377		-0.27373356	
ENSMUSG00000128303		-0.27373356	
ENSMUSG00000131926		-0.27373356	
ENSMUSG00000135372		-0.27373356	
ENSMUSG00000131709		-0.27373356	
Gm13668		-0.27373356	
4930441J16Rik		-0.27373356	
4930445N08Rik		-0.27373356	
Gm56200		-0.27373356	
ENSMUSG00000135521		-0.27373356	
Gm13651		-0.27373356	
Gm13944		-0.27373356	
ENSMUSG00000125602		-0.27373356	
Prdx6b		-0.27373356	
ENSMUSG00000129188		-0.27373356	
ENSMUSG00000136122		-0.27373356	
Or9g4b		-0.27373356	
Gm13719		-0.27373356	
Or5aq7		-0.27373356	
Or5w22		-0.27373356	
Or5w14		-0.27373356	
Or5w17		-0.27373356	
Or4p7		-0.27373356	
Or4a66		-0.27373356	
Olfr1235-ps1		-0.27373356	
Or4b1d		-0.27373356	
ENSMUSG00000142628		-0.27373356	
Gm23390		-0.27373356	
Gm13780		-0.27373356	
Mir7000		-0.27373356	
ENSMUSG00000140272		-0.27373356	
ENSMUSG00000123850		-0.27373356	
ENSMUSG00000139464		-0.27373356	
ENSMUSG00000137241		-0.27373356	
ENSMUSG00000140052		-0.27373356	
ENSMUSG00000131741		-0.27373356	
Gm57471		-0.27373356	
Gm56386		-0.27373356	
Gm13902		-0.27373356	
Gm13904		-0.27373356	
Gm13932		-0.27373356	
Gm13935		-0.27373356	
Or4k37		-0.27373356	
Or4f59		-0.27373356	
Gm26505		-0.27373356	
ENSMUSG00000131810		-0.27373356	
ENSMUSG00000134142		-0.27373356	
ENSMUSG00000125260		-0.27373356	
ENSMUSG00000125304		-0.27373356	
4930412B13Rik		-0.27373356	
n-R5s204		-0.27373356	
ENSMUSG00000131013		-0.27373356	
ENSMUSG00000130993		-0.27373356	
ENSMUSG00000130875		-0.27373356	
Fam227b		-0.27373356	
ENSMUSG00000136660		-0.27373356	
ENSMUSG00000135461		-0.27373356	
Snord110		-0.27373356	
ENSMUSG00000129099		-0.27373356	
ENSMUSG00000131232		-0.27373356	
ENSMUSG00000129963		-0.27373356	
ENSMUSG00000128661		-0.27373356	
ENSMUSG00000138586		-0.27373356	
ENSMUSG00000135553		-0.27373356	
ENSMUSG00000136358		-0.27373356	
ENSMUSG00000132025		-0.27373356	
4933406D12Rik		-0.27373356	
Gm14111		-0.27373356	
ENSMUSG00000130333		-0.27373356	
ENSMUSG00000127637		-0.27373356	
Cstdc1		-0.27373356	
Cstdc2		-0.27373356	
Gm1330		-0.27373356	
Gm14132		-0.27373356	
ENSMUSG00000136281		-0.27373356	
Nanp		-0.27373356	
Gm27343		-0.27373356	
Defb45		-0.27373356	
Gm14199		-0.27373356	
ENSMUSG00000122304		-0.27373356	
ENSMUSG00000139485		-0.27373356	
Bpifb9b		-0.27373356	
Rpl5-ps2		-0.27373356	
ENSMUSG00000139205		-0.27373356	
ENSMUSG00000139283		-0.27373356	
ENSMUSG00000139580		-0.27373356	
Gm14174		-0.27373356	
Gm23463		-0.27373356	
ENSMUSG00000135970		-0.27373356	
Mir3474		-0.27373356	
Gm56253		-0.27373356	
ENSMUSG00000125054		-0.27373356	
ENSMUSG00000143288		-0.27373356	
Ptprtos		-0.27373356	
Gm11453		-0.27373356	
ENSMUSG00000130043		-0.27373356	
Trp53tg5		-0.27373356	
Spint3		-0.27373356	
Wfdc11		-0.27373356	
ENSMUSG00000133127		-0.27373356	
ENSMUSG00000125220		-0.27373356	
ENSMUSG00000140899		-0.27373356	
Gm14291		-0.27373356	
ENSMUSG00000131902		-0.27373356	
Gm14261		-0.27373356	
ENSMUSG00000132558		-0.27373356	
ENSMUSG00000123588		-0.27373356	
Gm14263		-0.27373356	
Gm14274		-0.27373356	
Ctcfl		-0.27373356	
Vamp7-ps		-0.27373356	
ENSMUSG00000142920		-0.27373356	
ENSMUSG00000124910		-0.27373356	
Gm14444		-0.27373356	
Gm2026		-0.27373356	
Gm14408		-0.27373356	
ENSMUSG00000143110		-0.27373356	
Gm57472		-0.27373356	
Gm14341		-0.27373356	
Gm24892		-0.27373356	
ENSMUSG00000122084		-0.27373356	
Gm29797		-0.27373356	
Gm55254		-0.27373356	
ENSMUSG00000137771		-0.27373356	
2700069I18Rik		-0.27373356	
ENSMUSG00000125241		-0.27373356	
Gm18822		-0.27373356	
Gm2429		-0.27373356	
Gm37197		-0.27373356	
ENSMUSG00000137145		-0.27373356	
ENSMUSG00000123098		-0.27373356	
Gm23686		-0.27373356	
Gm6141		-0.27373356	
ENSMUSG00000126870		-0.27373356	
Gm43671		-0.27373356	
Gm5842		-0.27373356	
Spin3-ps		-0.27373356	
ENSMUSG00000132952		-0.27373356	
ENSMUSG00000131122		-0.27373356	
Spata16		-0.27373356	
ENSMUSG00000122202		-0.27373356	
ENSMUSG00000133515		-0.27373356	
1700112D23Rik		-0.27373356	
Gm37965		-0.27373356	
Gm37024		-0.27373356	
ENSMUSG00000143300		-0.27373356	
Gm37443		-0.27373356	
ENSMUSG00000124190		-0.27373356	
Gm43140		-0.27373356	
Gm7733		-0.27373356	
Gm12565		-0.27373356	
Gm43821		-0.27373356	
Rpl21-ps10		-0.27373356	
ENSMUSG00000135984		-0.27373356	
Gm36823		-0.27373356	
Gm42436		-0.27373356	
Gm40038		-0.27373356	
ENSMUSG00000140080		-0.27373356	
Gm37526		-0.27373356	
Gm30735		-0.27373356	
Gm24851		-0.27373356	
ENSMUSG00000130841		-0.27373356	
Gm25132		-0.27373356	
ENSMUSG00000138557		-0.27373356	
ENSMUSG00000139436		-0.27373356	
Gm9645		-0.27373356	
Gm56813		-0.27373356	
ENSMUSG00000136904		-0.27373356	
Gm8276		-0.27373356	
ENSMUSG00000121389		-0.27373356	
Gm8349		-0.27373356	
Gm9701		-0.27373356	
Gm8388		-0.27373356	
Gm34379		-0.27373356	
ENSMUSG00000129390		-0.27373356	
Vmn2r-ps4		-0.27373356	
Vmn2r4		-0.27373356	
ENSMUSG00000137297		-0.27373356	
ENSMUSG00000142840		-0.27373356	
Gm8565		-0.27373356	
Gm37681		-0.27373356	
ENSMUSG00000130387		-0.27373356	
Gm37685		-0.27373356	
ENSMUSG00000134256		-0.27373356	
ENSMUSG00000122986		-0.27373356	
ENSMUSG00000125723		-0.27373356	
ENSMUSG00000138050		-0.27373356	
ENSMUSG00000135811		-0.27373356	
ENSMUSG00000139110		-0.27373356	
Gm9790		-0.27373356	
Gm55000		-0.27373356	
Gm21956		-0.27373356	
ENSMUSG00000141481		-0.27373356	
ENSMUSG00000123714		-0.27373356	
ENSMUSG00000122603		-0.27373356	
Gm29704		-0.27373356	
Gm24593		-0.27373356	
4930529C04Rik		-0.27373356	
Gm38040		-0.27373356	
Gm9113		-0.27373356	
Gm5542		-0.27373356	
Spopfm3		-0.27373356	
Rpl31-ps11		-0.27373356	
ENSMUSG00000141331		-0.27373356	
Gm9169		-0.27373356	
Gm5070		-0.27373356	
Hmgb1-ps5		-0.27373356	
ENSMUSG00000135563		-0.27373356	
H2ac21		-0.27373356	
Platr30		-0.27373356	
ENSMUSG00000123664		-0.27373356	
Gm12428		-0.27373356	
ENSMUSG00000138762		-0.27373356	
A230001M10Rik		-0.27373356	
ENSMUSG00000134137		-0.27373356	
Atg4a-ps		-0.27373356	
ENSMUSG00000138622		-0.27373356	
ENSMUSG00000141347		-0.27373356	
Gm4248		-0.27373356	
Gm43233		-0.27373356	
Gm36211		-0.27373356	
Gm12524		-0.27373356	
1700010K24Rik		-0.27373356	
Gm42905		-0.27373356	
Gm4859		-0.27373356	
ENSMUSG00000138855		-0.27373356	
Gm29151		-0.27373356	
ENSMUSG00000130664		-0.27373356	
Gm42891		-0.27373356	
ENSMUSG00000125543		-0.27373356	
Gm5711		-0.27373356	
ENSMUSG00000140867		-0.27373356	
Gm43590		-0.27373356	
Gm24456		-0.27373356	
4921527H02Rik		-0.27373356	
Gm9381		-0.27373356	
Gm43005		-0.27373356	
ENSMUSG00000125862		-0.27373356	
ENSMUSG00000131782		-0.27373356	
Gm35667		-0.27373356	
Gm9387		-0.27373356	
Gm43524		-0.27373356	
ENSMUSG00000140176		-0.27373356	
Gm36520		-0.27373356	
ENSMUSG00000134454		-0.27373356	
ENSMUSG00000135909		-0.27373356	
ENSMUSG00000128014		-0.27373356	
Gm29811		-0.27373356	
Gm40153		-0.27373356	
Gm6135		-0.27373356	
ENSMUSG00000139591		-0.27373356	
Gm9415		-0.27373356	
Gm25965		-0.27373356	
ENSMUSG00000130251		-0.27373356	
ENSMUSG00000129407		-0.27373356	
Gm34866		-0.27373356	
ENSMUSG00000141153		-0.27373356	
ENSMUSG00000133006		-0.27373356	
Gm37102		-0.27373356	
Gm37515		-0.27373356	
Gm42942		-0.27373356	
Gm6520		-0.27373356	
ENSMUSG00000131234		-0.27373356	
Gm11787		-0.27373356	
ENSMUSG00000138701		-0.27373356	
Gm11814		-0.27373356	
ENSMUSG00000122486		-0.27373356	
Gm56194		-0.27373356	
Rps11-ps3		-0.27373356	
Gm11844		-0.27373356	
Gm30092		-0.27373356	
ENSMUSG00000125852		-0.27373356	
Gm11906		-0.27373356	
Gm24977		-0.27373356	
Gm56148		-0.27373356	
Gm11907		-0.27373356	
Mif-ps11		-0.27373356	
ENSMUSG00000134389		-0.27373356	
ENSMUSG00000132361		-0.27373356	
Gm136		-0.27373356	
Gm12362		-0.27373356	
Gm12364		-0.27373356	
Gm12374		-0.27373356	
Gm24837		-0.27373356	
Spata31f1e		-0.27373356	
Spata31f3		-0.27373356	
Gm12412		-0.27373356	
ENSMUSG00000133953		-0.27373356	
ENSMUSG00000131594		-0.27373356	
ENSMUSG00000124115		-0.27373356	
Gm12475		-0.27373356	
Or13d1		-0.27373356	
ENSMUSG00000141115		-0.27373356	
Gm12495		-0.27373356	
Rps15a-ps8		-0.27373356	
Txndc8		-0.27373356	
ENSMUSG00000131326		-0.27373356	
Zkscan16		-0.27373356	
ENSMUSG00000126388		-0.27373356	
ENSMUSG00000125395		-0.27373356	
ENSMUSG00000132911		-0.27373356	
Gm57078		-0.27373356	
Gm11482		-0.27373356	
ENSMUSG00000135412		-0.27373356	
Aldoart1		-0.27373356	
Gm11405		-0.27373356	
ENSMUSG00000127032		-0.27373356	
Gm42303		-0.27373356	
Gm11242		-0.27373356	
Gm11264		-0.27373356	
6030471H07Rik		-0.27373356	
ENSMUSG00000125212		-0.27373356	
ENSMUSG00000128061		-0.27373356	
Gm26017		-0.27373356	
Gm12551		-0.27373356	
Mrpl48-ps		-0.27373356	
Gm13273		-0.27373356	
ENSMUSG00000141476		-0.27373356	
ENSMUSG00000144121		-0.27373356	
Cyp2j13		-0.27373356	
ENSMUSG00000141704		-0.27373356	
ENSMUSG00000143074		-0.27373356	
ENSMUSG00000143029		-0.27373356	
Gm12682		-0.27373356	
Gm12702		-0.27373356	
ENSMUSG00000125169		-0.27373356	
ENSMUSG00000122910		-0.27373356	
ENSMUSG00000136447		-0.27373356	
Dynlt5		-0.27373356	
4930456L15Rik		-0.27373356	
ENSMUSG00000134292		-0.27373356	
ENSMUSG00000134624		-0.27373356	
Gm30487		-0.27373356	
ENSMUSG00000124478		-0.27373356	
ENSMUSG00000122418		-0.27373356	
Gm12906		-0.27373356	
Gm23354		-0.27373356	
Gm12737		-0.27373356	
ENSMUSG00000129250		-0.27373356	
Skint8		-0.27373356	
Skint1		-0.27373356	
Gm12818		-0.27373356	
Skint5		-0.27373356	
Cyp4a12a		-0.27373356	
Gm12833		-0.27373356	
ENSMUSG00000129631		-0.27373356	
Gm25099		-0.27373356	
Gm23143		-0.27373356	
Gm12827		-0.27373356	
Gm12844		-0.27373356	
ENSMUSG00000133689		-0.27373356	
Gm12858		-0.27373356	
Or10ak11		-0.27373356	
ENSMUSG00000124237		-0.27373356	
ENSMUSG00000132773		-0.27373356	
Gm12871		-0.27373356	
Gm12874		-0.27373356	
Gm55994		-0.27373356	
Gm12903		-0.27373356	
ENSMUSG00000135336		-0.27373356	
Gm12916		-0.27373356	
ENSMUSG00000135421		-0.27373356	
1700041M05Rik		-0.27373356	
ENSMUSG00000136484		-0.27373356	
ENSMUSG00000130117		-0.27373356	
ENSMUSG00000135506		-0.27373356	
Gm12945		-0.27373356	
ENSMUSG00000125595		-0.27373356	
Gm57070		-0.27373356	
Gm24091		-0.27373356	
A930031H19Rik		-0.27373356	
ENSMUSG00000128738		-0.27373356	
Gm24762		-0.27373356	
ENSMUSG00000141599		-0.27373356	
Mir700		-0.27373356	
ENSMUSG00000122631		-0.27373356	
ENSMUSG00000123213		-0.27373356	
ENSMUSG00000130300		-0.27373356	
ENSMUSG00000125276		-0.27373356	
ENSMUSG00000142753		-0.27373356	
Ccnd3-ps		-0.27373356	
ENSMUSG00000125655		-0.27373356	
ENSMUSG00000143688		-0.27373356	
ENSMUSG00000124640		-0.27373356	
ENSMUSG00000143895		-0.27373356	
ENSMUSG00000132420		-0.27373356	
Gm13052		-0.27373356	
ENSMUSG00000129983		-0.27373356	
Gm13123		-0.27373356	
Gm13243		-0.27373356	
Gm13169		-0.27373356	
Gm13166		-0.27373356	
Gm13142		-0.27373356	
ENSMUSG00000139987		-0.27373356	
ENSMUSG00000138689		-0.27373356	
Cort		-0.27373356	
ENSMUSG00000122077		-0.27373356	
Gm16188		-0.27373356	
ENSMUSG00000142419		-0.27373356	
ENSMUSG00000134333		-0.27373356	
ENSMUSG00000132863		-0.27373356	
ENSMUSG00000140361		-0.27373356	
ENSMUSG00000140386		-0.27373356	
Gm17590		-0.27373356	
Gm54797		-0.27373356	
Gm42598		-0.27373356	
Gm42490		-0.27373356	
Gm42828		-0.27373356	
Speer1g		-0.27373356	
Gm43663		-0.27373356	
Speer4cos		-0.27373356	
Gm42855		-0.27373356	
Gm6673		-0.27373356	
ENSMUSG00000129582		-0.27373356	
ENSMUSG00000139284		-0.27373356	
ENSMUSG00000125524		-0.27373356	
ENSMUSG00000127648		-0.27373356	
Gm16112		-0.27373356	
Gm9523		-0.27373356	
A930003O13Rik		-0.27373356	
4930580E04Rik		-0.27373356	
ENSMUSG00000140629		-0.27373356	
Gm55956		-0.27373356	
ENSMUSG00000144142		-0.27373356	
Gm16056		-0.27373356	
Gm26608		-0.27373356	
Gm43096		-0.27373356	
Gm5551		-0.27373356	
ENSMUSG00000142957		-0.27373356	
Gm10290		-0.27373356	
Gm56020		-0.27373356	
Gm16288		-0.27373356	
ENSMUSG00000139926		-0.27373356	
ENSMUSG00000136082		-0.27373356	
Gm2420		-0.27373356	
Gm42965		-0.27373356	
Gm43458		-0.27373356	
Gm15522		-0.27373356	
ENSMUSG00000132185		-0.27373356	
Jakmip1		-0.27373356	
ENSMUSG00000133443		-0.27373356	
Gm26560		-0.27373356	
Gm57285		-0.27373356	
Gm42711		-0.27373356	
ENSMUSG00000139432		-0.27373356	
Gm5865		-0.27373356	
ENSMUSG00000125577		-0.27373356	
ENSMUSG00000128126		-0.27373356	
Gm10048		-0.27373356	
Gm43341		-0.27373356	
2900064K03Rik		-0.27373356	
Gm43016		-0.27373356	
Gm42613		-0.27373356	
Gm43174		-0.27373356	
ENSMUSG00000138208		-0.27373356	
Gm42745		-0.27373356	
ENSMUSG00000132695		-0.27373356	
Gm8069		-0.27373356	
ENSMUSG00000124009		-0.27373356	
Gm43042		-0.27373356	
Gm43390		-0.27373356	
Gm43382		-0.27373356	
ENSMUSG00000123942		-0.27373356	
Gm43836		-0.27373356	
Gm43628		-0.27373356	
Gm43289		-0.27373356	
ENSMUSG00000126656		-0.27373356	
Gm43027		-0.27373356	
Gm43028		-0.27373356	
Yipf7		-0.27373356	
ENSMUSG00000142140		-0.27373356	
ENSMUSG00000136196		-0.27373356	
Spata18		-0.27373356	
ENSMUSG00000139893		-0.27373356	
ENSMUSG00000137041		-0.27373356	
ENSMUSG00000137002		-0.27373356	
Gm42799		-0.27373356	
ENSMUSG00000127213		-0.27373356	
ENSMUSG00000126916		-0.27373356	
ENSMUSG00000132013		-0.27373356	
Gm19060		-0.27373356	
ENSMUSG00000131889		-0.27373356	
ENSMUSG00000129544		-0.27373356	
ENSMUSG00000127094		-0.27373356	
ENSMUSG00000132971		-0.27373356	
Gm19418		-0.27373356	
Gm42845		-0.27373356	
Prr27		-0.27373356	
1700066N21Rik		-0.27373356	
ENSMUSG00000130398		-0.27373356	
ENSMUSG00000130758		-0.27373356	
Gm23092		-0.27373356	
ENSMUSG00000129634		-0.27373356	
ENSMUSG00000129758		-0.27373356	
ENSMUSG00000130185		-0.27373356	
ENSMUSG00000140081		-0.27373356	
ENSMUSG00000140123		-0.27373356	
ENSMUSG00000128457		-0.27373356	
ENSMUSG00000129086		-0.27373356	
Pramel52-ps		-0.27373356	
Gm7961		-0.27373356	
Gm8048		-0.27373356	
Gm43514		-0.27373356	
Gm36793		-0.27373356	
Cycs-ps2		-0.27373356	
Gm8200		-0.27373356	
Gm55006		-0.27373356	
ENSMUSG00000134138		-0.27373356	
ENSMUSG00000126067		-0.27373356	
Rps15a-ps5		-0.27373356	
Gm10359		-0.27373356	
4930432H08Rik		-0.27373356	
Gm55472		-0.27373356	
Gm8508		-0.27373356	
ENSMUSG00000141147		-0.27373356	
Gm43247		-0.27373356	
ENSMUSG00000138601		-0.27373356	
ENSMUSG00000133155		-0.27373356	
Gm3511		-0.27373356	
Mir7027		-0.27373356	
Ywhaq-ps2		-0.27373356	
ENSMUSG00000135230		-0.27373356	
Gm13828		-0.27373356	
ENSMUSG00000127019		-0.27373356	
Gm13836		-0.27373356	
Mir7030		-0.27373356	
ENSMUSG00000128985		-0.27373356	
Gm56071		-0.27373356	
ENSMUSG00000141016		-0.27373356	
ENSMUSG00000121735		-0.27373356	
Gm57293		-0.27373356	
ENSMUSG00000143531		-0.27373356	
ENSMUSG00000127058		-0.27373356	
Lhx5as1		-0.27373356	
Gm43579		-0.27373356	
Gm7573		-0.27373356	
Gm42917		-0.27373356	
Gm43571		-0.27373356	
ENSMUSG00000140332		-0.27373356	
Gm15637		-0.27373356	
ENSMUSG00000134697		-0.27373356	
Gm43541		-0.27373356	
Gm43301		-0.27373356	
ENSMUSG00000122704		-0.27373356	
Gm15747		-0.27373356	
Rpl31-ps6		-0.27373356	
ENSMUSG00000135480		-0.27373356	
ENSMUSG00000126658		-0.27373356	
ENSMUSG00000133564		-0.27373356	
Gm42425		-0.27373356	
ENSMUSG00000130651		-0.27373356	
ENSMUSG00000136722		-0.27373356	
ENSMUSG00000133014		-0.27373356	
Piwil1		-0.27373356	
ENSMUSG00000125854		-0.27373356	
Gm15627		-0.27373356	
ENSMUSG00000143352		-0.27373356	
Gm42882		-0.27373356	
ENSMUSG00000128299		-0.27373356	
ENSMUSG00000122102		-0.27373356	
Gm15701		-0.27373356	
Gm43013		-0.27373356	
Gm16089		-0.27373356	
Smok3c		-0.27373356	
ENSMUSG00000124837		-0.27373356	
ENSMUSG00000121451		-0.27373356	
Foxl3		-0.27373356	
ENSMUSG00000131295		-0.27373356	
ENSMUSG00000122416		-0.27373356	
ENSMUSG00000139916		-0.27373356	
ENSMUSG00000124692		-0.27373356	
ENSMUSG00000123667		-0.27373356	
Gm42791		-0.27373356	
Gm43151		-0.27373356	
ENSMUSG00000123187		-0.27373356	
ENSMUSG00000139402		-0.27373356	
Gm8602		-0.27373356	
Gm18289		-0.27373356	
ENSMUSG00000143683		-0.27373356	
Gm8649		-0.27373356	
Gm19272		-0.27373356	
ENSMUSG00000123092		-0.27373356	
Gm16055		-0.27373356	
ENSMUSG00000137464		-0.27373356	
Vwde		-0.27373356	
Gm43990		-0.27373356	
Gm15593		-0.27373356	
Gm43501		-0.27373356	
Gm8927		-0.27373356	
Gm43629		-0.27373356	
ENSMUSG00000139034		-0.27373356	
Gm43264		-0.27373356	
ENSMUSG00000124056		-0.27373356	
ENSMUSG00000124904		-0.27373356	
ENSMUSG00000137390		-0.27373356	
Mir29a		-0.27373356	
Gm56937		-0.27373356	
ENSMUSG00000129398		-0.27373356	
Plxna4os2		-0.27373356	
ENSMUSG00000123300		-0.27373356	
Gm43168		-0.27373356	
Gm13863		-0.27373356	
ENSMUSG00000140209		-0.27373356	
ENSMUSG00000132659		-0.27373356	
ENSMUSG00000122094		-0.27373356	
Gm26008		-0.27373356	
ENSMUSG00000136947		-0.27373356	
Gm7556		-0.27373356	
ENSMUSG00000136849		-0.27373356	
Tas2r143		-0.27373356	
Gm21827		-0.27373356	
Gm5990		-0.27373356	
ENSMUSG00000137997		-0.27373356	
Gm18584		-0.27373356	
Gm44282		-0.27373356	
Mir704		-0.27373356	
Gm24348		-0.27373356	
ENSMUSG00000138128		-0.27373356	
Gm44402		-0.27373356	
ENSMUSG00000124943		-0.27373356	
ENSMUSG00000125981		-0.27373356	
Gm29430		-0.27373356	
1700094M24Rik		-0.27373356	
Gm44073		-0.27373356	
ENSMUSG00000127391		-0.27373356	
Gm44049		-0.27373356	
ENSMUSG00000122456		-0.27373356	
Gm44114		-0.27373356	
ENSMUSG00000137047		-0.27373356	
Gm43897		-0.27373356	
ENSMUSG00000124895		-0.27373356	
Gm44261		-0.27373356	
ENSMUSG00000122120		-0.27373356	
Gm42889		-0.27373356	
Gm25436		-0.27373356	
Igkv4-77		-0.27373356	
Igkv4-54		-0.27373356	
Igkv12-47		-0.27373356	
Spmip9		-0.27373356	
Gm43906		-0.27373356	
Rpl19-ps9		-0.27373356	
ENSMUSG00000126206		-0.27373356	
ENSMUSG00000127384		-0.27373356	
Gm44234		-0.27373356	
6330415B21Rik		-0.27373356	
Gm20362		-0.27373356	
Lrrtm4		-0.27373356	
ENSMUSG00000129237		-0.27373356	
ENSMUSG00000141311		-0.27373356	
Egr4		-0.27373356	
Gm19596		-0.27373356	
ENSMUSG00000128138		-0.27373356	
ENSMUSG00000125341		-0.27373356	
Ppp1r2-ps2		-0.27373356	
Gm4575		-0.27373356	
ENSMUSG00000124804		-0.27373356	
Trh		-0.27373356	
Gm44803		-0.27373356	
Gm17797		-0.27373356	
ENSMUSG00000143690		-0.27373356	
ENSMUSG00000127766		-0.27373356	
Gm7833		-0.27373356	
Gm7838		-0.27373356	
ENSMUSG00000128528		-0.27373356	
4930595L18Rik		-0.27373356	
Gm6681		-0.27373356	
ENSMUSG00000143076		-0.27373356	
ENSMUSG00000127305		-0.27373356	
Gm6565		-0.27373356	
ENSMUSG00000134703		-0.27373356	
Gm26911		-0.27373356	
Gm44436		-0.27373356	
Gm15631		-0.27373356	
Rpl36-ps12		-0.27373356	
Cirbil		-0.27373356	
Gm20386		-0.27373356	
Gm23002		-0.27373356	
Gm14335		-0.27373356	
ENSMUSG00000128127		-0.27373356	
1700030F04Rik		-0.27373356	
ENSMUSG00000122523		-0.27373356	
ENSMUSG00000136168		-0.27373356	
ENSMUSG00000138821		-0.27373356	
4930540M05Rik		-0.27373356	
ENSMUSG00000139156		-0.27373356	
Gm7298		-0.27373356	
ENSMUSG00000121497		-0.27373356	
ENSMUSG00000132112		-0.27373356	
Gm26168		-0.27373356	
Vmn2r22		-0.27373356	
ENSMUSG00000121304		-0.27373356	
Gm44007		-0.27373356	
ENSMUSG00000143562		-0.27373356	
Gm23751		-0.27373356	
ENSMUSG00000141733		-0.27373356	
Gm43635		-0.27373356	
ENSMUSG00000139154		-0.27373356	
4921513H07Rik		-0.27373356	
Gm38901		-0.27373356	
ENSMUSG00000126776		-0.27373356	
ENSMUSG00000125267		-0.27373356	
Gm44215		-0.27373356	
Gm55299		-0.27373356	
Gm44133		-0.27373356	
5430401F13Rik		-0.27373356	
Gm43973		-0.27373356	
A630073D07Rik		-0.27373356	
Tas2r146-ps1		-0.27373356	
Gm44366		-0.27373356	
4930404I20Rik		-0.27373356	
Plcz1		-0.27373356	
Slco1a7		-0.27373356	
D6Ertd474e		-0.27373356	
ENSMUSG00000142371		-0.27373356	
ENSMUSG00000127579		-0.27373356	
ENSMUSG00000127498		-0.27373356	
Gm44257		-0.27373356	
ENSMUSG00000128519		-0.27373356	
Pira2		-0.27373356	
Gm44580		-0.27373356	
Gm7363		-0.27373356	
Atp6v0c-ps1		-0.27373356	
ENSMUSG00000143967		-0.27373356	
Gm44877		-0.27373356	
Gm5320		-0.27373356	
ENSMUSG00000140447		-0.27373356	
Gm6828		-0.27373356	
Vmn2r44		-0.27373356	
Zscan4d		-0.27373356	
Zscan4e		-0.27373356	
Vmn1r79		-0.27373356	
Gm15773		-0.27373356	
Gm7965		-0.27373356	
Sult2a4		-0.27373356	
Phf20-ps		-0.27373356	
Gm57195		-0.27373356	
Snord23		-0.27373356	
Gm45409		-0.27373356	
Gm29443		-0.27373356	
Gm6065		-0.27373356	
Gm44654		-0.27373356	
Gm44561		-0.27373356	
Mir3100		-0.27373356	
ENSMUSG00000128271		-0.27373356	
ENSMUSG00000128469		-0.27373356	
Vmn1r183		-0.27373356	
Gm50477		-0.27373356	
Gm18126		-0.27373356	
ENSMUSG00000143420		-0.27373356	
ENSMUSG00000143500		-0.27373356	
Gm29763		-0.27373356	
Gm8902		-0.27373356	
ENSMUSG00000137414		-0.27373356	
ENSMUSG00000121480		-0.27373356	
ENSMUSG00000136656		-0.27373356	
ENSMUSG00000141004		-0.27373356	
ENSMUSG00000138709		-0.27373356	
Gm44954		-0.27373356	
Gm56129		-0.27373356	
ENSMUSG00000122240		-0.27373356	
Gm12760		-0.27373356	
Gm12778		-0.27373356	
Gm6096		-0.27373356	
ENSMUSG00000128896		-0.27373356	
ENSMUSG00000130314		-0.27373356	
ENSMUSG00000142355		-0.27373356	
Gm38285		-0.27373356	
ENSMUSG00000129287		-0.27373356	
ENSMUSG00000131861		-0.27373356	
ENSMUSG00000143018		-0.27373356	
ENSMUSG00000126199		-0.27373356	
Zfp939		-0.27373356	
Gm28307		-0.27373356	
Gm45172		-0.27373356	
ENSMUSG00000126674		-0.27373356	
Vmn2r57		-0.27373356	
Gm6872		-0.27373356	
Gm2308		-0.27373356	
Vmn2r63		-0.27373356	
ENSMUSG00000140930		-0.27373356	
Gm44756		-0.27373356	
ENSMUSG00000127232		-0.27373356	
1700008O03Rik		-0.27373356	
Gm15396		-0.27373356	
ENSMUSG00000129297		-0.27373356	
Nell1os		-0.27373356	
ENSMUSG00000135615		-0.27373356	
ENSMUSG00000136128		-0.27373356	
Gabra5		-0.27373356	
A230103L15Rik		-0.27373356	
ENSMUSG00000127917		-0.27373356	
Gm44792		-0.27373356	
Gm44609		-0.27373356	
ENSMUSG00000135082		-0.27373356	
ENSMUSG00000128681		-0.27373356	
1700011C11Rik		-0.27373356	
ENSMUSG00000133650		-0.27373356	
1500012K07Rik		-0.27373356	
2900037B21Rik		-0.27373356	
9330171B17Rik		-0.27373356	
ENSMUSG00000131559		-0.27373356	
Gm44967		-0.27373356	
ENSMUSG00000133040		-0.27373356	
ENSMUSG00000143640		-0.27373356	
ENSMUSG00000141753		-0.27373356	
Vmn2r65		-0.27373356	
Rab38		-0.27373356	
Gm6240		-0.27373356	
ENSMUSG00000137857		-0.27373356	
4931412I15Rik		-0.27373356	
Rpl15-ps5		-0.27373356	
ENSMUSG00000142247		-0.27373356	
Snord15a		-0.27373356	
Gm25409		-0.27373356	
Gm45837		-0.27373356	
ENSMUSG00000133038		-0.27373356	
ENSMUSG00000131439		-0.27373356	
Or55b4		-0.27373356	
Gm8556		-0.27373356	
Or51f23b		-0.27373356	
Or51s1		-0.27373356	
Or52a5		-0.27373356	
Or51b17		-0.27373356	
Or51a10		-0.27373356	
Or52h2		-0.27373356	
Gm25405		-0.27373356	
Trim30e-ps1		-0.27373356	
ENSMUSG00000140389		-0.27373356	
Or56a3		-0.27373356	
Gm4972		-0.27373356	
Gm45667		-0.27373356	
Or6a2		-0.27373356	
Ovch2		-0.27373356	
Gm25636		-0.27373356	
5430402P08Rik		-0.27373356	
ENSMUSG00000132154		-0.27373356	
Gm55995		-0.27373356	
ENSMUSG00000130394		-0.27373356	
ENSMUSG00000139585		-0.27373356	
Gm18780		-0.27373356	
Far1os		-0.27373356	
ENSMUSG00000133848		-0.27373356	
ENSMUSG00000133090		-0.27373356	
Gm32676		-0.27373356	
Gm32916		-0.27373356	
Gm45113		-0.27373356	
Gm14388		-0.27373356	
Gm42742		-0.27373356	
Gm17511		-0.27373356	
ENSMUSG00000133440		-0.27373356	
Gm39091		-0.27373356	
Gm7258		-0.27373356	
Gm33027		-0.27373356	
Gm28747		-0.27373356	
6330420H09Rik		-0.27373356	
Gm57207		-0.27373356	
ENSMUSG00000122213		-0.27373356	
Gm18258		-0.27373356	
Gm4459		-0.27373356	
Or13a18		-0.27373356	
Gm39114		-0.27373356	
ENSMUSG00000124838		-0.27373356	
Mir3104		-0.27373356	
Tspan32os		-0.27373356	
ENSMUSG00000122324		-0.27373356	
Gm55479		-0.27373356	
ENSMUSG00000133611		-0.27373356	
Gm44775		-0.27373356	
ENSMUSG00000137862		-0.27373356	
ENSMUSG00000124932		-0.27373356	
Gm45224		-0.27373356	
ENSMUSG00000123100		-0.27373356	
ENSMUSG00000133183		-0.27373356	
Leat1		-0.27373356	
ENSMUSG00000139610		-0.27373356	
ENSMUSG00000141820		-0.27373356	
Gm45420		-0.27373356	
Gm18991		-0.27373356	
Atp4b		-0.27373356	
Gm5608		-0.27373356	
Gm7669		-0.27373356	
ENSMUSG00000130131		-0.27373356	
Gm16347		-0.27373356	
Gm7807		-0.27373356	
ENSMUSG00000127510		-0.27373356	
ENSMUSG00000127739		-0.27373356	
ENSMUSG00000129325		-0.27373356	
Defa-ps3		-0.27373356	
Gm45164		-0.27373356	
ENSMUSG00000127225		-0.27373356	
Gm16933		-0.27373356	
Gm45370		-0.27373356	
ENSMUSG00000123311		-0.27373356	
ENSMUSG00000140181		-0.27373356	
Mir6395		-0.27373356	
Gm8254		-0.27373356	
Gm45349		-0.27373356	
Gm34096		-0.27373356	
ENSMUSG00000127663		-0.27373356	
Gm56826		-0.27373356	
ENSMUSG00000138865		-0.27373356	
Gm45625		-0.27373356	
Rps12-ps24		-0.27373356	
Gm16204		-0.27373356	
Gm7082		-0.27373356	
ENSMUSG00000128094		-0.27373356	
Gm16192		-0.27373356	
Gapdh-ps14		-0.27373356	
Adam34		-0.27373356	
Gm6011		-0.27373356	
Sorbs2os		-0.27373356	
Gm45512		-0.27373356	
Gm45253		-0.27373356	
ENSMUSG00000137931		-0.27373356	
ENSMUSG00000143754		-0.27373356	
Gm54954		-0.27373356	
ENSMUSG00000126713		-0.27373356	
Gm32052		-0.27373356	
ENSMUSG00000124131		-0.27373356	
Gm45697		-0.27373356	
Gm45322		-0.27373356	
Gm6458		-0.27373356	
ENSMUSG00000132136		-0.27373356	
ENSMUSG00000130220		-0.27373356	
Gm15758		-0.27373356	
Adam29		-0.27373356	
Gm7351		-0.27373356	
Gm6503		-0.27373356	
Gm45534		-0.27373356	
Galntl6		-0.27373356	
Gm34730		-0.27373356	
ENSMUSG00000122825		-0.27373356	
ENSMUSG00000122774		-0.27373356	
Gm2961		-0.27373356	
Gm32507		-0.27373356	
ENSMUSG00000126003		-0.27373356	
Gm10660		-0.27373356	
ENSMUSG00000130631		-0.27373356	
ENSMUSG00000130029		-0.27373356	
ENSMUSG00000143973		-0.27373356	
Gm35256		-0.27373356	
ENSMUSG00000123584		-0.27373356	
Gm18860		-0.27373356	
Gm55787		-0.27373356	
Gm2059		-0.27373356	
Gm9644		-0.27373356	
Gm7901		-0.27373356	
Gm7990		-0.27373356	
ENSMUSG00000138149		-0.27373356	
Gm45601		-0.27373356	
Mgat4d		-0.27373356	
ENSMUSG00000143511		-0.27373356	
ENSMUSG00000125616		-0.27373356	
ENSMUSG00000136665		-0.27373356	
ENSMUSG00000127441		-0.27373356	
Gm27168		-0.27373356	
Gm17995		-0.27373356	
Gm6625		-0.27373356	
ENSMUSG00000132082		-0.27373356	
Gm35963		-0.27373356	
ENSMUSG00000142024		-0.27373356	
Gm22428		-0.27373356	
ENSMUSG00000143186		-0.27373356	
ENSMUSG00000126012		-0.27373356	
Gm8489		-0.27373356	
ENSMUSG00000126679		-0.27373356	
Gm55572		-0.27373356	
ENSMUSG00000136921		-0.27373356	
Rpl10-ps5		-0.27373356	
ENSMUSG00000140789		-0.27373356	
Gm31224		-0.27373356	
ENSMUSG00000137168		-0.27373356	
Prss54		-0.27373356	
ENSMUSG00000132026		-0.27373356	
Gm7191		-0.27373356	
Gm45246		-0.27373356	
ENSMUSG00000122229		-0.27373356	
Gm32531		-0.27373356	
ENSMUSG00000136585		-0.27373356	
ENSMUSG00000141451		-0.27373356	
ENSMUSG00000136604		-0.27373356	
Gm25321		-0.27373356	
Gm26832		-0.27373356	
ENSMUSG00000122277		-0.27373356	
Mir7076		-0.27373356	
ENSMUSG00000140532		-0.27373356	
ENSMUSG00000139369		-0.27373356	
ENSMUSG00000131364		-0.27373356	
ENSMUSG00000131964		-0.27373356	
ENSMUSG00000141957		-0.27373356	
Mir7077		-0.27373356	
ENSMUSG00000126682		-0.27373356	
Gm56866		-0.27373356	
Gm18709		-0.27373356	
Gm26784		-0.27373356	
ENSMUSG00000139459		-0.27373356	
Gm45353		-0.27373356	
Gm56072		-0.27373356	
ENSMUSG00000143639		-0.27373356	
ENSMUSG00000141679		-0.27373356	
Gm45857		-0.27373356	
Gm15899		-0.27373356	
Gm39271		-0.27373356	
ENSMUSG00000139173		-0.27373356	
ENSMUSG00000138559		-0.27373356	
Gm9172		-0.27373356	
ENSMUSG00000129771		-0.27373356	
ENSMUSG00000129805		-0.27373356	
Gm26397		-0.27373356	
ENSMUSG00000123211		-0.27373356	
ENSMUSG00000130687		-0.27373356	
ENSMUSG00000133413		-0.27373356	
Gm9204		-0.27373356	
Ccdc7b		-0.27373356	
ENSMUSG00000138877		-0.27373356	
Gm47002		-0.27373356	
Gm47029		-0.27373356	
ENSMUSG00000141041		-0.27373356	
ENSMUSG00000125597		-0.27373356	
Gm55430		-0.27373356	
ENSMUSG00000124039		-0.27373356	
Gm53025		-0.27373356	
Zglp1		-0.27373356	
ENSMUSG00000131028		-0.27373356	
ENSMUSG00000137890		-0.27373356	
Gm48478		-0.27373356	
Gm10701		-0.27373356	
Gm48801		-0.27373356	
ENSMUSG00000134345		-0.27373356	
ENSMUSG00000131174		-0.27373356	
5033425B01Rik		-0.27373356	
Gm39317		-0.27373356	
Gm27162		-0.27373356	
Pate8		-0.27373356	
Gm18329		-0.27373356	
ENSMUSG00000143102		-0.27373356	
Or8b1b		-0.27373356	
Or8b47		-0.27373356	
Or8g34		-0.27373356	
Or10d1		-0.27373356	
Or10d5		-0.27373356	
Gm48565		-0.27373356	
Mir7085		-0.27373356	
Gm48702		-0.27373356	
Ttc36		-0.27373356	
ENSMUSG00000133242		-0.27373356	
ENSMUSG00000123163		-0.27373356	
ENSMUSG00000123826		-0.27373356	
Gm6980		-0.27373356	
Gm7368		-0.27373356	
ENSMUSG00000137561		-0.27373356	
ENSMUSG00000142277		-0.27373356	
ENSMUSG00000142316		-0.27373356	
Gm18996		-0.27373356	
Gm5121		-0.27373356	
ENSMUSG00000137254		-0.27373356	
Tbc1d21		-0.27373356	
Gm47271		-0.27373356	
ENSMUSG00000142930		-0.27373356	
Gm9869		-0.27373356	
ENSMUSG00000123226		-0.27373356	
Gm23344		-0.27373356	
Ankdd1a		-0.27373356	
Gm55932		-0.27373356	
ENSMUSG00000142290		-0.27373356	
Gm23248		-0.27373356	
ENSMUSG00000124968		-0.27373356	
Gm47169		-0.27373356	
Gm7802		-0.27373356	
Gm28731		-0.27373356	
ENSMUSG00000133967		-0.27373356	
ENSMUSG00000133887		-0.27373356	
ENSMUSG00000134006		-0.27373356	
Gm37663		-0.27373356	
ENSMUSG00000139217		-0.27373356	
ENSMUSG00000125568		-0.27373356	
ENSMUSG00000140171		-0.27373356	
Onecut1		-0.27373356	
Gm48789		-0.27373356	
Gm27210		-0.27373356	
Gm34829		-0.27373356	
Gsta1		-0.27373356	
Gsta5		-0.27373356	
Gm8087		-0.27373356	
Aldoa-ps4		-0.27373356	
Gm35548		-0.27373356	
Gm38279		-0.27373356	
Gm36278		-0.27373356	
Gm5619		-0.27373356	
Gm47604		-0.27373356	
ENSMUSG00000142381		-0.27373356	
Gm5066		-0.27373356	
Gm20537		-0.27373356	
Gm38214		-0.27373356	
Gm29562		-0.27373356	
Gm26611		-0.27373356	
ENSMUSG00000135617		-0.27373356	
Gm28703		-0.27373356	
Gm29397		-0.27373356	
ENSMUSG00000128125		-0.27373356	
Gm50488		-0.27373356	
Gm57048		-0.27373356	
Gm33778		-0.27373356	
Gm47757		-0.27373356	
Gm34397		-0.27373356	
Gm8661		-0.27373356	
ENSMUSG00000141884		-0.27373356	
ENSMUSG00000128199		-0.27373356	
Gm33054		-0.27373356	
Gm19667		-0.27373356	
Gm22720		-0.27373356	
Gm38314		-0.27373356	
Gm47575		-0.27373356	
ENSMUSG00000136731		-0.27373356	
4930429P21Rik		-0.27373356	
Gm37850		-0.27373356	
ENSMUSG00000140520		-0.27373356	
Mir711		-0.27373356	
Fbxw21		-0.27373356	
Fbxw20		-0.27373356	
Gm42493		-0.27373356	
Gm42763		-0.27373356	
ENSMUSG00000139335		-0.27373356	
Prss43		-0.27373356	
ENSMUSG00000132296		-0.27373356	
Gm55969		-0.27373356	
Gm47875		-0.27373356	
Gm7183		-0.27373356	
ENSMUSG00000141772		-0.27373356	
Mir26a-1		-0.27373356	
Gm47289		-0.27373356	
Snora62		-0.27373356	
ENSMUSG00000134990		-0.27373356	
ENSMUSG00000123159		-0.27373356	
1700020M21Rik		-0.27373356	
Gm47095		-0.27373356	
ENSMUSG00000126905		-0.27373356	
ENSMUSG00000141269		-0.27373356	
Gm48097		-0.27373356	
ENSMUSG00000142060		-0.27373356	
Gm55556		-0.27373356	
ENSMUSG00000138396		-0.27373356	
Gm6150		-0.27373356	
ENSMUSG00000129013		-0.27373356	
Gm47760		-0.27373356	
ENSMUSG00000139384		-0.27373356	
ENSMUSG00000132177		-0.27373356	
ENSMUSG00000141731		-0.27373356	
ENSMUSG00000128115		-0.27373356	
Gm4777		-0.27373356	
ENSMUSG00000136767		-0.27373356	
Gm48892		-0.27373356	
Gm25596		-0.27373356	
Gm6390		-0.27373356	
Gm48232		-0.27373356	
ENSMUSG00000121634		-0.27373356	
ENSMUSG00000138168		-0.27373356	
Gm29884		-0.27373356	
Sult3a1		-0.27373356	
Gm18252		-0.27373356	
ENSMUSG00000139704		-0.27373356	
ENSMUSG00000129849		-0.27373356	
ENSMUSG00000142525		-0.27373356	
Mfsd4b3-ps		-0.27373356	
Gm8055		-0.27373356	
ENSMUSG00000136129		-0.27373356	
ENSMUSG00000124667		-0.27373356	
1700016J18Rik		-0.27373356	
ENSMUSG00000123659		-0.27373356	
ENSMUSG00000126557		-0.27373356	
ENSMUSG00000141360		-0.27373356	
ENSMUSG00000136623		-0.27373356	
ENSMUSG00000135865		-0.27373356	
Gm46189		-0.27373356	
Vgll2		-0.27373356	
Gm47621		-0.27373356	
ENSMUSG00000129998		-0.27373356	
4930452L12Rik		-0.27373356	
ENSMUSG00000131012		-0.27373356	
ENSMUSG00000135162		-0.27373356	
ENSMUSG00000130355		-0.27373356	
ENSMUSG00000139523		-0.27373356	
ENSMUSG00000123006		-0.27373356	
Tbata		-0.27373356	
Gm47261		-0.27373356	
Gm47894		-0.27373356	
ENSMUSG00000128913		-0.27373356	
ENSMUSG00000137222		-0.27373356	
ENSMUSG00000122618		-0.27373356	
ENSMUSG00000131216		-0.27373356	
ENSMUSG00000142072		-0.27373356	
ENSMUSG00000134421		-0.27373356	
ENSMUSG00000136211		-0.27373356	
ENSMUSG00000122501		-0.27373356	
Gm47028		-0.27373356	
Gm6419		-0.27373356	
ENSMUSG00000143774		-0.27373356	
Gm48158		-0.27373356	
ENSMUSG00000127546		-0.27373356	
Gm19326		-0.27373356	
ENSMUSG00000135487		-0.27373356	
ENSMUSG00000142334		-0.27373356	
ENSMUSG00000130533		-0.27373356	
ENSMUSG00000133873		-0.27373356	
ENSMUSG00000129396		-0.27373356	
ENSMUSG00000135633		-0.27373356	
Gm7842		-0.27373356	
Mir6909		-0.27373356	
ENSMUSG00000125251		-0.27373356	
Mir6910		-0.27373356	
Mir6911		-0.27373356	
Zfp781b		-0.27373356	
ENSMUSG00000132472		-0.27373356	
ENSMUSG00000140832		-0.27373356	
4930486F22Rik		-0.27373356	
Gm48464		-0.27373356	
Gm16269		-0.27373356	
4930555G07Rik		-0.27373356	
Gm23191		-0.27373356	
Gm48306		-0.27373356	
Gm47081		-0.27373356	
ENSMUSG00000126640		-0.27373356	
ENSMUSG00000122550		-0.27373356	
Gm3571		-0.27373356	
Gm49628		-0.27373356	
ENSMUSG00000139812		-0.27373356	
Gm55210		-0.27373356	
ENSMUSG00000122674		-0.27373356	
ENSMUSG00000130545		-0.27373356	
ENSMUSG00000130667		-0.27373356	
Gm8601		-0.27373356	
Gm33981		-0.27373356	
4930556N09Rik		-0.27373356	
Gm56957		-0.27373356	
ENSMUSG00000132354		-0.27373356	
ENSMUSG00000134587		-0.27373356	
Lin7a		-0.27373356	
Gm47340		-0.27373356	
ENSMUSG00000139757		-0.27373356	
Gm57005		-0.27373356	
ENSMUSG00000143010		-0.27373356	
Gm30624		-0.27373356	
1700010J16Rik		-0.27373356	
Tph2		-0.27373356	
ENSMUSG00000136295		-0.27373356	
ENSMUSG00000135225		-0.27373356	
4930423D24Rik		-0.27373356	
ENSMUSG00000128842		-0.27373356	
ENSMUSG00000133685		-0.27373356	
Gm47024		-0.27373356	
ENSMUSG00000136560		-0.27373356	
ENSMUSG00000136075		-0.27373356	
Gm4478		-0.27373356	
Gm48878		-0.27373356	
ENSMUSG00000138243		-0.27373356	
ENSMUSG00000123067		-0.27373356	
Gm19169		-0.27373356	
ENSMUSG00000125302		-0.27373356	
ENSMUSG00000128639		-0.27373356	
Mir26a-2		-0.27373356	
Gm6283		-0.27373356	
ENSMUSG00000128753		-0.27373356	
Mir6915		-0.27373356	
Or6c88		-0.27373356	
Gm9560		-0.27373356	
Or9k2		-0.27373356	
Or9k7		-0.27373356	
Vmn2r85		-0.27373356	
Gm11945		-0.27373356	
Gm11949		-0.27373356	
Gm11954		-0.27373356	
ENSMUSG00000135417		-0.27373356	
Gm24803		-0.27373356	
ENSMUSG00000139756		-0.27373356	
Gm11971		-0.27373356	
Gm11981		-0.27373356	
Gm11979		-0.27373356	
ENSMUSG00000143040		-0.27373356	
Gm11991		-0.27373356	
Gm12599		-0.27373356	
ENSMUSG00000126675		-0.27373356	
Gm12020		-0.27373356	
ENSMUSG00000129422		-0.27373356	
Gm12027		-0.27373356	
ENSMUSG00000130981		-0.27373356	
ENSMUSG00000127302		-0.27373356	
Gm56407		-0.27373356	
Gm12050		-0.27373356	
1700030C12Rik		-0.27373356	
Gm12062		-0.27373356	
ENSMUSG00000140866		-0.27373356	
Gm12069		-0.27373356	
Gm12088		-0.27373356	
ENSMUSG00000129955		-0.27373356	
ENSMUSG00000141519		-0.27373356	
Gm12115		-0.27373356	
ENSMUSG00000143471		-0.27373356	
ENSMUSG00000143534		-0.27373356	
Gm12149		-0.27373356	
ENSMUSG00000134222		-0.27373356	
ENSMUSG00000123572		-0.27373356	
Gm12194		-0.27373356	
Or1ad8		-0.27373356	
Or1x2		-0.27373356	
ENSMUSG00000143124		-0.27373356	
ENSMUSG00000139873		-0.27373356	
Gm12213		-0.27373356	
Gm12226		-0.27373356	
Gm56146		-0.27373356	
ENSMUSG00000135629		-0.27373356	
Or2t43		-0.27373356	
ENSMUSG00000135366		-0.27373356	
ENSMUSG00000142475		-0.27373356	
ENSMUSG00000132460		-0.27373356	
Gm12266		-0.27373356	
ENSMUSG00000142208		-0.27373356	
ENSMUSG00000126320		-0.27373356	
Gm12618		-0.27373356	
ENSMUSG00000128108		-0.27373356	
ENSMUSG00000129452		-0.27373356	
Rps13-ps5		-0.27373356	
Wsb2-ps		-0.27373356	
ENSMUSG00000125066		-0.27373356	
Gm12294		-0.27373356	
ENSMUSG00000128669		-0.27373356	
ENSMUSG00000136331		-0.27373356	
ENSMUSG00000126752		-0.27373356	
Cntrobos		-0.27373356	
Gm12316		-0.27373356	
ENSMUSG00000128743		-0.27373356	
ENSMUSG00000136424		-0.27373356	
Or1p1		-0.27373356	
Gm12332		-0.27373356	
Gm35117		-0.27373356	
Gm12338		-0.27373356	
ENSMUSG00000143281		-0.27373356	
Mir423		-0.27373356	
ENSMUSG00000138053		-0.27373356	
ENSMUSG00000129791		-0.27373356	
ENSMUSG00000130500		-0.27373356	
Gm11197		-0.27373356	
Gm11201		-0.27373356	
ENSMUSG00000137437		-0.27373356	
Gm11198		-0.27373356	
Omg		-0.27373356	
Gm57359		-0.27373356	
Gm11434		-0.27373356	
Gm56198		-0.27373356	
Akirin1-ps		-0.27373356	
Gm56214		-0.27373356	
ENSMUSG00000134144		-0.27373356	
ENSMUSG00000126616		-0.27373356	
Mir301		-0.27373356	
ENSMUSG00000133747		-0.27373356	
4930556N13Rik		-0.27373356	
Gm11516		-0.27373356	
ENSMUSG00000124685		-0.27373356	
Gm57343		-0.27373356	
ENSMUSG00000123914		-0.27373356	
ENSMUSG00000126128		-0.27373356	
Gm11540		-0.27373356	
Gm11543		-0.27373356	
ENSMUSG00000126480		-0.27373356	
ENSMUSG00000126441		-0.27373356	
ENSMUSG00000128610		-0.27373356	
Gm11514		-0.27373356	
ENSMUSG00000131619		-0.27373356	
ENSMUSG00000137540		-0.27373356	
ENSMUSG00000133164		-0.27373356	
Gm11531		-0.27373356	
ENSMUSG00000138462		-0.27373356	
Gm11533		-0.27373356	
ENSMUSG00000135385		-0.27373356	
Atp5l2-ps		-0.27373356	
Snora21		-0.27373356	
Srsf3-ps		-0.27373356	
Krtap4-23		-0.27373356	
Gm11560		-0.27373356	
Gm55579		-0.27373356	
ENSMUSG00000133351		-0.27373356	
ENSMUSG00000133229		-0.27373356	
Gm25475		-0.27373356	
ENSMUSG00000138172		-0.27373356	
Gm11586		-0.27373356	
ENSMUSG00000125753		-0.27373356	
ENSMUSG00000128269		-0.27373356	
ENSMUSG00000136486		-0.27373356	
Gm20511		-0.27373356	
ENSMUSG00000137552		-0.27373356	
Gm11685		-0.27373356	
ENSMUSG00000132230		-0.27373356	
Gm11681		-0.27373356	
ENSMUSG00000127105		-0.27373356	
Cd300ld3		-0.27373356	
ENSMUSG00000128846		-0.27373356	
Prcd		-0.27373356	
BC018473		-0.27373356	
Gm11731		-0.27373356	
Gm57380		-0.27373356	
Gm55853		-0.27373356	
Tspan10		-0.27373356	
ENSMUSG00000132464		-0.27373356	
Gm11790		-0.27373356	
Gm9077		-0.27373356	
1700101O22Rik		-0.27373356	
Matn3		-0.27373356	
4921511I17Rik		-0.27373356	
Rpl21-ps2		-0.27373356	
Gm22170		-0.27373356	
Gm9202		-0.27373356	
Zfp996		-0.27373356	
Gm19786		-0.27373356	
Gm49698		-0.27373356	
ENSMUSG00000138550		-0.27373356	
Gm4036		-0.27373356	
Gm47384		-0.27373356	
Gm47441		-0.27373356	
Gm9318		-0.27373356	
Gm17746		-0.27373356	
ENSMUSG00000121656		-0.27373356	
Dcdc2c		-0.27373356	
Gm6992		-0.27373356	
ENSMUSG00000125596		-0.27373356	
ENSMUSG00000136223		-0.27373356	
ENSMUSG00000125371		-0.27373356	
Atxn7l1os2		-0.27373356	
ENSMUSG00000132754		-0.27373356	
Prps1l1		-0.27373356	
Mir680-3		-0.27373356	
Gm48369		-0.27373356	
ENSMUSG00000143020		-0.27373356	
Gm48616		-0.27373356	
Gm19563		-0.27373356	
Gm19220		-0.27373356	
Gm47020		-0.27373356	
Gm48517		-0.27373356	
Gm7456		-0.27373356	
Gm19309		-0.27373356	
Gm54375		-0.27373356	
Gm24305		-0.27373356	
Gm20403		-0.27373356	
ENSMUSG00000141521		-0.27373356	
Gm5183		-0.27373356	
Cox6c2		-0.27373356	
Gm11025		-0.27373356	
Gm22973		-0.27373356	
Rpl21-ps3		-0.27373356	
Gm25970		-0.27373356	
ENSMUSG00000135223		-0.27373356	
Gm3086		-0.27373356	
ENSMUSG00000131292		-0.27373356	
Gm48847		-0.27373356	
ENSMUSG00000122967		-0.27373356	
ENSMUSG00000135024		-0.27373356	
ENSMUSG00000127473		-0.27373356	
ENSMUSG00000135621		-0.27373356	
ENSMUSG00000131429		-0.27373356	
ENSMUSG00000135196		-0.27373356	
Gm46364		-0.27373356	
1700052I22Rik		-0.27373356	
Gm56514		-0.27373356	
ENSMUSG00000136878		-0.27373356	
Gm47184		-0.27373356	
Gm6722		-0.27373356	
ENSMUSG00000132758		-0.27373356	
ENSMUSG00000132401		-0.27373356	
ENSMUSG00000139018		-0.27373356	
ENSMUSG00000141408		-0.27373356	
n-R5s64		-0.27373356	
ENSMUSG00000140334		-0.27373356	
ENSMUSG00000129054		-0.27373356	
Gm18983		-0.27373356	
Oog1		-0.27373356	
Eif1ad14		-0.27373356	
Eif1ad11		-0.27373356	
ENSMUSG00000123386		-0.27373356	
Gm8655		-0.27373356	
Gm6190		-0.27373356	
Gm48664		-0.27373356	
Gm40893		-0.27373356	
Gm19898		-0.27373356	
Gm47132		-0.27373356	
4930556H04Rik		-0.27373356	
4930477G07Rik		-0.27373356	
Gm36756		-0.27373356	
Mylf-ps		-0.27373356	
B430119L08Rik		-0.27373356	
ENSMUSG00000142395		-0.27373356	
ENSMUSG00000135474		-0.27373356	
ENSMUSG00000126304		-0.27373356	
ENSMUSG00000135408		-0.27373356	
ENSMUSG00000135284		-0.27373356	
ENSMUSG00000129605		-0.27373356	
ENSMUSG00000141087		-0.27373356	
ENSMUSG00000131311		-0.27373356	
Mir665		-0.27373356	
Mir370		-0.27373356	
Gm24564		-0.27373356	
Mir376b		-0.27373356	
Mir382		-0.27373356	
Mir412		-0.27373356	
Gm9063		-0.27373356	
ENSMUSG00000140694		-0.27373356	
ENSMUSG00000139115		-0.27373356	
ENSMUSG00000124125		-0.27373356	
Gm20368		-0.27373356	
Gm9134		-0.27373356	
Ighd4-1		-0.27373356	
Ighv2-7		-0.27373356	
Ighv6-3		-0.27373356	
Gm7019		-0.27373356	
Ighv1-76		-0.27373356	
ENSMUSG00000121588		-0.27373356	
ENSMUSG00000137522		-0.27373356	
Gm29689		-0.27373356	
Gm54910		-0.27373356	
Gm47695		-0.27373356	
Gm47904		-0.27373356	
Akr1c20		-0.27373356	
Gm10029		-0.27373356	
Gm5191		-0.27373356	
Gm26861		-0.27373356	
ENSMUSG00000132858		-0.27373356	
Gm30239		-0.27373356	
Gm18259		-0.27373356	
Gm48682		-0.27373356	
Gm47011		-0.27373356	
ENSMUSG00000122781		-0.27373356	
Gm22628		-0.27373356	
ENSMUSG00000125413		-0.27373356	
Gm18859		-0.27373356	
ENSMUSG00000130116		-0.27373356	
Gm7611		-0.27373356	
Mir6942		-0.27373356	
ENSMUSG00000123880		-0.27373356	
Vmn1r213		-0.27373356	
Gm11334		-0.27373356	
ENSMUSG00000131941		-0.27373356	
H2ac10		-0.27373356	
H1f6		-0.27373356	
Gm11350		-0.27373356	
Gm47881		-0.27373356	
Gm11358		-0.27373356	
ENSMUSG00000137138		-0.27373356	
Gm11365		-0.27373356	
ENSMUSG00000137687		-0.27373356	
Serpinb9h		-0.27373356	
Gm8245		-0.27373356	
ENSMUSG00000142248		-0.27373356	
Gm48766		-0.27373356	
Gm49144		-0.27373356	
2210022D18Rik		-0.27373356	
Gm29458		-0.27373356	
Gm55035		-0.27373356	
Gm47509		-0.27373356	
ENSMUSG00000140851		-0.27373356	
Gm56566		-0.27373356	
ENSMUSG00000129790		-0.27373356	
ENSMUSG00000143787		-0.27373356	
ENSMUSG00000126975		-0.27373356	
Gm7251		-0.27373356	
ENSMUSG00000125837		-0.27373356	
ENSMUSG00000137086		-0.27373356	
ENSMUSG00000130623		-0.27373356	
ENSMUSG00000136187		-0.27373356	
Gm48432		-0.27373356	
Gm47942		-0.27373356	
Spata31d1e		-0.27373356	
BC051665		-0.27373356	
Gm36501		-0.27373356	
Selenok-ps6		-0.27373356	
ENSMUSG00000129203		-0.27373356	
Gm48795		-0.27373356	
Gm7712		-0.27373356	
Gm47258		-0.27373356	
Cbx3-ps5		-0.27373356	
Gm48166		-0.27373356	
ENSMUSG00000131526		-0.27373356	
Gm48170		-0.27373356	
ENSMUSG00000134374		-0.27373356	
Gm48223		-0.27373356	
ENSMUSG00000133853		-0.27373356	
Gm48244		-0.27373356	
Vmn2r-ps105		-0.27373356	
Gm10323		-0.27373356	
Gm48705		-0.27373356	
ENSMUSG00000132732		-0.27373356	
ENSMUSG00000122271		-0.27373356	
Gm26875		-0.27373356	
Gm4812		-0.27373356	
ENSMUSG00000135231		-0.27373356	
ENSMUSG00000128389		-0.27373356	
Gm47902		-0.27373356	
ENSMUSG00000140933		-0.27373356	
Gm24519		-0.27373356	
Gm15740		-0.27373356	
Gm32067		-0.27373356	
ENSMUSG00000132752		-0.27373356	
Gm8345		-0.27373356	
Gm5197		-0.27373356	
ENSMUSG00000138545		-0.27373356	
ENSMUSG00000143344		-0.27373356	
ENSMUSG00000128764		-0.27373356	
ENSMUSG00000127953		-0.27373356	
Gm26913		-0.27373356	
ENSMUSG00000140529		-0.27373356	
Snord138		-0.27373356	
ENSMUSG00000139260		-0.27373356	
Gm17450		-0.27373356	
C030017D09Rik		-0.27373356	
Gm15620		-0.27373356	
ENSMUSG00000125498		-0.27373356	
Gm48350		-0.27373356	
Gm48138		-0.27373356	
ENSMUSG00000142222		-0.27373356	
ENSMUSG00000142137		-0.27373356	
H2bl1		-0.27373356	
Gm18601		-0.27373356	
Gm48452		-0.27373356	
Gm8847		-0.27373356	
Gm41041		-0.27373356	
4932411K12Rik		-0.27373356	
Gm38133		-0.27373356	
ENSMUSG00000135789		-0.27373356	
Apoo-ps		-0.27373356	
1700006H21Rik		-0.27373356	
Mir1904		-0.27373356	
Gm33045		-0.27373356	
ENSMUSG00000127180		-0.27373356	
Gm6035		-0.27373356	
4933413L06Rik		-0.27373356	
Gm48342		-0.27373356	
Tcstv6		-0.27373356	
Gm20763		-0.27373356	
ENSMUSG00000126286		-0.27373356	
Gm55650		-0.27373356	
ENSMUSG00000140820		-0.27373356	
ENSMUSG00000124870		-0.27373356	
Or2t6		-0.27373356	
Sntn		-0.27373356	
ENSMUSG00000122753		-0.27373356	
Gapdhrt		-0.27373356	
Fhitos		-0.27373356	
ENSMUSG00000126849		-0.27373356	
4930455B14Rik		-0.27373356	
Gm33933		-0.27373356	
ENSMUSG00000131285		-0.27373356	
Gm3275		-0.27373356	
Gm26650		-0.27373356	
Gm3164		-0.27373356	
Gm4904		-0.27373356	
ENSMUSG00000121807		-0.27373356	
Gm2048		-0.27373356	
ENSMUSG00000135427		-0.27373356	
Gm55136		-0.27373356	
Gm55187		-0.27373356	
Gm6158		-0.27373356	
ENSMUSG00000126598		-0.27373356	
Gm47921		-0.27373356	
ENSMUSG00000135656		-0.27373356	
Gm7591		-0.27373356	
ENSMUSG00000136212		-0.27373356	
Gm47570		-0.27373356	
Gm49094		-0.27373356	
Gm49270		-0.27373356	
Gm2990		-0.27373356	
ENSMUSG00000137405		-0.27373356	
Gm49012		-0.27373356	
ENSMUSG00000137594		-0.27373356	
Gm52113		-0.27373356	
Gm49025		-0.27373356	
ENSMUSG00000139852		-0.27373356	
ENSMUSG00000138395		-0.27373356	
Gm2791		-0.27373356	
Gm2832		-0.27373356	
Gm3141		-0.27373356	
Gm7316		-0.27373356	
Gm8126		-0.27373356	
Gm3221		-0.27373356	
Gm21754		-0.27373356	
Gm8267		-0.27373356	
ENSMUSG00000135364		-0.27373356	
Gm35166		-0.27373356	
ENSMUSG00000131577		-0.27373356	
Gm49152		-0.27373356	
Gm17079		-0.27373356	
Trav7d-3		-0.27373356	
Rps19-ps2		-0.27373356	
Gm43647		-0.27373356	
Traj49		-0.27373356	
Traj31		-0.27373356	
Gm24424		-0.27373356	
Gm49299		-0.27373356	
ENSMUSG00000142631		-0.27373356	
ENSMUSG00000128984		-0.27373356	
Gm26440		-0.27373356	
Gm20430		-0.27373356	
ENSMUSG00000135941		-0.27373356	
Gm5142		-0.27373356	
Gm16301		-0.27373356	
ENSMUSG00000137239		-0.27373356	
Gm6066		-0.27373356	
ENSMUSG00000122179		-0.27373356	
Mipepos		-0.27373356	
Gm41168		-0.27373356	
Defb48		-0.27373356	
Gm23629		-0.27373356	
ENSMUSG00000134879		-0.27373356	
ENSMUSG00000134913		-0.27373356	
Gm26225		-0.27373356	
Gm20111		-0.27373356	
ENSMUSG00000140163		-0.27373356	
Adam2		-0.27373356	
ENSMUSG00000124015		-0.27373356	
Gm27177		-0.27373356	
Gm17740		-0.27373356	
ENSMUSG00000130885		-0.27373356	
ENSMUSG00000128747		-0.27373356	
Gm49244		-0.27373356	
Gm15629		-0.27373356	
ENSMUSG00000123821		-0.27373356	
Erich6b		-0.27373356	
Gm25517		-0.27373356	
Gm19301		-0.27373356	
ENSMUSG00000137490		-0.27373356	
ENSMUSG00000135558		-0.27373356	
Gm18074		-0.27373356	
Gm48990		-0.27373356	
Gm15515		-0.27373356	
Gm25130		-0.27373356	
ENSMUSG00000123923		-0.27373356	
Gm48974		-0.27373356	
ENSMUSG00000131857		-0.27373356	
ENSMUSG00000138970		-0.27373356	
1700100I10Rik		-0.27373356	
ENSMUSG00000138083		-0.27373356	
ENSMUSG00000124150		-0.27373356	
ENSMUSG00000125185		-0.27373356	
Gm49035		-0.27373356	
Gm6254		-0.27373356	
ENSMUSG00000131947		-0.27373356	
ENSMUSG00000128242		-0.27373356	
Btf3-ps4		-0.27373356	
1700024B18Rik		-0.27373356	
ENSMUSG00000133815		-0.27373356	
Gm7962		-0.27373356	
ENSMUSG00000125998		-0.27373356	
C7		-0.27373356	
Gm2157		-0.27373356	
Gm8047		-0.27373356	
ENSMUSG00000135109		-0.27373356	
ENSMUSG00000123040		-0.27373356	
ENSMUSG00000142144		-0.27373356	
ENSMUSG00000142441		-0.27373356	
ENSMUSG00000131954		-0.27373356	
ENSMUSG00000125894		-0.27373356	
Gm5043		-0.27373356	
Gm56693		-0.27373356	
Gm29742		-0.27373356	
1700047G03Rik		-0.27373356	
ENSMUSG00000136172		-0.27373356	
ENSMUSG00000125943		-0.27373356	
Gm54580		-0.27373356	
Hnrnpa1l2-ps2		-0.27373356	
Gm56739		-0.27373356	
Gm6533		-0.27373356	
ENSMUSG00000125000		-0.27373356	
ENSMUSG00000133464		-0.27373356	
Gm49267		-0.27373356	
Gm49234		-0.27373356	
ENSMUSG00000135466		-0.27373356	
Gm49208		-0.27373356	
Gm54694		-0.27373356	
Kcns2		-0.27373356	
ENSMUSG00000131462		-0.27373356	
Gm18889		-0.27373356	
ENSMUSG00000128119		-0.27373356	
Gm34316		-0.27373356	
ENSMUSG00000132244		-0.27373356	
ENSMUSG00000132410		-0.27373356	
ENSMUSG00000130180		-0.27373356	
Gm15942		-0.27373356	
Rps19-ps5		-0.27373356	
Odf1		-0.27373356	
Gm49526		-0.27373356	
ENSMUSG00000130716		-0.27373356	
Gm49271		-0.27373356	
Gm48923		-0.27373356	
ENSMUSG00000128393		-0.27373356	
ENSMUSG00000130312		-0.27373356	
ENSMUSG00000128662		-0.27373356	
ENSMUSG00000139254		-0.27373356	
Gm5215		-0.27373356	
ENSMUSG00000134558		-0.27373356	
ENSMUSG00000139306		-0.27373356	
Gm25875		-0.27373356	
ENSMUSG00000139246		-0.27373356	
ENSMUSG00000132237		-0.27373356	
Gm30563		-0.27373356	
Gm30691		-0.27373356	
Gm7814		-0.27373356	
ENSMUSG00000131488		-0.27373356	
Ndufb4c		-0.27373356	
ENSMUSG00000131687		-0.27373356	
ENSMUSG00000134508		-0.27373356	
ENSMUSG00000140542		-0.27373356	
Gm23747		-0.27373356	
ENSMUSG00000127163		-0.27373356	
Gm48952		-0.27373356	
Gm56718		-0.27373356	
ENSMUSG00000132393		-0.27373356	
Gm6506		-0.27373356	
Apol7c		-0.27373356	
ENSMUSG00000121431		-0.27373356	
ENSMUSG00000124071		-0.27373356	
ENSMUSG00000131780		-0.27373356	
Gm49512		-0.27373356	
ENSMUSG00000137595		-0.27373356	
ENSMUSG00000141970		-0.27373356	
Gm8444		-0.27373356	
Gm49503		-0.27373356	
ENSMUSG00000122615		-0.27373356	
Cyp2d11		-0.27373356	
Gm49431		-0.27373356	
Gm5417		-0.27373356	
Gm49513		-0.27373356	
ENSMUSG00000122286		-0.27373356	
ENSMUSG00000122234		-0.27373356	
Gm49548		-0.27373356	
Gm22818		-0.27373356	
ENSMUSG00000123971		-0.27373356	
ENSMUSG00000127813		-0.27373356	
4930445N06Rik		-0.27373356	
ENSMUSG00000143881		-0.27373356	
Zfp42-ps1		-0.27373356	
Gm30564		-0.27373356	
ENSMUSG00000132329		-0.27373356	
ENSMUSG00000126116		-0.27373356	
Gm25668		-0.27373356	
Mir1291		-0.27373356	
ENSMUSG00000125370		-0.27373356	
ENSMUSG00000133943		-0.27373356	
Gm49484		-0.27373356	
ENSMUSG00000135671		-0.27373356	
ENSMUSG00000133897		-0.27373356	
ENSMUSG00000141951		-0.27373356	
Mir1941		-0.27373356	
Gm49428		-0.27373356	
ENSMUSG00000135994		-0.27373356	
Gm21178		-0.27373356	
Mucl2		-0.27373356	
Gm54922		-0.27373356	
Gm5766		-0.27373356	
ENSMUSG00000128523		-0.27373356	
ENSMUSG00000127414		-0.27373356	
ENSMUSG00000143671		-0.27373356	
Gm49534		-0.27373356	
Gm55041		-0.27373356	
Gm10247		-0.27373356	
Gm18722		-0.27373356	
Prm2		-0.27373356	
Gm55114		-0.27373356	
Gm25276		-0.27373356	
Rpl31-ps12		-0.27373356	
Mir301b		-0.27373356	
ENSMUSG00000125857		-0.27373356	
ENSMUSG00000141558		-0.27373356	
2010309G21Rik		-0.27373356	
Lamp3		-0.27373356	
ENSMUSG00000134179		-0.27373356	
Snord66		-0.27373356	
Gm6557		-0.27373356	
ENSMUSG00000122534		-0.27373356	
Gm30251		-0.27373356	
ENSMUSG00000130744		-0.27373356	
ENSMUSG00000132930		-0.27373356	
Gm15742		-0.27373356	
ENSMUSG00000122843		-0.27373356	
ENSMUSG00000127550		-0.27373356	
ENSMUSG00000132246		-0.27373356	
Gm5405		-0.27373356	
ENSMUSG00000124102		-0.27373356	
Gm10092		-0.27373356	
Gm10913		-0.27373356	
Gm54387		-0.27373356	
ENSMUSG00000136155		-0.27373356	
Gm25873		-0.27373356	
Drd3		-0.27373356	
ENSMUSG00000138726		-0.27373356	
ENSMUSG00000133236		-0.27373356	
Cd200l2		-0.27373356	
Gm24754		-0.27373356	
Ahcyl		-0.27373356	
Gm6912		-0.27373356	
ENSMUSG00000126756		-0.27373356	
ENSMUSG00000124048		-0.27373356	
Gm5407		-0.27373356	
ENSMUSG00000128767		-0.27373356	
Gm8824		-0.27373356	
ENSMUSG00000132332		-0.27373356	
1700116B05Rik		-0.27373356	
Gm6767		-0.27373356	
ENSMUSG00000130930		-0.27373356	
ENSMUSG00000143811		-0.27373356	
ENSMUSG00000126563		-0.27373356	
Epha6		-0.27373356	
ENSMUSG00000129480		-0.27373356	
Gm33912		-0.27373356	
ENSMUSG00000132646		-0.27373356	
ENSMUSG00000132991		-0.27373356	
ENSMUSG00000137291		-0.27373356	
Gm49657		-0.27373356	
Gm24968		-0.27373356	
ENSMUSG00000122981		-0.27373356	
ENSMUSG00000130194		-0.27373356	
ENSMUSG00000132149		-0.27373356	
ENSMUSG00000136917		-0.27373356	
ENSMUSG00000138952		-0.27373356	
ENSMUSG00000128408		-0.27373356	
ENSMUSG00000129616		-0.27373356	
ENSMUSG00000141151		-0.27373356	
ENSMUSG00000134431		-0.27373356	
ENSMUSG00000124758		-0.27373356	
ENSMUSG00000126673		-0.27373356	
ENSMUSG00000128030		-0.27373356	
Gm41495		-0.27373356	
Gm49716		-0.27373356	
Gm49618		-0.27373356	
ENSMUSG00000136551		-0.27373356	
Gm31323		-0.27373356	
Gm15971		-0.27373356	
Gm49928		-0.27373356	
Gm10232		-0.27373356	
4930548J01Rik		-0.27373356	
ENSMUSG00000135237		-0.27373356	
ENSMUSG00000125383		-0.27373356	
ENSMUSG00000140211		-0.27373356	
ENSMUSG00000143170		-0.27373356	
Gm10231		-0.27373356	
ENSMUSG00000133248		-0.27373356	
Tmem181b-ps		-0.27373356	
Gm49721		-0.27373356	
ENSMUSG00000142218		-0.27373356	
ENSMUSG00000128214		-0.27373356	
Gm8492		-0.27373356	
ENSMUSG00000123468		-0.27373356	
ENSMUSG00000136061		-0.27373356	
Gm16169		-0.27373356	
ENSMUSG00000126090		-0.27373356	
Gm10512		-0.27373356	
Gm8603		-0.27373356	
ENSMUSG00000127330		-0.27373356	
ENSMUSG00000140169		-0.27373356	
ENSMUSG00000140131		-0.27373356	
ENSMUSG00000132933		-0.27373356	
Vmn1r-ps140		-0.27373356	
Gm6540		-0.27373356	
Gm9772		-0.27373356	
ENSMUSG00000143657		-0.27373356	
Gm9514		-0.27373356	
Gm50058		-0.27373356	
Gm41545		-0.27373356	
Gm33508		-0.27373356	
Gm22645		-0.27373356	
ENSMUSG00000135042		-0.27373356	
ENSMUSG00000126911		-0.27373356	
Tbc1d22bos		-0.27373356	
Pdxk-ps		-0.27373356	
Cyp4f15		-0.27373356	
4931413I07Rik		-0.27373356	
Gm20427		-0.27373356	
Gm50333		-0.27373356	
ENSMUSG00000128248		-0.27373356	
ENSMUSG00000133787		-0.27373356	
ENSMUSG00000129933		-0.27373356	
ENSMUSG00000142090		-0.27373356	
H2-M1		-0.27373356	
ENSMUSG00000132317		-0.27373356	
Gm55937		-0.27373356	
Or12d12		-0.27373356	
Gm18737		-0.27373356	
ENSMUSG00000135192		-0.27373356	
ENSMUSG00000138350		-0.27373356	
ENSMUSG00000134386		-0.27373356	
ENSMUSG00000142780		-0.27373356	
Gm25008		-0.27373356	
ENSMUSG00000135760		-0.27373356	
4930542M03Rik		-0.27373356	
ENSMUSG00000128910		-0.27373356	
Gm18735		-0.27373356	
ENSMUSG00000139439		-0.27373356	
E430014B02Rik		-0.27373356	
ENSMUSG00000132661		-0.27373356	
ENSMUSG00000132505		-0.27373356	
ENSMUSG00000139189		-0.27373356	
ENSMUSG00000138059		-0.27373356	
Slc25a41		-0.27373356	
Cd70		-0.27373356	
Gm4518		-0.27373356	
Gm49860		-0.27373356	
Gm7253		-0.27373356	
Gm54898		-0.27373356	
Gm17133		-0.27373356	
Gm49938		-0.27373356	
ENSMUSG00000133135		-0.27373356	
Srd5a2		-0.27373356	
ENSMUSG00000131204		-0.27373356	
ENSMUSG00000134701		-0.27373356	
ENSMUSG00000143731		-0.27373356	
Gm41625		-0.27373356	
ENSMUSG00000132749		-0.27373356	
ENSMUSG00000122641		-0.27373356	
CJ186046Rik		-0.27373356	
Gm4832		-0.27373356	
Gm25935		-0.27373356	
ENSMUSG00000132533		-0.27373356	
ENSMUSG00000130972		-0.27373356	
Gm7411		-0.27373356	
ENSMUSG00000125005		-0.27373356	
ENSMUSG00000128527		-0.27373356	
Gm24292		-0.27373356	
Cetn1		-0.27373356	
ENSMUSG00000134923		-0.27373356	
Gm50067		-0.27373356	
Gm7599		-0.27373356	
ENSMUSG00000125830		-0.27373356	
Gm29992		-0.27373356	
Gm7670		-0.27373356	
Gm6378		-0.27373356	
ENSMUSG00000137936		-0.27373356	
Gm47898		-0.27373356	
Gm23207		-0.27373356	
ENSMUSG00000134303		-0.27373356	
Gm49976		-0.27373356	
ENSMUSG00000124503		-0.27373356	
Gm7729		-0.27373356	
ENSMUSG00000139084		-0.27373356	
Gm33674		-0.27373356	
ENSMUSG00000140254		-0.27373356	
ENSMUSG00000123261		-0.27373356	
ENSMUSG00000136243		-0.27373356	
Gm6724		-0.27373356	
Pcdha10		-0.27373356	
Gm50344		-0.27373356	
ENSMUSG00000124754		-0.27373356	
ENSMUSG00000123794		-0.27373356	
Gm41708		-0.27373356	
Rps19-ps4		-0.27373356	
Gm16415		-0.27373356	
Gm8181		-0.27373356	
ENSMUSG00000133695		-0.27373356	
Spink11		-0.27373356	
Gm50263		-0.27373356	
Gm10540		-0.27373356	
ENSMUSG00000122912		-0.27373356	
Gm3744		-0.27373356	
9130209A04Rik		-0.27373356	
Eno1b		-0.27373356	
Gm3815		-0.27373356	
Gm50446		-0.27373356	
ENSMUSG00000135379		-0.27373356	
ENSMUSG00000130862		-0.27373356	
ENSMUSG00000133703		-0.27373356	
ENSMUSG00000125540		-0.27373356	
ENSMUSG00000125916		-0.27373356	
ENSMUSG00000136425		-0.27373356	
ENSMUSG00000141531		-0.27373356	
ENSMUSG00000135293		-0.27373356	
ENSMUSG00000142346		-0.27373356	
Gm4841		-0.27373356	
Lncbate10		-0.27373356	
Il17b		-0.27373356	
Gm29860		-0.27373356	
Gm50157		-0.27373356	
Gm50162		-0.27373356	
ENSMUSG00000128866		-0.27373356	
ENSMUSG00000138683		-0.27373356	
Gm31819		-0.27373356	
ENSMUSG00000135551		-0.27373356	
ENSMUSG00000128580		-0.27373356	
ENSMUSG00000140065		-0.27373356	
ENSMUSG00000143915		-0.27373356	
ENSMUSG00000142466		-0.27373356	
Siglec15		-0.27373356	
ENSMUSG00000123041		-0.27373356	
ENSMUSG00000121830		-0.27373356	
Gm7447		-0.27373356	
Gm50413		-0.27373356	
ENSMUSG00000123095		-0.27373356	
Gm56504		-0.27373356	
Gm5234		-0.27373356	
Gm50406		-0.27373356	
Eif3s6-ps2		-0.27373356	
Gm2106		-0.27373356	
ENSMUSG00000124674		-0.27373356	
ENSMUSG00000132187		-0.27373356	
Gm50251		-0.27373356	
Gm50388		-0.27373356	
Gm54439		-0.27373356	
Gm25432		-0.27373356	
ENSMUSG00000124082		-0.27373356	
ENSMUSG00000122789		-0.27373356	
ENSMUSG00000125314		-0.27373356	
ENSMUSG00000123254		-0.27373356	
Gm6192		-0.27373356	
Stxbp3-ps		-0.27373356	
Gm336		-0.27373356	
Gm5511		-0.27373356	
Gm44849		-0.27373356	
Or9i2		-0.27373356	
ENSMUSG00000138221		-0.27373356	
Gm32256		-0.27373356	
ENSMUSG00000140364		-0.27373356	
ENSMUSG00000123837		-0.27373356	
ENSMUSG00000137016		-0.27373356	
C330002G04Rik		-0.27373356	
Gm50136		-0.27373356	
Gm50445		-0.27373356	
Gm22144		-0.27373356	
Pip5k1bos		-0.27373356	
Gm17800		-0.27373356	
ENSMUSG00000125143		-0.27373356	
Gm50379		-0.27373356	
Gm815		-0.27373356	
ENSMUSG00000143855		-0.27373356	
Gm6788		-0.27373356	
Gm50425		-0.27373356	
Gm5518		-0.27373356	
Gm50373		-0.27373356	
Gm36860		-0.27373356	
ENSMUSG00000140434		-0.27373356	
Lgi1		-0.27373356	
Gm8717		-0.27373356	
Cyp2c65		-0.27373356	
ENSMUSG00000122384		-0.27373356	
ENSMUSG00000127567		-0.27373356	
ENSMUSG00000127607		-0.27373356	
ENSMUSG00000128422		-0.27373356	
Gm54905		-0.27373356	
Gm55034		-0.27373356	
Gm15491		-0.27373356	
ENSMUSG00000129027		-0.27373356	
ENSMUSG00000134884		-0.27373356	
Cfap58		-0.27373356	
Gm6975		-0.27373356	
ENSMUSG00000143065		-0.27373356	
ENSMUSG00000139491		-0.27373356	
ENSMUSG00000136232		-0.27373356	
ENSMUSG00000129579		-0.27373356	
ENSMUSG00000130704		-0.27373356	
Spmip5		-0.27373356	
Gm14366		-0.27373356	
Gm14799		-0.27373356	
Ssxb5		-0.27373356	
H2al1m		-0.27373356	
Gm4984		-0.27373356	
ENSMUSG00000136083		-0.27373356	
ENSMUSG00000124036		-0.27373356	
Gm5380		-0.27373356	
Gm9434		-0.27373356	
ENSMUSG00000133230		-0.27373356	
Gm14884		-0.27373356	
ENSMUSG00000126155		-0.27373356	
Gm1848		-0.27373356	
Gm53006		-0.27373356	
Gm9440		-0.27373356	
ENSMUSG00000121959		-0.27373356	
Rhox7-ps2		-0.27373356	
Gm5385		-0.27373356	
Sh2d1a		-0.27373356	
Itpa-ps3		-0.27373356	
ENSMUSG00000129569		-0.27373356	
Gm14610		-0.27373356	
Gm7803		-0.27373356	
Mir450-1		-0.27373356	
ENSMUSG00000143280		-0.27373356	
Gm54820		-0.27373356	
ENSMUSG00000123069		-0.27373356	
Mcf2		-0.27373356	
ENSMUSG00000130735		-0.27373356	
Hspa9-ps1		-0.27373356	
Gm8163		-0.27373356	
Gm14688		-0.27373356	
Gm16441		-0.27373356	
ENSMUSG00000132967		-0.27373356	
ENSMUSG00000138773		-0.27373356	
ENSMUSG00000126860		-0.27373356	
Gm8545		-0.27373356	
Gm6758		-0.27373356	
Rpl3-ps2		-0.27373356	
Xlr5d-ps		-0.27373356	
Gm8617		-0.27373356	
Gm25629		-0.27373356	
Gm14753		-0.27373356	
ENSMUSG00000136941		-0.27373356	
Gm14769		-0.27373356	
Gm8839		-0.27373356	
Gm8844		-0.27373356	
ENSMUSG00000135153		-0.27373356	
Gm8876		-0.27373356	
Gm7108		-0.27373356	
ENSMUSG00000141324		-0.27373356	
Gm9009		-0.27373356	
Gm14807		-0.27373356	
Gm14845		-0.27373356	
Gm55581		-0.27373356	
Cdx4		-0.27373356	
ENSMUSG00000141424		-0.27373356	
Rpl30-ps9		-0.27373356	
Gm14853		-0.27373356	
Gm14852		-0.27373356	
Gm14857		-0.27373356	
Gm1866		-0.27373356	
Gm7429		-0.27373356	
Gm16420		-0.27373356	
Gm14928		-0.27373356	
Gm5648		-0.27373356	
ENSMUSG00000121516		-0.27373356	
ENSMUSG00000121518		-0.27373356	
ENSMUSG00000129497		-0.27373356	
ENSMUSG00000137299		-0.27373356	
Gm15040		-0.27373356	
Gm15041		-0.27373356	
ENSMUSG00000140858		-0.27373356	
Gm23199		-0.27373356	
Gm15294		-0.27373356	
Gm5763		-0.27373356	
Gm8202		-0.27373356	
Gm26441		-0.27373356	
Gm15267		-0.27373356	
ENSMUSG00000121769		-0.27373356	
Magea2		-0.27373356	
Magea5		-0.27373356	
Cldn34b2		-0.27373356	
Gm8606		-0.27373356	
Gm8648		-0.27373356	
ENSMUSG00000130675		-0.27373356	
Gm23901		-0.27373356	
ENSMUSG00000135079		-0.27373356	
Gm37951		-0.27373356	
Gm37369		-0.27373356	
ENSMUSG00000121560		-0.27373356	
Gm28965		-0.27373356	
ENSMUSG00000141320		-0.27373356	
mt-Tv		-0.27373356	
Zbtb8a		-0.27373847	
ENSMUSG00000128894		-0.27417788	
Gm12359		-0.274193	
Gab3		-0.27433664	
Gm33037		-0.27439895	
Zfp653		-0.27442858	
Eci2		-0.27478525	
Relt		-0.27483147	
ENSMUSG00000134467		-0.2751361	
Wipf2		-0.27521062	
Gm47251		-0.2752402	
Hps5		-0.2752681	
Unc119b		-0.27547562	
Csrnp1		-0.2755566	
Gm29686		-0.27558246	
Sh2d5		-0.27570248	
ENSMUSG00000140335		-0.2757719	
Steap3		-0.2760564	
ENSMUSG00000130774		-0.2761161	
Zkscan8		-0.27617776	
Shb		-0.27621937	
ENSMUSG00000128729		-0.27627453	
Gins3		-0.27637252	
Gm56745		-0.27641994	
Rasal2		-0.2768532	
Zfp688		-0.27710548	
Wbp1l		-0.2771423	
Wipi1		-0.27719244	
Tlr3		-0.27746946	
Fhip1a		-0.27762505	
Zbed6		-0.27781546	
Gpx8		-0.277879	
Gchfr		-0.27787936	
Ell3		-0.2779484	
ENSMUSG00000138910		-0.2779484	
ENSMUSG00000123611		-0.27795917	
Crtc2		-0.2780631	
Fnip2		-0.27817202	
Hnf1aos1		-0.27817613	
Atg9b		-0.27837834	
C1qtnf12		-0.2784212	
Slc27a1		-0.2784618	
Padi2		-0.27855352	
9930111J21Rik1		-0.27856815	
Ano2		-0.278749	
Tgfb2		-0.27888218	
Serpinb9g		-0.2789003	
Slc25a20		-0.27892587	
Gpr157		-0.27894917	
Ppdpf		-0.27902207	
Dcbld2		-0.27917853	
Plcb1		-0.27938786	
Ppp1r18		-0.27943033	
Sav1		-0.2794701	
Gm28874		-0.27950248	
Tmem50a		-0.27958444	
Gm15473		-0.27960464	
Atp6v1h		-0.27968088	
Rgl2		-0.2798362	
Scand1		-0.27987844	
Brd3os		-0.27989182	
Med4		-0.2799985	
Litaf		-0.2801492	
Gm7932		-0.2802628	
Zscan25		-0.2802726	
Cep19		-0.28037328	
Sik2		-0.28042996	
Jmjd1c		-0.2805979	
Gm13068		-0.2806569	
Amotl1		-0.28094605	
Gpr35		-0.28102103	
Cgas		-0.28112283	
Platr14		-0.28114983	
Ptpn2		-0.28146854	
Tap1		-0.28160515	
ENSMUSG00000122124		-0.28177905	
Tm4sf1		-0.28183955	
Was		-0.28188056	
Tgfb1i1		-0.28210405	
Enpp5		-0.28230032	
Rsph10b		-0.28230315	
Adprh		-0.28236666	
B930095G15Rik		-0.28240913	
Gm6123		-0.2824327	
Fmo3		-0.2824327	
ENSMUSG00000127908		-0.2824327	
ENSMUSG00000133467		-0.2824327	
Kif16bos		-0.2824327	
Gm12799		-0.2824327	
Rpl18-ps2		-0.2824327	
Pira12		-0.2824327	
Pdf		-0.2824327	
6820445E23Rik		-0.2824327	
ENSMUSG00000130459		-0.2824327	
Gm7691		-0.2824327	
Gm41517		-0.2824327	
Pp2d1		-0.2824327	
Cck		-0.28247255	
ENSMUSG00000129851		-0.28276435	
4732440D04Rik		-0.28290477	
Aars1		-0.28295028	
9430034N14Rik		-0.28298822	
Pex5		-0.28317282	
A3galt2		-0.28341955	
Lncenc1		-0.28346223	
Mir5125		-0.28349409	
Il1f10		-0.28349802	
ENSMUSG00000134457		-0.28349802	
ENSMUSG00000142630		-0.28349802	
Gm47171		-0.28349802	
Amd2		-0.28349802	
Gm48700		-0.28349802	
Rpl23a-ps3		-0.28349802	
ENSMUSG00000129024		-0.28349802	
1110020A21Rik		-0.28351507	
Atp10d		-0.28366137	
Fxyd1		-0.28367552	
Snapc4		-0.283812	
Gm56881		-0.2838387	
Nlrx1		-0.28390658	
Slc9a1		-0.28392872	
A630089N07Rik		-0.2840447	
Rab8b		-0.28415263	
Zkscan4		-0.2841973	
Eif1ad		-0.28421554	
Msi1		-0.2843141	
Gm9484		-0.28450638	
Rilp		-0.2845885	
Smim12		-0.284658	
Cstpp1		-0.28476351	
Zfp580		-0.28485152	
Atosb		-0.28485414	
Magix		-0.28498378	
Casp8		-0.28519407	
Ier3		-0.28521934	
Rabep2		-0.28530696	
ENSMUSG00000134177		-0.28534004	
Fam174a		-0.28543776	
ENSMUSG00000136815		-0.28560662	
Gm49502		-0.28567246	
Gm26736		-0.285674	
Foxm1		-0.28575072	
Ank2		-0.2857775	
Ccdc71l		-0.28603444	
Tnfrsf4		-0.28607765	
Rpl3l		-0.28610864	
Gm38297		-0.2861256	
Spop		-0.28620768	
Fam222b		-0.2862985	
Zfp865		-0.28639352	
Gm26964		-0.2866032	
Mst1r		-0.28671756	
Spock2		-0.2868101	
Rfesd		-0.28691122	
Btnl7-ps		-0.28692642	
Rhov		-0.28694183	
Nbdy		-0.28717938	
Gm17227		-0.28726786	
ENSMUSG00000142815		-0.28743795	
Urm1		-0.2874892	
Trmt61b		-0.2874945	
6430710C18Rik		-0.28771597	
Gm20604		-0.28774223	
Gm13261		-0.28780386	
Mrps27		-0.2878633	
ENSMUSG00000133777		-0.28791237	
Col9a2		-0.28792003	
Sfrp4		-0.28802228	
Tnni1		-0.2882804	
Vamp1		-0.2883413	
Gm42595		-0.28849396	
Eda2r		-0.2886367	
Sec22c		-0.28863716	
Hbegf		-0.2886856	
Gm57341		-0.28875867	
Gm4204		-0.28881943	
Hoxd10		-0.2889106	
ENSMUSG00000142317		-0.28918964	
Tmem204		-0.28926829	
Airim		-0.28933972	
Exoc3l		-0.2893555	
Bcas3		-0.28941187	
Mboat2		-0.28971368	
Vwa1		-0.2897425	
Gm45844		-0.290187	
Fam171a2		-0.2906413	
Ubiad1		-0.29073185	
Gm11865		-0.29089072	
ENSMUSG00000126088		-0.29089072	
Gm9519		-0.29089072	
Keg1		-0.29089072	
Akap7		-0.29099244	
Gm6807		-0.29121652	
Kics2		-0.29127952	
Pmel		-0.29135868	
Snhg5		-0.2914199	
Dvl2		-0.29148856	
Pdcd1lg2		-0.29157403	
Adamts12		-0.29164356	
Gm17354		-0.291649	
Prl8a1		-0.29171485	
A430105J06Rik		-0.29173148	
Spata6		-0.29188415	
Nmnat1		-0.29209763	
Egfr		-0.29212886	
Prim1		-0.29212907	
Reep6		-0.2921512	
Prmt7		-0.2921994	
Foxl2os		-0.29222986	
Erbb4		-0.29230642	
Grina		-0.292623	
ENSMUSG00000140044		-0.29288784	
Etaa1		-0.2929197	
Cmc1		-0.293081	
Ajm1		-0.29331717	
ENSMUSG00000134742		-0.2933679	
Zfp383		-0.29370096	
Ddx55		-0.29370314	
ENSMUSG00000136801		-0.29379517	
Trmt12		-0.29382405	
Sgo2a		-0.29390484	
Gm4924		-0.29408777	
Apobec2		-0.2940908	
Arhgap9		-0.29419178	
Tmem125		-0.29419675	
Slc12a1		-0.29431123	
Zfp110		-0.29433984	
Gm31600		-0.29435426	
Gm6225		-0.29442644	
1700017J07Rik		-0.2946385	
Ptgir		-0.2946385	
3110040N11Rik		-0.2946993	
Mkrn1		-0.29486334	
ENSMUSG00000128010		-0.29492205	
Gm12868		-0.29496202	
Gm17552		-0.29496372	
Wdr73		-0.29501465	
ENSMUSG00000135102		-0.2953266	
Natd1		-0.29542714	
Ppp1r15a		-0.29547325	
ENSMUSG00000140012		-0.2956509	
Hyal3		-0.2956596	
Panx1		-0.29577768	
Lix1l		-0.29598513	
Wdr5b		-0.2961371	
Gphn		-0.29617035	
Jund		-0.29636055	
Stx6		-0.2963874	
Hnmt		-0.29641205	
Nudt19		-0.29658207	
Csf2rb		-0.29684773	
Aif1		-0.29689118	
Gm11789		-0.29694706	
Trnau1ap		-0.2973997	
Rab26os		-0.297418	
Pde9a		-0.29748136	
Nrtn		-0.29749334	
Mrpl14		-0.2976527	
Jag2		-0.2976763	
Plk3		-0.29774502	
Dedd		-0.2980197	
Gm8596		-0.2981583	
Fmn2		-0.2981583	
4930547E08Rik		-0.2981583	
Insm1		-0.2981583	
Gm14127		-0.2981583	
6430500D05Rik		-0.2981583	
ENSMUSG00000135497		-0.2981583	
Gm43697		-0.2981583	
ENSMUSG00000122500		-0.2981583	
ENSMUSG00000124762		-0.2981583	
ENSMUSG00000133977		-0.2981583	
Gm7292		-0.2981583	
Gm9860		-0.2981583	
Gm45001		-0.2981583	
Gm45900		-0.2981583	
Gm31410		-0.2981583	
Gm2467		-0.2981583	
Gm47599		-0.2981583	
ENSMUSG00000137148		-0.2981583	
ENSMUSG00000124272		-0.2981583	
4933430M04Rik		-0.2981583	
ENSMUSG00000126695		-0.2981583	
Gm48873		-0.2981583	
ENSMUSG00000127538		-0.2981583	
ENSMUSG00000127306		-0.2981583	
ENSMUSG00000125131		-0.2981583	
Gm34150		-0.2981583	
Tmem74		-0.2981583	
ENSMUSG00000123853		-0.2981583	
Gm15835		-0.2981583	
ENSMUSG00000128589		-0.2981583	
ENSMUSG00000142528		-0.2981583	
A530013C23Rik		-0.29818797	
Arhgap15		-0.29821894	
Bbs4		-0.29875073	
Gm26062		-0.2987568	
Ripk3		-0.29881635	
Mlxipl		-0.29906496	
A230083G16Rik		-0.29931867	
Comtd1		-0.29934236	
Slc25a1		-0.29937303	
Wfdc8		-0.29940218	
Gm26724		-0.29947343	
Chpf2		-0.29949874	
Zfp142		-0.299621	
Fam151a		-0.29967	
ENSMUSG00000125696		-0.29977104	
Smad7		-0.29982597	
Erh		-0.30016902	
Cyp4f16		-0.3005088	
Lpar1		-0.3005176	
Klhl21		-0.30053043	
Crnde		-0.30062738	
Akip1		-0.30068246	
I730030J21Rik		-0.30092737	
Tmem231		-0.30094436	
Hfe		-0.30127558	
Gm12212		-0.30133548	
Wee1		-0.3013841	
Gemin2		-0.30157614	
Tmem68		-0.30166763	
Pabpc4l		-0.30169144	
Lamc3		-0.30181158	
Tnfrsf13c		-0.3018945	
Cdyl2		-0.301963	
Ccdc112		-0.30199325	
Gpx3		-0.30204946	
Zfp422		-0.30218706	
Angptl4		-0.30233058	
Spire1		-0.30241203	
Mtfr2		-0.30253083	
Gabarapl1		-0.30271456	
Gm28791		-0.30289197	
Ly6g5b		-0.30289197	
Gm24920		-0.30301386	
Mis18a		-0.30307588	
Upk2		-0.30310977	
Mapk10		-0.30312642	
Gm17080		-0.30312642	
Dnah3		-0.3031781	
Raet1d		-0.303282	
Shcbp1		-0.30334207	
Gm49196		-0.30334207	
9930012K11Rik		-0.30336586	
Ccar2		-0.30348858	
Aph1c		-0.30356112	
Inha		-0.3037252	
Emid1		-0.30380848	
Ess2		-0.30398256	
Mmp9		-0.30412695	
Elavl3		-0.304133	
Gpihbp1		-0.30427915	
Selenok-ps1		-0.3043786	
Prdm9		-0.30474278	
Tmem161b		-0.3047638	
Slc22a21		-0.30488828	
Rbm48		-0.30489242	
D8Ertd738e		-0.30505243	
ENSMUSG00000127797		-0.3050856	
Gm54266		-0.3052239	
Relch		-0.30525583	
Map3k20		-0.3053215	
Gm27017		-0.30536103	
Gm39214		-0.30543014	
Dedd2		-0.3056909	
Ppil1		-0.30591348	
ENSMUSG00000138214		-0.30621508	
Itga5		-0.30628803	
Gm43313		-0.30650124	
Gm57014		-0.30650124	
Atp5mf		-0.30652374	
Ano1		-0.30663913	
Ifrd1		-0.30672207	
Fam163a		-0.30676755	
ENSMUSG00000133378		-0.3067972	
Gm14016		-0.30692363	
ENSMUSG00000135930		-0.30703115	
ENSMUSG00000142736		-0.30703115	
Coq3		-0.3070444	
Tacc1		-0.30707908	
Msh6		-0.30708748	
Clba1		-0.30711758	
Cdca2		-0.30727226	
Ctdp1		-0.30732286	
Adam12		-0.30741578	
Gm26770		-0.30763045	
Prmt6		-0.30763248	
Sphk1		-0.3077229	
Cers3		-0.30777204	
Ccsap		-0.30778706	
Vsig10		-0.3078896	
Cntln		-0.30789524	
Dbn1		-0.30802935	
P2ry12		-0.30814055	
2510009E07Rik		-0.3081582	
Fam107a		-0.30816835	
Gm38309		-0.30841607	
Gm4997		-0.30846033	
Per3		-0.30853236	
Csrp1		-0.30853716	
Dhrs7		-0.30858046	
Snx22		-0.30858102	
Sf3b1		-0.30861986	
Gm47260		-0.30867115	
Polr2i		-0.3089574	
Gm42981		-0.30896798	
Nexmif		-0.30896798	
Rnf185		-0.30908456	
Il18rap		-0.30909088	
Tmem160		-0.30948946	
Sgpl1		-0.30978572	
Arid5a		-0.30986118	
Gm49883		-0.31010103	
ENSMUSG00000132417		-0.3101835	
Gm9570		-0.31029117	
Ccdc170		-0.3107255	
Gm49957		-0.3107642	
Kl		-0.31082398	
Ces3a		-0.3108517	
Rarg		-0.3109677	
Tmem53		-0.31105745	
ENSMUSG00000124176		-0.31112355	
Rbm24		-0.31112355	
Frmd6		-0.3114226	
Hotairm1		-0.31158078	
Gm26707		-0.31165227	
Slc9a5		-0.31176406	
Gm57431		-0.31207645	
Endov		-0.31236568	
Plcl2		-0.31240597	
Sh3yl1		-0.31253752	
Pdgfrl		-0.31258124	
Haus4		-0.31271014	
mt-Tp		-0.31277314	
ENSMUSG00000126961		-0.31320265	
Tnfsf12		-0.3132319	
Mrps10		-0.31325457	
Cep135		-0.3135248	
Hmcn2		-0.3135311	
Ncf2		-0.31372127	
Tmem134		-0.31378925	
Pcdhga12		-0.3138503	
Agbl3		-0.31395718	
Usp54		-0.3139819	
Gm43859		-0.3140415	
Impdh2		-0.31417143	
Proca1		-0.3144043	
Plekhm2		-0.31447327	
Ptgdr2		-0.3145183	
Ipo8		-0.31475446	
Ifnar2		-0.314894	
Fmn1		-0.31527048	
3110083C13Rik		-0.31532347	
1810059C17Rik		-0.3153244	
Orai2		-0.31534478	
Rab32		-0.3153605	
Gm11613		-0.31537133	
Timm9		-0.31542736	
Ift22		-0.31544173	
Cfap119		-0.3154798	
ENSMUSG00000127585		-0.3154861	
H2ac7		-0.315535	
Crabp2		-0.31560802	
Tirap		-0.31574497	
Dut		-0.31579995	
Taf1a		-0.31602067	
Zfp982		-0.3160258	
ENSMUSG00000137209		-0.31610373	
Spsb2		-0.3161211	
Scp2		-0.31628036	
Gm43637		-0.31635803	
Gm41492		-0.31654534	
Arhgap20		-0.3166497	
Chchd1		-0.31675443	
Glo1		-0.31680086	
Ephx1		-0.31680992	
Gm45051		-0.31682274	
Tfcp2		-0.31707686	
Mtif3		-0.31736565	
Cacnb1		-0.31741765	
Necap2		-0.31745717	
Fbxl12		-0.31754583	
Gm31812		-0.3175796	
Dnal4		-0.3176176	
Sgsm3		-0.31762785	
Abcd2		-0.3177225	
Ift27		-0.3178767	
Arl6ip6		-0.3179671	
Mcat		-0.31799784	
Gm38228		-0.31805804	
Evpl		-0.31810743	
ENSMUSG00000127963		-0.31844658	
Gm14270		-0.31844658	
Polr2a		-0.31865168	
Dusp1		-0.31866762	
Zdhhc18		-0.31892005	
M1ap		-0.31913027	
ENSMUSG00000121476		-0.3191443	
Gm18113		-0.31926903	
Gm34121		-0.31942734	
Arl5c		-0.3194737	
Arhgap4		-0.31970987	
Cox4i2		-0.31973675	
Gm44292		-0.32004628	
Abcb11		-0.3200826	
Mapk12		-0.32010117	
Gm56613		-0.32014182	
Fam161b		-0.32014728	
Gm38882		-0.32017872	
Sec14l2		-0.3205529	
Ms4a4a		-0.32058448	
Abl2		-0.32079935	
Kank4os		-0.32085234	
ENSMUSG00000123463		-0.32091227	
Dennd3		-0.32100287	
Or2y1f		-0.32102317	
Syne1		-0.32108104	
ENSMUSG00000141247		-0.32114464	
Spr		-0.32132733	
Rasa2		-0.32154566	
Cenps		-0.322269	
Gm15445		-0.32235572	
Sox4		-0.32250264	
Slc44a2		-0.32260925	
Cebpd		-0.32264563	
Gm26737		-0.32266372	
Zfp28		-0.32274348	
Car11		-0.32292417	
Rps7-ps2		-0.32307282	
Ggct		-0.3230896	
Ezh2		-0.32334828	
ENSMUSG00000124604		-0.32354546	
A830008E24Rik		-0.3237057	
Ppcdc		-0.32379594	
Gucy2c		-0.32384425	
Atp8b3		-0.32391438	
ENSMUSG00000139788		-0.32470846	
6030460B20Rik		-0.32481492	
Rps3a3		-0.32481492	
Gm15751		-0.32487363	
ENSMUSG00000131127		-0.32499745	
Zfr2		-0.32543382	
Gm7332		-0.32549933	
Phf21b		-0.32561386	
Gm2830		-0.3258231	
Tnfaip6		-0.3258478	
Gm31577		-0.3258478	
Fbxo17		-0.32591388	
ENSMUSG00000137737		-0.32603812	
Cyp2j6		-0.32619753	
Cdt1		-0.32634667	
Slc43a3		-0.3265272	
Akna		-0.32653672	
Gbp2		-0.32667425	
ENSMUSG00000126152		-0.3268609	
Cyp4f17		-0.32696927	
Amz1		-0.3270145	
Gpatch11		-0.32714507	
Nsmce2		-0.32719046	
Fah		-0.32724968	
Tuba4a		-0.32736716	
Ifi207		-0.3274125	
Atrip		-0.32747957	
Ceacam1		-0.32762694	
E130307A14Rik		-0.32768846	
Steap4		-0.3276888	
Shmt1		-0.3277371	
Dnajc4		-0.32787043	
Gm14494		-0.32799184	
Lgals8		-0.32801312	
Mmp23		-0.32802942	
Gm56974		-0.32816586	
Ly6g6d		-0.32829106	
Hoxa7		-0.32842296	
Trpm3		-0.32869303	
Abhd14b		-0.3287048	
Gm7278		-0.32870582	
Gm12150		-0.32891828	
Adcy4		-0.32894832	
Arsi		-0.3290364	
Map2k3		-0.32915452	
1700030C10Rik		-0.32916832	
Hrh2		-0.32923695	
Gnaz		-0.32927567	
Gemin6		-0.3294916	
Rims2		-0.32949442	
Gm12107		-0.3295158	
ENSMUSG00000142036		-0.32958812	
Gm31683		-0.32978702	
ENSMUSG00000141201		-0.3297894	
Rab13		-0.32979795	
Phkg2		-0.32990822	
Tiparp		-0.32993546	
A830082N09Rik		-0.32995602	
Gm37893		-0.33025035	
Gm37768		-0.33025232	
Rab34		-0.33038038	
Fam199x		-0.3304286	
ENSMUSG00000133755		-0.33075142	
Axin2		-0.3309581	
Pcnx1		-0.33101326	
Rtn4r		-0.33145088	
Gm5481		-0.3316553	
Plin2		-0.33181688	
Ddx20		-0.33185285	
Aff1		-0.3318892	
ENSMUSG00000140646		-0.33190086	
Gm56977		-0.33197254	
6720407P12Rik		-0.33211836	
Ccdc69		-0.3321265	
Dusp14		-0.33215776	
Hacd4		-0.3322762	
Ak2		-0.3322861	
Gm16565		-0.3324361	
Junb		-0.3325162	
ENSMUSG00000139394		-0.33252588	
ENSMUSG00000125328		-0.33252588	
Mlh3		-0.33259082	
Zswim4		-0.33268514	
Gm50240		-0.3328593	
Gm43323		-0.33328116	
Tbc1d20		-0.33373237	
Azin1		-0.33380175	
Zfp558		-0.33395472	
Nemf		-0.3339899	
Gm9922		-0.3340016	
ENSMUSG00000122675		-0.3340701	
Arrdc1		-0.33425534	
Ccn1		-0.33433533	
Zfp639		-0.3344583	
Metrnl		-0.3345548	
Gm56648		-0.334861	
ENSMUSG00000123981		-0.3349174	
Zfp120		-0.33508536	
Ccn4		-0.33510035	
Gm44017		-0.33518285	
Dync2i2		-0.33530357	
Gm49226		-0.33532417	
Tapbpl		-0.33557156	
9130604C24Rik		-0.33563483	
ENSMUSG00000128815		-0.33563483	
Lcor		-0.33566394	
Angel1		-0.33574718	
Mamstr		-0.33602545	
ENSMUSG00000130408		-0.33607313	
Rapgef4		-0.33610007	
Pdzd4		-0.33616605	
Gm31583		-0.33620945	
Gm8738		-0.33648983	
Rab20		-0.3365018	
Enpp4		-0.33663544	
Mef2b		-0.33669654	
Vars2		-0.33675364	
Ranbp9		-0.336754	
ENSMUSG00000127874		-0.33677584	
Slc4a9		-0.33678642	
Ccdc61		-0.33695453	
Mycl		-0.33701313	
Sdr42e1		-0.33721894	
Catip		-0.33734038	
Fuom		-0.33744714	
Nuggc		-0.33753383	
Vamp5		-0.3375343	
Prx		-0.33769003	
Kmt2e		-0.33774272	
Stk38l		-0.3381412	
Fadd		-0.33824924	
Amd1		-0.33827862	
Gm28723		-0.3383019	
Tpm3-rs7		-0.33838156	
Gm52965		-0.33849105	
Cox7a2l		-0.33856195	
Zfp654		-0.33858478	
Spata20		-0.33867836	
Arl2bp		-0.33872497	
2310022A10Rik		-0.33882758	
Otud3		-0.33901912	
ENSMUSG00000140336		-0.33904737	
ENSMUSG00000133110		-0.33906275	
ENSMUSG00000125407		-0.33906275	
Smim5		-0.3392022	
Ppfia4		-0.339605	
1700018A23Rik		-0.33962464	
9430064I24Rik		-0.33976403	
Loxl3		-0.33985543	
Hoxd3os1		-0.33989722	
Htr1d		-0.3399521	
Tmem69		-0.34021893	
Zhx3		-0.340258	
Creb5		-0.34025902	
Rtl10		-0.3406141	
Aven		-0.34121096	
Spg21		-0.34123155	
Gm6180		-0.3414053	
Znrf1		-0.34150717	
Krtcap3		-0.3417037	
1810021B22Rik		-0.3420293	
Map3k9		-0.34214845	
Orc5		-0.3423218	
Syt11		-0.34234416	
Btn2a2		-0.34245917	
Cd200		-0.34258533	
Ovol2		-0.34265092	
0610009E02Rik		-0.3430883	
Cuedc1		-0.34311658	
Fat4		-0.3431523	
ENSMUSG00000129920		-0.34320942	
Gm17206		-0.34320942	
Rbm43		-0.3432608	
Pappa		-0.34346744	
Nhsl3		-0.34365758	
Pim1		-0.34371927	
ENSMUSG00000131287		-0.3441305	
Peg12		-0.34413987	
Nlgn2		-0.3441924	
Thnsl1		-0.34421146	
Zbtb8b		-0.34424245	
Nkain1		-0.34427717	
Layn		-0.34429085	
9130221H12Rik		-0.34439644	
Ush1c		-0.34465593	
Spata2		-0.3446971	
Ttc39c		-0.34474754	
Shisa6		-0.34512624	
Col7a1		-0.34536362	
Capg		-0.34558836	
ENSMUSG00000121337		-0.34565383	
ENSMUSG00000134282		-0.3456985	
Pcdhga11		-0.34571284	
Msantd5		-0.3458391	
Snhg8		-0.3460593	
Dbndd2		-0.3460931	
Gm12925		-0.34625363	
Mt2		-0.34626254	
Rpsa-ps9		-0.34665635	
AA465934		-0.34665635	
Cradd		-0.3468249	
Gm13070		-0.34698936	
Gm5784		-0.34715232	
Gm13201		-0.34721833	
Anxa11		-0.3473274	
Phtf2		-0.34737143	
ENSMUSG00000122573		-0.3475458	
Rpap2		-0.34768444	
Xdh		-0.34778795	
Fam117b		-0.34799698	
Rusc2		-0.34806097	
ENSMUSG00000124920		-0.34860116	
Plpp3		-0.3492468	
Gm54639		-0.34926447	
Ablim2		-0.34977058	
Higd1b		-0.34989363	
Emp3		-0.35013676	
Lipc		-0.35030243	
Albfm1		-0.35032386	
ENSMUSG00000126330		-0.35033315	
Gm57034		-0.35033315	
Ccl8		-0.35033315	
Gm48382		-0.35033315	
ENSMUSG00000136373		-0.35033315	
Gm13136		-0.3504083	
Ell		-0.3508468	
Gm56839		-0.3512721	
Flvcr1		-0.35127378	
Nedd1		-0.3514635	
Nfam1		-0.35169834	
Tal1		-0.3518268	
Dpm3		-0.35185733	
Creb3l3		-0.35192874	
Neurl2		-0.3525068	
Sgsm1		-0.3526147	
Sema3b		-0.35263446	
Aopep		-0.35263893	
Ccdc159		-0.35265908	
Abi3		-0.35267845	
Brinp2		-0.35284936	
Gm38160		-0.35284936	
4930592C13Rik		-0.35284936	
1700063H04Rik		-0.35284936	
Gm30790		-0.35284936	
2310034O05Rik		-0.35301235	
Grpel2		-0.3531676	
Ntrk1		-0.35323834	
Cry1		-0.3534184	
Gm56659		-0.35351232	
Nuak2		-0.353801	
ENSMUSG00000131531		-0.35398048	
Eif1ad12		-0.3543268	
A930037H05Rik		-0.3544237	
C130089K02Rik		-0.3545005	
H2-Aa		-0.35474467	
Incenp		-0.35483953	
Psg28		-0.35490197	
Ntpcr		-0.3551635	
Abcc12		-0.35525092	
B3gntl1		-0.35526288	
Grk4		-0.35530746	
Rps24-ps3		-0.35542715	
Smurf1		-0.3559099	
Gpr137c		-0.35596475	
Gpr15lg		-0.35597596	
D830050J10Rik		-0.3560766	
Zxdc		-0.35612908	
Tns2		-0.35645142	
ENSMUSG00000141619		-0.35647148	
Ppef2		-0.35657203	
ENSMUSG00000130017		-0.35660505	
Cage1		-0.35663813	
Mettl5		-0.3567771	
Rhoc		-0.35693845	
Satb1		-0.35734499	
Gm28496		-0.35743082	
Niban3		-0.35745084	
Tmem250		-0.3576714	
Ucp3		-0.35782117	
Gm29725		-0.35801733	
Zfp369		-0.35803092	
Gm44763		-0.35807666	
ENSMUSG00000130018		-0.35807666	
Ly6i		-0.35817245	
Mocs3		-0.35820884	
Rasl10a		-0.3582992	
Snx16		-0.3583254	
Tpbg		-0.35837415	
Mospd1		-0.35869282	
Pex11g		-0.3587208	
Adrb1		-0.35876146	
B4galt7		-0.3588887	
ENSMUSG00000124676		-0.3589451	
Vopp1		-0.3589525	
Ccr2		-0.35924238	
Pfkfb2		-0.35950723	
Gm32673		-0.3597695	
Gm31763		-0.3598945	
Mfsd4b4		-0.35990426	
ENSMUSG00000130727		-0.35990438	
Gm49265		-0.35998255	
Zfp366		-0.36036974	
Gm12348		-0.3604116	
Ecpas		-0.36054245	
Hapln2		-0.36059272	
B630019K06Rik		-0.3606147	
Slc17a9		-0.36065724	
Scnn1b		-0.36095372	
Fam221b		-0.36097595	
Pla2g12a		-0.36108142	
Cd302		-0.36124152	
Pik3c2b		-0.36147127	
ENSMUSG00000138710		-0.36161968	
4930455C13Rik		-0.36166343	
4930539J05Rik		-0.36201286	
ENSMUSG00000135393		-0.3620982	
Izumo1		-0.36223435	
Msrb2		-0.36242843	
Wdtc1		-0.36257142	
Gm57460		-0.36268124	
Ccdc66		-0.36292997	
C1qtnf1		-0.3629732	
Atm		-0.3632774	
Trim46		-0.36365044	
Tk2		-0.36378753	
Gm43508		-0.36387384	
Bin3		-0.36431348	
Zc3h12a		-0.3644726	
Zfp346		-0.3645658	
Espnl		-0.36478847	
Gm26588		-0.36486492	
E230013L22Rik		-0.36503026	
Pcdhb17		-0.3650551	
Gm9754		-0.36556524	
Slfn1		-0.36565718	
Clec2d		-0.36578748	
Mlh1		-0.36603233	
Gm26705		-0.36609185	
Zfp41		-0.3665671	
Ace3		-0.3667798	
ENSMUSG00000140620		-0.3667798	
Stom		-0.367137	
Rpl35a-ps2		-0.36735544	
Ednra		-0.36746743	
Tnfrsf21		-0.36763382	
Sox3		-0.367759	
Gm17276		-0.36775917	
Eif1ad7		-0.36847663	
E530011L22Rik		-0.36850715	
Twist1		-0.36855346	
Hp		-0.36856282	
ENSMUSG00000142813		-0.36859545	
Gm6284		-0.36878702	
Gm12474		-0.3689209	
1700026N04Rik		-0.36894056	
Cftr		-0.36905935	
ENSMUSG00000143293		-0.36906824	
Gm56768		-0.3691448	
Tnip1		-0.36918578	
ENSMUSG00000135458		-0.36920297	
Sbno2		-0.369207	
Mbd4		-0.3693806	
Gm7229		-0.36946502	
Supt4a		-0.37017876	
Zfp772		-0.37019643	
Gm42636		-0.3703407	
ENSMUSG00000121929		-0.37034273	
Nepro		-0.37067765	
Rhbdf2		-0.3709207	
Gm38300		-0.37100363	
Gm26881		-0.37104502	
4632404H12Rik		-0.3710594	
Itpa-ps1		-0.37129876	
Orc1		-0.37131408	
Akap17b		-0.37135777	
A230087F16Rik		-0.37159687	
Psmg4		-0.37177235	
Cd160		-0.37180963	
ENSMUSG00000128990		-0.3719892	
Gm42151		-0.3723116	
A430108G06Rik		-0.3723116	
Fam216a		-0.37240568	
Strada		-0.37243757	
Itih6		-0.3727753	
Gm11496		-0.3727812	
ENSMUSG00000128387		-0.3729865	
Engase		-0.37347692	
Ltc4s		-0.37353814	
Slc16a8		-0.37368375	
Mlkl		-0.37371802	
Ece1		-0.37376994	
Ecm1		-0.37380424	
Avpi1		-0.3738158	
Rttn		-0.37391552	
Sdk2		-0.373996	
Fosl2		-0.3741426	
Gm29040		-0.3741524	
Gm16080		-0.3741524	
Tcam1		-0.3741524	
Rasa3		-0.37434313	
Slc66a2		-0.37449652	
0610040B10Rik		-0.3746676	
Zfp61		-0.37468523	
Gm43848		-0.37478408	
Numbl		-0.37492505	
Ranbp10		-0.37527174	
ENSMUSG00000144212		-0.37538037	
Lrp1		-0.37595996	
Fxn		-0.37610862	
2810001A02Rik		-0.3761261	
Gclc		-0.3761957	
ENSMUSG00000129957		-0.37638125	
Prkg1		-0.37638655	
Mocos		-0.37645483	
Mb		-0.3767429	
Gm45447		-0.37693495	
Tmem82		-0.3770006	
Gm6560		-0.37720266	
Dpt		-0.3774413	
Ulbp1		-0.37751704	
C430042M11Rik		-0.37756723	
Gm19605		-0.37767884	
Gm7040		-0.37784004	
ENSMUSG00000134639		-0.37810868	
Sstr5		-0.37830713	
Sidt1		-0.3783861	
Pnck		-0.378737	
Ogg1		-0.3788458	
Gm56496		-0.37888932	
5033406O09Rik		-0.37892374	
ENSMUSG00000141341		-0.37894458	
Casp12		-0.37900645	
Gm19938		-0.37914136	
Gm33046		-0.37914136	
Gm45834		-0.37914136	
Col6a5		-0.37930757	
Ankrd13b		-0.37932616	
Gm50222		-0.379644	
Tmem219		-0.37965387	
Foxs1		-0.37967223	
Dclre1a		-0.37976143	
Stox1		-0.37979442	
Gm54112		-0.37995732	
ENSMUSG00000132334		-0.37995732	
ENSMUSG00000137392		-0.37995732	
Sox13		-0.3800313	
Trp53cor1		-0.38034967	
5031439G07Rik		-0.3805971	
7330423F06Rik		-0.3807747	
Dyrk3		-0.38087863	
4930558N01Rik		-0.38089383	
I830077J02Rik		-0.38104895	
Kirrel3		-0.38113075	
Gm44186		-0.38115636	
Gm56589		-0.38121253	
Gramd1b		-0.3813205	
Lrrc32		-0.38154048	
A330009N23Rik		-0.38160408	
Stxbp3		-0.3816447	
Cd28		-0.3816952	
Gm8488		-0.38184953	
H2-Q5		-0.3820476	
Gm37718		-0.3820775	
Mzt2		-0.3827946	
ENSMUSG00000142410		-0.38309783	
ENSMUSG00000121913		-0.3834103	
Atp1a2		-0.38359857	
Eid2b		-0.3836146	
ENSMUSG00000129265		-0.38362128	
Gm9416		-0.38371712	
Dusp4		-0.38376057	
Gja4		-0.3838891	
4833420G17Rik		-0.38451126	
Tsg101-ps		-0.3846578	
Arl4d		-0.38494113	
AW554918		-0.38498557	
Triml2		-0.3849904	
Gm26558		-0.38510066	
Celf3		-0.3851136	
ENSMUSG00000131904		-0.38522762	
S100a7a		-0.38523123	
Lrrc20		-0.38523236	
Gm43071		-0.3852569	
Nhsl1		-0.3853563	
Gm28192		-0.38566008	
Rdh13		-0.38572916	
Gpr161		-0.38577905	
Ddx60		-0.38615283	
ENSMUSG00000123750		-0.38641495	
Ppp3cc		-0.38651368	
Spmip4		-0.3865241	
Clps		-0.3868449	
Gm29237		-0.38717535	
ENSMUSG00000142262		-0.38738537	
Helq		-0.3875253	
Mief2		-0.38796315	
Fos		-0.3880195	
ENSMUSG00000130640		-0.38833743	
Tlr1		-0.3884348	
Tlr4		-0.38869256	
Rasgrp3		-0.3889155	
ENSMUSG00000132266		-0.3892849	
Gm16982		-0.3892849	
ENSMUSG00000135556		-0.38952112	
Rpl31-ps16		-0.38952112	
Zfp503		-0.389685	
Sap30		-0.39001906	
Fam110c		-0.39006883	
Kdm7a		-0.39012846	
Cyp2j9		-0.3901588	
Pramel30		-0.39030215	
B230208H11Rik		-0.39076915	
Ndrg4		-0.39086932	
Lif		-0.39102164	
Dync2li1		-0.39110893	
ENSMUSG00000142811		-0.39120856	
Gm16279		-0.39144108	
Pde8b		-0.39148045	
7530414M10Rik		-0.39165974	
ENSMUSG00000142392		-0.39169154	
Gm28719		-0.39180815	
St6galnac6		-0.39205623	
D330023K18Rik		-0.39213103	
Gspt2		-0.3926773	
2010001A14Rik		-0.3927486	
ENSMUSG00000135450		-0.3927658	
Gm4149		-0.3929592	
B4gat1		-0.39300305	
Gm38190		-0.3930906	
Gm33466		-0.3930906	
ENSMUSG00000143292		-0.3930906	
A230057D06Rik		-0.3930906	
Nat1		-0.3930906	
ENSMUSG00000138554		-0.3930906	
ENSMUSG00000122224		-0.3930906	
Rdh16		-0.3930906	
ENSMUSG00000124630		-0.3930906	
Gm48321		-0.3930906	
ENSMUSG00000141099		-0.3930906	
Pcdhb4		-0.3930906	
Esd		-0.39335728	
ENSMUSG00000123560		-0.39348125	
Dll3		-0.3937003	
Timd6		-0.39375862	
ENSMUSG00000127348		-0.39375862	
Nr2f1		-0.39376482	
Rwdd2b		-0.3938105	
Mri1		-0.3940057	
Gm47388		-0.39405987	
ENSMUSG00000141788		-0.39405987	
Frmpd4		-0.39405987	
Card6		-0.39406985	
Pnp2		-0.39443183	
Gm56779		-0.3944919	
Cnr2		-0.3947163	
Szt2		-0.39473054	
Sat1		-0.3950654	
Gm56647		-0.3951229	
Tfb1m		-0.39517865	
Rnd1		-0.39547613	
Gm527		-0.39619187	
1700066M21Rik		-0.39650732	
ENSMUSG00000129176		-0.39653385	
Gm34590		-0.3967372	
H3c15		-0.3968897	
2010308F09Rik		-0.3969256	
Gm15122		-0.3970341	
Pitpnm1		-0.39703846	
ENSMUSG00000139329		-0.39711896	
Tctn3		-0.39725992	
ENSMUSG00000136719		-0.39727888	
Mexis		-0.3972949	
Tceal1		-0.39730746	
Bora		-0.39753187	
Jchain		-0.39762244	
Gm17816		-0.39762244	
Gm15217		-0.39762244	
Gm49448		-0.39762244	
Tmem102		-0.39764118	
ENSMUSG00000140548		-0.39766955	
Gm56708		-0.39769146	
Oas1c		-0.39772692	
Gm20548		-0.39776888	
Bpifb4		-0.39811015	
Siglecg		-0.3982373	
ENSMUSG00000131485		-0.3982767	
ENSMUSG00000142213		-0.3982767	
Oip5		-0.39830378	
9130230L23Rik		-0.39863834	
Wnt5a		-0.39865094	
Gm20274		-0.39892167	
Terf1		-0.39903802	
Magee1		-0.39922154	
Naa80		-0.39933658	
Gm6329		-0.39945644	
ENSMUSG00000140700		-0.39951283	
Zfand4		-0.3996051	
Zmiz1os1		-0.39973524	
Dglucy		-0.39975908	
Gm17435		-0.39989415	
Cdk10		-0.4001183	
Gm12648		-0.40029615	
Bdkrb1		-0.40029615	
ENSMUSG00000139185		-0.40029615	
Plxnb3		-0.40029615	
A930012O16Rik		-0.4004365	
Zfp790		-0.4004681	
ENSMUSG00000122648		-0.40071687	
Gm38947		-0.40071687	
1700061N14Rik		-0.40071687	
Gm31508		-0.40071687	
Rbm3		-0.4007385	
2500002B13Rik		-0.40117773	
ENSMUSG00000141887		-0.401182	
Spaar		-0.4012912	
Dusp18		-0.40139547	
Arsg		-0.40149575	
Gadd45g		-0.40154824	
Fbxo24		-0.40180415	
Gm49797		-0.40194136	
Hoxd11		-0.40210494	
Pcnx2		-0.4022103	
Mrgbp		-0.4023208	
Nlrp4c		-0.4024643	
Zfp943		-0.40257972	
Atxn7l2		-0.40264773	
Tmc6		-0.40279034	
A330069E16Rik		-0.40292162	
Gm39193		-0.4029473	
Ptger3		-0.4029981	
Rtl8a		-0.40317988	
Drd4		-0.403267	
2700099C18Rik		-0.40337327	
Gm35028		-0.40344638	
Sesn2		-0.4035892	
2210408I21Rik		-0.4036176	
Zbtb20		-0.40370348	
Cdkn1a		-0.40372625	
ENSMUSG00000121883		-0.4038337	
Mis18bp1		-0.40384275	
Gm45718		-0.40404886	
Spred3		-0.40418008	
Setd4		-0.4042266	
Tent2-ps1		-0.4043226	
Gm48398		-0.4043226	
Gpd1		-0.4043226	
Kdr		-0.40449902	
Hmgcll1		-0.4045351	
Rrm1		-0.4045532	
Zc3h12b		-0.40458336	
ENSMUSG00000122616		-0.4048321	
Enkd1		-0.4048374	
4930417O13Rik		-0.40506598	
Cfap161		-0.40506598	
St6galnac1		-0.40506598	
Mir1188		-0.40506598	
Ube2dnl1		-0.40506598	
Gm10687		-0.4053556	
Slc35e4		-0.40550572	
Gm43573		-0.40558472	
Gm12473		-0.4059739	
Gsta3		-0.40600187	
4930481A15Rik		-0.406141	
Gm7730		-0.40629557	
Elk1		-0.40631104	
Gm40617		-0.40657055	
Gm49616		-0.40667048	
Ckb		-0.40701517	
Sdc2		-0.40704045	
Gm31333		-0.40714788	
Tmem121		-0.40714788	
4930425P05Rik		-0.40714788	
Gm16596		-0.40743107	
Gm15867		-0.40754926	
Ddx46		-0.40769607	
Gm49123		-0.40790388	
Notch3		-0.40792033	
Coro1a		-0.40805802	
Zfp13		-0.40837154	
ENSMUSG00000136602		-0.40843487	
Prps1		-0.40856126	
Rbmx2		-0.40869	
Bard1		-0.4098686	
Hoxa11		-0.40996245	
Ptges		-0.41003096	
Mipol1		-0.41017637	
Smarcd1		-0.41018796	
Kif1b		-0.41021606	
Icam1		-0.41023538	
Matcap2		-0.41065022	
Ptgr3		-0.41090766	
Epsti1		-0.4109789	
Tcea2		-0.41113475	
Gm23301		-0.4111959	
Foxl2		-0.41146088	
Ankrd2		-0.4114824	
ENSMUSG00000123649		-0.4115291	
Fam169b		-0.4116054	
Eno2		-0.4116252	
Gm34276		-0.4119367	
Gm43338		-0.41232118	
Mtarc1		-0.4124366	
Syt15		-0.41267395	
Ctf1		-0.41303214	
Jam2		-0.41306263	
Gm16170		-0.4130862	
Nars1		-0.41314414	
Ksr1		-0.41321728	
ENSMUSG00000122522		-0.41345674	
Klk6		-0.4135178	
Slc6a8		-0.41359732	
Rhoq		-0.4139021	
Gm29676		-0.41397306	
Gm48969		-0.4140753	
Zfp992		-0.41410792	
Rcc1		-0.414288	
Ppm1n		-0.41466448	
Pcdhga4		-0.41480562	
Srms		-0.41481194	
Cflar		-0.41487524	
Lrriq3		-0.41511753	
Gm10762		-0.4153884	
Pax8		-0.41544634	
Socs3		-0.41553485	
Tgfbr3l		-0.41569316	
Ssbp2		-0.41577184	
Gm35021		-0.41585168	
Gm15246		-0.41604277	
ENSMUSG00000144154		-0.4166521	
Wnt4		-0.41686755	
Gm31005		-0.41698095	
Dnah17		-0.417186	
Sgcb		-0.41721004	
Gm57200		-0.41736564	
Brca2		-0.41753012	
Stx11		-0.41757873	
Trps1		-0.41764587	
Tcaf2		-0.41779417	
Awat2		-0.41795403	
Pus1		-0.4181089	
ENSMUSG00000143030		-0.418176	
Prorsd1		-0.41916788	
Gm9887		-0.41928965	
Zfp994		-0.4193022	
ENSMUSG00000142396		-0.41936558	
Zfp385a		-0.4194456	
Vim		-0.41945958	
ENSMUSG00000142143		-0.4194927	
Srpk3		-0.41958788	
Gm16638		-0.41967282	
Pygo1		-0.4196986	
Gm21411		-0.41993153	
ENSMUSG00000121900		-0.41993153	
Chadl		-0.4203281	
Prkar2b		-0.42050952	
Dennd11		-0.4209477	
Apoa5		-0.42095265	
Slc31a2		-0.4213794	
Ddt		-0.42138663	
Lrrk1		-0.42141703	
Mettl13		-0.4214887	
Pold4		-0.42154855	
ENSMUSG00000128545		-0.42179596	
Tbc1d2		-0.4220623	
Aoc2		-0.42215252	
Mlf1		-0.42238265	
Syn2		-0.42268887	
Ccdc54		-0.42278984	
Ecsit		-0.42291805	
Slc25a21		-0.4231185	
Lrrc56		-0.4231976	
ENSMUSG00000123273		-0.42350817	
Qrich2		-0.42376286	
Stx1b		-0.42388836	
Ccdc142os		-0.42405975	
Il18r1		-0.42425933	
Spdl1		-0.42456242	
Klhdc8a		-0.4252075	
Dsel		-0.42530972	
ENSMUSG00000125556		-0.4255709	
Fgf20		-0.42586648	
Rpl18-ps1		-0.42587635	
Gm9442		-0.4260049	
Gm11185		-0.4260049	
Gm20705		-0.4260049	
Gm6781		-0.4260049	
ENSMUSG00000122636		-0.4260049	
ENSMUSG00000137829		-0.42603326	
Gm11475		-0.42603326	
Ptpn5		-0.42603326	
Synj2		-0.42641655	
Cpt1c		-0.42644784	
Dync2h1		-0.42688027	
St8sia5		-0.42695582	
A130014A01Rik		-0.42697725	
Btbd16		-0.42711663	
Clcf1		-0.42714322	
ENSMUSG00000138181		-0.42723784	
Gm26982		-0.42772162	
Gm6988		-0.4279098	
Ugt1a9		-0.42810684	
Gm34342		-0.42810684	
ENSMUSG00000139244		-0.42810684	
ENSMUSG00000139190		-0.42810684	
Rbpjl		-0.42810684	
ENSMUSG00000123389		-0.42810684	
Clrn1		-0.42810684	
Ankrd34a		-0.42810684	
ENSMUSG00000142336		-0.42810684	
Gm12955		-0.42810684	
Srarp		-0.42810684	
Gm10221		-0.42810684	
ENSMUSG00000128001		-0.42810684	
Gm7467		-0.42810684	
Npffr2		-0.42810684	
ENSMUSG00000133215		-0.42810684	
ENSMUSG00000122024		-0.42810684	
Cyp2w1		-0.42810684	
ENSMUSG00000125841		-0.42810684	
ENSMUSG00000137973		-0.42810684	
Gm30055		-0.42810684	
Gm19091		-0.42810684	
Siglecf		-0.42810684	
Scart1		-0.42810684	
Gm45389		-0.42810684	
Best2		-0.42810684	
ENSMUSG00000132715		-0.42810684	
Gm29154		-0.42810684	
Gm36962		-0.42810684	
ENSMUSG00000132723		-0.42810684	
ENSMUSG00000143078		-0.42810684	
ENSMUSG00000142091		-0.42810684	
ENSMUSG00000136186		-0.42810684	
ENSMUSG00000138741		-0.42810684	
5330409N07Rik		-0.42810684	
Chga		-0.42810684	
Dnah11		-0.42810684	
Gm18880		-0.42810684	
Or1f12		-0.42810684	
ENSMUSG00000134057		-0.42810684	
ENSMUSG00000121623		-0.42810684	
Gm17204		-0.42810684	
Gm49194		-0.42810684	
Gpr18		-0.42810684	
ENSMUSG00000137436		-0.42810684	
Gm56608		-0.42810684	
ENSMUSG00000136004		-0.42810684	
Dcc		-0.42810684	
ENSMUSG00000123843		-0.42810684	
ENSMUSG00000132697		-0.42810684	
Tktl1		-0.42810684	
Gm5398		-0.42810684	
Gm17201		-0.4281386	
Lyve1		-0.42836848	
Csta2		-0.42855528	
Platr21		-0.42878273	
Nav3		-0.42899123	
Themis2		-0.4291568	
Ctxn1		-0.42946744	
Trim63		-0.42959276	
Errfi1		-0.42975911	
Tmem181a		-0.42984095	
4930432E11Rik		-0.42986283	
H2-DMa		-0.42999807	
Cyp27a1		-0.43016326	
Bcl2		-0.43026152	
Gm9895		-0.430392	
Fchsd1		-0.43045136	
Gm44026		-0.43056148	
Pthlh		-0.43056148	
Gm57162		-0.4306247	
Pbxip1		-0.43073708	
Trip13		-0.43082806	
Gm27010		-0.43124056	
Gm20056		-0.43124056	
Bnc1		-0.43139592	
Gm27252		-0.4314143	
B3gat2		-0.43162736	
Gm49138		-0.4316349	
Gm15222		-0.4317957	
Chgb		-0.4318492	
ENSMUSG00000131850		-0.4319134	
Gm38224		-0.4319134	
ENSMUSG00000131066		-0.4319134	
Platr5		-0.4319134	
ENSMUSG00000122839		-0.4319134	
ENSMUSG00000130814		-0.4319134	
ENSMUSG00000143838		-0.4319134	
ENSMUSG00000141666		-0.4319134	
ENSMUSG00000138372		-0.4319134	
Gm43691		-0.4319134	
ENSMUSG00000142088		-0.4319134	
ENSMUSG00000131643		-0.4319134	
Gm7347		-0.4319134	
Igkv1-117		-0.4319134	
ENSMUSG00000128381		-0.4319134	
ENSMUSG00000137894		-0.4319134	
ENSMUSG00000123563		-0.4319134	
Scgb1b27		-0.4319134	
ENSMUSG00000141979		-0.4319134	
Gm26815		-0.4319134	
ENSMUSG00000125144		-0.4319134	
ENSMUSG00000133912		-0.4319134	
ENSMUSG00000138002		-0.4319134	
ENSMUSG00000124232		-0.4319134	
ENSMUSG00000133658		-0.4319134	
Gm29361		-0.4319134	
Gm20701		-0.4319134	
D230030E09Rik		-0.4319134	
Gm11281		-0.4319134	
Gm34388		-0.4319134	
ENSMUSG00000132753		-0.4319134	
ENSMUSG00000143741		-0.4319134	
Gm50149		-0.4319134	
Mir1258		-0.4319134	
Mir1198		-0.4319134	
Myo1h		-0.43196046	
ENSMUSG00000130260		-0.43196627	
D530017H19Rik		-0.43257254	
Xaf1		-0.43294463	
9330102E08Rik		-0.43305945	
Shisa3		-0.43309447	
Cit		-0.43324527	
Cep78		-0.43347916	
Hdgfl3		-0.43363565	
A430057M04Rik		-0.4340644	
Grik5		-0.434118	
4930505N22Rik		-0.4341835	
Gm42729		-0.43426433	
Gm50103		-0.43426433	
Gm49654		-0.43433094	
Cd274		-0.43475083	
Gm33111		-0.43482205	
Gm56479		-0.43525082	
ENSMUSG00000142119		-0.43525082	
Rps8-ps5		-0.43525082	
ENSMUSG00000126609		-0.43525082	
Gm11826		-0.43525082	
ENSMUSG00000127699		-0.43525082	
Gm34045		-0.43525082	
ENSMUSG00000137395		-0.43525082	
ENSMUSG00000126995		-0.43525082	
ENSMUSG00000135443		-0.43525082	
ENSMUSG00000135587		-0.43525082	
Gm48458		-0.43525082	
ENSMUSG00000123808		-0.43525082	
Gm31458		-0.43525082	
ENSMUSG00000141349		-0.43525082	
Tpt1-ps7		-0.43525082	
F530104D19Rik		-0.43525082	
Hoxb4		-0.43532518	
ENSMUSG00000140813		-0.4353296	
Wnt3		-0.4355062	
Tshz2		-0.43570134	
Cntn2		-0.4357998	
Slc2a8		-0.43628863	
Ggt1		-0.43656296	
Gm5835		-0.4366217	
Rasal3		-0.43704203	
Rtl1		-0.43724188	
Gm31645		-0.43738213	
Frg2f1		-0.43770728	
Gtse1		-0.4377444	
Pmm1		-0.4379703	
Serpina5		-0.43862718	
Gm56882		-0.44001034	
Btbd3		-0.4400751	
Nxpe2		-0.44075605	
Rpl26-ps6		-0.44082192	
1700122H20Rik		-0.44082922	
Cracr2b		-0.4410303	
ENSMUSG00000122028		-0.44111973	
Atp8a1		-0.4412793	
AU015791		-0.44132572	
BB123696		-0.44146708	
Gm46404		-0.44157737	
Trib3		-0.4415988	
Gm47920		-0.4416377	
Mfap5		-0.44168028	
Pitpnc1		-0.44182184	
Cmtm3		-0.44195792	
Mmp14		-0.4420639	
Gm2379		-0.44208717	
Gm13864		-0.44236594	
Gm11423		-0.44237298	
Bmal1		-0.44244555	
Gm14319		-0.44250503	
Spa17		-0.4425579	
ENSMUSG00000134399		-0.4426025	
Gimap9		-0.44268417	
S1pr3		-0.44275278	
Gm10778		-0.442962	
Fancf		-0.44316062	
1700054A03Rik		-0.4431642	
ENSMUSG00000142658		-0.44338453	
B130046B21Rik		-0.443594	
Mthfs		-0.44380924	
Rasd1		-0.44408426	
Efhd1		-0.44463632	
Ttll2		-0.44478965	
1700030J22Rik		-0.44487366	
Spata2l		-0.44506314	
2310043P16Rik		-0.44507474	
Rpap3		-0.44516182	
Tpcn2		-0.44525284	
Gm28229		-0.445375	
Gm57180		-0.44540343	
Il12rb2		-0.44540343	
ENSMUSG00000128939		-0.44540343	
ENSMUSG00000129264		-0.44540343	
Gm56611		-0.44544873	
Havcr2		-0.44596928	
Top1mt		-0.446048	
Mir7052		-0.4461057	
Fastkd1		-0.44611248	
Tmem81		-0.44617665	
ENSMUSG00000132147		-0.44650376	
Gm56622		-0.44650376	
Trpc6		-0.44663423	
Ptch2		-0.4466419	
ENSMUSG00000141168		-0.4475283	
Gm16150		-0.447709	
ENSMUSG00000139766		-0.447709	
Ssc5d		-0.4477525	
ENSMUSG00000136403		-0.44783077	
Arl6		-0.44786787	
Acot1		-0.44787166	
Nmnat3		-0.4480823	
Ophn1		-0.44850478	
Gpr160		-0.44851285	
Plk1		-0.44871753	
Gm3756		-0.44918394	
ENSMUSG00000132268		-0.44918394	
B3gnt2		-0.44926593	
Tmco4		-0.4500033	
Chct1		-0.4502111	
Zkscan14		-0.4505736	
Prrt3		-0.45074165	
Gm5122		-0.4509013	
ENSMUSG00000135952		-0.4510288	
Gm5822		-0.45143887	
Lrguk		-0.451534	
Gm27042		-0.45155573	
Gm32540		-0.4515727	
Fam72a		-0.45160046	
Sgtb		-0.45210367	
Jph1		-0.45227164	
Adora2b		-0.4522962	
Kcnk2		-0.4529417	
2610307P16Rik		-0.45303223	
Churc1		-0.45312065	
Ly6a		-0.45323673	
Zfp606		-0.45371827	
ENSMUSG00000143385		-0.45372906	
Vcpkmt		-0.45375603	
Gm9750		-0.45446607	
Dgkh		-0.4545324	
ENSMUSG00000141770		-0.45476976	
Gm5884		-0.4556905	
Mpp2		-0.45574012	
Gm43412		-0.45575008	
ENSMUSG00000136945		-0.45642427	
Gm30455		-0.4564267	
Ctsg		-0.4564806	
Gdap1l1		-0.45681006	
Pfn2		-0.4572608	
Rassf2		-0.45772657	
Cd40		-0.45779774	
Ctla2b		-0.4581184	
Nmnat2		-0.45820862	
Krt78		-0.45840243	
Osbpl7		-0.45878825	
Cib2		-0.45879877	
Gstp2		-0.45884767	
Gm26537		-0.45910546	
Tgm6		-0.4591237	
Tspan4		-0.4593078	
St6galnac4		-0.45958307	
Ptprz1		-0.45967788	
Vmn2r96		-0.45967788	
Stkld1		-0.4597804	
E130304I02Rik		-0.4597804	
ENSMUSG00000122568		-0.460034	
Gm37606		-0.460034	
Cdk5r1		-0.46023798	
ENSMUSG00000125946		-0.46055448	
Gm42722		-0.46060684	
4930567H12Rik		-0.4608311	
Pik3cg		-0.46088636	
Itk		-0.46106446	
Cfap74		-0.46113548	
Bloc1s3		-0.4612612	
ENSMUSG00000137677		-0.4613152	
5730460C07Rik		-0.4614499	
Tbx1		-0.4614499	
Apol9a		-0.46171188	
Pbx1		-0.46182275	
ENSMUSG00000125056		-0.46204337	
Tspo		-0.4621222	
Dusp13a		-0.46232647	
C87436		-0.462385	
Gm37359		-0.46239048	
Ghrl		-0.46239048	
Gm12286		-0.46239048	
Gm7252		-0.46239048	
Gm48626		-0.46239048	
Fmnl1		-0.46276495	
Gm43682		-0.4628355	
Col4a4		-0.4628507	
Rpl21-ps8		-0.46286878	
9330198I05Rik		-0.4630402	
Fgfr1		-0.46308693	
Gm52981		-0.4633292	
Gm56864		-0.46341118	
Cul9		-0.46343425	
H2-T22		-0.46357977	
ENSMUSG00000139070		-0.4635874	
Nup43		-0.4636156	
Urb1		-0.4637471	
Pyroxd1		-0.46400282	
ENSMUSG00000137073		-0.4640244	
Iqsec2		-0.4640655	
ENSMUSG00000128500		-0.4642254	
Msantd3		-0.46457592	
Vasn		-0.46474507	
Slco1c1		-0.46549475	
8430419K02Rik		-0.46549475	
Larp6		-0.46578312	
ENSMUSG00000138845		-0.46587822	
Gm57476		-0.46587822	
Gm47140		-0.46587822	
Gm12104		-0.46587822	
ENSMUSG00000136142		-0.46587822	
Zfp36l1		-0.46617815	
ENSMUSG00000122542		-0.46625438	
Catsper4		-0.4663848	
Rell2		-0.46659774	
ENSMUSG00000129770		-0.4666265	
Slc4a1		-0.46715096	
Far2		-0.46816552	
4732465J04Rik		-0.46845213	
ENSMUSG00000132718		-0.4686008	
Dennd1c		-0.46924582	
Ddx28		-0.4694461	
Gm35137		-0.46950442	
Haghl		-0.46990564	
Hoxc8		-0.47022623	
Apmap		-0.47029024	
Fam124b		-0.47039938	
1010001B22Rik		-0.47039938	
ENSMUSG00000124248		-0.47039938	
Csnk2a1-ps3		-0.47048825	
Cytip		-0.47062796	
ENSMUSG00000126236		-0.47087646	
Gm3724		-0.47087646	
Asb14		-0.47088963	
Gm12867		-0.47092983	
Gm7099		-0.47092983	
Gm50076		-0.4711612	
Smim8		-0.4716735	
Ttc16		-0.47181693	
Dcst1		-0.47186503	
Prnp		-0.47189805	
Pradc1		-0.47250327	
Ulk4		-0.4727891	
Fam162b		-0.4728285	
Zfp703		-0.47288036	
Blvra		-0.47293785	
Map6		-0.47298032	
Rhox1		-0.4731474	
Mmp11		-0.4732504	
Gm4708		-0.47351786	
Gm47827		-0.47356427	
Trit1		-0.47370583	
Duoxa1		-0.4738376	
Chrd		-0.47406548	
ENSMUSG00000131218		-0.4744774	
Plxnd1		-0.47463322	
Foxl1		-0.47469774	
Gcfc2		-0.47478974	
Spry4		-0.4749207	
Gm49864		-0.47499436	
Slc12a8		-0.47513905	
Lpxn		-0.47517684	
Art3		-0.47543207	
Bcdin3d		-0.4757871	
Traf1		-0.47593778	
Tmem44		-0.47595677	
Erdr1x		-0.47639456	
4930535L15Rik		-0.47646323	
Evc		-0.4765822	
Wdr54		-0.47683516	
ENSMUSG00000121951		-0.4771325	
Gp5		-0.47729424	
Mrap		-0.47799805	
Gm54867		-0.47802868	
Cyp4f18		-0.4780409	
Gimap6		-0.4781274	
Hoxa10		-0.47850242	
Gm32926		-0.4785513	
Gm57385		-0.47885618	
Pla2r1		-0.47890034	
Gpr19		-0.47900772	
ENSMUSG00000137609		-0.47908556	
ENSMUSG00000142992		-0.479142	
Stk32c		-0.47915182	
Snta1		-0.4791884	
Gm13807		-0.4793622	
Lynx1		-0.48018652	
Gm44862		-0.4804568	
Mcts2		-0.48081124	
Arl11		-0.48102844	
Gm57315		-0.48129582	
Nhlrc4		-0.481597	
Rhebl1		-0.48178437	
ENSMUSG00000126768		-0.4823595	
Klrg2		-0.4824882	
Gm26981		-0.482999	
Pnma1		-0.48306558	
Ly75		-0.48315153	
ENSMUSG00000135613		-0.48317522	
Gm56955		-0.48339495	
Rslcan18		-0.4838395	
Gm47813		-0.48422968	
Rin1		-0.48481107	
Atp10b		-0.4855639	
Akr1b10		-0.48563215	
Gm43775		-0.48573264	
Gm17022		-0.48573264	
mt-Tn		-0.4860467	
Mettl21a		-0.4860528	
Ltk		-0.4862327	
ENSMUSG00000138774		-0.4864531	
ENSMUSG00000122351		-0.48651832	
Pdlim3		-0.48676196	
Bok		-0.486886	
Mrm2		-0.487045	
Map2		-0.4870874	
Atp11c		-0.48732126	
Tlr2		-0.4875562	
ENSMUSG00000133968		-0.48845136	
Gm11218		-0.48845136	
ENSMUSG00000126548		-0.48845136	
Glis3		-0.48876873	
Fbxo30		-0.48923197	
Gm53610		-0.48931018	
Shc2		-0.4895192	
9530056E24Rik		-0.48961675	
Itgb3		-0.48984838	
Arl4c		-0.48992595	
Gm57327		-0.4900211	
Scn5a		-0.49019578	
Sqor		-0.49036643	
ENSMUSG00000128141		-0.4903719	
3300002A11Rik		-0.49050194	
Vmn1r47		-0.49052027	
Muc15		-0.49067253	
Camk2g		-0.49089953	
1600019K03Rik		-0.4910862	
Hps6		-0.49113473	
Samd11		-0.49136835	
Gm10532		-0.49139658	
Iqck		-0.4915012	
Trim29		-0.49162275	
Gm12781		-0.4920014	
Rnf182		-0.4923107	
ENSMUSG00000126186		-0.49283117	
Gm41724		-0.49294063	
ENSMUSG00000135285		-0.49305353	
Gm47528		-0.49319074	
Zfp473		-0.49324873	
0610038B21Rik		-0.4933244	
G630018N14Rik		-0.4934856	
ENSMUSG00000129306		-0.49354342	
Gm15880		-0.49366772	
Gm4013		-0.49393383	
Zfp677		-0.49402806	
Gm11992		-0.49407488	
Btbd19		-0.49411985	
Gm37233		-0.4943522	
Grik4		-0.4943592	
Gm30551		-0.49485052	
Gm46565		-0.49527228	
Ptpn18		-0.49538192	
4930523C07Rik		-0.49540636	
Hacl1		-0.49550655	
1700084E18Rik		-0.49574456	
E230016M11Rik		-0.49585223	
Gm29008		-0.49588922	
ENSMUSG00000142993		-0.49632043	
Zhx2		-0.49638078	
Xlr4a		-0.49642017	
E230020D15Rik		-0.49659804	
Fth-ps2		-0.4966339	
Ndst2		-0.49672714	
Cd52		-0.49690178	
ENSMUSG00000129449		-0.4970356	
4930542D17Rik		-0.49713793	
Sbk1		-0.4975813	
A4galt		-0.49763492	
Cd55		-0.4978385	
Mblac1		-0.49785465	
Rnf144a		-0.49788228	
Gm19253		-0.49796793	
Dok5		-0.49807256	
Gm20597		-0.49814668	
Def6		-0.49828604	
Gm4793		-0.49852517	
Gm43221		-0.49884835	
Fam110d		-0.49961793	
ENSMUSG00000140105		-0.49976838	
Gm44095		-0.50008994	
Nlrc4		-0.50028545	
Prkd2		-0.5003278	
Osr1		-0.5008652	
Mettl18		-0.50094974	
Dpep2		-0.50107735	
Gm56658		-0.50110525	
Dnai1		-0.50148565	
Mcm8		-0.50178117	
S100a4		-0.5019539	
Tmprss5		-0.5019539	
Gm57059		-0.5019539	
5430400D12Rik		-0.5020467	
Klf12		-0.5020517	
Gm14508		-0.50220466	
Snhg1		-0.50227165	
Fars2		-0.5023647	
Crym		-0.5024076	
Sprn		-0.5024317	
2410022M11Rik		-0.5025435	
Macir		-0.5026844	
Gm35315		-0.50307465	
ENSMUSG00000142451		-0.5033618	
Adat1		-0.50392455	
Oxld1		-0.5040724	
ENSMUSG00000126988		-0.50432026	
Pfkfb1		-0.50471264	
Igsf11		-0.504976	
Dbp		-0.5056947	
Gm48114		-0.50574315	
ENSMUSG00000138331		-0.50579405	
Cdr2l		-0.50602406	
Cnbd2		-0.5060703	
Miip		-0.50617313	
ENSMUSG00000135206		-0.5061909	
ENSMUSG00000126686		-0.506283	
Thnsl2		-0.506842	
Sptbn4		-0.50693834	
Msn		-0.50711423	
Hpse		-0.5072545	
ENSMUSG00000125789		-0.507804	
Dnah10		-0.5079065	
Gm57458		-0.5079281	
Gm42717		-0.5079281	
D830035M03Rik		-0.5079281	
ENSMUSG00000132827		-0.5079281	
Gm49969		-0.5079281	
Trpv4		-0.5083406	
Wdr62		-0.50874823	
Gm23864		-0.50910026	
Dtd1		-0.5092097	
Gm42809		-0.50965613	
Efhc2		-0.50965613	
Tspan12		-0.50984585	
Chst1		-0.5100072	
Zc2hc1c		-0.51005626	
ENSMUSG00000139974		-0.5102286	
Pcdhgb2		-0.51039743	
ENSMUSG00000138997		-0.51089835	
Gm56999		-0.5109291	
Adora1		-0.51097983	
ENSMUSG00000136750		-0.51139575	
Adgrl4		-0.5115001	
Bdkrb2		-0.5115899	
Ccdc169		-0.5129864	
ENSMUSG00000122206		-0.5129864	
Gm43681		-0.51305974	
A930005H10Rik		-0.5131921	
Gtdc1		-0.51326966	
ENSMUSG00000135048		-0.5133807	
Gm28370		-0.5134482	
Gm33091		-0.51376283	
Gm16897		-0.5139642	
Mt1		-0.514084	
2700062C07Rik		-0.51430273	
Rgcc		-0.51450837	
Coq8a		-0.5152093	
Gpr162		-0.51545656	
ENSMUSG00000131510		-0.5154979	
ENSMUSG00000143363		-0.5154979	
ENSMUSG00000123933		-0.5154979	
Glcci1		-0.5154979	
ENSMUSG00000134449		-0.5154979	
Gm45752		-0.5154979	
ENSMUSG00000129495		-0.5154979	
Gm11598		-0.5154979	
ENSMUSG00000143429		-0.5154979	
ENSMUSG00000123045		-0.5154979	
T2		-0.5154979	
ENSMUSG00000131130		-0.5154979	
Mid1-ps1		-0.5154979	
Slc25a27		-0.5155944	
Prl4a1		-0.5156744	
Gm45774		-0.5158158	
Cyp4b1		-0.5159756	
Alyref2		-0.51640743	
A330015K06Rik		-0.5165109	
Gm45110		-0.5165262	
Cmc4		-0.5166607	
Gm56909		-0.5168118	
Cldn1		-0.51699483	
Gabrb3		-0.51724404	
Lrrn1		-0.51750314	
Zfp367		-0.51790595	
ENSMUSG00000127466		-0.5179069	
ENSMUSG00000138795		-0.5179069	
ENSMUSG00000142454		-0.5179287	
ENSMUSG00000137920		-0.5181965	
Vstm5		-0.5182275	
Tbx4		-0.5182694	
Gm5577		-0.5186622	
Tbx3os1		-0.5187018	
Stk32a		-0.518832	
Nudt16		-0.5188566	
Gm14224		-0.5190476	
Acox3		-0.51907206	
BC035947		-0.51931334	
Havcr1		-0.5194592	
Ypel1		-0.51970625	
Gm16973		-0.52017397	
Osgin1		-0.52028656	
Nat14		-0.5205631	
Gm56579		-0.5211427	
Ifit1bl2		-0.5217432	
Gm41077		-0.5218373	
4933406C10Rik		-0.5220142	
Htr2b		-0.5220502	
Rapgefl1		-0.52210766	
Nudt11		-0.5221428	
Col19a1		-0.52240294	
Scg2		-0.52240294	
Gm8964		-0.52240294	
ENSMUSG00000126326		-0.52240294	
ENSMUSG00000128999		-0.52240294	
Gm38293		-0.52240294	
Ift70a2		-0.52240294	
Pde11a		-0.52240294	
4930443O20Rik		-0.52240294	
Lrrc4c		-0.52240294	
ENSMUSG00000132936		-0.52240294	
Sprr2g		-0.52240294	
Gm43568		-0.52240294	
ENSMUSG00000127008		-0.52240294	
ENSMUSG00000125755		-0.52240294	
Gm11837		-0.52240294	
Mmel1		-0.52240294	
9530036O11Rik		-0.52240294	
Gm43266		-0.52240294	
Gm42603		-0.52240294	
ENSMUSG00000124602		-0.52240294	
1700080G18Rik		-0.52240294	
Gm44769		-0.52240294	
ENSMUSG00000134632		-0.52240294	
Cpeb1os1		-0.52240294	
Gm20744		-0.52240294	
Gm45417		-0.52240294	
ENSMUSG00000139983		-0.52240294	
ENSMUSG00000122888		-0.52240294	
Trim61		-0.52240294	
ENSMUSG00000139990		-0.52240294	
ENSMUSG00000134297		-0.52240294	
4930554C24Rik		-0.52240294	
Gm17230		-0.52240294	
1700120B22Rik		-0.52240294	
Gm48868		-0.52240294	
Garin3		-0.52240294	
Gm12217		-0.52240294	
Or2ak4		-0.52240294	
Lrrc37a		-0.52240294	
6030468B19Rik		-0.52240294	
Gm32635		-0.52240294	
Gm9626		-0.52240294	
Gm32090		-0.52240294	
Gm35419		-0.52240294	
Gm7859		-0.52240294	
ENSMUSG00000143021		-0.52240294	
ENSMUSG00000123980		-0.52240294	
Cpn2		-0.52240294	
ENSMUSG00000130101		-0.52240294	
ENSMUSG00000129977		-0.52240294	
ENSMUSG00000135942		-0.52240294	
ENSMUSG00000133634		-0.52240294	
Zfp36l1-ps		-0.52240294	
Uprt		-0.52240294	
Bcl7a		-0.52241457	
Hoxa2		-0.5226928	
Spata9		-0.5226928	
Smc1b		-0.5229092	
Hk1os		-0.5229132	
Baiap3		-0.52318037	
ENSMUSG00000121307		-0.52330357	
St8sia4		-0.5233089	
Odaph		-0.5236162	
ENSMUSG00000132691		-0.52368784	
Ift56		-0.52371705	
Wdr83os		-0.52376306	
Gm16312		-0.52377534	
Gm10689		-0.52379835	
Gm15545		-0.5240518	
D7Bwg0826e		-0.5240544	
Gm13412		-0.52489346	
Capn3		-0.52489346	
ENSMUSG00000138233		-0.52489346	
Gm21190		-0.52489346	
Gm19427		-0.52489346	
Gm48254		-0.52489346	
Gm55033		-0.52489346	
Gm9920		-0.52489346	
Lmntd1		-0.52507466	
Gm15853		-0.5253309	
Zfp874a		-0.52535707	
Gm1070		-0.5253682	
Gng4		-0.5254457	
Slc10a3		-0.5254906	
Fam83b		-0.52552825	
Gm42870		-0.5256614	
Gm47237		-0.52619374	
Pik3ip1		-0.5262462	
1700018L02Rik		-0.52649844	
Dio2		-0.52652925	
Plekho1		-0.5266252	
ENSMUSG00000141534		-0.52707994	
Gm57240		-0.52707994	
A630072M18Rik		-0.5276562	
Hpdl		-0.5277816	
Gm10646		-0.5279168	
Gm56852		-0.5280532	
ENSMUSG00000137872		-0.52809566	
H2-K1		-0.5283012	
ENSMUSG00000132794		-0.5283166	
Plekhn1		-0.5283398	
Nek11		-0.52860844	
Gm43790		-0.5288314	
Cd200r3		-0.5288314	
ENSMUSG00000140221		-0.5288314	
Gm10384		-0.52909535	
Cyp4f41-ps		-0.529261	
Tor3a		-0.52935237	
Abr		-0.5294594	
ENSMUSG00000136047		-0.52961856	
Dlx4		-0.5297111	
ENSMUSG00000134510		-0.52991736	
Pde1a		-0.52995986	
AB010352		-0.52996594	
ENSMUSG00000121608		-0.53007096	
4930423D22Rik		-0.53074646	
Ecscr		-0.5307498	
Itga2		-0.5311189	
ENSMUSG00000131125		-0.5314275	
Dcst2		-0.53269213	
Ccnyl1		-0.5328744	
Scn8a		-0.53292114	
ENSMUSG00000125221		-0.533372	
Wdfy1		-0.53337616	
ENSMUSG00000133401		-0.5333817	
Klf2		-0.53355426	
Cfap276		-0.5336117	
Gm16061		-0.5336117	
Ubap1l		-0.5336117	
Gm47270		-0.5336117	
Tdrd6		-0.5336117	
Osm		-0.5338347	
Grm1		-0.53402644	
Gm16310		-0.534437	
Gm3807		-0.53488654	
Tnfsf14		-0.53488654	
Gm14267		-0.53493214	
Gm14296		-0.53508866	
ENSMUSG00000131839		-0.53508866	
Gm5492		-0.53508866	
ENSMUSG00000134010		-0.53508866	
Rpgr		-0.53546464	
Myh13		-0.5357333	
ENSMUSG00000144003		-0.5360365	
Lat2		-0.5363452	
Nbl1		-0.53646016	
Cmah		-0.53734696	
Gm49266		-0.5373516	
Gm44401		-0.5373648	
ENSMUSG00000137443		-0.53809834	
Gm9703		-0.53831506	
Dpysl5		-0.5383606	
Nat8f4		-0.53882194	
Gm15832		-0.5390151	
Trcg1		-0.5390608	
ENSMUSG00000122055		-0.5390875	
Sft2d3		-0.53933555	
Gm39770		-0.5395707	
Gm20337		-0.5401428	
Gm13483		-0.54027253	
Snhg16		-0.5404995	
Gm56874		-0.5409362	
Sdsl		-0.54099184	
Hmgcs2		-0.5411964	
Iqcg		-0.54159117	
Gm7596		-0.5418167	
2810408A11Rik		-0.5418705	
ENSMUSG00000124629		-0.54197663	
5033430I15Rik		-0.54197663	
Rpl17-ps8		-0.5423077	
Galnt15		-0.54260975	
2310010J17Rik		-0.5428143	
Tnfaip2		-0.5428807	
ENSMUSG00000126881		-0.5428924	
1110059E24Rik		-0.54321206	
4833418N02Rik		-0.5432651	
Gmpr2		-0.5434226	
Nacad		-0.54378736	
Nhej1		-0.5440898	
Gm17334		-0.54467475	
Tnfrsf14		-0.54534364	
Pakap		-0.54560477	
B930036N10Rik		-0.54633987	
ENSMUSG00000121895		-0.54633987	
Repin1		-0.5463485	
Hao1		-0.5467195	
Mecom		-0.5472985	
Vmn2r83		-0.5475234	
Rhoj		-0.54814386	
Jade2		-0.5483224	
Gnpda2		-0.5483277	
Gadd45a		-0.5487655	
Rtkn		-0.54877	
Gm39079		-0.54909444	
Gm54542		-0.54911447	
Tmem86b		-0.54917026	
9430091E24Rik		-0.5493817	
ENSMUSG00000143558		-0.54950696	
9430037G07Rik		-0.5497266	
Gm43290		-0.5498175	
Fam131b		-0.54986936	
Ipcef1		-0.5498787	
Thbs1		-0.5501308	
Gm32273		-0.55071115	
Rpl21-ps6		-0.55087507	
Pamr1		-0.5513029	
Nmb		-0.5513285	
ENSMUSG00000132885		-0.5513367	
Cda		-0.5530532	
Ier5l		-0.55311936	
Fabp4		-0.55322766	
Gm43062		-0.5534089	
ENSMUSG00000124782		-0.5534946	
Rps25-ps1		-0.5534946	
Rps8-ps4		-0.5534946	
Gm12265		-0.5534946	
Dpm1		-0.5535113	
Gm49376		-0.5535972	
Tchh		-0.554139	
Cryab		-0.55453956	
Prr7		-0.5547946	
Gm32655		-0.554897	
Phf7		-0.55507314	
ENSMUSG00000123626		-0.55507976	
Harbi1		-0.55523944	
Gm44835		-0.55537397	
ENSMUSG00000138192		-0.55537397	
Ctrl		-0.55573803	
Pcdhb15		-0.55642915	
Hoxa9		-0.55654657	
1500026H17Rik		-0.5568105	
Pirb		-0.55718696	
Gm43414		-0.5573533	
Tfap4		-0.55781806	
Gm2848		-0.55792576	
Gm46732		-0.55808544	
Macroh2a2		-0.55852324	
4732471J01Rik		-0.5587128	
Atp1a4		-0.5590321	
Tex12		-0.5590321	
Chil3		-0.55966514	
Tescl		-0.5598352	
ENSMUSG00000134993		-0.5598352	
Prkcg		-0.5602519	
Impdh1		-0.56049174	
Rapgef4os1		-0.56053245	
Nxpe4		-0.5606314	
Rab2b		-0.56067866	
Gm15903		-0.56185335	
ENSMUSG00000136351		-0.5619496	
Bbs1		-0.5619808	
N4bp2l1		-0.56214327	
D130043K22Rik		-0.56236964	
ENSMUSG00000140290		-0.562848	
Gm45629		-0.56296355	
Defb1		-0.5630932	
Fancb		-0.5633062	
Pvt1		-0.5633414	
AI429214		-0.5635016	
Isl2		-0.5652721	
Plch2		-0.5654305	
C1s1		-0.56550294	
Siglecl2		-0.5658407	
Rpl37rt		-0.5665837	
Gm45345		-0.56666213	
Rpl27a-ps1		-0.56666213	
ENSMUSG00000134772		-0.56666213	
ENSMUSG00000125648		-0.56666213	
ENSMUSG00000143140		-0.56666213	
ENSMUSG00000134020		-0.56666213	
Tamm41		-0.5667088	
Gm49474		-0.5678141	
Ccdc85b		-0.5681482	
Gm36920		-0.56863505	
ENSMUSG00000131231		-0.5688097	
Gm14023		-0.56896025	
Gm48853		-0.56912506	
Dexi		-0.5696236	
Trappc6a		-0.5697234	
Gm17586		-0.5701183	
Foxc2		-0.5702113	
Hck		-0.57054174	
Gm37123		-0.5707686	
E030026E10Rik		-0.5709578	
Gm56549		-0.57096237	
Fndc9		-0.57097465	
Gm42064		-0.5711827	
Fam78a		-0.571327	
Klhl31		-0.57155097	
Gm48837		-0.57187676	
Ahnak2		-0.57202977	
Cox18		-0.57221806	
Gm15787		-0.5725345	
Gm38312		-0.5726437	
Gm42884		-0.5726765	
Sec14l5		-0.57285506	
Gm36617		-0.57291377	
Naglu		-0.5729792	
Zfp764l1		-0.57319236	
Actr3-ps		-0.573395	
Gm57003		-0.5736983	
Eno4		-0.5737967	
Gm7451		-0.57406324	
Naaladl1		-0.5740713	
Gm56706		-0.574075	
Hhipl1		-0.5741262	
Gm7600		-0.57415766	
Fignl1		-0.57440025	
Mir223hg		-0.5745835	
Alox12		-0.5755322	
Gm45743		-0.57561094	
ENSMUSG00000131831		-0.57561094	
ENSMUSG00000129094		-0.5761441	
Gm39325		-0.5761441	
Scgb3a1		-0.5762883	
Ct55		-0.5763375	
Gm26511		-0.57656	
ENSMUSG00000124938		-0.5766483	
Gm35612		-0.5766483	
Gm9929		-0.5767965	
Chaf1b		-0.57700086	
Boc		-0.57704383	
5730507A11Rik		-0.57751167	
Parpbp		-0.57794166	
Gm56730		-0.5784832	
ENSMUSG00000131089		-0.5784876	
Adm		-0.5792487	
Tshz3		-0.5793689	
Anpep		-0.5793941	
Rimbp3		-0.5807146	
Gm37621		-0.58085334	
Gm37748		-0.58100146	
Sspnos		-0.58100146	
ENSMUSG00000130594		-0.58100146	
ENSMUSG00000123349		-0.58100146	
Kcnc2		-0.58100146	
Gm56735		-0.58100146	
Nat8l		-0.58101827	
Olr1		-0.58140886	
A530017D24Rik		-0.5816124	
Ascl3		-0.5820822	
Bhlhe40		-0.58261985	
ENSMUSG00000136877		-0.58264625	
ENSMUSG00000137326		-0.58336544	
Gm43360		-0.58336544	
Gm5801		-0.58336544	
ENSMUSG00000124294		-0.58336544	
Gm5064		-0.58336544	
Rbm3os		-0.58347964	
Actn3		-0.5835565	
ENSMUSG00000125387		-0.5840448	
Gm15755		-0.58405834	
1700048M11Rik		-0.58405834	
Gm43307		-0.5843577	
ENSMUSG00000123788		-0.5843577	
Gm4285		-0.5845614	
Col5a2		-0.5845817	
Eaf2		-0.5847509	
Sirt4		-0.58478254	
Entrep1		-0.585198	
Sik1		-0.58521324	
ENSMUSG00000125128		-0.5860905	
ENSMUSG00000142124		-0.58636606	
Gm45820		-0.58662695	
Ubb-ps		-0.5871457	
Zfp345		-0.58719236	
Pax2		-0.5875899	
Dhdh		-0.5877291	
Ica1l		-0.5887682	
Gm56915		-0.58879256	
Gm5829		-0.58897054	
Palb2		-0.58905184	
Arg2		-0.58905286	
ENSMUSG00000129535		-0.5893202	
Smim3		-0.58959955	
ENSMUSG00000132022		-0.5896358	
ENSMUSG00000121983		-0.58982503	
Lmo2		-0.5905198	
Rab7b		-0.59086907	
Clec5a		-0.59095144	
Ccr5		-0.5909757	
Dtx4		-0.5911391	
H2-M3		-0.59133893	
Etv1		-0.5915461	
Muc3a		-0.5918771	
ENSMUSG00000138749		-0.5919382	
8030453O22Rik		-0.59218735	
Gm36129		-0.592451	
Slc39a6		-0.59282297	
Ptprg		-0.5929026	
Atp8b5		-0.59340274	
ENSMUSG00000133555		-0.5937638	
Zfp964		-0.5940277	
Gm56809		-0.59410083	
Gm6598		-0.59417963	
ENSMUSG00000137686		-0.5942621	
2810407A14Rik		-0.59439856	
2510016D11Rik		-0.59476995	
Hoxd9		-0.59500295	
ENSMUSG00000130996		-0.595062	
ENSMUSG00000122269		-0.59519637	
Gm33489		-0.5954244	
Ccdc148		-0.5958903	
Gm43570		-0.5958903	
Gm10010		-0.5958903	
Skor1		-0.5958903	
ENSMUSG00000126643		-0.5958903	
Gm48707		-0.5958903	
5430430K15Rik		-0.5958903	
ENSMUSG00000138433		-0.5958903	
4933428M09Rik		-0.5958903	
Pknox2		-0.5959672	
Ptger1		-0.5960079	
Cenph		-0.5967601	
Erdr1y		-0.59714925	
Gm56959		-0.597568	
Otof		-0.5975703	
ENSMUSG00000142702		-0.5979344	
Plcb2		-0.5982327	
ENSMUSG00000131974		-0.59827316	
Gm48717		-0.5984363	
Zfp354b		-0.5989591	
ENSMUSG00000139582		-0.5995362	
Gm7061		-0.60007405	
Jaml		-0.6004136	
B230307C23Rik		-0.60054886	
Slc41a3		-0.6015482	
Gm57325		-0.60155296	
Bloc1s6os		-0.60166883	
Nova1		-0.60166883	
Xpnpep2		-0.60166883	
ENSMUSG00000128466		-0.6019704	
B4galt2		-0.60197484	
Hes7		-0.6019998	
Gyg1		-0.6020344	
Gm26532		-0.6020766	
Gm40117		-0.6020781	
Cep83os		-0.602099	
Hmgb1-rs16		-0.60235965	
Nodal		-0.60235965	
Gm26594		-0.6026239	
Lrtm2		-0.6027041	
Mrap2		-0.6027398	
Cnih2		-0.602887	
Swap70		-0.60290426	
Acp3		-0.6031126	
ENSMUSG00000136476		-0.6032657	
Cyp2c23		-0.60386586	
Zfp689		-0.6038855	
ENSMUSG00000124599		-0.60404104	
1700030C14Rik		-0.6043886	
Zfp456		-0.6043919	
Rwdd3		-0.60472137	
Gm5898		-0.60497713	
1810064F22Rik		-0.60497713	
Gm33531		-0.6050262	
1700056E22Rik		-0.60505944	
ENSMUSG00000137642		-0.6056495	
Gm9892		-0.60575056	
Prr36		-0.606001	
Gm56855		-0.60621005	
Gm43627		-0.60624564	
Prrx1		-0.6066502	
Gm56758		-0.6068774	
Gm19461		-0.60707986	
Slc25a29		-0.60774	
Gdf6		-0.60803276	
ENSMUSG00000139475		-0.6080595	
ENSMUSG00000131141		-0.6080595	
Mir7010		-0.6080595	
Gm42812		-0.6080595	
Gm19739		-0.6080595	
Speer4d		-0.6080595	
Gm15982		-0.6080595	
Gm43513		-0.6080595	
ENSMUSG00000142751		-0.6080595	
Gm55900		-0.6080595	
Klk1b16		-0.6080595	
Gm15533		-0.6080595	
ENSMUSG00000139145		-0.6080595	
Gm9333		-0.6080595	
ENSMUSG00000127824		-0.6080595	
A630001O12Rik		-0.6080595	
ENSMUSG00000131479		-0.6080595	
ENSMUSG00000125570		-0.6080595	
ENSMUSG00000137685		-0.6080595	
Gm17540		-0.6080595	
Gm30906		-0.6080595	
2610028H24Rik		-0.6080595	
Gm56972		-0.6080595	
Gm34777		-0.6080595	
ENSMUSG00000135512		-0.6080595	
ENSMUSG00000129969		-0.6080595	
Gm53692		-0.6080595	
Gm20394		-0.6080595	
Gm48313		-0.6080595	
Gm26956		-0.6080595	
H2ac1		-0.6080595	
Gm49256		-0.6080595	
Pcdh8		-0.6080595	
Gm49095		-0.6080595	
ENSMUSG00000127442		-0.6080595	
Iglc1		-0.6080595	
ENSMUSG00000128160		-0.6080595	
ENSMUSG00000126512		-0.6080595	
4930474M22Rik		-0.6080595	
Ccdc154		-0.6080595	
Grp		-0.6080595	
ENSMUSG00000125724		-0.6080595	
ENSMUSG00000129484		-0.6080595	
n-R5s2		-0.6080595	
Pi15		-0.6083558	
Cd247		-0.60838443	
Gm54798		-0.60872275	
H2-Q4		-0.60954666	
Sbk3		-0.6095728	
Gm11914		-0.60962325	
Srrm3		-0.60964805	
Tymp		-0.6099056	
Bc1		-0.6105892	
ENSMUSG00000121382		-0.6106881	
ENSMUSG00000122530		-0.6108899	
Kcnip2		-0.6110481	
Gm9522		-0.6110605	
Gm43343		-0.61256653	
Gm10369		-0.61267865	
Hdac8		-0.61298686	
Gm57287		-0.61327314	
Entrep3		-0.614453	
Uroc1		-0.61481833	
Acap1		-0.6151179	
Tmem51os1		-0.6152829	
Egr2		-0.6154604	
ENSMUSG00000136796		-0.6159587	
Egfros		-0.61601216	
Ociad2		-0.61616826	
ENSMUSG00000139920		-0.6165106	
Gm19656		-0.61663115	
Gm48163		-0.61663115	
ENSMUSG00000135423		-0.6170083	
Gm13394		-0.6170083	
ENSMUSG00000125614		-0.6170083	
Gm36644		-0.6170083	
Gm56840		-0.6173536	
Mgat5b		-0.6173536	
Gm10461		-0.6174463	
Gm44899		-0.617752	
Mgmt		-0.6179123	
ENSMUSG00000122630		-0.61824876	
ENSMUSG00000124381		-0.6184523	
Hspb8		-0.61855507	
Gm48796		-0.61867714	
Gm10293		-0.6187937	
A930006L05Rik		-0.61897475	
Zc3h10		-0.6190324	
ENSMUSG00000137371		-0.6190473	
Dnph1		-0.6194033	
Oscp1		-0.6195323	
ENSMUSG00000130920		-0.619578	
ENSMUSG00000143980		-0.62007433	
D830036C21Rik		-0.6203722	
4933433G19Rik		-0.62049675	
AA543186		-0.62061065	
Xirp1		-0.62067205	
Syce1		-0.62069327	
Map4k1		-0.62108463	
Gm33699		-0.62123847	
ENSMUSG00000125178		-0.62123847	
ENSMUSG00000131836		-0.62123847	
Trim31		-0.62123847	
ENSMUSG00000125353		-0.6218691	
ENSMUSG00000132616		-0.6218691	
Hao2		-0.6220323	
Prune2		-0.6220821	
Stxbp5		-0.62246335	
ENSMUSG00000130548		-0.6225304	
G430095P16Rik		-0.62359697	
Ido1		-0.6238	
ENSMUSG00000129393		-0.62385637	
Bcl6b		-0.6242258	
Parvaos		-0.6247276	
Tspan17		-0.62512636	
Gm56510		-0.62515235	
Cfap206		-0.6253455	
Gdpd1		-0.6255657	
4933430I17Rik		-0.62637335	
ENSMUSG00000136089		-0.62641776	
Pgr		-0.62688947	
Trim16		-0.6270376	
ENSMUSG00000124268		-0.62707	
Lrrc18		-0.6271196	
Cavin4		-0.62733054	
Gm37660		-0.62836915	
Gm46416		-0.62868005	
Radil		-0.6287043	
Irx3os		-0.62937486	
Aqp1		-0.62949806	
P4htm		-0.62953067	
Gm37986		-0.6303987	
Gm31510		-0.6303987	
4930556J24Rik		-0.6303987	
Mettl15		-0.63068753	
Polg2		-0.6314274	
Mrpl33		-0.63169485	
Pld6		-0.63180906	
AI838599		-0.6318543	
ENSMUSG00000124980		-0.6320663	
Gem		-0.6322378	
ENSMUSG00000143659		-0.632285	
Gm5089		-0.632285	
Gm30693		-0.63244957	
S100a1		-0.63285756	
Tnfrsf8		-0.63330746	
Gm12207		-0.6333472	
Gm43391		-0.63336694	
ENSMUSG00000136757		-0.6334902	
Srrm4		-0.6338142	
Slc49a3		-0.6340058	
Dbpht2		-0.6340938	
Rrm2		-0.6347746	
Gm14965		-0.63504946	
Gm52147		-0.63527113	
ENSMUSG00000131702		-0.6352804	
Gm17753		-0.63546306	
Tha1		-0.6355005	
Adgrf4		-0.63578814	
Gm10243		-0.63584363	
Mslnl		-0.6358447	
Gm56533		-0.63599825	
Rexo5		-0.6363519	
Gm37553		-0.63638633	
ENSMUSG00000135170		-0.63638633	
Prg4		-0.63645923	
Xpa		-0.6365567	
ENSMUSG00000126736		-0.6366721	
Zgrf1		-0.6367877	
Chrm2		-0.6374051	
ENSMUSG00000123590		-0.637486	
ENSMUSG00000128526		-0.637486	
Gm42955		-0.637486	
ENSMUSG00000134310		-0.637486	
Gm45344		-0.637486	
Zp2		-0.637486	
Gm34983		-0.637486	
ENSMUSG00000126957		-0.637486	
ENSMUSG00000132089		-0.637486	
Gm16525		-0.637486	
Gpr15		-0.637486	
H2-Oa		-0.637486	
2810408I11Rik		-0.6375601	
E430024P14Rik		-0.6375896	
Ccdc184		-0.6383958	
Gm8451		-0.63840663	
ENSMUSG00000134259		-0.6386816	
ENSMUSG00000130204		-0.6387383	
Ahsp		-0.63892615	
Spc25		-0.6393784	
Abca2		-0.63938344	
9430085M18Rik		-0.6394766	
Ppm1j		-0.6397824	
ENSMUSG00000143772		-0.6405245	
Asrgl1		-0.64132845	
Zfp641		-0.6416256	
Adhfe1		-0.6419212	
ENSMUSG00000143906		-0.6426788	
Gm57218		-0.6427632	
Hinfp		-0.6429103	
Vwce		-0.64299303	
ENSMUSG00000125874		-0.643006	
Adamts4		-0.643292	
Gm49395		-0.6435588	
Cyp2c70		-0.6435998	
Anxa11os		-0.64382684	
Pdpr		-0.64424324	
H2-D1		-0.64429456	
Cimip3		-0.64449346	
Gm13487		-0.6445988	
Psenen-ps		-0.6445988	
Toporsl		-0.6445988	
Tmem274		-0.6445988	
Gm11518		-0.6445988	
ENSMUSG00000122783		-0.6445988	
ENSMUSG00000133704		-0.6445988	
Gm41780		-0.6445988	
Map3k1		-0.64470214	
Arl14epl		-0.644753	
Lgi2		-0.64485335	
4921514A10Rik		-0.64503294	
Gm56868		-0.64503294	
ENSMUSG00000141602		-0.64503294	
ENSMUSG00000129949		-0.64503294	
Anxa13		-0.64503294	
Gm43915		-0.6453268	
Immp2l		-0.64571667	
Gm16892		-0.645758	
Itgb8		-0.6459896	
Gm29170		-0.6464691	
Gm6136		-0.6464743	
Gm56741		-0.6468286	
Gm26797		-0.64683074	
Gm28905		-0.646965	
Gm57263		-0.64710295	
Hyls1		-0.6471582	
9130008F23Rik		-0.6473753	
Sema3d		-0.64744186	
ENSMUSG00000129014		-0.64757293	
Prl2c1		-0.64772236	
Galnt12		-0.64789677	
ENSMUSG00000140640		-0.6485782	
Mxra8		-0.6488283	
Sema3g		-0.6491851	
ENSMUSG00000139985		-0.6492723	
Gm57375		-0.6494488	
Actg-ps1		-0.649699	
ENSMUSG00000126238		-0.6497262	
Rfx8		-0.6497641	
Gm42841		-0.64981025	
Gm11192		-0.64981157	
Zfp763		-0.65094066	
Gm15912		-0.65109766	
Ramp1		-0.65130925	
Pde4b		-0.65200233	
Sting1		-0.6522194	
6720470G18Rik		-0.6522216	
D630003M21Rik		-0.65245116	
Gm34189		-0.6524561	
Gm37867		-0.6527482	
ENSMUSG00000125962		-0.6538271	
4921534A09Rik		-0.65423626	
Gm43011		-0.6543105	
Abcb6		-0.6544625	
ENSMUSG00000138003		-0.6552266	
Gm33858		-0.6555855	
Hid1		-0.6556444	
Gm21083		-0.6558153	
ENSMUSG00000123200		-0.6558628	
ENSMUSG00000127021		-0.65601724	
Inka2		-0.6570846	
Gm17893		-0.6570949	
ENSMUSG00000134433		-0.6572692	
Gm49774		-0.6572729	
Lbp		-0.6575142	
Gm57412		-0.65754724	
ENSMUSG00000136590		-0.6575672	
Or8b53		-0.6576142	
ENSMUSG00000126157		-0.657703	
Plxdc2		-0.65772164	
Gm10309		-0.6580391	
9330133O14Rik		-0.65810335	
Gm48544		-0.6583614	
A530046M15Rik		-0.65844524	
Gm57337		-0.65865934	
Gm43006		-0.6595435	
Cd68		-0.6597518	
Il15		-0.659836	
ENSMUSG00000141160		-0.660892	
Gm43698		-0.660892	
ENSMUSG00000131727		-0.660892	
ENSMUSG00000135280		-0.660892	
Gm35229		-0.660892	
Ccnb1ip1		-0.66090333	
Cfap100		-0.66099346	
Gm10209		-0.6612427	
Pou6f1		-0.66132796	
Ccdc39		-0.6616087	
Pcsk1n		-0.6618703	
Gm6421		-0.6621929	
ENSMUSG00000131678		-0.662324	
Fjx1		-0.662416	
Gm57175		-0.6625597	
Pck1		-0.6630201	
Kif19b		-0.6630201	
Zswim7		-0.6633435	
G0s2		-0.66372067	
Gm37074		-0.6637495	
A230072C01Rik		-0.66404355	
B2m		-0.6644372	
Krt42		-0.664447	
Rab31		-0.6647554	
Gm56815		-0.6649522	
Hpgd		-0.6652671	
ENSMUSG00000130764		-0.6655531	
ENSMUSG00000131863		-0.6656992	
Rorb		-0.6658682	
Lca5l		-0.66594017	
Pkdrej		-0.6661078	
Gm39323		-0.6665482	
Gm20644		-0.6665482	
ENSMUSG00000139194		-0.6668881	
4930412M03Rik		-0.6668881	
ENSMUSG00000122046		-0.66739184	
Cd79a		-0.66752493	
Ybx2		-0.6680522	
1810041H14Rik		-0.6680522	
Slc6a15		-0.66828084	
Cdh13		-0.66829306	
Gm5500		-0.6690564	
Pou5f2		-0.6698107	
Gm42047		-0.67008114	
ENSMUSG00000130275		-0.67041534	
Gm50419		-0.67051	
Rnf125		-0.67068356	
1700028J19Rik		-0.67095923	
Sptb		-0.670974	
1110006O24Rik		-0.67101896	
Cdk18		-0.67104715	
1500032F14Rik		-0.67108136	
ENSMUSG00000133745		-0.6713456	
1500015A07Rik		-0.6724922	
Rps12-ps4		-0.67305243	
Thy1		-0.67329156	
ENSMUSG00000130286		-0.6734142	
Ksr2		-0.6734468	
Flywch2		-0.6738644	
Gm43759		-0.6740466	
Cyp4v3		-0.67496645	
Adcy3		-0.6750328	
Coro6		-0.6751741	
Gm56663		-0.67517865	
Aqp9		-0.6755121	
Cldn5		-0.67560595	
Pla2g4a		-0.67561615	
ENSMUSG00000131676		-0.67582744	
ENSMUSG00000130378		-0.67582744	
ENSMUSG00000125016		-0.67582744	
Rbfaos		-0.6758467	
Runx1		-0.6761673	
H3f3a-ps1		-0.6762448	
B230303O12Rik		-0.67640203	
Tifa		-0.6766479	
Gm42507		-0.6770151	
Cdh15		-0.677312	
4933432I09Rik		-0.677312	
Angpt4		-0.67734313	
Gm57366		-0.67745185	
Gm4815		-0.67745185	
Lix1		-0.6778613	
Kbtbd4		-0.67852783	
Nkx2-3		-0.67894685	
Trarg1		-0.6799604	
Gatm		-0.67998314	
D930003E18Rik		-0.680206	
Gm16098		-0.680206	
Zfp472		-0.6806182	
Gm56875		-0.68208396	
Mixl1		-0.68256146	
Gm12610		-0.6825827	
0610012D04Rik		-0.6831947	
Slc66a3		-0.68357974	
Rn7sk		-0.6837804	
Gm20379		-0.68391734	
ENSMUSG00000122372		-0.6839344	
ENSMUSG00000142640		-0.68438184	
Gm56616		-0.68438184	
Pax5		-0.6846081	
Gm39041		-0.6847011	
Gm56538		-0.6847011	
Prr22		-0.6847011	
Lrrc2		-0.6850005	
Gm45767		-0.6854358	
Pnma2		-0.6855175	
Cfap299		-0.6855438	
Pde2a		-0.6855438	
ENSMUSG00000127260		-0.6855438	
6430553K19Rik		-0.6855438	
Gm20404		-0.68573654	
ENSMUSG00000132946		-0.6864832	
Brsk2		-0.68662536	
A930038B10Rik		-0.68681633	
ENSMUSG00000128695		-0.687009	
Gm15201		-0.6874465	
ENSMUSG00000137035		-0.6874509	
1700034H15Rik		-0.6876105	
Gm29202		-0.6889106	
Prr18		-0.6889106	
1810053B23Rik		-0.68891454	
BC055308		-0.6889648	
Gm47962		-0.68968815	
Gm4598		-0.6900005	
Snord35a		-0.6900005	
Rlbp1		-0.6902004	
Pon3		-0.6904931	
Ctla2a		-0.6905624	
Gm42984		-0.6907293	
Gm16793		-0.69076645	
4921520J07Rik		-0.69076955	
ENSMUSG00000133415		-0.69085044	
Fcnaos		-0.6911135	
Gm45140		-0.6911135	
Gm33312		-0.6911806	
ENSMUSG00000130701		-0.691402	
Gm20036		-0.6914878	
Nsg1		-0.6915951	
Syt17		-0.69173104	
Gm7628		-0.69205636	
Slc16a2		-0.69221497	
Exoc3l2		-0.69228595	
Platr32		-0.69229454	
Gm16116		-0.69229454	
Gm57045		-0.69229454	
Gm7525		-0.69229454	
Ankrd40cl		-0.69229454	
ENSMUSG00000136644		-0.69229454	
Gm47872		-0.69229454	
ENSMUSG00000142797		-0.69229454	
Cyp26c1		-0.69229454	
Tsix		-0.69229454	
Gm57080		-0.69258696	
Pcdhga1		-0.6940112	
Hoxb5os		-0.69408464	
Gm37154		-0.69440156	
Gm43272		-0.69440156	
1700086L19Rik		-0.69440156	
Gm50277		-0.69440156	
Pmepa1os		-0.69462335	
Gm12729		-0.69462335	
Gm38164		-0.6952749	
9430002A10Rik		-0.69533026	
1700037C18Rik		-0.69560474	
8430422M14Rik		-0.6956918	
Gm43403		-0.6961697	
ENSMUSG00000123342		-0.69676757	
Gm2237		-0.6968632	
ENSMUSG00000132493		-0.697944	
Myl10		-0.69867694	
ENSMUSG00000132059		-0.69890517	
Gm35035		-0.6990451	
Gm19277		-0.6990451	
Crybb3		-0.6998203	
Tmem276		-0.6998314	
Gm45546		-0.7000358	
Gm3235		-0.7000491	
ENSMUSG00000143674		-0.7005544	
Gm56906		-0.7008195	
Il17rc		-0.7009054	
Gng10		-0.7012263	
Gm55557		-0.70144933	
Cep128		-0.7016556	
Clec2l		-0.7021133	
Gm49759		-0.70214415	
Clmp		-0.70215005	
ENSMUSG00000141279		-0.7023461	
Tmem236		-0.70249766	
D930015M05Rik		-0.70307034	
Ccne1		-0.70310885	
ENSMUSG00000133345		-0.70334774	
ENSMUSG00000141370		-0.7039639	
ENSMUSG00000133137		-0.70409846	
Zfp11		-0.7041511	
Gm38263		-0.7042167	
Gm11224		-0.7042167	
Speer4a3		-0.7042167	
Gm7774		-0.7042167	
Eif4a3l2		-0.7042167	
Gm7180		-0.7042167	
Gm1943		-0.7042167	
Rgs8		-0.70457995	
Gm15486		-0.70457995	
ENSMUSG00000135672		-0.70457995	
a		-0.70457995	
ENSMUSG00000126292		-0.70457995	
Zfp1010		-0.70457995	
ENSMUSG00000141192		-0.70457995	
5430420F09Rik		-0.70457995	
ENSMUSG00000131109		-0.70457995	
ENSMUSG00000122819		-0.70457995	
Reg4		-0.70457995	
Gm40155		-0.70457995	
Gm830		-0.70457995	
Gm43719		-0.70457995	
ENSMUSG00000135948		-0.70457995	
Gm9870		-0.70457995	
ENSMUSG00000137867		-0.70457995	
Opn1sw		-0.70457995	
ENSMUSG00000124978		-0.70457995	
ENSMUSG00000128068		-0.70457995	
9930120I10Rik		-0.70457995	
Gm44117		-0.70457995	
ENSMUSG00000140113		-0.70457995	
St8sia1		-0.70457995	
Gm57234		-0.70457995	
Ffar2		-0.70457995	
ENSMUSG00000122062		-0.70457995	
Ccr3		-0.70457995	
ENSMUSG00000122106		-0.70457995	
Tenm2		-0.70457995	
Gm12315		-0.70457995	
Gm29737		-0.70457995	
Allc		-0.70457995	
Gm48181		-0.70457995	
Gm8616		-0.70457995	
Fam81b		-0.70457995	
ENSMUSG00000139345		-0.70457995	
Gm17747		-0.70457995	
Gm56729		-0.70457995	
Gm53023		-0.70457995	
H2-Eb2		-0.70457995	
Gm37248		-0.70457995	
Lhcgr		-0.70457995	
Pcdhb3		-0.70457995	
Gm56650		-0.70457995	
Rpl22-ps1		-0.70457995	
ENSMUSG00000134810		-0.70457995	
Rhox8		-0.70457995	
ENSMUSG00000139332		-0.70457995	
Serpina7		-0.70457995	
Gm15104		-0.70457995	
ENSMUSG00000122717		-0.7048781	
4930466K18Rik		-0.70514506	
Gm48655		-0.7053509	
Odad4		-0.7053552	
Mmp3		-0.705563	
Calr4		-0.70612323	
Lingo1		-0.70644253	
ENSMUSG00000124573		-0.70650387	
Gm38336		-0.7065902	
ENSMUSG00000126145		-0.70660406	
Gm4633		-0.70669186	
1200007C13Rik		-0.70679176	
Kctd11		-0.70689714	
ENSMUSG00000136501		-0.70778143	
ENSMUSG00000130984		-0.70778143	
Camp		-0.70778143	
Gm36251		-0.70778143	
H2bc27		-0.70778143	
Ush1g		-0.70778143	
Gm22146		-0.70778143	
Gm50105		-0.70778143	
Stag3		-0.7078587	
Gm5544		-0.70791245	
Slpi		-0.7079811	
Gm43667		-0.708474	
Gm56949		-0.70895004	
ENSMUSG00000135262		-0.70911795	
ENSMUSG00000129243		-0.70927024	
1700121C10Rik		-0.70927024	
Gm2999		-0.70927024	
Gm15384		-0.70927024	
Gm29371		-0.70946485	
Sox2		-0.70946485	
Sprr2a2		-0.70946485	
Gm10685		-0.70946485	
Gm57257		-0.70946485	
Gm9946		-0.70946485	
1700018B08Rik		-0.70946485	
Gm11419		-0.70946485	
AI463170		-0.70946485	
ENSMUSG00000134447		-0.70946485	
ENSMUSG00000124656		-0.70946485	
ENSMUSG00000130316		-0.70946485	
Chrnb2		-0.7094669	
Morn4		-0.71004254	
ENSMUSG00000138237		-0.7100639	
Gm47772		-0.7131693	
Zfp960		-0.7137603	
ENSMUSG00000140657		-0.7145161	
Gm36913		-0.7146732	
ENSMUSG00000122758		-0.71480113	
Gm56651		-0.71480113	
Pard6a		-0.71496624	
Ndufs5-ps		-0.7150015	
Kcnh3		-0.7152362	
Gdpd3		-0.7153876	
Lncppara		-0.7154064	
ENSMUSG00000127716		-0.7156349	
Gm47819		-0.7156349	
P2ry10		-0.7156349	
Or7e170		-0.7159783	
Atp2b3		-0.71637404	
Dok1		-0.7165581	
Tmem217rt		-0.7171406	
1700096K18Rik		-0.71744984	
Gm36220		-0.71746594	
Slc19a1		-0.71763664	
Gm6085		-0.7177054	
Gm13622		-0.71817845	
Gm32364		-0.71817845	
Slc35g2		-0.7183601	
Gm43692		-0.7189717	
Hormad2		-0.7192162	
Tnnc1		-0.71956766	
Zc3h6		-0.7199692	
Gm56717		-0.7202031	
Arl9		-0.7215323	
Gm9392		-0.7215529	
ENSMUSG00000122195		-0.7219363	
Emilin2		-0.7220452	
ENSMUSG00000131895		-0.7220637	
Pkd1l3		-0.72265214	
Uts2r		-0.7227106	
Amer2		-0.7228694	
ENSMUSG00000131614		-0.7230308	
Platr12		-0.7231755	
Vldlr		-0.7232638	
4930444M15Rik		-0.7236301	
ENSMUSG00000140765		-0.7245266	
ENSMUSG00000136194		-0.7245266	
ENSMUSG00000129581		-0.72507775	
Mindy4		-0.72564334	
Zfp647		-0.72602904	
B430105G09Rik		-0.72607553	
ENSMUSG00000141833		-0.7262312	
Sdhaf1		-0.7264809	
ENSMUSG00000126522		-0.7271276	
Gm21986		-0.72718394	
4930579D07Rik		-0.7275073	
ENSMUSG00000143012		-0.72772413	
4930432B10Rik		-0.72772413	
Slc16a11		-0.72809744	
ENSMUSG00000130710		-0.72811824	
Kcne2		-0.7283976	
Gm16144		-0.72843474	
Tagap		-0.72863793	
Gcm1		-0.72886586	
Mrgpre		-0.72906053	
Ssxb15		-0.72926617	
Or2v1		-0.7299315	
Gm45289		-0.72997415	
Gm4473		-0.73022324	
Gm57217		-0.7306657	
Gm30015		-0.73145634	
Lysmd1		-0.7315291	
Gm52687		-0.7316752	
Gm45714		-0.7317447	
ENSMUSG00000133527		-0.7319455	
ENSMUSG00000133366		-0.7319455	
Adam11		-0.73196477	
Ccdc136		-0.73212755	
ENSMUSG00000133362		-0.73241615	
Gm34632		-0.7326977	
ENSMUSG00000137059		-0.7328023	
ENSMUSG00000143481		-0.7330829	
ENSMUSG00000124267		-0.7334886	
Sftpb		-0.73361397	
Prkag2os1		-0.7343925	
Tmem154		-0.7346614	
Mogat1		-0.7347614	
Gm20470		-0.73489654	
Msc		-0.7355266	
Gm16016		-0.73625404	
Ano7		-0.73712295	
1110046J04Rik		-0.73767585	
ENSMUSG00000142111		-0.7378614	
ENSMUSG00000124154		-0.7382742	
Neurl3		-0.7387591	
1700021N21Rik		-0.7389304	
Ldlrad2		-0.7389304	
Dach1		-0.7389304	
Celf5		-0.7389365	
Mir99b		-0.73901147	
Gm57064		-0.74020916	
Gm43523		-0.74090147	
Gm36033		-0.74098575	
Mir3092		-0.7415508	
Gm49476		-0.74168295	
Sult2b1		-0.74198633	
Cxcl14		-0.7421305	
Crispld1		-0.74215597	
Kif18a		-0.7423244	
ENSMUSG00000142279		-0.7423436	
ENSMUSG00000139112		-0.74240637	
Gm32006		-0.7427886	
Casp4		-0.7429575	
ENSMUSG00000138379		-0.74471414	
Gm9732		-0.74512076	
Pdcd5-ps		-0.74542105	
Edn1		-0.74618286	
ENSMUSG00000139715		-0.7464217	
Zfp593		-0.7466972	
Btbd8		-0.74673796	
Vwc2l		-0.74725205	
Snorc		-0.74725205	
ENSMUSG00000141164		-0.74725205	
ENSMUSG00000133097		-0.74725205	
ENSMUSG00000136262		-0.74725205	
ENSMUSG00000137662		-0.74725205	
ENSMUSG00000138913		-0.74725205	
Gm19583		-0.74725205	
ENSMUSG00000141861		-0.74725205	
Fancd2os		-0.74725205	
1700015O11Rik		-0.74725205	
Ceacam16		-0.74725205	
ENSMUSG00000126754		-0.74725205	
ENSMUSG00000138426		-0.74725205	
ENSMUSG00000130407		-0.74725205	
Gm11200		-0.74725205	
Gm11703		-0.74725205	
ENSMUSG00000139869		-0.74725205	
5830444F18Rik		-0.74725205	
Gm44916		-0.74746	
Gm44930		-0.747548	
Gm6639		-0.74769783	
A530053M12Rik		-0.7477485	
5330438D12Rik		-0.7478146	
Nlrc5		-0.74842346	
ENSMUSG00000133847		-0.74902	
ENSMUSG00000141499		-0.7490509	
ENSMUSG00000122352		-0.7493056	
ENSMUSG00000129046		-0.7493056	
4933417E11Rik		-0.7493665	
ENSMUSG00000134522		-0.7494537	
Axdnd1		-0.7503805	
ENSMUSG00000142299		-0.7510037	
Stac2		-0.7517972	
Gm49599		-0.75201696	
Mettl27		-0.75207126	
ENSMUSG00000138362		-0.752225	
Nubpl		-0.7522273	
Slc6a9		-0.75274575	
Ndor1		-0.75276685	
Gm38699		-0.7532542	
Kctd4		-0.75378543	
Gm10804		-0.75386626	
Aebp1		-0.7540278	
Slc23a4		-0.754683	
Vegfd		-0.7547811	
ENSMUSG00000134959		-0.75497156	
Gm13710		-0.75504166	
2210039B01Rik		-0.75537074	
Zfp786		-0.7553866	
ENSMUSG00000123144		-0.7554087	
ENSMUSG00000141314		-0.7558847	
Dnah1		-0.7559713	
Gm12264		-0.75605595	
Gm16159		-0.7567089	
Gm56728		-0.75676256	
Gm13073		-0.7568892	
Gm48146		-0.75801927	
Gm33474		-0.7585974	
Rhbdl1		-0.7585974	
Gm15675		-0.75894064	
Ugcg		-0.7598958	
Trem2		-0.7602788	
9330175E14Rik		-0.76060104	
Cacna2d2		-0.76060104	
Gm44386		-0.7607155	
Slc14a2		-0.7611567	
Pramel1		-0.7612949	
Gm49132		-0.76179564	
ENSMUSG00000124491		-0.76189333	
ENSMUSG00000134113		-0.7623763	
ENSMUSG00000133856		-0.7635556	
ENSMUSG00000138015		-0.76398396	
Gm43237		-0.7640409	
Ptprv		-0.7643659	
Gm11636		-0.7643659	
Wdpcp		-0.7647691	
Xkr8		-0.76485693	
Wasf3		-0.76525795	
4833422C13Rik		-0.7654397	
Pvr		-0.7656772	
Aunip		-0.765717	
Esr1		-0.76592225	
Gm47438		-0.7660475	
A930006K02Rik		-0.7660882	
Gm20163		-0.7676743	
ENSMUSG00000123422		-0.7682928	
Gm4130		-0.7683414	
Akap5		-0.7688263	
ENSMUSG00000143652		-0.7688679	
ENSMUSG00000132236		-0.76958376	
ENSMUSG00000122070		-0.76958376	
Gm26682		-0.76958376	
C730002L08Rik		-0.76958376	
ENSMUSG00000143052		-0.7698532	
ENSMUSG00000124677		-0.7698532	
ENSMUSG00000134562		-0.7698532	
Gm43351		-0.7698532	
ENSMUSG00000135566		-0.7698532	
ENSMUSG00000131464		-0.7698532	
Gm57220		-0.7698532	
Nlrp10		-0.7698532	
Zfp941		-0.7698532	
Fabp7		-0.7698532	
ENSMUSG00000122779		-0.7698532	
Gm12320		-0.7698532	
Gm48286		-0.7698532	
Gm8437		-0.7698532	
ENSMUSG00000139196		-0.7698532	
ENSMUSG00000135926		-0.7698532	
ENSMUSG00000136836		-0.7698532	
ENSMUSG00000140417		-0.77109504	
Mpp3		-0.7711415	
ENSMUSG00000124280		-0.7711783	
Bnc2		-0.7713872	
Aloxe3		-0.77159137	
Jhy		-0.771683	
Sorbs2		-0.7717367	
D1Pas1		-0.7717401	
Upk1a		-0.7718303	
Cnrip1		-0.77212286	
ENSMUSG00000143130		-0.77271587	
Gm18270		-0.7729747	
Kif4		-0.7730624	
Gm14286		-0.7732945	
ENSMUSG00000141359		-0.773389	
Sfrp5		-0.7735325	
Gng11		-0.77387476	
ENSMUSG00000125064		-0.7742475	
Gm42725		-0.7745928	
Cdk6os1		-0.77470064	
ENSMUSG00000143854		-0.7749188	
E230014E18Rik		-0.7750886	
Hmga2-ps1		-0.7756441	
Adamts2		-0.77611274	
4921536K21Rik		-0.77691257	
Rho		-0.7775624	
Acy3		-0.7778783	
Bik		-0.77945465	
ENSMUSG00000129745		-0.77966136	
Adamtsl3		-0.77980185	
Scarletltr		-0.77980185	
Ptgs2		-0.77999353	
Ar		-0.7801664	
Gm43794		-0.7806865	
Tm4sf19		-0.78091645	
Tex11		-0.7812118	
Ip6k3		-0.7813682	
1700028E11Rik		-0.7818029	
Pcdhb20		-0.78201854	
Gm8850		-0.78218526	
ENSMUSG00000137818		-0.78218526	
Gm38577		-0.78218526	
1600002D24Rik		-0.78218526	
Crct1		-0.78281015	
ENSMUSG00000130384		-0.78287655	
Gm29994		-0.78287655	
ENSMUSG00000143530		-0.7831484	
S100a9		-0.783349	
Ephb1		-0.783591	
Cacng7		-0.7837637	
Rtl8c		-0.784186	
ENSMUSG00000140506		-0.7843258	
Gm15337		-0.7843258	
Gm43379		-0.7843586	
Gm10654		-0.7843673	
Gm31774		-0.78473556	
Ankrd37		-0.7852063	
Zfp175		-0.78576064	
Mr1		-0.7865529	
Gm16045		-0.7868062	
ENSMUSG00000140225		-0.78680867	
Gm11725		-0.78685147	
Armcx6		-0.7869217	
Gm10614		-0.7869667	
Gm17300		-0.78758925	
Gm33843		-0.788163	
Itgb2l		-0.788163	
Gm17823		-0.7882085	
Ltb4r1		-0.78906244	
Gm11642		-0.78916365	
ENSMUSG00000127572		-0.7892412	
Camk1g		-0.78946996	
ENSMUSG00000129172		-0.78958684	
Aif1l		-0.7900525	
Gm37078		-0.7905825	
Bco2		-0.7905825	
Fam228b		-0.7905825	
Lrrc15		-0.7905825	
Pigz		-0.7905825	
Dnah8		-0.7905825	
ENSMUSG00000139446		-0.791751	
Hdx		-0.7923644	
Trpv1		-0.7928947	
Cbs		-0.7928947	
Gm48062		-0.793009	
Gm19276		-0.7931379	
Nxph3		-0.79317576	
Jph3		-0.793483	
Nr1d1		-0.7942037	
ENSMUSG00000121643		-0.7943172	
Gm32200		-0.794572	
Hoxd4		-0.7952774	
ENSMUSG00000135719		-0.7952974	
Gm56457		-0.7952974	
Gm5277		-0.7952974	
ENSMUSG00000131688		-0.7952974	
Gm43678		-0.7952974	
Gm12751		-0.7952974	
ENSMUSG00000123126		-0.7952974	
ENSMUSG00000129876		-0.7952974	
Gm4353		-0.7952974	
ENSMUSG00000121445		-0.7952974	
ENSMUSG00000135229		-0.7952974	
Gm48557		-0.7952974	
Sec61bl		-0.7952974	
Gm15361		-0.7952974	
ENSMUSG00000140212		-0.79567313	
Gm47766		-0.7961733	
ENSMUSG00000131604		-0.79626787	
Smim27		-0.79636073	
Kdm6bos		-0.7984297	
Gm56764		-0.7995395	
ENSMUSG00000130094		-0.79981405	
Fxyd4		-0.7999312	
Nlgn3		-0.80018544	
Rarres2		-0.8001917	
Pgf		-0.8013343	
1700109G14Rik		-0.8030322	
Trpc5		-0.8033527	
F7		-0.8034194	
C430002N11Rik		-0.80442536	
Fgf9		-0.80508745	
Gm12216		-0.8050964	
Prg2		-0.8059874	
Ccdc78		-0.8059874	
ENSMUSG00000135932		-0.8073903	
Aldh1a2		-0.8075077	
ENSMUSG00000121793		-0.8077062	
ENSMUSG00000143913		-0.8077062	
Ccr7		-0.8083003	
Gm43081		-0.80908364	
ENSMUSG00000137776		-0.80930835	
F8a		-0.80939573	
ENSMUSG00000137492		-0.8094307	
Gm28068		-0.80954623	
Rhox4f		-0.8099089	
9330111N05Rik		-0.8100848	
9530018H14Rik		-0.8101099	
Psmb9		-0.81057405	
4933439K11Rik		-0.8106333	
Rubie		-0.8108086	
Slc25a14		-0.8109216	
ENSMUSG00000141431		-0.81094754	
Gucy2g		-0.8117481	
Gm56593		-0.81177574	
AV039307		-0.812516	
Gm45640		-0.81287265	
Marco		-0.8131446	
Cdkn3		-0.8131446	
ENSMUSG00000124995		-0.81372577	
Gm50353		-0.81413364	
ENSMUSG00000122817		-0.8144319	
ENSMUSG00000126127		-0.8144371	
Gm47350		-0.8150315	
Gm44040		-0.81601584	
Gm37166		-0.81679225	
Sox10		-0.81679225	
Fancm		-0.8169284	
ENSMUSG00000127854		-0.8171052	
ENSMUSG00000139030		-0.8171052	
Gm34470		-0.8174381	
ENSMUSG00000124258		-0.81765616	
Madcam1		-0.8178209	
Ly6c1		-0.8178578	
Gm43488		-0.81785923	
Gm33936		-0.81785923	
Gm56877		-0.8178736	
6530401F13Rik		-0.81819296	
Parp3		-0.81889373	
Asphd1		-0.8189006	
mt-Tc		-0.81915224	
Lair1		-0.81917065	
Cnmd		-0.8192043	
ENSMUSG00000139680		-0.81943697	
Hba-x		-0.8197968	
Trim17		-0.8199039	
Ppara		-0.8199803	
Brdt		-0.82018846	
Zbtb7c		-0.8205515	
ENSMUSG00000121853		-0.8206979	
Gm43598		-0.8206979	
Prokr1		-0.8206979	
Gm44760		-0.8206979	
ENSMUSG00000143486		-0.8206979	
ENSMUSG00000134231		-0.8206979	
4930572G02Rik		-0.8206979	
Mroh6		-0.8206979	
Gm50163		-0.8206979	
Cfap47		-0.8206979	
Gm44249		-0.82076246	
ENSMUSG00000143524		-0.82076246	
Gm14537		-0.82076246	
D130052B06Rik		-0.8210215	
Irf5		-0.8211346	
ENSMUSG00000133688		-0.8212062	
Tlr6		-0.8213484	
Gm26901		-0.8216975	
Npr2		-0.8217874	
Rp1		-0.8222258	
Gm42513		-0.8222258	
Gm10389		-0.8222258	
Ces2b		-0.82237875	
Gm2164		-0.8227407	
Gm36642		-0.82305783	
1700056N10Rik		-0.82307637	
Ttc39b		-0.8233294	
Gm3375		-0.8233444	
Ampd3		-0.82349575	
Gm47882		-0.8240966	
Hoxc4		-0.8241122	
Gm11868		-0.82488215	
Apol11b		-0.82508916	
Particl		-0.82546765	
Il22ra2		-0.8260025	
Pcdhga9		-0.826501	
ENSMUSG00000123702		-0.826911	
Ezhip		-0.82728136	
3010003L21Rik		-0.8275486	
Panx3		-0.8277812	
Gm35638		-0.82848084	
2210408F21Rik		-0.82852	
Gm12031		-0.8295976	
Gsap		-0.82974625	
ENSMUSG00000139982		-0.8299022	
Gm37397		-0.8299022	
ENSMUSG00000127487		-0.8299022	
Gm32932		-0.8299022	
Gm13528		-0.83006966	
4933417D19Rik		-0.83114344	
Gm11457		-0.8311502	
Mcm10		-0.831366	
Ccdc82		-0.83154196	
9530026P05Rik		-0.8315878	
Csf3r		-0.8322478	
Ssu2		-0.8324355	
Gm48027		-0.8331682	
Gm9910		-0.83359516	
ENSMUSG00000127524		-0.8342489	
Ubash3a		-0.834629	
Hhipl2		-0.83533704	
Plekho2		-0.8355384	
Dpysl2		-0.8358074	
ENSMUSG00000141661		-0.8358103	
4930426L09Rik		-0.836217	
ENSMUSG00000138589		-0.8368483	
Acmsd		-0.83803785	
Lef1os1		-0.83803785	
Gm5860		-0.83803785	
Disp3		-0.83803785	
Elapor2		-0.83803785	
Atp2b2		-0.83803785	
ENSMUSG00000139259		-0.83803785	
Nek5		-0.83803785	
Gm45428		-0.83803785	
ENSMUSG00000134087		-0.83803785	
Gm42433		-0.83803785	
ENSMUSG00000140894		-0.83803785	
9630002D21Rik		-0.83803785	
Gm11379		-0.83803785	
Gm35333		-0.83803785	
Gm17058		-0.83803785	
Gtf2a1l		-0.83803785	
Hhat		-0.8382208	
Myo18b		-0.8383741	
ENSMUSG00000125877		-0.83890194	
ENSMUSG00000135122		-0.83895385	
Cd14		-0.8391346	
Cpe		-0.839214	
ENSMUSG00000135000		-0.83947355	
Osbpl5		-0.83957964	
Gpr179		-0.83962464	
Fahd2a		-0.83974105	
Scd3		-0.8398449	
Ptprr		-0.8400459	
Gm23547		-0.84048295	
Gm20406		-0.84048295	
Gm9517		-0.84048295	
ENSMUSG00000140249		-0.84098536	
ENSMUSG00000129993		-0.84113836	
Mir181a-1hg		-0.8412388	
Apln		-0.84134996	
8430406P12Rik		-0.8421291	
ENSMUSG00000127139		-0.8421503	
Gm6569		-0.84225386	
Gm43912		-0.8424376	
Usp13		-0.8425655	
Mettl21c		-0.8429214	
Gm5300		-0.8429214	
Cd8a		-0.8429214	
ENSMUSG00000139534		-0.8429214	
Capsl		-0.8429214	
Mov10l1		-0.8429214	
Gm30505		-0.8429214	
Cyp4f14		-0.8429214	
Gm5820		-0.8429214	
Gm56634		-0.8429214	
Ccp110		-0.843505	
C230096K16Rik		-0.8437589	
Gm38560		-0.8438423	
Gm9625		-0.84385186	
Lrrc74b		-0.8449496	
Cpeb1		-0.84512043	
Slc36a2		-0.84576476	
Gm57042		-0.84671247	
Slc12a3		-0.84732294	
Chrm4		-0.84764224	
ENSMUSG00000133037		-0.84789485	
ENSMUSG00000123051		-0.8487775	
Cdhr1		-0.8489188	
Gm57387		-0.84894073	
ENSMUSG00000143086		-0.8492658	
Tnfrsf22		-0.84969085	
Car14		-0.8498194	
Myef2l		-0.8502838	
Gm57161		-0.8503465	
Apold1		-0.8504864	
ENSMUSG00000137598		-0.85053945	
Kif1a		-0.8507981	
Pde6g		-0.8513127	
Gpat2		-0.8515074	
Pm20d1		-0.8517235	
ENSMUSG00000130944		-0.85225064	
Gpbar1		-0.852417	
Wt1		-0.852423	
Rnu1a1		-0.85377926	
Cirbp		-0.855394	
Ankle1		-0.8564929	
Rarb		-0.85705286	
Zfp820		-0.85726327	
Frat2		-0.85754544	
Gm21284		-0.8577718	
D330050I16Rik		-0.8579405	
Vmn2r1		-0.8581683	
Gm37452		-0.86009663	
Apoh		-0.86064756	
B930046K06Rik		-0.8608353	
Ecrg4		-0.86098933	
Gm31597		-0.86128235	
Cd46		-0.8617375	
Myrfl		-0.86223567	
Atp1a3		-0.8623062	
Clec4e		-0.8623167	
Gm15889		-0.8628735	
ENSMUSG00000125419		-0.86311436	
Traip		-0.86323464	
Gm5915		-0.8635886	
ENSMUSG00000132170		-0.8641263	
ENSMUSG00000134173		-0.86417747	
Spcs2-ps		-0.86417747	
ENSMUSG00000137691		-0.86417747	
ENSMUSG00000134714		-0.86417747	
Gm13840		-0.86417747	
ENSMUSG00000134017		-0.86417747	
ENSMUSG00000139726		-0.86417747	
Gm30498		-0.86417747	
ENSMUSG00000131525		-0.86417747	
Gm11536		-0.86417747	
Gm6665		-0.86417747	
Frmd8os		-0.86417747	
Gm5827		-0.86417747	
ENSMUSG00000129682		-0.86417747	
Gm26952		-0.86417747	
1700007J10Rik		-0.86455923	
Rgs11		-0.8645879	
Oxtr		-0.8646817	
ENSMUSG00000124388		-0.8646817	
ENSMUSG00000127150		-0.8646817	
Gm36638		-0.8646817	
Gm51425		-0.8649868	
Dppa5a		-0.865314	
Gm35065		-0.8655602	
Cped1		-0.86592925	
Ccdc125		-0.86629575	
Emx2		-0.8667167	
Efna4		-0.8669142	
Fez1		-0.86802065	
Tesmin		-0.86819583	
ENSMUSG00000141309		-0.86863315	
Gm40847		-0.86863315	
Fgf14		-0.86863315	
Fosl1		-0.8705119	
Kcnk18		-0.87052387	
Gm36355		-0.8711499	
Col25a1		-0.8717681	
ENSMUSG00000124420		-0.8720124	
Ppef1		-0.87221247	
Gm40976		-0.8734164	
Gm18999		-0.8734164	
H2ac4		-0.8734253	
Zfp551		-0.87377334	
ENSMUSG00000122790		-0.874113	
ENSMUSG00000123896		-0.87604094	
Gm17494		-0.87648183	
Nrg2		-0.8767037	
Gm17210		-0.8769756	
Cxcr5		-0.87819695	
Tdrd1		-0.87826633	
Gm56546		-0.8785018	
Tnfrsf23		-0.8787156	
Cd109		-0.8788703	
Gm15672		-0.8790849	
Rab27b		-0.87910545	
Gm29538		-0.88059616	
Gm14137		-0.8807519	
4930422M22Rik		-0.8815847	
ENSMUSG00000127167		-0.88186973	
ENSMUSG00000132115		-0.8820465	
ENSMUSG00000137951		-0.8820939	
4933433G15Rik		-0.8821691	
Sirpb1b		-0.882461	
Phospho1		-0.8832179	
ENSMUSG00000140522		-0.88395506	
ENSMUSG00000138122		-0.88395506	
Gm48620		-0.88395506	
Lag3		-0.8849017	
Myo5a		-0.8850327	
ENSMUSG00000124564		-0.8851583	
Gm11290		-0.8851583	
4933431G14Rik		-0.8853463	
ENSMUSG00000141730		-0.8853463	
ENSMUSG00000141868		-0.8853463	
Nfkbil1		-0.885418	
Tmem47		-0.8862655	
ENSMUSG00000140517		-0.8870941	
Nanos1		-0.8873192	
Gm44751		-0.8873767	
ENSMUSG00000127289		-0.8874274	
ENSMUSG00000123587		-0.88885766	
Gm20753		-0.8889146	
Gm8495		-0.8892778	
Gm35019		-0.88998115	
Gm43059		-0.89047265	
Gm47230		-0.89047265	
ENSMUSG00000133291		-0.89227605	
Tas1r1		-0.892321	
Pou2af1		-0.892637	
Gm11520		-0.8930564	
Gm45694		-0.8932164	
Trem1		-0.8932164	
Hoxa3		-0.8939049	
Kif2c		-0.8941227	
Gm45226		-0.89504814	
Ceacam10		-0.89516383	
Erhrt-ps		-0.8951699	
Eva1c		-0.8952511	
Gm47121		-0.8957122	
Qpct		-0.89574456	
Cldn19		-0.8960021	
Dhtkd1		-0.8968911	
Zcchc13		-0.89691406	
Usp53		-0.89733666	
8030474K03Rik		-0.897701	
Gm9575		-0.8980608	
Zfp459		-0.89851767	
Card14		-0.89927876	
Mapk4		-0.8995123	
Pde6h		-0.8995757	
Bcas1		-0.8998361	
Psg20		-0.9000315	
Pax6		-0.90045017	
ENSMUSG00000139867		-0.90045017	
Gm45016		-0.90058327	
Lefty1		-0.9015724	
Dennd2d		-0.9016711	
C1qtnf2		-0.9022196	
ENSMUSG00000128874		-0.90294427	
Tigit		-0.90325695	
Gpr141		-0.90383786	
Antxr1		-0.9039637	
4930551O13Rik		-0.9039803	
Gm56796		-0.9040085	
ENSMUSG00000143175		-0.9043298	
Gm5256		-0.9044806	
BC037704		-0.9045364	
Rad18		-0.90454215	
Gm6611		-0.90469986	
Ttc12		-0.9051451	
Snhg7os		-0.90528744	
Gm38055		-0.90528744	
Gm12917		-0.90528744	
Cntnap2		-0.90528744	
Gm5373		-0.90528744	
Lctl		-0.90528744	
Gm47794		-0.90528744	
Cntn1		-0.90528744	
ENSMUSG00000125566		-0.90528744	
Prxl2b		-0.9052958	
ENSMUSG00000124310		-0.9056568	
Spc24		-0.90641654	
H2-T10		-0.9068806	
9430065F17Rik		-0.9080074	
Gm17825		-0.9081702	
Pcdh15		-0.90817046	
ENSMUSG00000140115		-0.90817046	
Gm57137		-0.9087548	
Rragb		-0.9091749	
Magef1		-0.90974957	
Amy1		-0.91033036	
Gm47119		-0.9103354	
Myzap		-0.9104784	
Dhh		-0.91049016	
Sec1		-0.910671	
4933416M07Rik		-0.910671	
4930448D08Rik		-0.910671	
5830448L01Rik		-0.91090125	
Rps18-ps3		-0.9130167	
4933428G20Rik		-0.9131574	
Gm37612		-0.9132771	
Tmem178		-0.9146183	
Gm11724		-0.9157742	
A330058E17Rik		-0.91641176	
Smpd5		-0.91670406	
Gm26704		-0.91677046	
Mrnip		-0.9172295	
Pabpc2		-0.9175826	
ENSMUSG00000126270		-0.9180261	
Gm13257		-0.9180291	
ENSMUSG00000133840		-0.9180291	
Gm19967		-0.9180291	
Klhl35		-0.9182256	
Gm43300		-0.91844743	
ENSMUSG00000138766		-0.9188992	
ENSMUSG00000141180		-0.91950756	
Gm6526		-0.9198255	
Gm6297		-0.92092925	
Aatk		-0.9214083	
ENSMUSG00000125389		-0.92420584	
ENSMUSG00000127449		-0.9242133	
Gm17225		-0.9244019	
Gm56773		-0.9244019	
Gm12979		-0.9244019	
4930513D17Rik		-0.9244019	
ENSMUSG00000132985		-0.9244019	
ENSMUSG00000134088		-0.9244019	
Wap		-0.9244019	
Gm11715		-0.9244019	
Rps12-ps26		-0.9244019	
2900045O20Rik		-0.9244019	
Gm48734		-0.9244019	
Nrl		-0.9244019	
ENSMUSG00000126951		-0.9244019	
Gm24924		-0.9244019	
Gm14725		-0.9244019	
Hamp		-0.92476946	
AW112010		-0.92492527	
Shisa9		-0.925511	
Slc2a5		-0.9256072	
5033403F01Rik		-0.92562366	
Gm26756		-0.92583776	
F730043M19Rik		-0.9259517	
Pfn4		-0.92757684	
Gm9085		-0.92757684	
Fosb		-0.9287751	
ENSMUSG00000139314		-0.92880696	
Mxra8os		-0.92880696	
Gm15720		-0.92880696	
Gm11966		-0.92880696	
Gm52991		-0.92880696	
ENSMUSG00000136383		-0.92880696	
ENSMUSG00000139627		-0.92880696	
Gm56158		-0.9291732	
Ybx1-ps2		-0.9293476	
ENSMUSG00000123214		-0.9294	
ENSMUSG00000139228		-0.9299865	
ENSMUSG00000132211		-0.9299865	
ENSMUSG00000129931		-0.9306402	
Pierce1		-0.93083036	
Gm10190		-0.9329772	
Gm56893		-0.9331145	
Cst6		-0.93401414	
Csmd2		-0.93402433	
Pgbd1		-0.9341914	
ENSMUSG00000132807		-0.9345543	
ENSMUSG00000137200		-0.9349688	
Kremen2		-0.93500787	
5730424H11Rik		-0.9352969	
ENSMUSG00000122624		-0.9364767	
Gm13375		-0.9364772	
Strip2		-0.9375291	
Tarm1		-0.9384103	
Gm50019		-0.93866646	
H2-Ab1		-0.9393009	
Gm16410		-0.9395971	
ENSMUSG00000133905		-0.9397696	
Tmod1		-0.9399241	
Spocd1		-0.94011974	
Flnc		-0.94020706	
Nrg1		-0.9406577	
Fam170b		-0.9407306	
Cdk2ap1rt		-0.94084126	
Gapdhs		-0.9419304	
ENSMUSG00000126217		-0.942019	
Spink2		-0.94210863	
Gm36229		-0.9436268	
ENSMUSG00000130446		-0.94401926	
Prps2		-0.94415075	
Ifit1bl1		-0.9445205	
H2-Q7		-0.94525194	
Chit1		-0.94658226	
A730081D07Rik		-0.94682884	
ENSMUSG00000131761		-0.9469916	
Gm44090		-0.9470457	
Gm13656		-0.9472194	
Gm29585		-0.9472194	
Gm28441		-0.9472594	
ENSMUSG00000123049		-0.9472594	
ENSMUSG00000141627		-0.9472594	
Mir6377		-0.9472594	
ENSMUSG00000141703		-0.9472594	
ENSMUSG00000144188		-0.9472594	
Cyp2a22		-0.9472594	
Chrna7		-0.9472594	
ENSMUSG00000129253		-0.9472594	
ENSMUSG00000136000		-0.9472594	
ENSMUSG00000137971		-0.9472594	
Bfsp2		-0.9472594	
Gm47322		-0.9472594	
ENSMUSG00000129658		-0.9472594	
Ndp		-0.9472594	
Sycp1		-0.9473337	
Fcho1		-0.94754523	
Cd74		-0.94792235	
Ube2srt		-0.9483058	
Gm16353		-0.94835204	
Azin2		-0.9494723	
ENSMUSG00000125561		-0.94968593	
Pilrb2		-0.95002675	
Inhba		-0.9512989	
Gm12366		-0.95130146	
Gm15987		-0.95130146	
Gm29773		-0.95130146	
I830134H01Rik		-0.95130146	
Gm12689		-0.95137537	
Gm57094		-0.95188606	
Il12rb1		-0.95195556	
Necab2		-0.95311534	
Gm15513		-0.953405	
Gm27616		-0.9534364	
Gm33543		-0.953626	
Armc2		-0.9541113	
Entpd8		-0.9541742	
ENSMUSG00000127845		-0.9543807	
Zmynd10		-0.9543807	
Gm807		-0.9546861	
Gm48949		-0.9552328	
Gm45030		-0.9556075	
Gm42803		-0.956901	
ENSMUSG00000139692		-0.9581723	
1700029K24Rik		-0.95845985	
Olig2		-0.95845985	
4732487G21Rik		-0.9586913	
Gm13231		-0.95917803	
Kctd14		-0.95917803	
Prss30		-0.9591994	
Gm26559		-0.9593061	
Ppp4r4		-0.95981723	
Kcnip3		-0.96016866	
Gm11946		-0.96024436	
Gm15169		-0.9605788	
Gm29668		-0.9613591	
Gm12786		-0.9613591	
Gm15519		-0.9613591	
9530056K15Rik		-0.96330106	
Gm57144		-0.9634352	
Tnfrsf26		-0.96391094	
ENSMUSG00000124843		-0.96462727	
Gm29152		-0.96516675	
Gm37884		-0.96516675	
Gm19552		-0.96516675	
Spmip3		-0.96516675	
ENSMUSG00000122010		-0.96516675	
ENSMUSG00000130681		-0.96516675	
Malrd1		-0.96516675	
Gm44283		-0.96516675	
ENSMUSG00000138785		-0.96516675	
ENSMUSG00000129162		-0.96516675	
A930019D19Rik		-0.96516675	
Gm14159		-0.96516675	
Gm42196		-0.96516675	
Gm9696		-0.96516675	
Gm56801		-0.96516675	
ENSMUSG00000140390		-0.96516675	
Gm12459		-0.96516675	
Gm12519		-0.96516675	
Gm13061		-0.96516675	
Gm15969		-0.96516675	
ENSMUSG00000138173		-0.96516675	
ENSMUSG00000128808		-0.96516675	
ENSMUSG00000129597		-0.96516675	
Gm17060		-0.96516675	
Snord94		-0.96516675	
ENSMUSG00000129118		-0.96516675	
Tpi-rs11		-0.96516675	
Gm7308		-0.96516675	
Gm6855		-0.96516675	
ENSMUSG00000125964		-0.96516675	
Ccer2		-0.96516675	
ENSMUSG00000129332		-0.96516675	
Gm45098		-0.96516675	
Rpl17-ps10		-0.96516675	
Gm55660		-0.96516675	
Gm4887		-0.96516675	
Or52e5		-0.96516675	
ENSMUSG00000134163		-0.96516675	
Gm45342		-0.96516675	
Gm45554		-0.96516675	
Gm45518		-0.96516675	
ENSMUSG00000137431		-0.96516675	
Gm45463		-0.96516675	
ENSMUSG00000132360		-0.96516675	
Pate4		-0.96516675	
ENSMUSG00000140986		-0.96516675	
Gm10825		-0.96516675	
ENSMUSG00000134514		-0.96516675	
ENSMUSG00000125426		-0.96516675	
ENSMUSG00000142790		-0.96516675	
Gm6899		-0.96516675	
Timd5		-0.96516675	
Gm57333		-0.96516675	
ENSMUSG00000141399		-0.96516675	
Gm11489		-0.96516675	
Gm11638		-0.96516675	
ENSMUSG00000143870		-0.96516675	
Gm47552		-0.96516675	
Gm10465		-0.96516675	
Rpl31-ps17		-0.96516675	
Gm47290		-0.96516675	
ENSMUSG00000142614		-0.96516675	
Mir337		-0.96516675	
Gm56536		-0.96516675	
Gm29787		-0.96516675	
ENSMUSG00000134109		-0.96516675	
ENSMUSG00000129760		-0.96516675	
Gm49109		-0.96516675	
ENSMUSG00000137039		-0.96516675	
Serpine3		-0.96516675	
ENSMUSG00000140413		-0.96516675	
ENSMUSG00000132711		-0.96516675	
ENSMUSG00000134131		-0.96516675	
Gm20518		-0.96516675	
ENSMUSG00000137196		-0.96516675	
Tcp10b		-0.96516675	
ENSMUSG00000141963		-0.96516675	
Gm50250		-0.96516675	
ENSMUSG00000126660		-0.96516675	
Gm10269		-0.96516675	
Gm6883		-0.96516675	
ENSMUSG00000141825		-0.96516675	
ENSMUSG00000125136		-0.96516675	
ENSMUSG00000140615		-0.96516675	
ENSMUSG00000121754		-0.96516675	
Mir23a		-0.9652923	
5430416N02Rik		-0.96617156	
Fam209		-0.9664851	
Gm41442		-0.96717805	
Sohlh2		-0.9691407	
ENSMUSG00000134840		-0.9699298	
Rhof		-0.9704279	
Slc25a47		-0.9707656	
4933421A08Rik		-0.970776	
ENSMUSG00000135484		-0.97087485	
Dusp13b		-0.9715699	
Tssk3		-0.97164017	
Gm57464		-0.9720359	
ENSMUSG00000129719		-0.9722231	
Gm50433		-0.9722333	
Gm33373		-0.9722333	
Rnf183		-0.9726525	
Tex26		-0.9726525	
Gm43924		-0.9726525	
Ndnf		-0.9726525	
Cyp2b10		-0.9726525	
Gm45845		-0.9726525	
Gm15271		-0.9726525	
Gm15901		-0.9726525	
Gm57269		-0.9734918	
Gm44873		-0.97358847	
Angptl2		-0.97455966	
Gm43545		-0.97534096	
Nphp1		-0.9754509	
Glrp1		-0.97574335	
Lrrc34		-0.97574335	
Gm52713		-0.97574335	
Gzma		-0.97574335	
Fam229a		-0.9758763	
Or2t35		-0.97749305	
Gpr132		-0.97768646	
Gm57216		-0.9778968	
ENSMUSG00000141529		-0.9781601	
9930024M15Rik		-0.9783131	
Atp6v0e2		-0.9786904	
Ncf4		-0.97893804	
Pcdhga5		-0.9792196	
Gm4247		-0.97990245	
Frzb		-0.9810025	
Tgif2		-0.9813291	
ENSMUSG00000132500		-0.98276216	
Gm14167		-0.9830878	
Tg		-0.9846843	
Ccdc30		-0.98507214	
Crygn		-0.98525375	
ENSMUSG00000124722		-0.9858119	
ENSMUSG00000124464		-0.98658246	
Gm7837		-0.9867856	
Rbm8a2		-0.9867856	
ENSMUSG00000128118		-0.9867856	
Gm11841		-0.9867856	
ENSMUSG00000131829		-0.9867856	
Gm43421		-0.9867856	
Rpl31-ps23		-0.9867856	
Gm3365		-0.9867856	
Gm31614		-0.9867856	
ENSMUSG00000124699		-0.9867856	
Rnu2-10		-0.9867856	
ENSMUSG00000123537		-0.9867856	
Ift88os		-0.9867856	
ENSMUSG00000130074		-0.9867856	
ENSMUSG00000129435		-0.9867856	
Gm15946		-0.9867856	
Gm41664		-0.9867856	
ENSMUSG00000127570		-0.9867856	
1810009A15Rik		-0.9867856	
ENSMUSG00000136515		-0.988028	
AV099323		-0.9881093	
Gm6402		-0.9883111	
Rpsa-ps4		-0.9883537	
Gm19410		-0.9897606	
ENSMUSG00000136559		-0.9897606	
ENSMUSG00000139732		-0.9897606	
ENSMUSG00000131872		-0.9897606	
Tekt2		-0.9906869	
ENSMUSG00000140907		-0.991667	
9930004E17Rik		-0.99186844	
Gm47205		-0.9920401	
4833413G10Rik		-0.9922506	
Rspo3		-0.99260795	
Rims3		-0.9926488	
Gm5953		-0.9926488	
Ankrd33		-0.9926488	
ENSMUSG00000130582		-0.9926488	
Rspo4		-0.9928162	
ENSMUSG00000143433		-0.99332744	
5730435O14Rik		-0.99332744	
Rusc1		-0.99347085	
Spag8		-0.9935555	
Hsbp1l1		-0.9950965	
Gm13803		-0.9952566	
Hfm1		-0.9957176	
Slc5a2		-0.9957176	
Gm34654		-0.9957176	
ENSMUSG00000131596		-0.9957176	
ENSMUSG00000136141		-0.9957176	
ENSMUSG00000126581		-0.9957571	
Gm32846		-0.9959962	
ENSMUSG00000131078		-0.9973295	
ENSMUSG00000143152		-0.99747324	
Gm44981		-0.99747324	
Gm48903		-0.99747324	
ENSMUSG00000129595		-0.99747324	
ENSMUSG00000141477		-0.99747324	
ENSMUSG00000134081		-0.9980416	
Gm44956		-0.9982143	
Cdca5		-0.9997477	
Gm5535		-1.0008641	
ENSMUSG00000133994		-1.000974	
Gnrh1		-1.0011046	
Medag		-1.0013795	
Gm20681		-1.0016146	
ENSMUSG00000126935		-1.0018051	
1700048O20Rik		-1.0024222	
Alkbh3os1		-1.0039966	
Nr4a3		-1.0049121	
ENSMUSG00000142357		-1.0049183	
Dynlt4		-1.0052861	
B230206L02Rik		-1.0055186	
Hspb9		-1.0055388	
Arnt2		-1.005747	
Cracr2a		-1.0060393	
Gp1ba		-1.0069166	
Serpina12		-1.0076997	
C8b		-1.008653	
Gm38355		-1.0087767	
ENSMUSG00000140457		-1.0090568	
Gm15283		-1.0096222	
Lck		-1.0096487	
Sat2		-1.0099711	
Gm15764		-1.0105404	
Aim2		-1.0121841	
BC048679		-1.0132635	
Gda		-1.014644	
ENSMUSG00000137905		-1.015278	
4930480K02Rik		-1.0162121	
ENSMUSG00000139473		-1.0163862	
Snord17		-1.0163862	
ENSMUSG00000132567		-1.0163862	
ENSMUSG00000127880		-1.0163862	
Kcnab3		-1.0165466	
ENSMUSG00000128478		-1.017086	
Gm30173		-1.0170976	
Sag		-1.0173467	
2600006K01Rik		-1.0184613	
ENSMUSG00000123678		-1.0185956	
Gm57085		-1.0185956	
Gm57244		-1.0185956	
ENSMUSG00000138841		-1.0185956	
Gm20493		-1.0185956	
Trim72		-1.0194652	
Htra3		-1.0203378	
ENSMUSG00000127424		-1.0204477	
Gm49540		-1.022612	
Hilpda		-1.0228583	
Ccl17		-1.0230701	
ENSMUSG00000142325		-1.0230821	
ENSMUSG00000140023		-1.0232538	
Gm10327		-1.0239142	
ENSMUSG00000130881		-1.0240961	
Dnah9		-1.0242072	
Gm21057		-1.0244799	
Gm45033		-1.0244799	
Cntnap1		-1.0262744	
ENSMUSG00000122503		-1.026331	
Vmn1r-ps29		-1.0268497	
Gm28513		-1.0271378	
Gap43		-1.0272423	
Tmem232		-1.027424	
Fxyd5		-1.0277236	
Gm44716		-1.0281631	
Plscr2		-1.0295432	
Adgra1		-1.0295458	
ENSMUSG00000140356		-1.0296915	
Gzmb		-1.0301116	
Kif17		-1.0302343	
Gm32772		-1.0304205	
ENSMUSG00000130013		-1.0304899	
Sla2		-1.0326409	
Oca2		-1.0326409	
ENSMUSG00000130006		-1.0326409	
ENSMUSG00000135126		-1.0326488	
Gm28512		-1.0326488	
ENSMUSG00000127932		-1.0341363	
Gm56834		-1.0342164	
Gm57238		-1.034735	
Rec114		-1.0350821	
ENSMUSG00000137538		-1.0352058	
ENSMUSG00000126339		-1.035501	
9330020H09Rik		-1.0356389	
Gpr152		-1.0359617	
4933426B08Rik		-1.0359639	
Gm41396		-1.0359776	
Dnah7c		-1.0373151	
Chil5		-1.0373151	
Slamf6		-1.039835	
ENSMUSG00000122142		-1.039835	
ENSMUSG00000140972		-1.039835	
ENSMUSG00000124900		-1.039835	
ENSMUSG00000125729		-1.039835	
Gm42866		-1.039835	
Gm7507		-1.039835	
Tdrd12		-1.039835	
Gm44982		-1.039835	
ENSMUSG00000139141		-1.039835	
ENSMUSG00000133785		-1.039835	
Gm41764		-1.039835	
Gm36602		-1.039835	
Snhg10		-1.040359	
A930001C03Rik		-1.0405874	
Slc7a14		-1.0407481	
Srcap		-1.04096	
ENSMUSG00000121867		-1.0414722	
Gm11615		-1.0414722	
Slc6a13		-1.0415959	
Gm3436		-1.0417876	
P2rx5		-1.0425259	
Phpt1		-1.0425895	
Gm38070		-1.042828	
Gm53		-1.0431684	
ENSMUSG00000129418		-1.0433164	
Gm46218		-1.0433408	
Hnf4aos		-1.0440328	
Traf3ip3		-1.0442693	
Gm44587		-1.0443348	
ENSMUSG00000126913		-1.044478	
Atp8b1		-1.0445648	
Gm16894		-1.0453176	
Gpr68		-1.0459079	
Gm47391		-1.0460181	
ENSMUSG00000124374		-1.0461985	
Gm26852		-1.0464188	
ENSMUSG00000131088		-1.0465558	
Gm49760		-1.0469712	
Gm50194		-1.0473577	
ENSMUSG00000135622		-1.0473977	
Ypel4		-1.0477715	
A030001D20Rik		-1.0480547	
2010109A12Rik		-1.0490264	
ENSMUSG00000142836		-1.0490695	
ENSMUSG00000126176		-1.0494964	
6430511E19Rik		-1.049908	
ENSMUSG00000138982		-1.0500666	
A930015D03Rik		-1.0501504	
ENSMUSG00000134226		-1.0501952	
ENSMUSG00000141693		-1.0516481	
ENSMUSG00000139273		-1.0518198	
Ephx3		-1.0518216	
Doc2b		-1.0519537	
ENSMUSG00000126287		-1.0522363	
Gm15952		-1.0531243	
Gm12841		-1.0546166	
Iho1		-1.0547006	
Bhlhe22		-1.0556699	
Cfap69		-1.0558286	
Gm14011		-1.0561897	
ENSMUSG00000141798		-1.056203	
1700020L13Rik		-1.0567787	
Gm56632		-1.0572002	
Bdh2		-1.0574994	
Gm26626		-1.0577263	
ENSMUSG00000124475		-1.0581911	
Gm15265		-1.058977	
Gm17690		-1.0594138	
Tekt1		-1.0601814	
Lincred1		-1.0603896	
Ly6g6g		-1.0603896	
ENSMUSG00000125801		-1.0609345	
Spdef		-1.062428	
Gm30097		-1.0625029	
Gbgt1		-1.0626087	
A830082K12Rik		-1.0628862	
Agap2		-1.0633333	
Aknaos		-1.0644684	
ENSMUSG00000129222		-1.0645524	
Gm36371		-1.0654911	
Strc		-1.0667294	
Gm45895		-1.0672153	
Gm38366		-1.067268	
Lonrf3		-1.0675834	
Gm20682		-1.0676742	
ENSMUSG00000133481		-1.0681095	
ENSMUSG00000125365		-1.0695992	
Gm34961		-1.0726597	
Unc93a2		-1.0729723	
Sp140l2		-1.0734806	
Gm8899		-1.0734806	
Gck		-1.0734806	
BC023105		-1.0734806	
Tsga10ip		-1.0734806	
Col26a1		-1.0735755	
ENSMUSG00000140638		-1.0735831	
ENSMUSG00000136954		-1.0735831	
Sh2d6		-1.0735831	
Crtam		-1.0735831	
ENSMUSG00000131932		-1.0735831	
Pcdhgb6		-1.074467	
Dcn		-1.0755272	
Erich3		-1.0755286	
Gm19172		-1.0757581	
ENSMUSG00000126230		-1.0757581	
Gm57117		-1.0768224	
Gm33201		-1.0770317	
Sulf1		-1.0774355	
Frmpd3		-1.0779728	
Arhgdig		-1.0787868	
ENSMUSG00000135246		-1.0804414	
ENSMUSG00000143482		-1.0804414	
Tgm4		-1.0812306	
Cyp7b1		-1.081285	
Gm38832		-1.0816069	
Krt36		-1.0816069	
Veph1		-1.0820087	
Frmd3		-1.0820087	
ENSMUSG00000128169		-1.0820087	
ENSMUSG00000122482		-1.0820087	
Gm47003		-1.0820087	
Gm56696		-1.0820087	
ENSMUSG00000141952		-1.0820631	
S100a8		-1.0821273	
Gm57309		-1.0827215	
1700007L15Rik		-1.0830333	
ENSMUSG00000126977		-1.0837051	
Gm7392		-1.0841311	
ENSMUSG00000143516		-1.0862325	
ENSMUSG00000142991		-1.0862325	
ENSMUSG00000143733		-1.0862325	
Gm43355		-1.0866574	
Tspyl5		-1.0872672	
Gm12929		-1.0893916	
Ntm		-1.0895859	
ENSMUSG00000127597		-1.0901033	
ENSMUSG00000130156		-1.0912538	
Sh3gl2		-1.0912538	
ENSMUSG00000143174		-1.0912538	
ENSMUSG00000128582		-1.0912538	
Lrrc66		-1.091656	
ENSMUSG00000137746		-1.0916755	
Gm56929		-1.0918046	
Gm43566		-1.092155	
Ephx4		-1.092155	
Gm22000		-1.092155	
Vstm2b		-1.0929638	
ENSMUSG00000138085		-1.0954845	
ENSMUSG00000139541		-1.0956675	
Gm43795		-1.0956675	
Gm15770		-1.0956675	
ENSMUSG00000123576		-1.0956675	
Gm45412		-1.0956675	
ENSMUSG00000123186		-1.0956675	
Cep112it		-1.0956675	
5530402G07Rik		-1.0956675	
ENSMUSG00000124411		-1.0956675	
Tiaf2		-1.0956675	
1700061A03Rik		-1.0956675	
ENSMUSG00000140750		-1.0958676	
Gm16573		-1.0962784	
Lrp8os2		-1.0964494	
Gm39460		-1.0968943	
Gm14964		-1.0983667	
ENSMUSG00000123761		-1.0987709	
ENSMUSG00000127437		-1.0987709	
Unc79		-1.0987709	
ENSMUSG00000124704		-1.0987709	
ENSMUSG00000128996		-1.0987709	
ENSMUSG00000142203		-1.0990058	
Gm12984		-1.0997441	
1700017M07Rik		-1.1008323	
Syndig1l		-1.101179	
ENSMUSG00000125666		-1.1014199	
6330549D23Rik		-1.1017903	
ENSMUSG00000143727		-1.1021843	
ENSMUSG00000126048		-1.1021843	
Gm41760		-1.1038227	
Cacng4		-1.1045616	
Gm11400		-1.1049207	
ENSMUSG00000135265		-1.1050779	
Gm13961		-1.1052198	
Gm37781		-1.10546	
ENSMUSG00000143900		-1.10546	
Gm37215		-1.10546	
Cnih3		-1.10546	
ENSMUSG00000141415		-1.10546	
Haglr		-1.10546	
Snord73a		-1.10546	
Aknad1		-1.10546	
Gm42969		-1.10546	
Gm43314		-1.10546	
Pramel16		-1.10546	
Gm5106		-1.10546	
Clnk		-1.10546	
ENSMUSG00000126795		-1.10546	
Gm6579		-1.10546	
ENSMUSG00000128834		-1.10546	
ENSMUSG00000127933		-1.10546	
Retn		-1.10546	
Gm9911		-1.10546	
ENSMUSG00000141778		-1.10546	
Gm19353		-1.10546	
Gm56947		-1.10546	
Polr2k-ps		-1.10546	
ENSMUSG00000121813		-1.10546	
Gm34165		-1.10546	
Gm47816		-1.10546	
ENSMUSG00000126625		-1.10546	
Gm2387		-1.10546	
ENSMUSG00000132127		-1.10546	
Gm49761		-1.10546	
AA388235		-1.10546	
Gm20136		-1.10546	
Gm50415		-1.10546	
ENSMUSG00000125126		-1.10546	
Mcmdc2		-1.1077311	
Lmcd1		-1.107781	
Gm44586		-1.1082133	
Sult2a-ps3		-1.1086183	
Gm43322		-1.1087035	
Gm43814		-1.1087035	
ENSMUSG00000131253		-1.109015	
Myoz2		-1.1094579	
Acot3		-1.1102823	
Uchl1		-1.1108078	
Gm17396		-1.1117562	
ENSMUSG00000137701		-1.1125515	
ENSMUSG00000134161		-1.1126188	
Gm14117		-1.1135788	
Gm13092		-1.1135788	
Mir7213		-1.1135788	
Gm29264		-1.1140587	
Gm8128		-1.1141026	
Gm15344		-1.1147609	
Gm867		-1.1151139	
Scn4b		-1.115532	
Hoxa5		-1.1155528	
ENSMUSG00000131422		-1.1155638	
Sgip1		-1.1163734	
1110002E22Rik		-1.1168007	
Gm9556		-1.1169015	
Zfp1001		-1.1174967	
Phactr3		-1.1176385	
Plxdc1		-1.1182368	
ENSMUSG00000138976		-1.1195962	
ENSMUSG00000130523		-1.1196383	
Gm47558		-1.1197325	
Gm47903		-1.1198262	
ENSMUSG00000137435		-1.1199483	
ENSMUSG00000137052		-1.1199483	
ENSMUSG00000140340		-1.1199483	
Gm13453		-1.1199483	
ENSMUSG00000129354		-1.1199483	
ENSMUSG00000124660		-1.1199483	
Lrrc7		-1.1199483	
ENSMUSG00000138205		-1.1199483	
ENSMUSG00000123145		-1.1199483	
ENSMUSG00000133986		-1.1199483	
4933406J09Rik		-1.1199483	
ENSMUSG00000128714		-1.1199483	
ENSMUSG00000125337		-1.1199483	
ENSMUSG00000143182		-1.1199483	
4933428P19Rik		-1.1199483	
Gm12204		-1.1199483	
ENSMUSG00000123646		-1.1199483	
ENSMUSG00000127256		-1.1199483	
Gm46559		-1.1199483	
Gm17115		-1.1199483	
Gm4853		-1.1199483	
Pnma6e		-1.1199483	
Gm45200		-1.1201909	
Sez6		-1.1201909	
Rtl9		-1.1201909	
9530020I12Rik		-1.1202356	
Fam135b		-1.1203258	
ENSMUSG00000129786		-1.121014	
Gm19619		-1.1214666	
Nphp4		-1.1217586	
ENSMUSG00000136780		-1.1220359	
ENSMUSG00000129900		-1.1228222	
Gm54899		-1.1233892	
Gm7568		-1.1233892	
ENSMUSG00000127581		-1.1233892	
Gm29539		-1.1233892	
Gm2619		-1.1233892	
ENSMUSG00000142252		-1.1233892	
ENSMUSG00000131592		-1.1233892	
D930036K23Rik		-1.1233892	
Gm37703		-1.1233892	
ENSMUSG00000123598		-1.1233892	
ENSMUSG00000128135		-1.1233892	
ENSMUSG00000143905		-1.1233892	
Nr5a1		-1.1233892	
ENSMUSG00000136541		-1.1233892	
ENSMUSG00000128175		-1.1233892	
4930470P17Rik		-1.1233892	
ENSMUSG00000139868		-1.1233892	
Actrt3		-1.1233892	
Gm38186		-1.1233892	
ENSMUSG00000125216		-1.1233892	
ENSMUSG00000130120		-1.1233892	
ENSMUSG00000127618		-1.1233892	
S100a5		-1.1233892	
ENSMUSG00000123527		-1.1233892	
Gm24978		-1.1233892	
Gm12542		-1.1233892	
ENSMUSG00000125355		-1.1233892	
ENSMUSG00000130434		-1.1233892	
Gm12934		-1.1233892	
ENSMUSG00000140462		-1.1233892	
ENSMUSG00000133043		-1.1233892	
Speer4c2		-1.1233892	
Gm42461		-1.1233892	
ENSMUSG00000136699		-1.1233892	
Tmem132d		-1.1233892	
ENSMUSG00000126832		-1.1233892	
ENSMUSG00000133624		-1.1233892	
Or2r11		-1.1233892	
Gm44253		-1.1233892	
ENSMUSG00000129934		-1.1233892	
ENSMUSG00000128325		-1.1233892	
Fgf23		-1.1233892	
Gm15870		-1.1233892	
Gsg1		-1.1233892	
Gm15780		-1.1233892	
Irgc		-1.1233892	
Gm26891		-1.1233892	
Gm44700		-1.1233892	
Gm28075		-1.1233892	
D530033B14Rik		-1.1233892	
Slc6a16		-1.1233892	
ENSMUSG00000135666		-1.1233892	
Gm16053		-1.1233892	
Gm45473		-1.1233892	
Gm57215		-1.1233892	
ENSMUSG00000126541		-1.1233892	
Tktl2		-1.1233892	
Gm7997		-1.1233892	
Gm27048		-1.1233892	
Spmip8		-1.1233892	
Gm45702		-1.1233892	
Gm16118		-1.1233892	
ENSMUSG00000129056		-1.1233892	
Bsx		-1.1233892	
Gm47204		-1.1233892	
Smim35		-1.1233892	
ENSMUSG00000131828		-1.1233892	
ENSMUSG00000131790		-1.1233892	
Gm28085		-1.1233892	
Gm47111		-1.1233892	
ENSMUSG00000127300		-1.1233892	
ENSMUSG00000133026		-1.1233892	
1700028I16Rik		-1.1233892	
Cdrt4os1		-1.1233892	
Glp2r		-1.1233892	
Gm11513		-1.1233892	
Tac4		-1.1233892	
ENSMUSG00000133622		-1.1233892	
Tunar		-1.1233892	
Gm48887		-1.1233892	
ENSMUSG00000132194		-1.1233892	
Gm17938		-1.1233892	
BC001981		-1.1233892	
ENSMUSG00000121457		-1.1233892	
Gm47601		-1.1233892	
Gm15562		-1.1233892	
D130079A08Rik		-1.1233892	
1700010B13Rik		-1.1233892	
ENSMUSG00000125584		-1.1233892	
Gm15575		-1.1233892	
ENSMUSG00000140144		-1.1233892	
Or10h5		-1.1233892	
Or2h2		-1.1233892	
ENSMUSG00000138826		-1.1233892	
ENSMUSG00000139357		-1.1233892	
ENSMUSG00000137807		-1.1233892	
Gm50142		-1.1233892	
ENSMUSG00000140567		-1.1233892	
ENSMUSG00000122710		-1.1233892	
ENSMUSG00000131906		-1.1233892	
Gm14505		-1.1233892	
Gm37564		-1.1233892	
Magea13		-1.1233892	
Gm14830		-1.1233892	
Gm9259		-1.1244042	
ENSMUSG00000142013		-1.1260978	
ENSMUSG00000124784		-1.1260978	
Gm7353		-1.1263485	
Gm13481		-1.1265451	
Asb17os		-1.1265451	
Gm5134		-1.1265451	
Thap6		-1.1269029	
Gm11110		-1.12721	
Mir365-2		-1.1274499	
Grin3a		-1.1276742	
ENSMUSG00000144145		-1.1276742	
Gm29156		-1.1281825	
Gm5547		-1.1281825	
Ghrhr		-1.1281825	
Gm12275		-1.129116	
Gm6034		-1.130362	
Gm17202		-1.1305205	
Sybu		-1.1307503	
Fgfbp3		-1.1307724	
Jakmip3		-1.1312991	
ENSMUSG00000132804		-1.1326114	
ENSMUSG00000124850		-1.1326897	
Gm38299		-1.1328276	
Gata3un		-1.134907	
Lrrn3		-1.1355631	
Cyb5r2		-1.1358879	
Sytl3		-1.1367913	
Ccdc96		-1.1368786	
Gm6054		-1.1373625	
Cenpk		-1.1373804	
ENSMUSG00000136452		-1.1374613	
Gm39157		-1.137905	
Trac		-1.1383252	
ENSMUSG00000122850		-1.1386516	
Gm23136		-1.13882	
Ankdd1b		-1.13882	
Gm37067		-1.1390277	
ENSMUSG00000126648		-1.139349	
Actl6b		-1.139349	
Gm26595		-1.139349	
Ppm1e		-1.1395825	
Foxf2		-1.1398275	
ENSMUSG00000141480		-1.140679	
ENSMUSG00000125853		-1.141164	
ENSMUSG00000127275		-1.1411674	
ENSMUSG00000135358		-1.1422585	
1700099I09Rik		-1.1427952	
Dtna		-1.1436346	
AA467197		-1.1436553	
Tnfsf9		-1.1441065	
Gm44901		-1.1445936	
ENSMUSG00000121794		-1.1451693	
Pla2g2e		-1.1455108	
ENSMUSG00000127525		-1.1459894	
Sox15		-1.1461896	
Zfp808		-1.1463212	
Pcdhga3		-1.1487697	
Gm36535		-1.1490295	
Il6		-1.149035	
Gm14582		-1.149035	
Col5a3		-1.1495197	
Gm28497		-1.151106	
ENSMUSG00000139966		-1.15141	
Cryaa		-1.1521199	
Gm37052		-1.1522348	
ENSMUSG00000126710		-1.1527355	
Gm11706		-1.1529189	
1700063J08Rik		-1.1529189	
Pabpc1l		-1.1544995	
AA386476		-1.1550416	
ENSMUSG00000139366		-1.1556584	
Tat		-1.1557845	
ENSMUSG00000134718		-1.1564333	
Dpp6		-1.1578732	
1700061E17Rik		-1.1588225	
Myo16		-1.1597385	
Stat4		-1.1601353	
Gm56652		-1.1601353	
ENSMUSG00000133141		-1.1613866	
Panx2		-1.1613866	
ENSMUSG00000133019		-1.1613866	
6820402A03Rik		-1.1618958	
Trp53-ps		-1.1618958	
ENSMUSG00000138644		-1.162133	
Gm45861		-1.1623375	
Gm10419		-1.1633888	
4930423K06Rik		-1.1649797	
Gm11766		-1.1656975	
Scgb2b27		-1.1657653	
Or2h2b-ps1		-1.1657653	
Ggn		-1.166716	
Shoc1		-1.1679709	
Doc2a		-1.1680233	
ENSMUSG00000134453		-1.1686939	
Gm30025		-1.168933	
Ssxb16		-1.1691661	
Gm11739		-1.1692951	
Gm57463		-1.1696298	
Psrc1		-1.1697361	
Gm4977		-1.1700603	
B230398E01Rik		-1.1716878	
ENSMUSG00000130633		-1.1718411	
Gm57415		-1.1718411	
Prl3d2		-1.173091	
Gm38043		-1.1730995	
Dnah14		-1.1733276	
ENSMUSG00000126836		-1.1735146	
Clec2e		-1.1737583	
ENSMUSG00000134746		-1.1737583	
ENSMUSG00000127267		-1.1748912	
ENSMUSG00000136776		-1.1749592	
Gm13423		-1.1751025	
Cabp4		-1.1754448	
Gm5709		-1.17599	
ENSMUSG00000133475		-1.17599	
ENSMUSG00000134105		-1.1764685	
Cdk15		-1.1766341	
Smarce1-ps1		-1.1781362	
Gm13245		-1.1786792	
Gm13689		-1.1800662	
A630095N17Rik		-1.1815687	
Mc1r		-1.1829172	
Gm4319		-1.1830325	
Gm16175		-1.1854452	
Gm17195		-1.1857431	
ENSMUSG00000126250		-1.1859418	
ENSMUSG00000128456		-1.1860412	
Gm4335		-1.1860412	
Pla1a		-1.1868975	
Gm56555		-1.187596	
D130020L05Rik		-1.1880221	
BC021767		-1.1884584	
Mir3060		-1.1901016	
Mir155hg		-1.1903862	
Gm29724		-1.1909777	
6720483E21Rik		-1.1912395	
Ciita		-1.1913455	
Them7		-1.1922965	
ENSMUSG00000121763		-1.1925684	
Gm13552		-1.1925684	
Gm36546		-1.1927143	
Gm47127		-1.1927143	
ENSMUSG00000135982		-1.1933074	
4930447F24Rik		-1.1938065	
Ces3b		-1.19422	
Ccdc116		-1.1942312	
Gm43592		-1.195455	
4930517E14Rik		-1.1956103	
ENSMUSG00000137497		-1.1956103	
Gm17705		-1.1967759	
Olfm4		-1.1986152	
Il10rb		-1.1986983	
ENSMUSG00000138963		-1.1996204	
Gm13184		-1.2005681	
Dlgap1		-1.2018495	
Gm22043		-1.2028269	
Gm35048		-1.2035083	
ENSMUSG00000133408		-1.2035083	
Pcdh9		-1.2035083	
Cd244a		-1.2044016	
Fcgbpl1		-1.2045519	
Zmynd12		-1.2046541	
Mir6991		-1.2047561	
Gm14634		-1.2051178	
Gm20455		-1.2059495	
Aox4		-1.2061405	
ENSMUSG00000121393		-1.2068608	
Zfp775		-1.2080722	
Gm49906		-1.208366	
ENSMUSG00000127671		-1.2090634	
Six4		-1.211992	
Rprm		-1.2123355	
Gm13067		-1.2123355	
ENSMUSG00000122413		-1.2123355	
A930041C12Rik		-1.2123355	
Gm20949		-1.2123355	
Gm47179		-1.2123355	
Slc35f1		-1.2123355	
Gm38534		-1.2123355	
Gm18362		-1.2123355	
Gm9316		-1.2123355	
ENSMUSG00000127782		-1.2131058	
ENSMUSG00000144117		-1.2131058	
Rps19-ps3		-1.2142291	
Cdo1		-1.2147082	
ENSMUSG00000136525		-1.2150506	
Prkcz2		-1.2154299	
Gm57292		-1.216353	
Slco5a1		-1.2167281	
Rn18s-rs5		-1.2176063	
Gltpd2		-1.2177129	
Gm19872		-1.2200533	
ENSMUSG00000124805		-1.2200533	
ENSMUSG00000139422		-1.2200533	
ENSMUSG00000142215		-1.220218	
Gm44237		-1.2207583	
Gpr20		-1.221412	
ENSMUSG00000133548		-1.221955	
Gm57158		-1.2221705	
ENSMUSG00000125400		-1.2224474	
Dgkeos		-1.2235675	
ENSMUSG00000125745		-1.2240307	
Hesx1		-1.2240413	
E330013P04Rik		-1.2242233	
Gm43496		-1.2243744	
Gm11205		-1.2255272	
ENSMUSG00000136328		-1.2266947	
1700016H13Rik		-1.2287548	
ENSMUSG00000124915		-1.2287548	
Chia1		-1.2291489	
ENSMUSG00000139202		-1.2310886	
Gipc3		-1.2319016	
Btnl9		-1.2321516	
Kcnu1		-1.2331479	
Fam220a		-1.233781	
ENSMUSG00000141121		-1.2338452	
ENSMUSG00000121687		-1.2338452	
ENSMUSG00000126148		-1.233965	
B930086L07Rik		-1.2343512	
Snora41		-1.2353005	
Scin		-1.2373179	
Gfy		-1.238607	
ENSMUSG00000129292		-1.238708	
ENSMUSG00000131362		-1.238708	
Mir6999		-1.238708	
Gm6157		-1.238708	
Gm7389		-1.238708	
ENSMUSG00000129040		-1.238708	
ENSMUSG00000121689		-1.2393664	
Cntf		-1.2407604	
Gnmt		-1.2409886	
ENSMUSG00000131849		-1.2423989	
Galnt14		-1.2438507	
Zic5		-1.2455175	
Dok7		-1.2468737	
Gm4265		-1.2476499	
Gm34256		-1.248188	
ENSMUSG00000122543		-1.2489202	
Gm17518		-1.2491609	
Zfp82		-1.2500256	
Mir6997		-1.2504119	
ENSMUSG00000136279		-1.2504119	
Cfd		-1.2504119	
H4c18		-1.2504119	
ENSMUSG00000138949		-1.2504119	
ENSMUSG00000139060		-1.2504119	
Des		-1.2518173	
Gm15564		-1.2535799	
Gm41113		-1.2536843	
Gm26622		-1.2550077	
Top6bl		-1.2553563	
Ntrk2		-1.2558297	
Ccn2		-1.2558335	
Gm15929		-1.2566347	
ENSMUSG00000122377		-1.2572985	
Hectd2os		-1.2572985	
Map7d2		-1.2582351	
ENSMUSG00000132932		-1.2585936	
Gm49763		-1.2585936	
Lrrc8e		-1.2587134	
Gm6069		-1.2590219	
Gm35204		-1.2594179	
Gstp-ps		-1.2596018	
Gm57363		-1.2629002	
2810454H06Rik		-1.2629029	
4933427I22Rik		-1.263611	
Gm28180		-1.263611	
Gm56671		-1.263611	
ENSMUSG00000139414		-1.263611	
ENSMUSG00000123461		-1.2650838	
Gm28913		-1.266254	
Gm46409		-1.266254	
Lhx4		-1.2663602	
Gm52948		-1.2663602	
ENSMUSG00000125686		-1.2663602	
Gm17956		-1.2663602	
ENSMUSG00000126933		-1.2663602	
ENSMUSG00000131939		-1.2663602	
Gm42913		-1.2663602	
Gm30003		-1.2663602	
Gm44645		-1.2663602	
ENSMUSG00000134160		-1.2663602	
ENSMUSG00000127683		-1.2663602	
Ces1f		-1.2663602	
Gm8543		-1.2663602	
Tecta		-1.2663602	
A730062M13Rik		-1.2663602	
Gm7269		-1.2663602	
Sun3		-1.2663602	
Tcap		-1.2663602	
ENSMUSG00000141429		-1.2663602	
ENSMUSG00000142059		-1.2663602	
ENSMUSG00000125714		-1.2663602	
Gm18564		-1.2663602	
Rax		-1.2663602	
Mir6236		-1.2663703	
2900072N19Rik		-1.2670755	
Vnn3		-1.2691119	
ENSMUSG00000125423		-1.2691119	
ENSMUSG00000125803		-1.2691119	
ENSMUSG00000136620		-1.2691119	
Bcl11a		-1.2701298	
ENSMUSG00000130563		-1.2706025	
Cyp11b1		-1.2707444	
Gm8066		-1.270964	
Vmn2r102		-1.2718914	
Gjb6		-1.2721354	
Gm7846		-1.2726334	
ENSMUSG00000126023		-1.2751266	
ENSMUSG00000141010		-1.2755111	
4933431K23Rik		-1.2755111	
Gm17971		-1.2756333	
4930525G20Rik		-1.2757683	
Kif21b		-1.2768998	
ENSMUSG00000142903		-1.2788727	
Cst7		-1.2792611	
Gm42790		-1.2792611	
ENSMUSG00000123665		-1.2792611	
Gm55815		-1.2813624	
ENSMUSG00000136672		-1.282038	
ENSMUSG00000141200		-1.282038	
Tfpi2		-1.2832419	
Igfbp1		-1.2834425	
Gm18029		-1.2835284	
Sds		-1.2839527	
Gm26708		-1.2850722	
Gm11956		-1.2850722	
Naalad2		-1.2879704	
ENSMUSG00000134070		-1.2895448	
ENSMUSG00000122143		-1.2895448	
Gm56692		-1.2895747	
ENSMUSG00000127776		-1.2897549	
Gm14122		-1.2908237	
Rhbdl2		-1.290895	
Gm37277		-1.2914617	
Lyg2		-1.2914617	
Mir7681		-1.2914617	
Gm33667		-1.2914617	
ENSMUSG00000122814		-1.2914617	
Gm15849		-1.2914617	
ENSMUSG00000132617		-1.2914617	
ENSMUSG00000135981		-1.2914617	
ENSMUSG00000138507		-1.2914617	
Rxrg		-1.2914617	
Gm56018		-1.2914617	
Gm38287		-1.2914617	
4930555B11Rik		-1.2914617	
Erich2os		-1.2914617	
Gm13707		-1.2914617	
ENSMUSG00000126404		-1.2914617	
Kcnk15		-1.2914617	
Wfdc13		-1.2914617	
ENSMUSG00000126400		-1.2914617	
Il7		-1.2914617	
Gm29560		-1.2914617	
D630002J18Rik		-1.2914617	
Gm11832		-1.2914617	
ENSMUSG00000129821		-1.2914617	
ENSMUSG00000142322		-1.2914617	
Rps18-ps1		-1.2914617	
Gm38545		-1.2914617	
ENSMUSG00000126897		-1.2914617	
ENSMUSG00000137696		-1.2914617	
Gpr3		-1.2914617	
ENSMUSG00000139241		-1.2914617	
Trp73		-1.2914617	
Gm57317		-1.2914617	
Gm42571		-1.2914617	
Epha5		-1.2914617	
ENSMUSG00000128671		-1.2914617	
ENSMUSG00000130603		-1.2914617	
Igkv6-25		-1.2914617	
ENSMUSG00000125380		-1.2914617	
ENSMUSG00000131629		-1.2914617	
ENSMUSG00000143732		-1.2914617	
Gm20696		-1.2914617	
ENSMUSG00000131561		-1.2914617	
Vmn1r68		-1.2914617	
Gm44641		-1.2914617	
Wdr87-ps		-1.2914617	
Tub		-1.2914617	
ENSMUSG00000134599		-1.2914617	
Gm20100		-1.2914617	
ENSMUSG00000123250		-1.2914617	
ENSMUSG00000123948		-1.2914617	
ENSMUSG00000127662		-1.2914617	
Or8b12		-1.2914617	
ENSMUSG00000141081		-1.2914617	
Cyp1a2		-1.2914617	
Gm47262		-1.2914617	
Gm43209		-1.2914617	
Gm47069		-1.2914617	
D830005E20Rik		-1.2914617	
ENSMUSG00000141630		-1.2914617	
Gm47580		-1.2914617	
Tmcc3os		-1.2914617	
Gm48880		-1.2914617	
ENSMUSG00000136687		-1.2914617	
Gm26923		-1.2914617	
Fem1al		-1.2914617	
ENSMUSG00000142809		-1.2914617	
1700051A21Rik		-1.2914617	
Slfn14		-1.2914617	
Gas2l2		-1.2914617	
ENSMUSG00000142587		-1.2914617	
BC106175		-1.2914617	
Rad51ap2		-1.2914617	
ENSMUSG00000139546		-1.2914617	
ENSMUSG00000127115		-1.2914617	
Slc8a3		-1.2914617	
Ighv3-6		-1.2914617	
ENSMUSG00000137092		-1.2914617	
Gm11295		-1.2914617	
Gm40968		-1.2914617	
ENSMUSG00000143987		-1.2914617	
ENSMUSG00000139125		-1.2914617	
Gm48593		-1.2914617	
ENSMUSG00000135345		-1.2914617	
Msmb		-1.2914617	
Rbp3		-1.2914617	
ENSMUSG00000128179		-1.2914617	
ENSMUSG00000133869		-1.2914617	
ENSMUSG00000142818		-1.2914617	
Cimip4		-1.2914617	
Ddn		-1.2914617	
Gm56733		-1.2914617	
Gm9918		-1.2914617	
Gm38619		-1.2914617	
ENSMUSG00000134352		-1.2914617	
ENSMUSG00000135371		-1.2914617	
Gm41505		-1.2914617	
Gm5232		-1.2914617	
Gm15947		-1.2914617	
Gm17382		-1.2914617	
ENSMUSG00000138895		-1.2914617	
Gm50316		-1.2914617	
Gm21981		-1.2914617	
ENSMUSG00000131497		-1.2914617	
ENSMUSG00000125145		-1.2914617	
ENSMUSG00000133299		-1.2914617	
ENSMUSG00000137135		-1.2914617	
Gm55097		-1.2914617	
Gm46614		-1.2914617	
ENSMUSG00000126503		-1.2914617	
ENSMUSG00000131117		-1.2914617	
ENSMUSG00000130638		-1.2914617	
ENSMUSG00000129279		-1.2914617	
Pnma3		-1.2914617	
Gm14798		-1.2914617	
ENSMUSG00000133776		-1.2914617	
Gm15242		-1.2914617	
Gm22980		-1.2929536	
Gm2814		-1.2940705	
Acyp2		-1.2948328	
Lars2		-1.2951375	
C1qtnf4		-1.2962251	
Saxo4		-1.2963681	
ENSMUSG00000139166		-1.2967044	
Oc90		-1.2972002	
ENSMUSG00000136087		-1.297911	
Adgrf2		-1.297911	
Gm42533		-1.2980762	
ENSMUSG00000132543		-1.2991604	
ENSMUSG00000131567		-1.2993217	
Sowaha		-1.3016653	
ENSMUSG00000129910		-1.3020573	
ENSMUSG00000127940		-1.3033775	
Gm29188		-1.3041344	
Gm3830		-1.3041344	
Pdzd9		-1.3061076	
H4c1		-1.3086733	
Gm50012		-1.3092381	
Gm29477		-1.309299	
ENSMUSG00000132159		-1.3093004	
Dhrs13os		-1.3096483	
Atad3aos		-1.3097405	
ENSMUSG00000126425		-1.3099047	
ENSMUSG00000135156		-1.3099047	
Etd		-1.3103199	
Adgrd1		-1.3124101	
Scd4		-1.313215	
ENSMUSG00000129177		-1.313486	
ENSMUSG00000121806		-1.313486	
Gm47414		-1.3144897	
H2-DMb2		-1.3145645	
Spef2		-1.3147193	
Srgn		-1.3160509	
ENSMUSG00000125733		-1.318234	
ENSMUSG00000139159		-1.3187878	
Gm16283		-1.3192586	
Clcn1		-1.3195779	
A130051J06Rik		-1.3196791	
H2bc3		-1.3204193	
Gm44812		-1.3228848	
Cd209a		-1.3230813	
ENSMUSG00000139810		-1.3271382	
Plag1		-1.3293436	
ENSMUSG00000136027		-1.329848	
ENSMUSG00000122881		-1.3300595	
ENSMUSG00000137376		-1.3311639	
Gm46210		-1.3311639	
ENSMUSG00000140722		-1.3318028	
Spo11		-1.3318028	
Fut9		-1.3318028	
Gm45540		-1.3318028	
Fbxo39		-1.3318028	
ENSMUSG00000128625		-1.3318028	
Pcdhb13		-1.3318028	
Snord37		-1.3320037	
Slc44a5		-1.3324913	
Cnr1		-1.3348436	
Eomes		-1.3349202	
Gm31641		-1.3356918	
Snph		-1.3369684	
Myt1l		-1.3371052	
Gm43335		-1.3371196	
Gm39213		-1.3371196	
Slc13a5		-1.3396955	
ENSMUSG00000133261		-1.3408197	
ENSMUSG00000127004		-1.3418432	
Mxd3		-1.3441827	
ENSMUSG00000143232		-1.3442615	
Rptn		-1.3456285	
ENSMUSG00000135955		-1.3458326	
Cacna2d4		-1.3458918	
ENSMUSG00000126293		-1.3474952	
Nme9		-1.3491318	
Gm26614		-1.3497846	
Gm47850		-1.349961	
Sstr4		-1.3501699	
Gm9903		-1.351816	
Il1r2		-1.3521569	
Snord72		-1.3532953	
ENSMUSG00000138387		-1.354138	
Kcna2		-1.3541849	
Gm44417		-1.3541849	
Gm5127		-1.3541849	
ENSMUSG00000143334		-1.3568206	
Ppp1r1c		-1.3576525	
Ankrd63		-1.3576525	
ENSMUSG00000143222		-1.3576525	
4930539C22Rik		-1.3576525	
ENSMUSG00000130719		-1.3576525	
Gm42879		-1.3576525	
Hpd		-1.3576525	
2010310C07Rik		-1.3576525	
ENSMUSG00000127364		-1.3576525	
ENSMUSG00000134795		-1.3576525	
ENSMUSG00000138321		-1.3576525	
5330439A09Rik		-1.3576525	
Gm45290		-1.3576525	
Drc7		-1.3576525	
Gm45887		-1.3576525	
ENSMUSG00000121481		-1.3576525	
Gm7213		-1.3576525	
Gm10824		-1.3576525	
Gm36172		-1.3576525	
ENSMUSG00000138853		-1.3576525	
Inhbe		-1.3576525	
Slitrk6		-1.3576525	
Gm56713		-1.3576525	
ENSMUSG00000138960		-1.3576525	
Gm5679		-1.3576525	
Pcdhb7		-1.3576525	
Kcna1		-1.3578788	
Klhdc7b		-1.3578788	
ENSMUSG00000126264		-1.3598056	
Gm26766		-1.3599547	
Cldn11		-1.3599854	
Nxf3		-1.3606374	
ENSMUSG00000125349		-1.3612658	
ENSMUSG00000140848		-1.3618048	
ENSMUSG00000133368		-1.3641658	
ENSMUSG00000143968		-1.3645505	
Slc25a18		-1.3666611	
Gm26457		-1.3693627	
ENSMUSG00000142296		-1.3693627	
ENSMUSG00000124470		-1.3699191	
Gip		-1.3733897	
Serping1		-1.3737006	
ENSMUSG00000135564		-1.373997	
1700093K21Rik		-1.376354	
Art5		-1.3768609	
Gm56606		-1.3772466	
ENSMUSG00000126606		-1.3773881	
Btc		-1.3776767	
ENSMUSG00000132201		-1.3792008	
Htr2a		-1.3794714	
ENSMUSG00000141762		-1.3802406	
ENSMUSG00000132238		-1.3824189	
ENSMUSG00000131361		-1.3824189	
ENSMUSG00000128623		-1.3836075	
Erv3		-1.3843046	
Gm44129		-1.387472	
Gckr		-1.3889776	
Gm29609		-1.389856	
Gm42555		-1.389856	
Ctnna2		-1.389856	
ENSMUSG00000131628		-1.389856	
Atp13a4		-1.389856	
Adgre4		-1.389856	
Bean1		-1.3903137	
Gm57170		-1.3906671	
ENSMUSG00000129896		-1.3906671	
Gm8539		-1.3906671	
Slco1a5		-1.3906671	
ENSMUSG00000127665		-1.3906671	
Gm47994		-1.3906671	
Gm30411		-1.3906671	
ENSMUSG00000140480		-1.3906671	
ENSMUSG00000125319		-1.3906671	
Fam246a		-1.3906671	
Gm50050		-1.3906671	
D430020J02Rik		-1.3947847	
4930507D05Rik		-1.3957483	
ENSMUSG00000140688		-1.3982085	
ENSMUSG00000128146		-1.3982153	
ENSMUSG00000141563		-1.3997344	
ENSMUSG00000122440		-1.4010705	
Gm17023		-1.4013895	
Gm42544		-1.402719	
Cysltr2		-1.4030879	
ENSMUSG00000128371		-1.4032701	
Gm43916		-1.4038944	
ENSMUSG00000125495		-1.4068861	
Nfkbie		-1.4070417	
ENSMUSG00000142416		-1.407353	
Gm28982		-1.4075037	
Chrna1os		-1.4075037	
Gm45150		-1.4076598	
Gm31992		-1.4096674	
Gm5970		-1.4096674	
Mrgprg		-1.410408	
ENSMUSG00000141895		-1.4120089	
Mia		-1.4120089	
ENSMUSG00000129553		-1.4120089	
Tmem41b-ps		-1.4120089	
ENSMUSG00000123613		-1.4120089	
ENSMUSG00000134763		-1.4120089	
ENSMUSG00000127589		-1.4120089	
Gm49397		-1.4120089	
Cpne7		-1.4120634	
Gm37669		-1.41285	
Gm26801		-1.41285	
Stc2		-1.4144399	
ENSMUSG00000135697		-1.4150707	
ENSMUSG00000123733		-1.4159915	
Prelid3a		-1.4163725	
Gpr21		-1.4182988	
Gm13031		-1.4182988	
ENSMUSG00000141413		-1.4205259	
Rnasek		-1.4242412	
Gm47389		-1.4248861	
Gm14963		-1.4252763	
Mustn1		-1.4262327	
Adgrb3		-1.4272848	
Gm37640		-1.4272848	
Vmn2r53		-1.4272848	
ENSMUSG00000125499		-1.4272848	
ENSMUSG00000122818		-1.4272848	
B430319G15Rik		-1.4286699	
Dmp1		-1.4296197	
H2-Q6		-1.4297744	
Gm15587		-1.4327254	
4930500F10Rik		-1.432727	
4930563E18Rik		-1.4329565	
ENSMUSG00000124063		-1.4339485	
Lhx3		-1.4362051	
ENSMUSG00000142206		-1.4362051	
Minar2		-1.4372253	
ENSMUSG00000143258		-1.4379373	
Gm15327		-1.4385518	
Cxcl2		-1.4385643	
Bmerb1		-1.4410462	
ENSMUSG00000127888		-1.4420505	
Tsnaxip1		-1.4422696	
Gm22581		-1.4426624	
Gm37802		-1.4430816	
Garin1a		-1.4430816	
Smok4a		-1.4463136	
Gm10769		-1.4463683	
Sftpc		-1.4463683	
Ccdc158		-1.4466095	
Gm28375		-1.4473705	
ENSMUSG00000124273		-1.4473705	
Gm57159		-1.4473705	
Gm33115		-1.4473705	
Anxa2r1		-1.4473705	
ENSMUSG00000135848		-1.4473705	
2010010A06Rik		-1.4484769	
Gm44423		-1.4488431	
Hmgb1-ps7		-1.4498141	
Gm20442		-1.4499847	
Gzme		-1.4508015	
Stmn4		-1.4519247	
Gm12057		-1.4522153	
ENSMUSG00000143177		-1.4527205	
Fpr2		-1.4545797	
Chrm3		-1.4549534	
Gm36551		-1.4555246	
D5Ertd615e		-1.4557211	
Saa1		-1.4569178	
ENSMUSG00000137095		-1.4575788	
ENSMUSG00000128207		-1.4581698	
Gm5150		-1.458658	
Gbx1		-1.458658	
ENSMUSG00000138253		-1.458658	
Gm14376		-1.458658	
Gm46447		-1.4607486	
Cpne9		-1.4613097	
Rtp3		-1.4613551	
4930562C15Rik		-1.4613551	
Tmem114		-1.4618378	
Slfn3		-1.462401	
ENSMUSG00000139590		-1.4625131	
Eif1ad10		-1.4627459	
ENSMUSG00000129986		-1.4630282	
9230109A22Rik		-1.4639388	
ENSMUSG00000142743		-1.4655527	
Iglon5		-1.4656004	
Mir8094		-1.4656004	
Hc		-1.4656022	
Tex13b		-1.4656239	
Gm40909		-1.4681255	
Reln		-1.4684604	
Slc2a6		-1.4685373	
ENSMUSG00000141873		-1.4685587	
ENSMUSG00000136103		-1.4687606	
ENSMUSG00000140679		-1.4687606	
Gm42467		-1.4687606	
Mroh7		-1.4703313	
Mroh5		-1.4703313	
1110003F10Rik		-1.4704974	
Tubb4b-ps2		-1.4706188	
ENSMUSG00000140712		-1.4706188	
ENSMUSG00000125859		-1.4706188	
ENSMUSG00000134890		-1.4706188	
ENSMUSG00000138389		-1.4706188	
ENSMUSG00000140901		-1.4706188	
ENSMUSG00000142415		-1.4706188	
Gm42519		-1.4706188	
Gm13827		-1.4706188	
ENSMUSG00000131168		-1.4706188	
ENSMUSG00000125693		-1.4706188	
ENSMUSG00000127389		-1.4706188	
ENSMUSG00000122001		-1.4706188	
Fbxw24		-1.4706188	
ENSMUSG00000141108		-1.4706188	
ENSMUSG00000140653		-1.4706188	
ENSMUSG00000133151		-1.4706188	
Gm10330		-1.4706188	
ENSMUSG00000138893		-1.4706188	
ENSMUSG00000135682		-1.4706188	
Gm10837		-1.4706188	
Spink10		-1.4706188	
ENSMUSG00000131068		-1.4706188	
Crtac1		-1.4706188	
ENSMUSG00000128986		-1.4709297	
Gm6116		-1.4760025	
A2m		-1.4760714	
Gm46367		-1.4766268	
ENSMUSG00000132443		-1.4773194	
Gm22571		-1.4778669	
Ptpn20		-1.4781413	
Gm37354		-1.4802083	
4931408D14Rik		-1.4803054	
Serpinb10		-1.4810152	
1700060J05Rik		-1.4810152	
Hoxaas2		-1.4810152	
ENSMUSG00000124881		-1.4810152	
Gm39228		-1.4810152	
Themis		-1.4810152	
Eid3		-1.4810152	
Gm12198		-1.4810152	
Crhbp		-1.4810152	
4930556J02Rik		-1.4810152	
Gm49282		-1.4810152	
Rps18-ps5		-1.4818836	
ENSMUSG00000142034		-1.4825531	
Gm7334		-1.4825531	
Siglecl1		-1.4833752	
Gm41609		-1.4834262	
Wdr38		-1.4856637	
Papolb		-1.4860084	
Trim9		-1.4860516	
ENSMUSG00000127403		-1.4864638	
ENSMUSG00000128863		-1.4872537	
Adcy10		-1.4872915	
Gm4651		-1.4872973	
Tnfsf13b		-1.4886893	
9630050E16Rik		-1.4891052	
Ldhb-ps		-1.4901619	
ENSMUSG00000130450		-1.4930677	
ENSMUSG00000137403		-1.4931443	
ENSMUSG00000139691		-1.4946258	
Gm37058		-1.4953499	
ENSMUSG00000131779		-1.4953499	
1700094M23Rik		-1.4953499	
ENSMUSG00000130270		-1.4953499	
ENSMUSG00000140523		-1.4953499	
Csl		-1.4953499	
ENSMUSG00000143055		-1.4953499	
Rpl27a-ps4		-1.4953499	
Gm18095		-1.4953499	
Gm37503		-1.4967091	
Faim2		-1.4977474	
ENSMUSG00000121510		-1.4977474	
Masp1		-1.5000035	
Treml1		-1.5000988	
Pde6a		-1.5001379	
Gm48624		-1.5004871	
Or2z9		-1.5039337	
Lum		-1.5065311	
ENSMUSG00000131825		-1.5110074	
Prrt1		-1.5111141	
Il4i1		-1.5114731	
Gm5823		-1.5126748	
Gm57265		-1.5137627	
Gm4342		-1.5137627	
Hcn3		-1.5140406	
ENSMUSG00000122866		-1.5143051	
Oas1d		-1.5161912	
Gm49701		-1.517079	
Gm56824		-1.5181351	
Gm19951		-1.5182279	
ENSMUSG00000124997		-1.5184149	
Gm43931		-1.5197937	
Gm15287		-1.5197937	
Gm49083		-1.5197937	
ENSMUSG00000130107		-1.5211116	
Gm13582		-1.5218405	
Cd2		-1.5235244	
ENSMUSG00000143650		-1.5236435	
ENSMUSG00000127523		-1.525361	
Fgl1		-1.525595	
Serpine2		-1.5266484	
Retnlg		-1.5278385	
Gm13580		-1.5305475	
Ampd1		-1.5318184	
Gm57417		-1.5336508	
B630019A10Rik		-1.5336508	
Gm44617		-1.5343637	
L3mbtl4		-1.5374827	
Gm42979		-1.5385239	
ENSMUSG00000139835		-1.5386411	
Gm31518		-1.5397209	
Gm57202		-1.53993	
Gm11665		-1.5399947	
Gm25492		-1.5400513	
Gm48193		-1.5400513	
Sult6b2		-1.5402226	
E030022I16Rik		-1.5409181	
ENSMUSG00000136448		-1.5421684	
1700027A07Rik		-1.5421684	
ENSMUSG00000135833		-1.5427932	
Hgf		-1.5428549	
Gm36328		-1.5429796	
Gm12350		-1.5467337	
ENSMUSG00000134996		-1.5467337	
Gm13708		-1.5480238	
Gm26202		-1.5480793	
Gm12630		-1.5510535	
Gm46411		-1.5510535	
ENSMUSG00000133108		-1.5510535	
Gm48508		-1.5520215	
ENSMUSG00000140252		-1.5523362	
ENSMUSG00000128040		-1.5528771	
ENSMUSG00000134509		-1.5528941	
ENSMUSG00000124821		-1.5530825	
ENSMUSG00000124678		-1.5530825	
ENSMUSG00000140378		-1.5555826	
ENSMUSG00000129843		-1.5563838	
Rs1		-1.5564519	
D430019H16Rik		-1.5577863	
Gm16031		-1.558236	
Rnaset2b		-1.558236	
Gm26531		-1.5597615	
ENSMUSG00000140626		-1.5608481	
Gm48965		-1.5615278	
Dsg4		-1.5615278	
9330188P03Rik		-1.5618709	
Gm973		-1.5641855	
ENSMUSG00000128746		-1.5697901	
ENSMUSG00000128721		-1.5704947	
ENSMUSG00000136628		-1.570566	
Ttll11		-1.571035	
Gm36963		-1.5724673	
ENSMUSG00000136651		-1.5725964	
Gm20033		-1.5741283	
Csn2		-1.5752679	
Gm28863		-1.5769215	
Gm44081		-1.5772195	
ENSMUSG00000133281		-1.5782095	
Gm47769		-1.579893	
Gm11591		-1.5806981	
Gm11605		-1.5806981	
Gm24497		-1.5806981	
4833421G17Rik		-1.5806981	
Gm3851		-1.5806981	
Gm10521		-1.5806981	
ENSMUSG00000128576		-1.5806981	
Gm26236		-1.5806981	
ENSMUSG00000126333		-1.5806981	
Gm13497		-1.5806981	
ENSMUSG00000139231		-1.5806981	
ENSMUSG00000126844		-1.5806981	
Gm14017		-1.5806981	
ENSMUSG00000138001		-1.5806981	
Platr15		-1.5806981	
Sun5		-1.5806981	
Gm14172		-1.5806981	
Gm14279		-1.5806981	
Gm14176		-1.5806981	
Gm14260		-1.5806981	
Gm14413		-1.5806981	
Gm37164		-1.5806981	
Gm37009		-1.5806981	
Rpl28-ps2		-1.5806981	
M6pr-ps		-1.5806981	
Ntng1		-1.5806981	
Gm11836		-1.5806981	
Gm56184		-1.5806981	
ENSMUSG00000136587		-1.5806981	
Gm25419		-1.5806981	
Pramel17		-1.5806981	
Gm15904		-1.5806981	
Gm12977		-1.5806981	
ENSMUSG00000124718		-1.5806981	
Zfp600		-1.5806981	
ENSMUSG00000141061		-1.5806981	
ENSMUSG00000133805		-1.5806981	
Gm5867		-1.5806981	
Gm25768		-1.5806981	
Odam		-1.5806981	
E030032P16Rik		-1.5806981	
Gm5871		-1.5806981	
1700081B01Rik		-1.5806981	
Gm8454		-1.5806981	
ENSMUSG00000128335		-1.5806981	
1700072O05Rik		-1.5806981	
Klra1		-1.5806981	
4732416N19Rik		-1.5806981	
Gm57243		-1.5806981	
ENSMUSG00000134048		-1.5806981	
Josd1-ps		-1.5806981	
ENSMUSG00000142173		-1.5806981	
ENSMUSG00000143647		-1.5806981	
C130083A15Rik		-1.5806981	
Gm45183		-1.5806981	
Gm8319		-1.5806981	
Gm18943		-1.5806981	
Gm6341		-1.5806981	
Or52j3		-1.5806981	
ENSMUSG00000143087		-1.5806981	
ENSMUSG00000140861		-1.5806981	
ENSMUSG00000137599		-1.5806981	
Fcor		-1.5806981	
Gm44911		-1.5806981	
Tpte		-1.5806981	
ENSMUSG00000135667		-1.5806981	
ENSMUSG00000124378		-1.5806981	
Gm18541		-1.5806981	
ENSMUSG00000122056		-1.5806981	
ENSMUSG00000136643		-1.5806981	
Gm8524		-1.5806981	
ENSMUSG00000140049		-1.5806981	
Gm29825		-1.5806981	
ENSMUSG00000130945		-1.5806981	
Gm29323		-1.5806981	
Gm30346		-1.5806981	
ENSMUSG00000124265		-1.5806981	
ENSMUSG00000130271		-1.5806981	
ENSMUSG00000131433		-1.5806981	
Gm12162		-1.5806981	
Gemin4		-1.5806981	
ENSMUSG00000124060		-1.5806981	
Hoxb3os		-1.5806981	
Gm11557		-1.5806981	
Krtap9-21		-1.5806981	
ENSMUSG00000130475		-1.5806981	
ENSMUSG00000128754		-1.5806981	
ENSMUSG00000143160		-1.5806981	
Gm48033		-1.5806981	
Gm21941		-1.5806981	
Gm48035		-1.5806981	
Slirp		-1.5806981	
Gm9260		-1.5806981	
Gm24873		-1.5806981	
Trgc4		-1.5806981	
Gm48703		-1.5806981	
Gm49350		-1.5806981	
Gm48570		-1.5806981	
Gm48583		-1.5806981	
Gm49400		-1.5806981	
Gm48690		-1.5806981	
Gm55566		-1.5806981	
Gm6311		-1.5806981	
ENSMUSG00000130287		-1.5806981	
Gm10378		-1.5806981	
Gm17124		-1.5806981	
Gm48975		-1.5806981	
ENSMUSG00000134013		-1.5806981	
Mir6948		-1.5806981	
Gm31072		-1.5806981	
Gm16374		-1.5806981	
ENSMUSG00000123859		-1.5806981	
Gm49195		-1.5806981	
Rps6-ps1		-1.5806981	
ENSMUSG00000143026		-1.5806981	
ENSMUSG00000134782		-1.5806981	
ENSMUSG00000134398		-1.5806981	
Ribc2		-1.5806981	
ENSMUSG00000125623		-1.5806981	
ENSMUSG00000136935		-1.5806981	
ENSMUSG00000129289		-1.5806981	
Mir6973a		-1.5806981	
Vhl-ps1		-1.5806981	
ENSMUSG00000129568		-1.5806981	
Gm27023		-1.5806981	
Gm24722		-1.5806981	
Gm31087		-1.5806981	
Gm26403		-1.5806981	
Gm30641		-1.5806981	
ENSMUSG00000122900		-1.5806981	
Gm6684		-1.5806981	
Ap3s1-ps1		-1.5806981	
Gm14639		-1.5806981	
ENSMUSG00000139548		-1.5806981	
Gm8019		-1.5806981	
Gm15191		-1.5806981	
Matn2		-1.5817033	
Ctrb1		-1.5841858	
Trdv4		-1.5841858	
Tbx3os2		-1.5844712	
Cdh17		-1.5857619	
ENSMUSG00000138883		-1.5860375	
Gm6474		-1.5860375	
ENSMUSG00000140546		-1.5875145	
Gm56842		-1.587679	
Prss48		-1.5877984	
Gm44226		-1.5884607	
Klk15		-1.5913925	
AI854703		-1.5921526	
Tmem212		-1.5921602	
Gm33586		-1.5929962	
Gm37924		-1.5931562	
Gm12926		-1.5940076	
Gm45855		-1.5953019	
ENSMUSG00000134169		-1.5954746	
Gm57231		-1.5970188	
Gm42515		-1.597112	
Enkur		-1.6016855	
Rab9b		-1.6022289	
ENSMUSG00000143925		-1.6038189	
ENSMUSG00000138016		-1.6038508	
Gm49382		-1.6038508	
Adrb3		-1.6043518	
Gm36440		-1.6046604	
Gm13183		-1.6053357	
ENSMUSG00000135562		-1.6053357	
Gm10291		-1.6053357	
ENSMUSG00000133910		-1.6053357	
Gm13283		-1.6053357	
Gm12796		-1.6053357	
ENSMUSG00000142621		-1.6053357	
ENSMUSG00000139886		-1.6053357	
Ces4a		-1.6053357	
ENSMUSG00000121452		-1.6053357	
4930467K11Rik		-1.6053357	
ENSMUSG00000135317		-1.6053357	
Gm19585		-1.6053357	
ENSMUSG00000142514		-1.6064109	
Adamts7		-1.6065631	
1700122E12Rik		-1.6091092	
ENSMUSG00000131743		-1.6100938	
Faddos		-1.6105056	
Ddo		-1.6120181	
ENSMUSG00000131318		-1.6120868	
Gm9947		-1.6120868	
ENSMUSG00000133044		-1.6120868	
Gm57422		-1.6120868	
Wfdc6b		-1.6120868	
Gm20628		-1.6120868	
Gm25604		-1.6120868	
Trbv12-2		-1.6120868	
5730596B20Rik		-1.6120868	
ENSMUSG00000138185		-1.6120868	
Gm7542		-1.6120868	
Gm45828		-1.6120868	
Gm56933		-1.6120868	
A230077H06Rik		-1.6120868	
Gm45675		-1.6120868	
ENSMUSG00000139836		-1.6120868	
Gm3081		-1.6120868	
ENSMUSG00000143569		-1.6120868	
Nlrp1a		-1.6120868	
Gm39468		-1.6120868	
A830009L08Rik		-1.6120868	
ENSMUSG00000135765		-1.6120868	
ENSMUSG00000138293		-1.6120868	
Gm50152		-1.6120868	
Nap1l2		-1.6120868	
Gm15046		-1.6120868	
Gm26912		-1.6123488	
Gml2		-1.6128645	
ENSMUSG00000133472		-1.6134895	
Crxos		-1.6134895	
ENSMUSG00000121430		-1.6135305	
Lockd		-1.615572	
Gm32342		-1.615572	
Gm36660		-1.615774	
AA645442		-1.6158046	
Gm17146		-1.6158046	
Gm9710		-1.6158046	
ENSMUSG00000143194		-1.6158046	
ENSMUSG00000133542		-1.6160108	
Gm45222		-1.6163203	
Gm20517		-1.6169585	
Gpr143		-1.6172533	
ENSMUSG00000135519		-1.6180409	
Gdf15		-1.6193259	
Slitrk2		-1.6201566	
ENSMUSG00000141304		-1.6222432	
Gm14232		-1.6227186	
ENSMUSG00000134032		-1.6267953	
Pglyrp4		-1.627472	
4632418H02Rik		-1.627472	
Gm47550		-1.627472	
Gm56624		-1.6309301	
1700047F07Rik		-1.6313887	
ENSMUSG00000134058		-1.6315558	
Cckar		-1.6315558	
Gm15492		-1.6315558	
ENSMUSG00000141052		-1.6315558	
Gm49549		-1.6315558	
Gm20574		-1.6315558	
Gm56654		-1.6324605	
ENSMUSG00000143188		-1.6325002	
Gm28594		-1.6325002	
Gm37909		-1.6325002	
A130048G24Rik		-1.6325002	
Gm37205		-1.6325002	
Gm38218		-1.6325002	
Gm47969		-1.6325002	
Gm38374		-1.6325002	
9930111H07Rik		-1.6325002	
Alpi		-1.6325002	
Gm29462		-1.6325002	
Il10		-1.6325002	
Tnfsf4		-1.6325002	
1700023G09Rik		-1.6325002	
Gm13380		-1.6325002	
Gm13422		-1.6325002	
Barhl1		-1.6325002	
ENSMUSG00000144116		-1.6325002	
ENSMUSG00000140556		-1.6325002	
Slc28a2b		-1.6325002	
ENSMUSG00000136104		-1.6325002	
Gm4430		-1.6325002	
ENSMUSG00000137341		-1.6325002	
Gm14140		-1.6325002	
Slc32a1		-1.6325002	
ENSMUSG00000128876		-1.6325002	
Gm38001		-1.6325002	
Gm20755		-1.6325002	
Gm5846		-1.6325002	
ENSMUSG00000127846		-1.6325002	
ENSMUSG00000128398		-1.6325002	
ENSMUSG00000122945		-1.6325002	
Gpr88		-1.6325002	
ENSMUSG00000127358		-1.6325002	
ENSMUSG00000123783		-1.6325002	
Gm56810		-1.6325002	
Gm10636		-1.6325002	
ENSMUSG00000130096		-1.6325002	
ENSMUSG00000130767		-1.6325002	
Gm12705		-1.6325002	
ENSMUSG00000142672		-1.6325002	
ENSMUSG00000127712		-1.6325002	
ENSMUSG00000138568		-1.6325002	
ENSMUSG00000122909		-1.6325002	
ENSMUSG00000134242		-1.6325002	
4930519H02Rik		-1.6325002	
ENSMUSG00000133933		-1.6325002	
G630022F23Rik		-1.6325002	
Slc10a4-ps		-1.6325002	
Gnrhr		-1.6325002	
ENSMUSG00000142798		-1.6325002	
Gm19610		-1.6325002	
Gm13842		-1.6325002	
B230112J18Rik		-1.6325002	
ENSMUSG00000139324		-1.6325002	
ENSMUSG00000127693		-1.6325002	
Gm55823		-1.6325002	
4930412F09Rik		-1.6325002	
ENSMUSG00000127486		-1.6325002	
Gm26807		-1.6325002	
Vmn1r26		-1.6325002	
Igkv10-96		-1.6325002	
ENSMUSG00000128684		-1.6325002	
ENSMUSG00000133763		-1.6325002	
Gm43937		-1.6325002	
Gm43868		-1.6325002	
Gm43965		-1.6325002	
Clec2m		-1.6325002	
ENSMUSG00000140597		-1.6325002	
Gm44069		-1.6325002	
Garin5b		-1.6325002	
Vmn1r76		-1.6325002	
Igfl3		-1.6325002	
Cyp2b9		-1.6325002	
ENSMUSG00000139778		-1.6325002	
Klk12		-1.6325002	
Gm45437		-1.6325002	
Otud7a		-1.6325002	
ENSMUSG00000131121		-1.6325002	
Gm44808		-1.6325002	
Gm39035		-1.6325002	
ENSMUSG00000140675		-1.6325002	
Or51r1		-1.6325002	
ENSMUSG00000124367		-1.6325002	
Clec4g		-1.6325002	
ENSMUSG00000133638		-1.6325002	
Semp2l2a		-1.6325002	
B230112G18Rik		-1.6325002	
Cers1		-1.6325002	
Iqcn		-1.6325002	
Gm3835		-1.6325002	
ENSMUSG00000127341		-1.6325002	
4933406B17Rik		-1.6325002	
Gm45833		-1.6325002	
Gm26812		-1.6325002	
ENSMUSG00000128506		-1.6325002	
ENSMUSG00000124208		-1.6325002	
Gm27188		-1.6325002	
Gm10635		-1.6325002	
ENSMUSG00000131379		-1.6325002	
ENSMUSG00000127193		-1.6325002	
Gm8449		-1.6325002	
5830462I19Rik		-1.6325002	
ENSMUSG00000124375		-1.6325002	
Vipr1		-1.6325002	
ENSMUSG00000138635		-1.6325002	
Hmgb1-ps8		-1.6325002	
ENSMUSG00000125336		-1.6325002	
Gm47922		-1.6325002	
Or6c213		-1.6325002	
Fbxo48		-1.6325002	
Gm16140		-1.6325002	
5730522E02Rik		-1.6325002	
ENSMUSG00000141852		-1.6325002	
ENSMUSG00000122406		-1.6325002	
Rnf112		-1.6325002	
ENSMUSG00000138620		-1.6325002	
Tspoap1		-1.6325002	
9930022D16Rik		-1.6325002	
Gm11736		-1.6325002	
ENSMUSG00000135236		-1.6325002	
Gm18774		-1.6325002	
ENSMUSG00000134826		-1.6325002	
Gm48586		-1.6325002	
ENSMUSG00000125888		-1.6325002	
Tmem196		-1.6325002	
Gm16133		-1.6325002	
Gm10775		-1.6325002	
Gm16318		-1.6325002	
ENSMUSG00000127470		-1.6325002	
Eddm3b		-1.6325002	
ENSMUSG00000125368		-1.6325002	
Adamdec1		-1.6325002	
Gm9247		-1.6325002	
ENSMUSG00000122035		-1.6325002	
5430437J10Rik		-1.6325002	
ENSMUSG00000130169		-1.6325002	
ENSMUSG00000140022		-1.6325002	
Gm10923		-1.6325002	
Gm49475		-1.6325002	
Gm56704		-1.6325002	
4833415N18Rik		-1.6325002	
ENSMUSG00000141814		-1.6325002	
ENSMUSG00000129261		-1.6325002	
Cd200l1		-1.6325002	
ENSMUSG00000134790		-1.6325002	
ENSMUSG00000130858		-1.6325002	
Gm49659		-1.6325002	
ENSMUSG00000124890		-1.6325002	
Gm17087		-1.6325002	
ENSMUSG00000133156		-1.6325002	
Gm3946		-1.6325002	
Gm9874		-1.6325002	
ENSMUSG00000131033		-1.6325002	
Fsd1		-1.6325002	
Nudt12os		-1.6325002	
Capn13		-1.6325002	
ENSMUSG00000125905		-1.6325002	
ENSMUSG00000139811		-1.6325002	
Aqp4		-1.6325002	
Klhl14		-1.6325002	
Gm50399		-1.6325002	
C330008A17Rik		-1.6325002	
Gm56493		-1.6325002	
ENSMUSG00000121696		-1.6325002	
Gm49971		-1.6325002	
ENSMUSG00000135986		-1.6325002	
ENSMUSG00000140329		-1.6325002	
Gm50355		-1.6325002	
ENSMUSG00000135905		-1.6325002	
ENSMUSG00000137572		-1.6325002	
ENSMUSG00000130077		-1.6325002	
ENSMUSG00000123125		-1.6325002	
Gm38345		-1.6325002	
Gm24336		-1.6325002	
Gm56646		-1.6325002	
ENSMUSG00000142330		-1.6325002	
Magee2		-1.6325002	
ENSMUSG00000139703		-1.6325002	
Gm10344		-1.6325002	
Foxr2		-1.6325002	
H2ac8		-1.633272	
Cabs1		-1.6353694	
ENSMUSG00000134420		-1.6357641	
4930434J08Rik		-1.6362008	
ENSMUSG00000129874		-1.6378515	
Ctxnd1		-1.6380191	
Ftcd		-1.6380191	
Gm3912		-1.6387731	
ENSMUSG00000132106		-1.6424458	
Zfp454		-1.6434287	
Gm32618		-1.6442982	
Gprc5d		-1.6480168	
6530402F18Rik		-1.648979	
Gm43378		-1.6491792	
Gm31834		-1.65148	
Gm13252		-1.6518593	
Gm11592		-1.6518599	
Otx1		-1.6520767	
Gm45838		-1.6536307	
Gm38384		-1.6547195	
Rptoros		-1.6560175	
Gm37666		-1.656986	
Tchhl1		-1.6578733	
ENSMUSG00000124785		-1.6588618	
Gm22572		-1.6590534	
Gm13411		-1.6591284	
Fibcd1		-1.6591284	
Chrna1		-1.6591284	
Cfap54		-1.6591284	
ENSMUSG00000126777		-1.6591284	
ENSMUSG00000128517		-1.6619409	
ENSMUSG00000139201		-1.6630734	
Gm30784		-1.6630734	
ENSMUSG00000139342		-1.6630734	
Gm10136		-1.6630734	
Gm24400		-1.663095	
Mir7651		-1.66423	
ENSMUSG00000139325		-1.6643281	
Gzmf		-1.6655066	
Cimip2a		-1.6658412	
Rxfp2		-1.6658412	
Nkg7		-1.6658412	
ENSMUSG00000136317		-1.6658412	
ENSMUSG00000137330		-1.6658412	
1700016K05Rik		-1.6658412	
Spdya		-1.6658412	
Tcp11x2		-1.6658412	
Gm26813		-1.6660715	
Gm44421		-1.6666286	
ENSMUSG00000131931		-1.6669865	
ENSMUSG00000128745		-1.6669865	
Gm15792		-1.6669865	
ENSMUSG00000134769		-1.6669865	
Gm47062		-1.6669865	
Gm16246		-1.6669865	
ENSMUSG00000126585		-1.6672094	
ENSMUSG00000139820		-1.6672094	
Ceacam20		-1.6688769	
Gm7527		-1.6690294	
ENSMUSG00000129746		-1.6700916	
Gm47163		-1.6714282	
Sh3gl3		-1.6721797	
Gm15958		-1.6737891	
ENSMUSG00000140504		-1.6739384	
ENSMUSG00000143998		-1.6746727	
Gm43863		-1.6803312	
Il19		-1.6810622	
Grin2a		-1.6810622	
Gm43817		-1.681866	
Prr19		-1.681866	
Gm14396		-1.6828433	
ENSMUSG00000142977		-1.6828433	
Gm48770		-1.682966	
9330162012Rik		-1.6837448	
Gm6634		-1.6840203	
ENSMUSG00000127103		-1.6851999	
Gm49991		-1.6857622	
Fgl2		-1.6865438	
Btla		-1.6867869	
ENSMUSG00000133649		-1.6873839	
Ccdc63		-1.6908746	
Tnfrsf11b		-1.6949203	
Gm7993		-1.6969832	
ENSMUSG00000128622		-1.6975917	
Gm45464		-1.698528	
ENSMUSG00000141319		-1.7013805	
Gm37912		-1.7013805	
ENSMUSG00000138320		-1.7013805	
4933429H19Rik		-1.7013805	
ENSMUSG00000131468		-1.7013805	
Gm4219		-1.7013805	
Gm4107		-1.70191	
ENSMUSG00000139945		-1.7029417	
Tmie		-1.7054476	
Gm22009		-1.707141	
ENSMUSG00000140508		-1.7081176	
8030456M14Rik		-1.7123662	
Cnga2		-1.7123662	
9330104G04Rik		-1.7132562	
Gm10163		-1.7134025	
Gm5091		-1.714097	
Kcng2		-1.7160788	
Gm38503		-1.7163419	
Scgb1b30		-1.7173259	
ENSMUSG00000122137		-1.7173259	
ENSMUSG00000139673		-1.7173259	
Gm27198		-1.7173259	
Mir326		-1.717772	
Sros1		-1.717772	
Gm30539		-1.717772	
ENSMUSG00000130579		-1.717772	
ENSMUSG00000130499		-1.717772	
Rgs18		-1.7231756	
Tgm3		-1.7231756	
Ankfn1		-1.7231756	
Gm56682		-1.7232051	
ENSMUSG00000129725		-1.7232832	
Gm14252		-1.7255582	
Gm56795		-1.7261561	
ENSMUSG00000132155		-1.7308558	
ENSMUSG00000140627		-1.7359866	
St8sia6		-1.7385083	
ENSMUSG00000142643		-1.7392908	
Gm43506		-1.7392908	
ENSMUSG00000129866		-1.7392908	
Vmn1r53		-1.7392908	
ENSMUSG00000126920		-1.7392908	
ENSMUSG00000133850		-1.7392908	
B230216N24Rik		-1.7403319	
Gm9294		-1.741113	
Gm42726		-1.741192	
ENSMUSG00000122174		-1.7415695	
ENSMUSG00000135261		-1.7463404	
ENSMUSG00000133579		-1.7463522	
Zg16		-1.7490844	
Blk		-1.7502658	
Mir542		-1.7507399	
Gm12263		-1.7507851	
Slc26a3		-1.7511741	
ENSMUSG00000138531		-1.7514151	
ENSMUSG00000129355		-1.7525998	
Vmn1r42		-1.7548815	
Gm20501		-1.7570438	
ENSMUSG00000128947		-1.7578242	
Stfa2l1		-1.7594063	
Gm33732		-1.7629286	
ENSMUSG00000128324		-1.7634305	
Gm7049		-1.7711866	
Opn1mw		-1.7711866	
Gm5540		-1.771948	
ENSMUSG00000128294		-1.7734832	
Vis1		-1.7734832	
ENSMUSG00000135663		-1.7734832	
4921511C10Rik		-1.7757765	
ENSMUSG00000124715		-1.7757765	
Gm43982		-1.7757765	
Atcay		-1.7757765	
Gm3667		-1.7757765	
Gm56919		-1.7757765	
ENSMUSG00000128814		-1.7759634	
ENSMUSG00000127731		-1.7767693	
Gm11521		-1.7779794	
Redic1		-1.7786897	
Gm49785		-1.7797956	
Gm13522		-1.7850748	
1700003F12Rik		-1.7863736	
4930486L24Rik		-1.7868893	
Gm48860		-1.7879455	
Olig1		-1.7903466	
Kcnn2		-1.7903697	
Duoxa2		-1.7909126	
Gm11210		-1.7909126	
ENSMUSG00000136648		-1.7909126	
ENSMUSG00000138573		-1.7915202	
Gm50287		-1.7915202	
Gm57105		-1.796934	
Gimap3		-1.7976893	
U2af1l4		-1.7984778	
Gm37145		-1.8006265	
Gm28959		-1.8019993	
Gm56554		-1.8019993	
ENSMUSG00000140379		-1.8026018	
Gm12865		-1.8026319	
Mmp10		-1.8042731	
Gm23969		-1.8077154	
Gm47796		-1.8077154	
Ccdc142		-1.8084407	
Gm56817		-1.8096735	
Gm11342		-1.8096735	
Gm2986		-1.8107018	
Gm12298		-1.8124682	
Mir7059		-1.8142433	
ENSMUSG00000123479		-1.8143438	
ENSMUSG00000126469		-1.8166736	
Gm45114		-1.8184354	
Gm15241		-1.8184354	
Mefv		-1.8185377	
Gm43774		-1.820794	
Gm20482		-1.8231362	
ENSMUSG00000140193		-1.8233314	
Gm42865		-1.8259765	
Gm15694		-1.8274692	
Gm38125		-1.8287606	
ENSMUSG00000142591		-1.8287606	
Gm35417		-1.8287606	
Arf4os		-1.8287606	
ENSMUSG00000139147		-1.8287606	
Gm32996		-1.8304222	
Lhfpl7		-1.8304222	
Gm57201		-1.8304222	
Gm37314		-1.8304222	
Gm20661		-1.8304222	
ENSMUSG00000140231		-1.8304222	
Gm46637		-1.8304222	
Gm57255		-1.8322045	
Gm38169		-1.8343269	
Gm43713		-1.8343269	
1110019B22Rik		-1.8343269	
Gm6562		-1.8343269	
Gm50365		-1.8343269	
Gm15008		-1.8343269	
ENSMUSG00000124756		-1.8350792	
Ctsk		-1.8354404	
ENSMUSG00000130729		-1.8396443	
Csrp3		-1.8397162	
Nrip2		-1.8409531	
Kcnmb2		-1.842655	
Wt1os		-1.8453633	
Gm45053		-1.8468752	
Prf1		-1.8471566	
ENSMUSG00000126387		-1.8511568	
ENSMUSG00000131551		-1.8557205	
Eif1ad8		-1.8592496	
ENSMUSG00000136678		-1.8644383	
Gm44957		-1.8648554	
Gm25135		-1.8648554	
ENSMUSG00000137875		-1.8650509	
Gm16103		-1.8650509	
Gm28294		-1.8650509	
Gm37109		-1.8650509	
ENSMUSG00000138596		-1.8650509	
1700003E16Rik		-1.8650509	
Piwil4		-1.8650509	
ENSMUSG00000128886		-1.8650509	
Ankrd31		-1.8650509	
1700031C06Rik		-1.8650509	
ENSMUSG00000129467		-1.8650509	
Rhox2h		-1.8650509	
Mos		-1.8655205	
ENSMUSG00000139851		-1.8655205	
Gm15978		-1.8655205	
Gm46355		-1.8655808	
Gm44172		-1.8665851	
Gm57439		-1.8666126	
4930477O15Rik		-1.8674098	
Gm7598		-1.8679305	
ENSMUSG00000127857		-1.8697355	
Gm30541		-1.8699538	
Eef1a2		-1.8706056	
Cd69		-1.8706541	
ENSMUSG00000125471		-1.8739514	
2900018N21Rik		-1.8739514	
Gm14209		-1.8749108	
Gm57392		-1.8756272	
Bcl2l14		-1.8759086	
ENSMUSG00000128034		-1.8762177	
1700120C14Rik		-1.8775675	
Atp6v0d2		-1.8815545	
ENSMUSG00000138342		-1.8823761	
Mir453		-1.8857301	
ENSMUSG00000129832		-1.8875271	
ENSMUSG00000141102		-1.8875271	
ENSMUSG00000135016		-1.8875271	
Gm8288		-1.8875271	
Ece2		-1.8875271	
ENSMUSG00000127168		-1.8886358	
Gm33682		-1.8904452	
ENSMUSG00000142990		-1.8913767	
Gm35113		-1.8913767	
ENSMUSG00000124638		-1.8915296	
Gm18146		-1.8915797	
Jsrp1		-1.8917618	
Pramel5		-1.8920646	
A430035B10Rik		-1.8920646	
Tspan11		-1.8920646	
Gm56848		-1.8920646	
Itgae		-1.8920646	
ENSMUSG00000136930		-1.8920646	
Frmd7		-1.8920646	
Gm21960		-1.8932539	
Rxfp1		-1.8964229	
Pate14		-1.896571	
Gzmg		-1.8971769	
Gm5624		-1.8976984	
Gm57135		-1.8982657	
Gm5421		-1.8982657	
H2bc7		-1.8982657	
ENSMUSG00000142005		-1.8982657	
Rgs7		-1.9055426	
ENSMUSG00000124444		-1.9055426	
4930453L07Rik		-1.9055426	
ENSMUSG00000123446		-1.9055426	
Vmo1		-1.9055426	
ENSMUSG00000131436		-1.9102792	
Gm15956		-1.9105757	
Gm29084		-1.9122368	
ENSMUSG00000131962		-1.9137125	
D930007J09Rik		-1.9162376	
Sycp3		-1.9170104	
Gm15540		-1.917404	
Fcrl6		-1.9190226	
Sncg		-1.9232893	
Gm10863		-1.9238927	
ENSMUSG00000125815		-1.9245335	
Jmjd7		-1.9256334	
Pira13		-1.9261405	
Bcas3os2		-1.9293218	
Ccno		-1.9324658	
2310039L15Rik		-1.9377794	
Gm41293		-1.9431844	
Gm45469		-1.9436072	
ENSMUSG00000138276		-1.9436072	
Gm48483		-1.9459105	
ENSMUSG00000134132		-1.9491459	
ENSMUSG00000143609		-1.9502026	
ENSMUSG00000121760		-1.9508611	
Gm9826		-1.9550145	
Gm16102		-1.9588902	
1700120G07Rik		-1.9588902	
Gm41331		-1.9588902	
Lgals12		-1.9588902	
Pde4c		-1.9616857	
ENSMUSG00000125961		-1.963013	
Gm10916		-1.963013	
ENSMUSG00000127588		-1.9653462	
S100a3		-1.9662862	
ENSMUSG00000143011		-1.9665604	
ENSMUSG00000142774		-1.9665604	
ENSMUSG00000123233		-1.9665604	
1110032F04Rik		-1.9665604	
Gm44175		-1.9665604	
Gm44107		-1.9665604	
Nxnl1		-1.9665604	
Gm15684		-1.9665604	
Gm47888		-1.9665604	
Gm56886		-1.9665604	
Gm50221		-1.9665604	
Cd226		-1.9665604	
Gm47096		-1.9678355	
Gm2449		-1.9687476	
Plekhs1		-1.9732393	
Banf2os		-1.973744	
Gm16630		-1.9761745	
4930563E22Rik		-1.9780331	
2310001H17Rik		-1.9787035	
ENSMUSG00000124830		-1.9803559	
Gm10240		-1.9803559	
Gm54422		-1.9803559	
Defb41		-1.9818134	
ENSMUSG00000128555		-1.9818134	
Gm35715		-1.9818134	
C1qtnf3		-1.9823269	
Gm45719		-1.9844508	
Crmp1		-1.9845	
Gm56981		-1.9898584	
ENSMUSG00000142828		-1.9908216	
ENSMUSG00000127349		-1.9925114	
Gm44066		-1.9925114	
Gm13274		-1.9929879	
Gm7497		-1.9978502	
ENSMUSG00000129675		-1.998124	
Gm56598		-1.998124	
Grk1		-1.9992067	
Mcemp1		-1.9994122	
ENSMUSG00000121610		-2.0015366	
Rad54b		-2.0048106	
Ccn3		-2.0091078	
Pcdhgb1		-2.0094798	
Gm8206		-2.0120618	
ENSMUSG00000139237		-2.012694	
4930533I22Rik		-2.012694	
Gm43077		-2.0127764	
ENSMUSG00000124052		-2.0130823	
Gm57183		-2.0143332	
Gm37297		-2.0143332	
ENSMUSG00000141057		-2.0143332	
Lce3c		-2.0143332	
Gm43608		-2.0143332	
Mup-ps23		-2.0143332	
Gm29803		-2.0143332	
ENSMUSG00000133874		-2.0143332	
ENSMUSG00000134532		-2.0143332	
Lypd8l		-2.0143332	
4930442G10Rik		-2.0143332	
Zfp998		-2.0143332	
ENSMUSG00000132362		-2.0143332	
ENSMUSG00000127194		-2.0143332	
ENSMUSG00000140191		-2.0143332	
Gm47806		-2.015083	
Gm9195		-2.0195267	
Gm32219		-2.02115	
Llcfc1		-2.0220249	
ENSMUSG00000130626		-2.0245275	
Sprr2a3		-2.0274699	
ENSMUSG00000127022		-2.0326276	
Apol8		-2.0335245	
Ccdc7a		-2.0344422	
Gm24036		-2.0348718	
Rapgef3os2		-2.0356228	
Akr1c21		-2.0369718	
4932443L11Rik		-2.0458388	
A630023A22Rik		-2.0458388	
ENSMUSG00000122885		-2.0458438	
Gm19582		-2.0458438	
Gm13496		-2.0458438	
ENSMUSG00000138972		-2.0496485	
Gm17244		-2.0505602	
Tes3-ps		-2.0505602	
ENSMUSG00000140553		-2.0505602	
Gm49077		-2.0523603	
Ect2l		-2.0530558	
5730416F02Rik		-2.056707	
Gm18856		-2.058856	
Dmc1		-2.058856	
Gm14487		-2.0592337	
ENSMUSG00000132270		-2.0592337	
H3c1		-2.0592337	
ENSMUSG00000133071		-2.0592337	
ENSMUSG00000123011		-2.0621715	
Fam237a		-2.0621715	
Gm37084		-2.0621715	
Gm57107		-2.0621715	
Mir194-1		-2.0621715	
9630028B13Rik		-2.0621715	
ENSMUSG00000126133		-2.0621715	
ENSMUSG00000125456		-2.0621715	
Gm40055		-2.0621715	
Etnppl		-2.0621715	
ENSMUSG00000128041		-2.0621715	
ENSMUSG00000134044		-2.0621715	
ENSMUSG00000123195		-2.0621715	
ENSMUSG00000133228		-2.0621715	
ENSMUSG00000135383		-2.0621715	
4933425D22Rik		-2.0621715	
Gm44080		-2.0621715	
Nat8f2		-2.0621715	
9530013L04Rik		-2.0621715	
ENSMUSG00000134570		-2.0621715	
Pnma8a		-2.0621715	
ENSMUSG00000138067		-2.0621715	
Gm57236		-2.0621715	
Or56b35		-2.0621715	
Gm44785		-2.0621715	
ENSMUSG00000123530		-2.0621715	
Iqcm		-2.0621715	
ENSMUSG00000131955		-2.0621715	
4930448E22Rik		-2.0621715	
ENSMUSG00000142422		-2.0621715	
Gm22739		-2.0621715	
Gm12061		-2.0621715	
Gucy2e		-2.0621715	
ENSMUSG00000126771		-2.0621715	
ENSMUSG00000129007		-2.0621715	
ENSMUSG00000138236		-2.0621715	
4930474N09Rik		-2.0621715	
Gm26877		-2.0621715	
Gm49024		-2.0621715	
Gm49300		-2.0621715	
Gm49786		-2.0621715	
ENSMUSG00000128980		-2.0621715	
ENSMUSG00000125833		-2.0621715	
4833419O12Rik		-2.0621715	
Gm49221		-2.0621715	
Zbtb9		-2.0621715	
Gm15821		-2.0621715	
ENSMUSG00000133387		-2.0621715	
ENSMUSG00000136376		-2.0621715	
ENSMUSG00000137568		-2.0649586	
4930429H19Rik		-2.0655375	
ENSMUSG00000125450		-2.0658815	
Cdhr3		-2.0658815	
ENSMUSG00000128648		-2.0658815	
Gm41639		-2.0658815	
A930012L18Rik		-2.0658815	
ENSMUSG00000123581		-2.0662634	
ENSMUSG00000122964		-2.071376	
Gm10997		-2.078388	
ENSMUSG00000131104		-2.078388	
Cadps		-2.078388	
Gm47817		-2.0826318	
ENSMUSG00000129055		-2.0842025	
ENSMUSG00000139218		-2.0870829	
Gm40375		-2.0902588	
Gm28230		-2.0907464	
ENSMUSG00000133537		-2.0929859	
Gm15892		-2.09737	
Hspd1-ps3		-2.0994127	
Vmn2r5		-2.101115	
Cct3-ps1		-2.101115	
Gm12957		-2.101115	
ENSMUSG00000129728		-2.101115	
ENSMUSG00000132080		-2.101115	
Gm48643		-2.101115	
ENSMUSG00000141368		-2.101115	
ENSMUSG00000139771		-2.101115	
8430430B14Rik		-2.101115	
Rpl7-ps9		-2.101115	
E130215H24Rik		-2.1042721	
Gm43008		-2.1042721	
Gm11263		-2.1042721	
ENSMUSG00000134553		-2.1042721	
Gm5787		-2.1042721	
ENSMUSG00000133451		-2.1042721	
Gm55863		-2.1042721	
ENSMUSG00000132411		-2.1042721	
ENSMUSG00000122649		-2.1042721	
Gm41611		-2.1042721	
ENSMUSG00000136264		-2.1042721	
Mir652		-2.1042721	
Kcna5		-2.1066449	
ENSMUSG00000121928		-2.110925	
Gm13655		-2.110925	
Gm13882		-2.110925	
Gm14292		-2.110925	
ENSMUSG00000140939		-2.110925	
ENSMUSG00000128197		-2.110925	
Speer1j		-2.110925	
ENSMUSG00000126787		-2.110925	
4933439J24Rik		-2.110925	
Mir7060		-2.110925	
Gm35835		-2.110925	
ENSMUSG00000133461		-2.110925	
ENSMUSG00000138674		-2.110925	
Gm3671		-2.110925	
Gm8942		-2.110925	
Gm25819		-2.110925	
Gm18899		-2.110925	
Gm2445		-2.110925	
ENSMUSG00000139388		-2.110925	
Gm25897		-2.110925	
Amd-ps7		-2.110925	
Gm5839		-2.110925	
ENSMUSG00000127995		-2.1126075	
ENSMUSG00000125953		-2.1126075	
ENSMUSG00000132526		-2.1126075	
Gm41361		-2.1126075	
Gm4827		-2.1126075	
Gm19500		-2.1126075	
Gm7909		-2.114169	
Gm37809		-2.114304	
Gm13583		-2.114304	
Ccdc146		-2.114304	
Gm43364		-2.114304	
Gm44833		-2.114304	
ENSMUSG00000142070		-2.114304	
Tcerg1l		-2.114304	
4831440D22Rik		-2.114304	
Gm11532		-2.114304	
Sstr2		-2.114304	
ENSMUSG00000138121		-2.114304	
Gm35215		-2.114304	
Gm15512		-2.114304	
Gm4240		-2.114304	
Fam220-ps		-2.114304	
Gm19144		-2.1158788	
Gm10686		-2.116128	
A830035O19Rik		-2.1206477	
Gm13461		-2.1226747	
ENSMUSG00000130441		-2.1226747	
Gm9118		-2.1226747	
ENSMUSG00000122471		-2.1226747	
Gm11353		-2.1226747	
ENSMUSG00000129041		-2.1226747	
ENSMUSG00000134149		-2.1226747	
Gm11620		-2.1250339	
ENSMUSG00000123536		-2.1271863	
ENSMUSG00000138107		-2.1271863	
ENSMUSG00000139658		-2.1271863	
ENSMUSG00000139891		-2.1292727	
9130017K11Rik		-2.1314402	
Gm20621		-2.1336818	
Otos		-2.1378236	
Hbb-y		-2.1379344	
ENSMUSG00000140500		-2.1408994	
Gm36263		-2.1408994	
Odad2		-2.1408994	
ENSMUSG00000139510		-2.1420152	
Gm15984		-2.1443937	
ENSMUSG00000142368		-2.1510901	
Sh2d2a		-2.1597486	
Gm14154		-2.162029	
Celsr3		-2.163098	
2010110E17Rik		-2.1641142	
ENSMUSG00000141517		-2.1663983	
Gm49519		-2.1675737	
ENSMUSG00000130195		-2.1721847	
Gm42596		-2.1721847	
ENSMUSG00000133488		-2.1721847	
ENSMUSG00000125158		-2.1721847	
ENSMUSG00000124202		-2.1721847	
ENSMUSG00000122074		-2.1721847	
Gm35025		-2.1721847	
Gm22303		-2.1721847	
Gm18990		-2.1721847	
ENSMUSG00000138392		-2.1721847	
ENSMUSG00000123110		-2.1721847	
Gm15228		-2.1721847	
Tmem163		-2.1726325	
Gm5075		-2.185446	
ENSMUSG00000142531		-2.1891818	
Gm16015		-2.1892734	
ENSMUSG00000131826		-2.1892734	
Gzmc		-2.1907647	
Gzmd		-2.195948	
Gm26127		-2.1967854	
Gm55673		-2.1967854	
ENSMUSG00000139599		-2.1967854	
Cxcl11		-2.1967854	
Gm47050		-2.1967854	
Gm55951		-2.1967854	
ENSMUSG00000135076		-2.1967854	
Tespa1		-2.1967854	
ENSMUSG00000128247		-2.1967854	
Kcnrg		-2.1967854	
Adipoq		-2.1967854	
Gm5507		-2.1967854	
Gm44036		-2.1986322	
Psma8		-2.2032115	
Slc6a1		-2.2062037	
Gm44577		-2.2088635	
Gm35692		-2.212862	
ENSMUSG00000143017		-2.2157269	
Gm5541		-2.2161918	
Scn3a		-2.2182496	
Gm15789		-2.222654	
Gm10517		-2.222654	
Gm37069		-2.222654	
A730004F24Rik		-2.222654	
ENSMUSG00000141757		-2.222654	
ENSMUSG00000142093		-2.222654	
Gm14002		-2.222654	
Gm37482		-2.222654	
Gpr63		-2.222654	
ENSMUSG00000138351		-2.222654	
ENSMUSG00000140692		-2.222654	
Gm57313		-2.222654	
Miat		-2.222654	
Gm15860		-2.222654	
Fabp1		-2.222654	
1700003I16Rik		-2.222654	
A330076H08Rik		-2.222654	
Gm34549		-2.222654	
ENSMUSG00000128973		-2.222654	
ENSMUSG00000133561		-2.222654	
4930518J21Rik		-2.222654	
1600027J07Rik		-2.222654	
ENSMUSG00000126716		-2.222654	
Gm15511		-2.222654	
Gm47574		-2.222654	
Gm34793		-2.222654	
Gm11604		-2.222654	
Gm11652		-2.222654	
Gm48311		-2.222654	
Gm47518		-2.222654	
Gm47874		-2.222654	
ENSMUSG00000138951		-2.222654	
Gm30716		-2.222654	
ENSMUSG00000133061		-2.222654	
Or5k1		-2.222654	
ENSMUSG00000138658		-2.222654	
ENSMUSG00000131031		-2.222654	
ENSMUSG00000127542		-2.222654	
Mif-ps8		-2.222654	
ENSMUSG00000126099		-2.222654	
Gm50209		-2.222654	
ENSMUSG00000130517		-2.222654	
ENSMUSG00000135025		-2.222654	
Fam236d		-2.222654	
Gm26984		-2.2234085	
Gm39132		-2.2298512	
Gm48502		-2.2298512	
ENSMUSG00000133623		-2.2348692	
Gm36787		-2.2366076	
ENSMUSG00000123583		-2.2378924	
Sox5os3		-2.2378924	
Gm31717		-2.2378924	
Gm12526		-2.2396886	
BC006965		-2.2396886	
ENSMUSG00000128878		-2.2396886	
ENSMUSG00000125887		-2.2443905	
ENSMUSG00000131099		-2.2444012	
Gm56857		-2.2467594	
ENSMUSG00000139495		-2.2501116	
Bpifb5		-2.251045	
Gm19123		-2.2530293	
ENSMUSG00000137090		-2.2530293	
Gm15178		-2.2530293	
Gm37767		-2.2530293	
Myocos		-2.2530293	
ENSMUSG00000124386		-2.2530293	
Gm57142		-2.2530293	
ENSMUSG00000127513		-2.2530293	
ENSMUSG00000134603		-2.2530293	
Gm35106		-2.2530293	
Gm37464		-2.2530293	
Gm42777		-2.2530293	
ENSMUSG00000129584		-2.2530293	
C030015E24Rik		-2.2530293	
Gm13832		-2.2530293	
Gm43197		-2.2530293	
Or2r2		-2.2530293	
Gm38320		-2.2530293	
Lbx2		-2.2530293	
ENSMUSG00000134468		-2.2530293	
Clec2j		-2.2530293	
Gm17088		-2.2530293	
ENSMUSG00000127617		-2.2530293	
Gm44165		-2.2530293	
Gm5893		-2.2530293	
ENSMUSG00000127435		-2.2530293	
Pin4-ps		-2.2530293	
ENSMUSG00000129766		-2.2530293	
Or51p1		-2.2530293	
Gm44864		-2.2530293	
Gm45121		-2.2530293	
ENSMUSG00000134126		-2.2530293	
Gm45490		-2.2530293	
ENSMUSG00000142122		-2.2530293	
Tpd52-ps		-2.2530293	
Frem3		-2.2530293	
4933405L10Rik		-2.2530293	
ENSMUSG00000129440		-2.2530293	
Gm47542		-2.2530293	
Gm27225		-2.2530293	
Gm37614		-2.2530293	
Rps19-ps11		-2.2530293	
Vpreb3		-2.2530293	
Gm12308		-2.2530293	
D030025P21Rik		-2.2530293	
Abcb5		-2.2530293	
ENSMUSG00000131815		-2.2530293	
Gm8174		-2.2530293	
Gm5468		-2.2530293	
ENSMUSG00000127138		-2.2530293	
Gcat		-2.2530293	
ENSMUSG00000127079		-2.2530293	
Gm46563		-2.2530293	
Gm49588		-2.2530293	
ENSMUSG00000132162		-2.2530293	
ENSMUSG00000130755		-2.2530293	
Ncam2		-2.2530293	
ENSMUSG00000122863		-2.2530293	
BC028777		-2.2530293	
Gm50045		-2.2530293	
Gm3227		-2.2530293	
ENSMUSG00000137949		-2.2530293	
Gm14541		-2.2530293	
Rhox11		-2.2530293	
Gm7327		-2.2530293	
ENSMUSG00000126683		-2.2530293	
Pcdh11x		-2.2530293	
Gm28659		-2.25525	
ENSMUSG00000129474		-2.25525	
Mir6345		-2.2557836	
Pdcd1		-2.2557836	
Tex50		-2.2557836	
Gm33887		-2.2557836	
ENSMUSG00000128436		-2.2557836	
Gm13311		-2.2557836	
2310001K24Rik		-2.2557836	
ENSMUSG00000129872		-2.2557836	
ENSMUSG00000133964		-2.2557836	
Gm1527		-2.2557836	
ENSMUSG00000136961		-2.2557836	
Gm5552		-2.2557836	
Gm42772		-2.2557836	
Nwd2		-2.2557836	
Gm15857		-2.2557836	
ENSMUSG00000126377		-2.2557836	
ENSMUSG00000128462		-2.2557836	
ENSMUSG00000134175		-2.2557836	
ENSMUSG00000142670		-2.2557836	
Gm26535		-2.2557836	
4930533K18Rik		-2.2557836	
Gm34297		-2.2557836	
ENSMUSG00000143459		-2.2557836	
ENSMUSG00000127726		-2.2557836	
4930549C15Rik		-2.2557836	
ENSMUSG00000143251		-2.2557836	
Gm8224		-2.2557836	
Gm54382		-2.2557836	
Gm49730		-2.2557836	
ENSMUSG00000122494		-2.2557836	
Runx2os2		-2.2557836	
Gm49933		-2.2557836	
Syt4		-2.2557836	
ENSMUSG00000140202		-2.2557836	
Spag16		-2.2571082	
ENSMUSG00000143369		-2.2571082	
ENSMUSG00000128835		-2.2571082	
ENSMUSG00000141455		-2.2571082	
ENSMUSG00000128700		-2.2571082	
ENSMUSG00000138630		-2.2571082	
ENSMUSG00000133562		-2.2571082	
ENSMUSG00000126529		-2.2571082	
Gm34821		-2.2571082	
ENSMUSG00000122709		-2.2571082	
Cbx3-ps8		-2.2571082	
Gm57062		-2.2571082	
Prss50		-2.2571082	
Gm34267		-2.2571082	
ENSMUSG00000134270		-2.2571082	
ENSMUSG00000138934		-2.2571082	
ENSMUSG00000136199		-2.2571082	
Ccr10		-2.2571082	
Gm40849		-2.2571082	
ENSMUSG00000135769		-2.2571082	
Gm49351		-2.2571082	
Gm20789		-2.2571082	
Gm30969		-2.2571082	
Phf11		-2.2571082	
ENSMUSG00000123391		-2.2571082	
ENSMUSG00000138447		-2.2571082	
ENSMUSG00000143989		-2.2571082	
ENSMUSG00000124193		-2.2571082	
ENSMUSG00000136832		-2.2571082	
Gm26317		-2.2571082	
ENSMUSG00000139315		-2.260653	
Gm45873		-2.2631054	
Saa4		-2.2644093	
Saxo5		-2.2705755	
Gm57440		-2.2719243	
ENSMUSG00000122275		-2.2739081	
Gm43020		-2.2739081	
Gm42735		-2.2739081	
Ugt2b35		-2.2739081	
ENSMUSG00000132579		-2.2739081	
Or51e1		-2.2739081	
ENSMUSG00000141853		-2.2739081	
Gm45570		-2.2739081	
Gm15890		-2.2739081	
Gm53617		-2.2739081	
Gm56943		-2.2739081	
Gm48715		-2.2739081	
Arl4aos		-2.2739081	
Gm35558		-2.2739081	
ENSMUSG00000141883		-2.2739081	
ENSMUSG00000139681		-2.2739081	
ENSMUSG00000126154		-2.2739081	
Znrd2		-2.2739081	
ENSMUSG00000134987		-2.2739081	
ENSMUSG00000127547		-2.2739081	
2210406O10Rik		-2.2780008	
ENSMUSG00000127295		-2.2804587	
ENSMUSG00000142400		-2.2804587	
1700084C06Rik		-2.2804587	
Gm6733		-2.2804587	
Gm34759		-2.2804587	
Gm50269		-2.2804587	
ENSMUSG00000135681		-2.2804587	
Gm56781		-2.2848728	
ENSMUSG00000139808		-2.2895355	
Gm29427		-2.3004642	
Gm11738		-2.3025494	
D430041D05Rik		-2.304871	
Sult5a1		-2.3105872	
Mrip-ps		-2.313656	
ENSMUSG00000135227		-2.3218267	
Gm20089		-2.3218267	
ENSMUSG00000138854		-2.3218267	
ENSMUSG00000121984		-2.3218267	
ENSMUSG00000135737		-2.3237886	
ENSMUSG00000135017		-2.3241231	
ENSMUSG00000130837		-2.3299906	
Disc1		-2.3299906	
ENSMUSG00000136768		-2.3315682	
B130021K23Rik		-2.3319683	
Gm20234		-2.3319683	
ENSMUSG00000139207		-2.3354516	
ENSMUSG00000141446		-2.3358243	
Rpl31-ps15		-2.3361616	
Sit1		-2.3397913	
Aanat		-2.3458755	
Trbc1		-2.3480067	
Gm8173		-2.3564746	
Gm31925		-2.3564746	
ENSMUSG00000134176		-2.3564746	
ENSMUSG00000140515		-2.3564746	
ENSMUSG00000125605		-2.3564746	
ENSMUSG00000144191		-2.3639433	
Abcb4		-2.3640454	
Rbp7		-2.3724387	
ENSMUSG00000141783		-2.3753524	
ENSMUSG00000128449		-2.3816466	
Gm56988		-2.3816466	
ENSMUSG00000144076		-2.3816466	
Mir9-2hg		-2.3816466	
Gm48420		-2.3816466	
Gm27201		-2.3852468	
Gm11751		-2.3863375	
ENSMUSG00000127411		-2.386668	
ENSMUSG00000133101		-2.389095	
Gm7434		-2.389353	
Cripto		-2.389353	
Gm32934		-2.389353	
Gm56720		-2.389353	
Catsperz		-2.389353	
Gm57406		-2.3999438	
Gm12416		-2.4046044	
ENSMUSG00000134490		-2.4053638	
ENSMUSG00000132775		-2.4110525	
ENSMUSG00000126917		-2.4125845	
Arid3c		-2.4125845	
Gm34939		-2.4125845	
Gm37474		-2.415829	
Zfp541		-2.420085	
Gm53435		-2.4253316	
Sh2d1b1		-2.4256797	
ENSMUSG00000125536		-2.4267128	
ENSMUSG00000130659		-2.4267128	
Cd101		-2.4287436	
Gm37045		-2.4311697	
ENSMUSG00000138064		-2.4361353	
ENSMUSG00000137892		-2.4367487	
ENSMUSG00000121649		-2.4441018	
ENSMUSG00000125027		-2.4468594	
Nkx6-1		-2.4480388	
ENSMUSG00000129391		-2.4480388	
Gm18867		-2.4543355	
Gm44636		-2.454954	
Gm14398		-2.4604945	
Vmn1r43		-2.4624968	
Gm26633		-2.479582	
ENSMUSG00000135211		-2.479768	
Ttll8		-2.4823844	
Gm20005		-2.483603	
ENSMUSG00000125041		-2.4886622	
Gm49867		-2.4886622	
ENSMUSG00000130842		-2.5087943	
ENSMUSG00000130160		-2.5159845	
Tectb		-2.5159845	
Kcnk12		-2.5288835	
ENSMUSG00000135492		-2.5323458	
ENSMUSG00000129301		-2.5384202	
ENSMUSG00000133147		-2.5424774	
Prss40		-2.5424774	
ENSMUSG00000134351		-2.5424774	
Gm15457		-2.5424774	
Txn-ps1		-2.5424774	
Gm8805		-2.5424774	
Gm25939		-2.5424774	
Mir1928		-2.5424774	
ENSMUSG00000123567		-2.5424774	
Gm28071		-2.5424774	
ENSMUSG00000128254		-2.5424774	
Sphkap		-2.5424774	
Gm29335		-2.5424774	
Gm29337		-2.5424774	
C030007H22Rik		-2.5424774	
Asb18		-2.5424774	
ENSMUSG00000136539		-2.5424774	
Gm57164		-2.5424774	
Gm7891		-2.5424774	
ENSMUSG00000140838		-2.5424774	
ENSMUSG00000138903		-2.5424774	
ENSMUSG00000130917		-2.5424774	
ENSMUSG00000123947		-2.5424774	
ENSMUSG00000123982		-2.5424774	
ENSMUSG00000142039		-2.5424774	
Gm16585		-2.5424774	
Cox20		-2.5424774	
Gm5561		-2.5424774	
2010103J01Rik		-2.5424774	
Gm38093		-2.5424774	
Gm38171		-2.5424774	
Gm13268		-2.5424774	
ENSMUSG00000127480		-2.5424774	
Gm56106		-2.5424774	
ENSMUSG00000123640		-2.5424774	
ENSMUSG00000131348		-2.5424774	
Gm57448		-2.5424774	
Gm13444		-2.5424774	
ENSMUSG00000140246		-2.5424774	
Gm13618		-2.5424774	
Gm26743		-2.5424774	
ENSMUSG00000140201		-2.5424774	
Gm13623		-2.5424774	
ENSMUSG00000136297		-2.5424774	
Gm48554		-2.5424774	
Or12e1		-2.5424774	
Or4p19		-2.5424774	
Gm13776		-2.5424774	
ENSMUSG00000140352		-2.5424774	
ENSMUSG00000121869		-2.5424774	
Or4f62		-2.5424774	
A530010F05Rik		-2.5424774	
Gm56315		-2.5424774	
Gm56334		-2.5424774	
Mir103-2		-2.5424774	
Gm14038		-2.5424774	
Gm25583		-2.5424774	
Gm11686		-2.5424774	
ENSMUSG00000131165		-2.5424774	
ENSMUSG00000126098		-2.5424774	
ENSMUSG00000133136		-2.5424774	
ENSMUSG00000141293		-2.5424774	
Gm11451		-2.5424774	
Svs3b		-2.5424774	
Gm56329		-2.5424774	
Gm56418		-2.5424774	
ENSMUSG00000128801		-2.5424774	
ENSMUSG00000130791		-2.5424774	
ENSMUSG00000138891		-2.5424774	
ENSMUSG00000133126		-2.5424774	
ENSMUSG00000132087		-2.5424774	
Adad1		-2.5424774	
ENSMUSG00000124357		-2.5424774	
Fundc2b		-2.5424774	
2610316D01Rik		-2.5424774	
Gm10356		-2.5424774	
Gm37399		-2.5424774	
Gm5276		-2.5424774	
ENSMUSG00000130789		-2.5424774	
Rplp0-ps1		-2.5424774	
Gm56800		-2.5424774	
ENSMUSG00000130125		-2.5424774	
ENSMUSG00000124516		-2.5424774	
ENSMUSG00000133641		-2.5424774	
ENSMUSG00000128567		-2.5424774	
ENSMUSG00000142996		-2.5424774	
Gm54577		-2.5424774	
ENSMUSG00000122978		-2.5424774	
Gm42825		-2.5424774	
Gm15551		-2.5424774	
ENSMUSG00000143565		-2.5424774	
Gm567		-2.5424774	
Gm2574		-2.5424774	
ENSMUSG00000124530		-2.5424774	
ENSMUSG00000126929		-2.5424774	
ENSMUSG00000125717		-2.5424774	
Gm11824		-2.5424774	
ENSMUSG00000122583		-2.5424774	
Gm56226		-2.5424774	
Gm12753		-2.5424774	
ENSMUSG00000130893		-2.5424774	
Gm12361		-2.5424774	
Gm57075		-2.5424774	
ENSMUSG00000124814		-2.5424774	
Or13c7c		-2.5424774	
Gm12585		-2.5424774	
Gm829		-2.5424774	
Gm12452		-2.5424774	
Gm12508		-2.5424774	
Gm12512		-2.5424774	
Or2k2		-2.5424774	
Mup12		-2.5424774	
Mup13		-2.5424774	
Gm12707		-2.5424774	
Gm55906		-2.5424774	
Tmem61		-2.5424774	
Ldlrad1		-2.5424774	
Gm12749		-2.5424774	
Gm12816		-2.5424774	
Gm12829		-2.5424774	
Or13p4		-2.5424774	
Gm12861		-2.5424774	
Gm57091		-2.5424774	
Gm12922		-2.5424774	
ENSMUSG00000140913		-2.5424774	
ENSMUSG00000142805		-2.5424774	
ENSMUSG00000141975		-2.5424774	
ENSMUSG00000127285		-2.5424774	
ENSMUSG00000132787		-2.5424774	
Gm13010		-2.5424774	
ENSMUSG00000126859		-2.5424774	
ENSMUSG00000130212		-2.5424774	
Pramel14		-2.5424774	
ENSMUSG00000129432		-2.5424774	
ENSMUSG00000123672		-2.5424774	
Gm13226		-2.5424774	
Zfp987		-2.5424774	
Gm13165		-2.5424774	
Gm20760		-2.5424774	
Gm3027		-2.5424774	
Gm43611		-2.5424774	
Gm1969		-2.5424774	
ENSMUSG00000140859		-2.5424774	
Gm42766		-2.5424774	
Gm43670		-2.5424774	
Mir574		-2.5424774	
Gabra4		-2.5424774	
ENSMUSG00000138698		-2.5424774	
Vamp9		-2.5424774	
Gm8152		-2.5424774	
Pde6b		-2.5424774	
Gm55670		-2.5424774	
Gm43353		-2.5424774	
ENSMUSG00000143197		-2.5424774	
Rpl35a-ps6		-2.5424774	
ENSMUSG00000143668		-2.5424774	
Gm43482		-2.5424774	
Gm42439		-2.5424774	
Gm42992		-2.5424774	
ENSMUSG00000127575		-2.5424774	
Mir106b		-2.5424774	
ENSMUSG00000135777		-2.5424774	
Pon1		-2.5424774	
5330437M03Rik		-2.5424774	
Gm5301		-2.5424774	
Mir335		-2.5424774	
ENSMUSG00000132538		-2.5424774	
ENSMUSG00000136756		-2.5424774	
ENSMUSG00000134439		-2.5424774	
Igkv13-76		-2.5424774	
Gm44287		-2.5424774	
ENSMUSG00000122860		-2.5424774	
ENSMUSG00000133683		-2.5424774	
ENSMUSG00000130521		-2.5424774	
Gm5881		-2.5424774	
ENSMUSG00000143034		-2.5424774	
ENSMUSG00000137793		-2.5424774	
ENSMUSG00000141944		-2.5424774	
Gm20589		-2.5424774	
ENSMUSG00000125844		-2.5424774	
Gm15543		-2.5424774	
Smco2		-2.5424774	
Gm7648		-2.5424774	
Gm7651		-2.5424774	
Tpt1-ps4		-2.5424774	
Gm10179		-2.5424774	
ENSMUSG00000131252		-2.5424774	
Hamp2		-2.5424774	
Scgb2b29-ps		-2.5424774	
Gm45095		-2.5424774	
ENSMUSG00000142618		-2.5424774	
Gm45444		-2.5424774	
Saa2		-2.5424774	
ENSMUSG00000137494		-2.5424774	
Gm39038		-2.5424774	
Gm44705		-2.5424774	
ENSMUSG00000138127		-2.5424774	
Gm18358		-2.5424774	
Vmn2r69		-2.5424774	
Grm5		-2.5424774	
ENSMUSG00000132142		-2.5424774	
Gm44633		-2.5424774	
Or52m2		-2.5424774	
ENSMUSG00000135063		-2.5424774	
Or5p58		-2.5424774	
A730082K24Rik		-2.5424774	
Gm56219		-2.5424774	
Gm19366		-2.5424774	
Gm57247		-2.5424774	
ENSMUSG00000143628		-2.5424774	
Gm7290		-2.5424774	
ENSMUSG00000132865		-2.5424774	
ENSMUSG00000129357		-2.5424774	
Defa28		-2.5424774	
Defa39		-2.5424774	
Gm45163		-2.5424774	
ENSMUSG00000142075		-2.5424774	
Gm38572		-2.5424774	
ENSMUSG00000128204		-2.5424774	
ENSMUSG00000143243		-2.5424774	
Gm33178		-2.5424774	
Gm43263		-2.5424774	
Hmgn2-ps		-2.5424774	
Gapdhrt2		-2.5424774	
Gm47209		-2.5424774	
Gm8054		-2.5424774	
Gm5131		-2.5424774	
Dpep2nb		-2.5424774	
ENSMUSG00000143778		-2.5424774	
Gm45875		-2.5424774	
ENSMUSG00000133567		-2.5424774	
ENSMUSG00000139650		-2.5424774	
ENSMUSG00000134312		-2.5424774	
ENSMUSG00000126983		-2.5424774	
ENSMUSG00000136845		-2.5424774	
Gm47785		-2.5424774	
Tpt1-ps5		-2.5424774	
Or8b35		-2.5424774	
Or8c11		-2.5424774	
Gm20953		-2.5424774	
Gm47964		-2.5424774	
ENSMUSG00000143600		-2.5424774	
ENSMUSG00000142106		-2.5424774	
ENSMUSG00000135424		-2.5424774	
ENSMUSG00000138578		-2.5424774	
ENSMUSG00000131307		-2.5424774	
Gm9621		-2.5424774	
Gm37460		-2.5424774	
ENSMUSG00000143820		-2.5424774	
9530059O14Rik		-2.5424774	
Gm57030		-2.5424774	
ENSMUSG00000136963		-2.5424774	
Gm47634		-2.5424774	
Gm17794		-2.5424774	
ENSMUSG00000125603		-2.5424774	
Gm48084		-2.5424774	
Gm57009		-2.5424774	
ENSMUSG00000130409		-2.5424774	
BC048559		-2.5424774	
Gm47738		-2.5424774	
ENSMUSG00000141892		-2.5424774	
Spmap2		-2.5424774	
4930534H03Rik		-2.5424774	
ENSMUSG00000125646		-2.5424774	
Gm26976		-2.5424774	
Gm48815		-2.5424774	
Or6c69		-2.5424774	
Gm24313		-2.5424774	
Gm12016		-2.5424774	
Gm12023		-2.5424774	
Glns-ps1		-2.5424774	
Gm12053		-2.5424774	
ENSMUSG00000143867		-2.5424774	
Gm57354		-2.5424774	
ENSMUSG00000127794		-2.5424774	
ENSMUSG00000138383		-2.5424774	
Gm37695		-2.5424774	
Gm11188		-2.5424774	
ENSMUSG00000140015		-2.5424774	
ENSMUSG00000123787		-2.5424774	
ENSMUSG00000124214		-2.5424774	
ENSMUSG00000136378		-2.5424774	
Spem3		-2.5424774	
ENSMUSG00000141906		-2.5424774	
Gm12331		-2.5424774	
ENSMUSG00000137128		-2.5424774	
ENSMUSG00000135595		-2.5424774	
Gm12345		-2.5424774	
ENSMUSG00000140758		-2.5424774	
ENSMUSG00000133710		-2.5424774	
Gjd3		-2.5424774	
Mir6929		-2.5424774	
ENSMUSG00000122293		-2.5424774	
Gm11670		-2.5424774	
ENSMUSG00000126544		-2.5424774	
Gm4294		-2.5424774	
ENSMUSG00000127873		-2.5424774	
Gm49251		-2.5424774	
Gm9285		-2.5424774	
ENSMUSG00000125750		-2.5424774	
Gm7481		-2.5424774	
ENSMUSG00000140519		-2.5424774	
ENSMUSG00000123968		-2.5424774	
ENSMUSG00000127779		-2.5424774	
ENSMUSG00000134569		-2.5424774	
ENSMUSG00000136244		-2.5424774	
ENSMUSG00000141556		-2.5424774	
Gm46369		-2.5424774	
Gm56523		-2.5424774	
ENSMUSG00000132844		-2.5424774	
Catsperb		-2.5424774	
ENSMUSG00000142567		-2.5424774	
ENSMUSG00000134207		-2.5424774	
ENSMUSG00000134287		-2.5424774	
E330035G20Rik		-2.5424774	
Ighv6-7		-2.5424774	
ENSMUSG00000129502		-2.5424774	
Gm7046		-2.5424774	
Vmn1r193		-2.5424774	
ENSMUSG00000125277		-2.5424774	
ENSMUSG00000130085		-2.5424774	
ENSMUSG00000135750		-2.5424774	
ENSMUSG00000143100		-2.5424774	
ENSMUSG00000139075		-2.5424774	
Gm3131		-2.5424774	
Gm24539		-2.5424774	
Gm47603		-2.5424774	
Gm48246		-2.5424774	
Gm31219		-2.5424774	
ENSMUSG00000134860		-2.5424774	
ENSMUSG00000141187		-2.5424774	
Gm47057		-2.5424774	
ENSMUSG00000132861		-2.5424774	
ENSMUSG00000132680		-2.5424774	
Tcstv1b		-2.5424774	
Gm19018		-2.5424774	
Gm47747		-2.5424774	
Gm26680		-2.5424774	
Gm3173		-2.5424774	
Slc18a3		-2.5424774	
Gm48986		-2.5424774	
Otx2os1		-2.5424774	
ENSMUSG00000128003		-2.5424774	
Trav14n-3		-2.5424774	
Trav10		-2.5424774	
Trdj1		-2.5424774	
Trdj2		-2.5424774	
ENSMUSG00000122517		-2.5424774	
ENSMUSG00000129026		-2.5424774	
ENSMUSG00000138717		-2.5424774	
ENSMUSG00000127390		-2.5424774	
Gm49015		-2.5424774	
ENSMUSG00000137914		-2.5424774	
ENSMUSG00000124383		-2.5424774	
Slitrk5		-2.5424774	
ENSMUSG00000137272		-2.5424774	
4930404K13Rik		-2.5424774	
ENSMUSG00000143111		-2.5424774	
ENSMUSG00000143073		-2.5424774	
Gm15422		-2.5424774	
ENSMUSG00000132337		-2.5424774	
ENSMUSG00000130672		-2.5424774	
Gm2573		-2.5424774	
Gm49187		-2.5424774	
Fam136b-ps		-2.5424774	
ENSMUSG00000127221		-2.5424774	
Gm9658		-2.5424774	
Gm2682		-2.5424774	
ENSMUSG00000130951		-2.5424774	
Gm15945		-2.5424774	
Pvalb		-2.5424774	
Rnu12		-2.5424774	
ENSMUSG00000129814		-2.5424774	
Gm56707		-2.5424774	
ENSMUSG00000127417		-2.5424774	
4930478M13Rik		-2.5424774	
Tmprss12		-2.5424774	
Glycam1		-2.5424774	
Gm49272		-2.5424774	
Iglv1		-2.5424774	
ENSMUSG00000139564		-2.5424774	
ENSMUSG00000123199		-2.5424774	
ENSMUSG00000142358		-2.5424774	
Gm54786		-2.5424774	
Gm25916		-2.5424774	
ENSMUSG00000137699		-2.5424774	
ENSMUSG00000141256		-2.5424774	
ENSMUSG00000131523		-2.5424774	
Gm6363		-2.5424774	
Gm2808		-2.5424774	
ENSMUSG00000125367		-2.5424774	
Rnu6		-2.5424774	
Gm16050		-2.5424774	
ENSMUSG00000132978		-2.5424774	
Gm50295		-2.5424774	
Tff1		-2.5424774	
ENSMUSG00000121344		-2.5424774	
Gm25128		-2.5424774	
ENSMUSG00000133195		-2.5424774	
Gm7031		-2.5424774	
Or10c1		-2.5424774	
Or11a3-ps1		-2.5424774	
Ldha-ps3		-2.5424774	
Gm4766		-2.5424774	
Gm16494		-2.5424774	
ENSMUSG00000134403		-2.5424774	
ENSMUSG00000130242		-2.5424774	
ENSMUSG00000142522		-2.5424774	
ENSMUSG00000126602		-2.5424774	
ENSMUSG00000139996		-2.5424774	
Gm26244		-2.5424774	
ENSMUSG00000122864		-2.5424774	
Tpi-rs10		-2.5424774	
Gm50410		-2.5424774	
Gm4950		-2.5424774	
ENSMUSG00000132716		-2.5424774	
Gm50283		-2.5424774	
ENSMUSG00000131713		-2.5424774	
ENSMUSG00000127996		-2.5424774	
Gm14328		-2.5424774	
ENSMUSG00000137534		-2.5424774	
ENSMUSG00000136276		-2.5424774	
ENSMUSG00000131669		-2.5424774	
Gm50178		-2.5424774	
ENSMUSG00000124735		-2.5424774	
ENSMUSG00000138109		-2.5424774	
Gm56656		-2.5424774	
ENSMUSG00000129609		-2.5424774	
Gm6386		-2.5424774	
ENSMUSG00000129015		-2.5424774	
ENSMUSG00000139105		-2.5424774	
Gm55606		-2.5424774	
ENSMUSG00000133797		-2.5424774	
ENSMUSG00000128583		-2.5424774	
ENSMUSG00000124522		-2.5424774	
Gm14473		-2.5424774	
ENSMUSG00000122382		-2.5424774	
ENSMUSG00000142803		-2.5424774	
ENSMUSG00000135733		-2.5424774	
5430402E10Rik		-2.5424774	
ENSMUSG00000129366		-2.5424774	
Gm9005		-2.5424774	
Gm50476		-2.5424774	
Gcna		-2.5424774	
Tpt1-ps6		-2.5424774	
Mir7093		-2.5424774	
Lhfpl1		-2.5424774	
Gm15091		-2.5424774	
ENSMUSG00000137054		-2.5424774	
4933424G06Rik		-2.5482223	
ENSMUSG00000140029		-2.5482223	
ENSMUSG00000141506		-2.5482223	
Gm9694		-2.5482223	
Gm37362		-2.5482223	
ENSMUSG00000134007		-2.5482223	
ENSMUSG00000132645		-2.5482223	
Gm5466		-2.5482223	
ENSMUSG00000131908		-2.5482223	
Gria2		-2.5482223	
Gm25188		-2.5482223	
Gm43075		-2.5482223	
Gm42776		-2.5482223	
Stpg2		-2.5482223	
4930519L02Rik		-2.5482223	
Rpl9-ps8		-2.5482223	
ENSMUSG00000123256		-2.5482223	
1700120G11Rik		-2.5482223	
ENSMUSG00000122099		-2.5482223	
Gm32209		-2.5482223	
Gm12606		-2.5482223	
Or10ak7		-2.5482223	
Pla2g2d		-2.5482223	
Clcnkb		-2.5482223	
Pramel31		-2.5482223	
Gm42675		-2.5482223	
Gm29036		-2.5482223	
Gm43395		-2.5482223	
ENSMUSG00000138992		-2.5482223	
Gm49041		-2.5482223	
Or2a12		-2.5482223	
Gm37092		-2.5482223	
Gm15475		-2.5482223	
Gm1965		-2.5482223	
Gm44022		-2.5482223	
Slc27a5		-2.5482223	
Gm16251		-2.5482223	
Gm44573		-2.5482223	
Gm30873		-2.5482223	
Gm45313		-2.5482223	
Or52b2		-2.5482223	
4933406I18Rik		-2.5482223	
Gm45191		-2.5482223	
Cox6a2		-2.5482223	
Nlrp6		-2.5482223	
Gm15348		-2.5482223	
ENSMUSG00000136338		-2.5482223	
ENSMUSG00000121424		-2.5482223	
ENSMUSG00000144159		-2.5482223	
Gm56837		-2.5482223	
Gm56871		-2.5482223	
Mir1946b		-2.5482223	
Cd3g		-2.5482223	
ENSMUSG00000134580		-2.5482223	
Gm36948		-2.5482223	
Minar1		-2.5482223	
Prr23a2		-2.5482223	
Gm16148		-2.5482223	
Clvs2		-2.5482223	
ENSMUSG00000142974		-2.5482223	
ENSMUSG00000123303		-2.5482223	
Gm12154		-2.5482223	
Rasgef1c		-2.5482223	
Gm51860		-2.5482223	
ENSMUSG00000123193		-2.5482223	
Gm57344		-2.5482223	
ENSMUSG00000143805		-2.5482223	
ENSMUSG00000134530		-2.5482223	
ENSMUSG00000131601		-2.5482223	
ENSMUSG00000133196		-2.5482223	
ENSMUSG00000131949		-2.5482223	
ENSMUSG00000141569		-2.5482223	
Catsper3		-2.5482223	
Gm47246		-2.5482223	
Gm47588		-2.5482223	
Gm48349		-2.5482223	
Gm41031		-2.5482223	
Gm9509		-2.5482223	
ENSMUSG00000134694		-2.5482223	
Gm18284		-2.5482223	
ENSMUSG00000131925		-2.5482223	
Gm32679		-2.5482223	
Cd96		-2.5482223	
Gm56923		-2.5482223	
ENSMUSG00000126698		-2.5482223	
ENSMUSG00000130718		-2.5482223	
Chrm1		-2.5482223	
Gm56633		-2.5482223	
Gm41818		-2.5482223	
Fsip2l		-2.5482223	
ENSMUSG00000142846		-2.5482223	
ENSMUSG00000136202		-2.5489433	
ENSMUSG00000123930		-2.5489433	
2610318M16Rik		-2.5489433	
Gm15798		-2.5489433	
ENSMUSG00000131622		-2.55103	
Gm17110		-2.55103	
ENSMUSG00000121815		-2.55103	
Gm40650		-2.5556579	
Gm16206		-2.559147	
ENSMUSG00000136920		-2.5601733	
Gm23966		-2.5648568	
ENSMUSG00000122318		-2.5648568	
ENSMUSG00000138411		-2.5648568	
Gm16161		-2.5648568	
Gm24338		-2.5648568	
ENSMUSG00000124883		-2.5648568	
Klhl33		-2.5648568	
ENSMUSG00000130471		-2.5648568	
Gm56488		-2.5748708	
Gm56570		-2.5794525	
Pcdhb5		-2.5886836	
ENSMUSG00000143948		-2.5897863	
Gm44109		-2.592037	
Ccr8		-2.592037	
Gm6961		-2.592037	
ENSMUSG00000132453		-2.592037	
Spats1		-2.592037	
ENSMUSG00000125914		-2.5945313	
ENSMUSG00000139973		-2.5958133	
Gm13584		-2.5974398	
Ankub1		-2.5974398	
1700012J15Rik		-2.5974398	
Vmn2r79		-2.5974398	
ENSMUSG00000126593		-2.5974398	
Or1ab2		-2.5974398	
Zic4		-2.5974398	
Gm29246		-2.5974398	
Tdrd9		-2.5974398	
ENSMUSG00000125142		-2.5974398	
Pcdh20		-2.5974398	
Timm8a2		-2.5974398	
Gm54621		-2.5974398	
Gm15938		-2.5974398	
ENSMUSG00000139498		-2.5974398	
Dipk2b		-2.5974398	
Akap14		-2.5974398	
ENSMUSG00000135739		-2.5975957	
Gm11973		-2.5975957	
Rfx4		-2.6005712	
Artn		-2.613262	
ENSMUSG00000142449		-2.6170769	
ENSMUSG00000124908		-2.6188068	
ENSMUSG00000128433		-2.6188068	
ENSMUSG00000137837		-2.6188068	
ENSMUSG00000136182		-2.6188068	
ENSMUSG00000125176		-2.6188068	
Gm18949		-2.6188068	
E330011O21Rik		-2.6236768	
Gm43766		-2.6249733	
Snhg9		-2.6251106	
Gm36241		-2.6282282	
Gm45442		-2.6282282	
Gm28050		-2.6405773	
Ngp		-2.644091	
Gm14104		-2.645574	
Atcayos		-2.6457677	
Gm56559		-2.670235	
Gm56590		-2.6704528	
Gm31831		-2.6743903	
Gm3696		-2.6744533	
Clxn		-2.6778448	
ENSMUSG00000124976		-2.6797097	
Fabp12		-2.6925733	
Gm47692		-2.6925733	
Ccdc113		-2.6925733	
ENSMUSG00000143629		-2.693004	
Gm23803		-2.699368	
Gm8257		-2.699368	
ENSMUSG00000139052		-2.7000756	
ENSMUSG00000142149		-2.7000756	
Gm29200		-2.7000756	
C030014O09Rik		-2.7002497	
Tnfsf8		-2.7002497	
ENSMUSG00000132116		-2.7002497	
Gm35340		-2.7002497	
Odad3		-2.7002497	
ENSMUSG00000125975		-2.7002497	
ENSMUSG00000142955		-2.7002497	
ENSMUSG00000138337		-2.7002497	
Gm10385		-2.7002497	
Slc9a7		-2.7002497	
Gm5403		-2.7002497	
B230377A18Rik		-2.706739	
ENSMUSG00000123059		-2.7105649	
Gm56986		-2.7115538	
ENSMUSG00000128342		-2.7159653	
AI504432		-2.7322311	
Gm49377		-2.7344806	
5830432E09Rik		-2.7361188	
Gm2895		-2.7448153	
Ifitm6		-2.747038	
Ttc6		-2.7673573	
Gm8532		-2.777165	
ENSMUSG00000135669		-2.777165	
ENSMUSG00000133656		-2.777165	
Gm8712		-2.777165	
ENSMUSG00000123181		-2.7776792	
Cpne1		-2.7776792	
Gm15163		-2.7776792	
Gm15745		-2.778905	
ENSMUSG00000129147		-2.823038	
Gm21847		-2.823038	
Gm44570		-2.8272078	
ENSMUSG00000125168		-2.8272078	
Gm5954		-2.8272078	
ENSMUSG00000128228		-2.8272078	
ENSMUSG00000123706		-2.8272078	
4930488L21Rik		-2.8296769	
Gm16549		-2.8296769	
Gm15432		-2.8296769	
Gm33973		-2.8307827	
ENSMUSG00000131804		-2.8307827	
ENSMUSG00000130235		-2.8307827	
Gm26509		-2.8310294	
Hrh3		-2.8310294	
ENSMUSG00000139155		-2.8310294	
ENSMUSG00000131938		-2.8310294	
ENSMUSG00000132450		-2.8310294	
Gm6786		-2.8310294	
D030047H15Rik		-2.8310294	
Syt3		-2.8310294	
Or5p53		-2.8310294	
4930546K05Rik		-2.8310294	
ENSMUSG00000124187		-2.8310294	
ENSMUSG00000142463		-2.8310294	
3110006O06Rik		-2.8310294	
ENSMUSG00000143321		-2.8310294	
Gm49179		-2.8310294	
ENSMUSG00000126352		-2.8310294	
1700023H06Rik		-2.8320673	
Rpl13-ps1		-2.8364353	
Sh2d1b2		-2.8365438	
Gm56472		-2.8365438	
ENSMUSG00000141551		-2.8365438	
Gm16160		-2.8365438	
Gm42800		-2.8365438	
Gm6336		-2.8365438	
ENSMUSG00000125637		-2.8365438	
ENSMUSG00000142183		-2.8365438	
Oaz3		-2.842021	
Gm40614		-2.8524988	
ENSMUSG00000134712		-2.8524988	
Pcdhb11		-2.8524988	
Asb5		-2.853734	
Gm40770		-2.8564658	
Gm56246		-2.8597531	
ENSMUSG00000130838		-2.8725955	
Gm42634		-2.8725955	
Gm11663		-2.8725955	
Gm43621		-2.8902528	
Plxna4os1		-2.8902528	
Serpina3i		-2.8902528	
ENSMUSG00000122217		-2.8920357	
Gm23510		-2.8985517	
Clec2i		-2.8985517	
ENSMUSG00000138380		-2.8985517	
4930478K11Rik		-2.9011614	
Cd8b1		-2.9037843	
Gm52054		-2.9066193	
ENSMUSG00000138026		-2.9081244	
ENSMUSG00000138948		-2.9225075	
ENSMUSG00000143376		-2.9237714	
Orm3		-2.9341063	
Vmn2r3		-2.9410489	
Adm2		-2.9410489	
ENSMUSG00000140094		-2.9453666	
ENSMUSG00000139216		-2.9545572	
Gm6392		-2.9552162	
ENSMUSG00000134828		-2.9650965	
Gm48199		-2.978687	
ENSMUSG00000139993		-2.9791236	
Krt33b		-2.9791236	
ENSMUSG00000125578		-2.9901488	
4930470G03Rik		-3.0144067	
Gm6397		-3.0155861	
ENSMUSG00000140438		-3.027185	
Gm22027		-3.027391	
A230028O05Rik		-3.0355325	
ENSMUSG00000143353		-3.0439415	
ENSMUSG00000126245		-3.0530412	
ENSMUSG00000131243		-3.0628018	
Mir1898		-3.0655293	
ENSMUSG00000127959		-3.0655293	
ENSMUSG00000132049		-3.0670848	
Npb		-3.0671751	
C430014B12Rik		-3.0689998	
9630013K17Rik		-3.0848875	
Gm47583		-3.0848875	
Oprk1		-3.094555	
Gm36947		-3.094555	
ENSMUSG00000135983		-3.094555	
ENSMUSG00000133197		-3.094555	
Rpl31-ps24		-3.094555	
Gm29455		-3.094555	
Gm15848		-3.094555	
Gm29105		-3.094555	
ENSMUSG00000122185		-3.094555	
Gm56171		-3.094555	
Gm24836		-3.094555	
Gm26879		-3.094555	
Gm13262		-3.094555	
Gm55696		-3.094555	
Gm55732		-3.094555	
ENSMUSG00000124399		-3.094555	
Gm25518		-3.094555	
ENSMUSG00000127737		-3.094555	
Dbh		-3.094555	
ENSMUSG00000138866		-3.094555	
ENSMUSG00000143221		-3.094555	
ENSMUSG00000142476		-3.094555	
ENSMUSG00000137449		-3.094555	
ENSMUSG00000137883		-3.094555	
ENSMUSG00000139458		-3.094555	
ENSMUSG00000127948		-3.094555	
ENSMUSG00000141497		-3.094555	
Gm57426		-3.094555	
4930433B08Rik		-3.094555	
Gm3143		-3.094555	
ENSMUSG00000128619		-3.094555	
Gm37025		-3.094555	
ENSMUSG00000144180		-3.094555	
ENSMUSG00000126808		-3.094555	
Gm16540		-3.094555	
ENSMUSG00000137087		-3.094555	
Hsd3b9		-3.094555	
Gm24458		-3.094555	
ENSMUSG00000125765		-3.094555	
Rps10-ps3		-3.094555	
Gm12918		-3.094555	
Gm12726		-3.094555	
Gm12899		-3.094555	
ENSMUSG00000138500		-3.094555	
Gm13039		-3.094555	
Rps4x-ps		-3.094555	
Gm43810		-3.094555	
Rpl35a-ps5		-3.094555	
Gm56135		-3.094555	
4930432L08Rik		-3.094555	
ENSMUSG00000129868		-3.094555	
Pramel38		-3.094555	
Gm5870		-3.094555	
Gm43797		-3.094555	
Gm32158		-3.094555	
ENSMUSG00000128532		-3.094555	
Col28a1		-3.094555	
Gm17172		-3.094555	
Gm44296		-3.094555	
Gm6117		-3.094555	
ENSMUSG00000139180		-3.094555	
ENSMUSG00000142113		-3.094555	
ENSMUSG00000136800		-3.094555	
ENSMUSG00000124723		-3.094555	
Gm44768		-3.094555	
ENSMUSG00000138373		-3.094555	
5430434F05Rik		-3.094555	
1700049E22Rik		-3.094555	
Tmem121b		-3.094555	
ENSMUSG00000121305		-3.094555	
ENSMUSG00000127620		-3.094555	
Gm9038		-3.094555	
Pafah1b1-ps2		-3.094555	
ENSMUSG00000127308		-3.094555	
Vmn2r59		-3.094555	
Gm45124		-3.094555	
ENSMUSG00000134501		-3.094555	
Gm9354		-3.094555	
Gm29328		-3.094555	
ENSMUSG00000136571		-3.094555	
ENSMUSG00000138487		-3.094555	
Gm5037		-3.094555	
ENSMUSG00000143533		-3.094555	
Gm45471		-3.094555	
Gm37518		-3.094555	
ENSMUSG00000121817		-3.094555	
Gm4553		-3.094555	
ENSMUSG00000122470		-3.094555	
Rpl21-ps14		-3.094555	
1700128E19Rik		-3.094555	
Gm45560		-3.094555	
Gm8623		-3.094555	
ENSMUSG00000129912		-3.094555	
Or2z8		-3.094555	
Gm16177		-3.094555	
Gm45663		-3.094555	
Gm45878		-3.094555	
ENSMUSG00000136642		-3.094555	
ENSMUSG00000131553		-3.094555	
Gm47663		-3.094555	
Gm48803		-3.094555	
Gm5055		-3.094555	
ENSMUSG00000133952		-3.094555	
ENSMUSG00000131376		-3.094555	
4933407I05Rik		-3.094555	
Gm25313		-3.094555	
Gm7265		-3.094555	
ENSMUSG00000140595		-3.094555	
Gm36120		-3.094555	
Gm29605		-3.094555	
Gm29521		-3.094555	
ENSMUSG00000122560		-3.094555	
Gm18935		-3.094555	
ENSMUSG00000126064		-3.094555	
ENSMUSG00000137739		-3.094555	
ENSMUSG00000141829		-3.094555	
Gm26585		-3.094555	
ENSMUSG00000126281		-3.094555	
ENSMUSG00000136664		-3.094555	
ENSMUSG00000122401		-3.094555	
ENSMUSG00000130061		-3.094555	
Duxf4		-3.094555	
ENSMUSG00000123976		-3.094555	
ENSMUSG00000134968		-3.094555	
Gm48106		-3.094555	
ENSMUSG00000139735		-3.094555	
Gm46203		-3.094555	
A430028G04Rik		-3.094555	
ENSMUSG00000137617		-3.094555	
ENSMUSG00000142782		-3.094555	
Gm12734		-3.094555	
ENSMUSG00000138770		-3.094555	
ENSMUSG00000140140		-3.094555	
ENSMUSG00000128630		-3.094555	
ENSMUSG00000137511		-3.094555	
Gm47453		-3.094555	
Gm40576		-3.094555	
Gm42683		-3.094555	
Gm48883		-3.094555	
Gm47585		-3.094555	
Gm18517		-3.094555	
ENSMUSG00000138410		-3.094555	
1700001F09Rik		-3.094555	
Gm49965		-3.094555	
ENSMUSG00000142970		-3.094555	
ENSMUSG00000136573		-3.094555	
Mir124a-1hg		-3.094555	
ENSMUSG00000123390		-3.094555	
Rpl17-ps7		-3.094555	
ENSMUSG00000128072		-3.094555	
Gm8318		-3.094555	
Gm22353		-3.094555	
Mir6392		-3.094555	
ENSMUSG00000131875		-3.094555	
Gm30085		-3.094555	
Gm5478		-3.094555	
Gm6029		-3.094555	
Gm26838		-3.094555	
Or5h17		-3.094555	
ENSMUSG00000143047		-3.094555	
Gm54844		-3.094555	
Gm4828		-3.094555	
ENSMUSG00000130819		-3.094555	
Gm17814		-3.094555	
Itpr3os		-3.094555	
Gm15420		-3.094555	
Rps2-ps9		-3.094555	
Gm4134		-3.094555	
Gm8741		-3.094555	
ENSMUSG00000134560		-3.094555	
H2-M10.5		-3.094555	
Or2b4		-3.094555	
ENSMUSG00000122298		-3.094555	
ENSMUSG00000140452		-3.094555	
ENSMUSG00000121779		-3.094555	
ENSMUSG00000136686		-3.094555	
Gm50280		-3.094555	
ENSMUSG00000132799		-3.094555	
ENSMUSG00000143529		-3.094555	
Gm3621		-3.094555	
Gm54628		-3.094555	
ENSMUSG00000137452		-3.094555	
Mir5623		-3.094555	
ENSMUSG00000126572		-3.094555	
Gm55499		-3.094555	
Gm2003		-3.094555	
Gm15192		-3.094555	
ENSMUSG00000127616		-3.094555	
ENSMUSG00000121546		-3.094555	
Dnmt3l-ps1		-3.1011336	
Lce1l		-3.1011336	
ENSMUSG00000131896		-3.1011336	
ENSMUSG00000142125		-3.1011336	
Gm45781		-3.1011336	
Gm38077		-3.1011336	
Gm49596		-3.1011336	
Gm37393		-3.1015468	
Gm14317		-3.1015468	
ENSMUSG00000128618		-3.1015468	
ENSMUSG00000143815		-3.1015468	
D430018E03Rik		-3.1015468	
Gm23851		-3.1015468	
ENSMUSG00000141218		-3.1015468	
9530078K11Rik		-3.1015468	
ENSMUSG00000127649		-3.1015468	
ENSMUSG00000130742		-3.1015468	
ENSMUSG00000126508		-3.1015468	
Cebpe		-3.1015468	
Gm21691		-3.1015468	
ENSMUSG00000135960		-3.1015468	
Morc2b		-3.1015468	
Gm45698		-3.1017137	
ENSMUSG00000128086		-3.1020763	
Gm34250		-3.1214936	
ENSMUSG00000139780		-3.1333506	
Gm11223		-3.1333506	
Gm9727		-3.1333506	
Gm46641		-3.1333506	
ENSMUSG00000128213		-3.1336477	
ENSMUSG00000132425		-3.1336477	
ENSMUSG00000126755		-3.1456807	
ENSMUSG00000128448		-3.1461475	
Gm15895		-3.1461475	
Mbd3l2		-3.1461475	
ENSMUSG00000128574		-3.1461475	
ENSMUSG00000127239		-3.1495063	
Crhr2		-3.161874	
ENSMUSG00000129710		-3.161874	
ENSMUSG00000126845		-3.1899183	
ENSMUSG00000139930		-3.1899183	
Gm12746		-3.1899183	
ENSMUSG00000136454		-3.1899183	
ENSMUSG00000124852		-3.1899183	
ENSMUSG00000135660		-3.1899183	
Gm31108		-3.1899183	
Gm18190		-3.1899183	
ENSMUSG00000124834		-3.1899183	
Gm16135		-3.1899183	
ENSMUSG00000137306		-3.1899183	
Gm48566		-3.1899183	
ENSMUSG00000136491		-3.1899183	
ENSMUSG00000130542		-3.1899183	
ENSMUSG00000138863		-3.1899183	
Gm26109		-3.1899183	
Gm50398		-3.1899183	
ENSMUSG00000139333		-3.1899183	
Gm19209		-3.1899183	
ENSMUSG00000141253		-3.1899183	
Gucy2f		-3.1899183	
ENSMUSG00000143478		-3.1907017	
ENSMUSG00000136071		-3.1907017	
Gm37985		-3.1907017	
Cela2a		-3.1907017	
Ncan		-3.1907017	
Gm33142		-3.1907017	
ENSMUSG00000128452		-3.1907017	
Gm16235		-3.1907017	
ENSMUSG00000128806		-3.1907017	
ENSMUSG00000123157		-3.1907017	
ENSMUSG00000132566		-3.1907017	
ENSMUSG00000138609		-3.1907017	
ENSMUSG00000135434		-3.1907017	
ENSMUSG00000133166		-3.19261	
Gm13791		-3.19261	
Sox2ot		-3.19261	
ENSMUSG00000129463		-3.19261	
ENSMUSG00000137364		-3.19261	
4930564D02Rik		-3.19261	
Gm31828		-3.19261	
ENSMUSG00000132349		-3.19261	
Gm2623		-3.19261	
Gm44097		-3.19261	
ENSMUSG00000133329		-3.19261	
Gm18254		-3.19261	
Vmn2r-ps69		-3.19261	
ENSMUSG00000142594		-3.19261	
Gm7850		-3.19261	
ENSMUSG00000142542		-3.19261	
Gsta2		-3.19261	
ENSMUSG00000142493		-3.19261	
Gm18409		-3.19261	
ENSMUSG00000129083		-3.19261	
Gm54825		-3.19261	
ENSMUSG00000122357		-3.19261	
Gm8075		-3.19261	
Gm17872		-3.19261	
Gm8062		-3.19261	
ENSMUSG00000135598		-3.19261	
ENSMUSG00000136635		-3.19261	
ENSMUSG00000121920		-3.19261	
ENSMUSG00000137118		-3.19261	
Vax1		-3.19261	
ENSMUSG00000131114		-3.19261	
Cdr1os		-3.19261	
Vxn		-3.2063687	
ENSMUSG00000127288		-3.2063687	
Gm37138		-3.2063687	
ENSMUSG00000124418		-3.2063687	
Spata31e2		-3.2063687	
4930568A12Rik		-3.2063687	
ENSMUSG00000140889		-3.2063687	
ENSMUSG00000133139		-3.2063687	
ENSMUSG00000134845		-3.2063687	
Gm5100		-3.2063687	
ENSMUSG00000123634		-3.2063687	
Gm5269		-3.2063687	
ENSMUSG00000131934		-3.2063687	
ENSMUSG00000131975		-3.2063687	
ENSMUSG00000136337		-3.2063687	
ENSMUSG00000127045		-3.2063687	
ENSMUSG00000124541		-3.2063687	
Gm37198		-3.2063687	
ENSMUSG00000137778		-3.2063687	
Gm57189		-3.2063687	
ENSMUSG00000139849		-3.2063687	
Gm37152		-3.2063687	
Gm37485		-3.2063687	
Gm57143		-3.2063687	
D130058E05Rik		-3.2063687	
Gm28721		-3.2063687	
ENSMUSG00000131460		-3.2063687	
Gm7776		-3.2063687	
ENSMUSG00000141288		-3.2063687	
ENSMUSG00000133076		-3.2063687	
Gm30431		-3.2063687	
Gm38212		-3.2063687	
ENSMUSG00000127436		-3.2063687	
ENSMUSG00000136323		-3.2063687	
ENSMUSG00000143950		-3.2063687	
ENSMUSG00000138804		-3.2063687	
Cd55b		-3.2063687	
Gm57187		-3.2063687	
Tuba5-ps		-3.2063687	
Gpr37l1		-3.2063687	
4933409D19Rik		-3.2063687	
Gm38284		-3.2063687	
Ptgs2os2		-3.2063687	
ENSMUSG00000125935		-3.2063687	
ENSMUSG00000138522		-3.2063687	
ENSMUSG00000143476		-3.2063687	
Gm37679		-3.2063687	
Gm37184		-3.2063687	
Gm37864		-3.2063687	
ENSMUSG00000142904		-3.2063687	
Gm38204		-3.2063687	
Gm37010		-3.2063687	
Becn2		-3.2063687	
Mir350		-3.2063687	
Gm37246		-3.2063687	
2900042K21Rik		-3.2063687	
ENSMUSG00000139638		-3.2063687	
Gm8407		-3.2063687	
Gm37366		-3.2063687	
Gm13181		-3.2063687	
ENSMUSG00000138114		-3.2063687	
Gm13264		-3.2063687	
Gm13293		-3.2063687	
ENSMUSG00000134755		-3.2063687	
ENSMUSG00000123647		-3.2063687	
Gm13542		-3.2063687	
Gm13381		-3.2063687	
ENSMUSG00000133664		-3.2063687	
Cstad		-3.2063687	
ENSMUSG00000135482		-3.2063687	
Gm13427		-3.2063687	
ENSMUSG00000129487		-3.2063687	
ENSMUSG00000140490		-3.2063687	
Or1n2		-3.2063687	
ENSMUSG00000129378		-3.2063687	
ENSMUSG00000130556		-3.2063687	
ENSMUSG00000140982		-3.2063687	
Rpl35-ps1		-3.2063687	
ENSMUSG00000134567		-3.2063687	
Gm13666		-3.2063687	
Evx2		-3.2063687	
Gm13661		-3.2063687	
ENSMUSG00000137777		-3.2063687	
Or5aq1b		-3.2063687	
Or4a77		-3.2063687	
Or4x6		-3.2063687	
ENSMUSG00000129291		-3.2063687	
ENSMUSG00000135759		-3.2063687	
Pin1rt1		-3.2063687	
ENSMUSG00000124043		-3.2063687	
Gm14280		-3.2063687	
Gm14052		-3.2063687	
Rpl23a-ps4		-3.2063687	
Ankef1		-3.2063687	
ENSMUSG00000128731		-3.2063687	
Dusp15		-3.2063687	
Bpifb2		-3.2063687	
ENSMUSG00000133050		-3.2063687	
Gm14239		-3.2063687	
ENSMUSG00000137467		-3.2063687	
1700060C20Rik		-3.2063687	
Bpi		-3.2063687	
ENSMUSG00000134857		-3.2063687	
ENSMUSG00000130183		-3.2063687	
Gm14249		-3.2063687	
ENSMUSG00000129159		-3.2063687	
ENSMUSG00000128340		-3.2063687	
ENSMUSG00000126087		-3.2063687	
ENSMUSG00000128728		-3.2063687	
Gm16685		-3.2063687	
ENSMUSG00000122965		-3.2063687	
ENSMUSG00000131132		-3.2063687	
ENSMUSG00000125784		-3.2063687	
Cpb1		-3.2063687	
Gm33051		-3.2063687	
Gm15496		-3.2063687	
ENSMUSG00000130179		-3.2063687	
Gm5708		-3.2063687	
ENSMUSG00000128679		-3.2063687	
Gm5274		-3.2063687	
ENSMUSG00000122906		-3.2063687	
Sertm1		-3.2063687	
Gm25572		-3.2063687	
Gm36985		-3.2063687	
Gm37056		-3.2063687	
Gm20356		-3.2063687	
Gm37806		-3.2063687	
Spmip2		-3.2063687	
Dchs2		-3.2063687	
ENSMUSG00000131877		-3.2063687	
ENSMUSG00000140007		-3.2063687	
Ttc24		-3.2063687	
ENSMUSG00000134324		-3.2063687	
Gm37377		-3.2063687	
ENSMUSG00000143165		-3.2063687	
Hormad1		-3.2063687	
ENSMUSG00000133169		-3.2063687	
Gm42941		-3.2063687	
ENSMUSG00000141135		-3.2063687	
Gm43745		-3.2063687	
ENSMUSG00000130617		-3.2063687	
Gm42587		-3.2063687	
ENSMUSG00000125593		-3.2063687	
Gm56786		-3.2063687	
ENSMUSG00000137834		-3.2063687	
Gm33651		-3.2063687	
ENSMUSG00000134182		-3.2063687	
Gm46828		-3.2063687	
ENSMUSG00000132387		-3.2063687	
ENSMUSG00000126966		-3.2063687	
Gm31121		-3.2063687	
Gm42949		-3.2063687	
ENSMUSG00000124135		-3.2063687	
Gm31881		-3.2063687	
ENSMUSG00000138280		-3.2063687	
Tnni3k		-3.2063687	
B230334C09Rik		-3.2063687	
Rpe65		-3.2063687	
ENSMUSG00000130069		-3.2063687	
Gm11816		-3.2063687	
ENSMUSG00000143658		-3.2063687	
Gm11840		-3.2063687	
Gm11874		-3.2063687	
ENSMUSG00000128243		-3.2063687	
ENSMUSG00000122687		-3.2063687	
Cga		-3.2063687	
ENSMUSG00000130537		-3.2063687	
ENSMUSG00000142746		-3.2063687	
ENSMUSG00000125697		-3.2063687	
Gm57151		-3.2063687	
ENSMUSG00000131612		-3.2063687	
ENSMUSG00000127507		-3.2063687	
ENSMUSG00000129154		-3.2063687	
Gm57072		-3.2063687	
ENSMUSG00000137536		-3.2063687	
ENSMUSG00000141053		-3.2063687	
Gm11246		-3.2063687	
Gm11411		-3.2063687	
ENSMUSG00000131771		-3.2063687	
4930551L18Rik		-3.2063687	
Gm12708		-3.2063687	
Ccdc50-ps		-3.2063687	
ENSMUSG00000123717		-3.2063687	
Gm12795		-3.2063687	
ENSMUSG00000127978		-3.2063687	
ENSMUSG00000125511		-3.2063687	
Gm12740		-3.2063687	
Gm12738		-3.2063687	
Gm53026		-3.2063687	
Cyp4a28-ps		-3.2063687	
ENSMUSG00000137549		-3.2063687	
ENSMUSG00000136957		-3.2063687	
Gm12933		-3.2063687	
ENSMUSG00000132782		-3.2063687	
ENSMUSG00000141964		-3.2063687	
Gm12958		-3.2063687	
ENSMUSG00000132766		-3.2063687	
ENSMUSG00000121669		-3.2063687	
ENSMUSG00000139935		-3.2063687	
Cd164l2		-3.2063687	
ENSMUSG00000123806		-3.2063687	
ENSMUSG00000132404		-3.2063687	
ENSMUSG00000123140		-3.2063687	
Lactbl1		-3.2063687	
ENSMUSG00000134479		-3.2063687	
Gm45533		-3.2063687	
Gm13032		-3.2063687	
ENSMUSG00000123093		-3.2063687	
Gm57138		-3.2063687	
Gm13062		-3.2063687	
ENSMUSG00000123279		-3.2063687	
ENSMUSG00000135272		-3.2063687	
Wdr46-ps		-3.2063687	
Grm3		-3.2063687	
Gm10481		-3.2063687	
Gm43490		-3.2063687	
ENSMUSG00000144104		-3.2063687	
ENSMUSG00000128844		-3.2063687	
Gm56091		-3.2063687	
Gm17130		-3.2063687	
ENSMUSG00000122874		-3.2063687	
Gm20465		-3.2063687	
Gm42848		-3.2063687	
ENSMUSG00000133719		-3.2063687	
ENSMUSG00000139597		-3.2063687	
Gm43182		-3.2063687	
Gm42771		-3.2063687	
Gm10440		-3.2063687	
Gm43004		-3.2063687	
ENSMUSG00000144038		-3.2063687	
Gm15985		-3.2063687	
ENSMUSG00000127495		-3.2063687	
Gm43532		-3.2063687	
ENSMUSG00000125182		-3.2063687	
Gm16226		-3.2063687	
Gm17978		-3.2063687	
ENSMUSG00000130295		-3.2063687	
Gm13829		-3.2063687	
Gm26411		-3.2063687	
Gm38554		-3.2063687	
ENSMUSG00000122430		-3.2063687	
Gm43420		-3.2063687	
5830487J09Rik		-3.2063687	
Gm55317		-3.2063687	
ENSMUSG00000126538		-3.2063687	
ENSMUSG00000136838		-3.2063687	
ENSMUSG00000124817		-3.2063687	
Gm40332		-3.2063687	
Gm43483		-3.2063687	
Srrm3os		-3.2063687	
ENSMUSG00000130646		-3.2063687	
ENSMUSG00000125160		-3.2063687	
ENSMUSG00000134825		-3.2063687	
Gm42531		-3.2063687	
Gm43690		-3.2063687	
Gm55213		-3.2063687	
Gm15594		-3.2063687	
ENSMUSG00000125045		-3.2063687	
ENSMUSG00000121870		-3.2063687	
Gm43748		-3.2063687	
ENSMUSG00000124627		-3.2063687	
ENSMUSG00000142320		-3.2063687	
ENSMUSG00000123026		-3.2063687	
4930563H07Rik		-3.2063687	
Gm8038		-3.2063687	
ENSMUSG00000128062		-3.2063687	
Gm44434		-3.2063687	
Gm3279		-3.2063687	
Vmn1r14		-3.2063687	
Gm38825		-3.2063687	
Igkv17-127		-3.2063687	
Igkv4-59		-3.2063687	
Igkv4-53		-3.2063687	
Igkv12-44		-3.2063687	
Igkv8-19		-3.2063687	
Gm44288		-3.2063687	
ENSMUSG00000138600		-3.2063687	
Gm10445		-3.2063687	
ENSMUSG00000143765		-3.2063687	
ENSMUSG00000140253		-3.2063687	
Gm4287		-3.2063687	
Gm23244		-3.2063687	
ENSMUSG00000123415		-3.2063687	
Gm30842		-3.2063687	
Gm44014		-3.2063687	
Gm56979		-3.2063687	
ENSMUSG00000140072		-3.2063687	
Akap3		-3.2063687	
ENSMUSG00000121359		-3.2063687	
ENSMUSG00000124575		-3.2063687	
Gm44084		-3.2063687	
ENSMUSG00000126560		-3.2063687	
ENSMUSG00000139484		-3.2063687	
A930014E10Rik		-3.2063687	
Gm44115		-3.2063687	
ENSMUSG00000143485		-3.2063687	
ENSMUSG00000142878		-3.2063687	
Gm45562		-3.2063687	
Vmn1r81		-3.2063687	
Sult2a8		-3.2063687	
Gtpbp4-ps5		-3.2063687	
ENSMUSG00000138803		-3.2063687	
ENSMUSG00000138150		-3.2063687	
ENSMUSG00000127582		-3.2063687	
Scgb1b3		-3.2063687	
ENSMUSG00000136777		-3.2063687	
Gm35665		-3.2063687	
Vmn2r61		-3.2063687	
Aspdh		-3.2063687	
ENSMUSG00000124921		-3.2063687	
Mrgpra2b		-3.2063687	
ENSMUSG00000127501		-3.2063687	
Gm18559		-3.2063687	
9130015G15Rik		-3.2063687	
ENSMUSG00000122499		-3.2063687	
Gm33570		-3.2063687	
ENSMUSG00000137255		-3.2063687	
A530021J07Rik		-3.2063687	
Or6f1		-3.2063687	
Vmn2r78		-3.2063687	
A930002H02Rik		-3.2063687	
Gm45178		-3.2063687	
ENSMUSG00000134325		-3.2063687	
Gm45687		-3.2063687	
Usp17lc		-3.2063687	
Or52e8b		-3.2063687	
Gm57787		-3.2063687	
Gvin-ps1		-3.2063687	
Or5p4		-3.2063687	
Gm57246		-3.2063687	
Gm45588		-3.2063687	
Gm53367		-3.2063687	
ENSMUSG00000143985		-3.2063687	
Gm45137		-3.2063687	
Gm6905		-3.2063687	
4930448A20Rik		-3.2063687	
Gm44940		-3.2063687	
ENSMUSG00000123747		-3.2063687	
Gm32816		-3.2063687	
Cdcp3		-3.2063687	
ENSMUSG00000136816		-3.2063687	
ENSMUSG00000134708		-3.2063687	
ENSMUSG00000133871		-3.2063687	
ENSMUSG00000128762		-3.2063687	
Rpl21-ps13		-3.2063687	
ENSMUSG00000128670		-3.2063687	
Gm14372		-3.2063687	
Vmn2r-ps88		-3.2063687	
Gm44801		-3.2063687	
Tex29		-3.2063687	
ENSMUSG00000139986		-3.2063687	
Gm45237		-3.2063687	
Chrnb3		-3.2063687	
Gm26632		-3.2063687	
ENSMUSG00000130786		-3.2063687	
Gm45524		-3.2063687	
ENSMUSG00000122364		-3.2063687	
ENSMUSG00000123080		-3.2063687	
Gm45388		-3.2063687	
Gm45366		-3.2063687	
Gm35521		-3.2063687	
ENSMUSG00000140829		-3.2063687	
ENSMUSG00000129769		-3.2063687	
Gm10649		-3.2063687	
ENSMUSG00000124820		-3.2063687	
Mir181d		-3.2063687	
Gm35162		-3.2063687	
Gm36380		-3.2063687	
Ces1b		-3.2063687	
ENSMUSG00000134733		-3.2063687	
Matr3-ps2		-3.2063687	
ENSMUSG00000137397		-3.2063687	
ENSMUSG00000124194		-3.2063687	
ENSMUSG00000128963		-3.2063687	
Gm32390		-3.2063687	
ENSMUSG00000138039		-3.2063687	
Gm5611		-3.2063687	
Or7d9		-3.2063687	
ENSMUSG00000124384		-3.2063687	
ENSMUSG00000126706		-3.2063687	
Gm7904		-3.2063687	
Gm18891		-3.2063687	
Gm47716		-3.2063687	
Or8g54		-3.2063687	
ENSMUSG00000127514		-3.2063687	
ENSMUSG00000127700		-3.2063687	
Cd3d		-3.2063687	
ENSMUSG00000123791		-3.2063687	
Gm5917		-3.2063687	
ENSMUSG00000141069		-3.2063687	
Gm49334		-3.2063687	
Rnu5g		-3.2063687	
ENSMUSG00000138641		-3.2063687	
ENSMUSG00000127934		-3.2063687	
ENSMUSG00000124851		-3.2063687	
Gm56102		-3.2063687	
ENSMUSG00000127989		-3.2063687	
Gm3126		-3.2063687	
Impg1		-3.2063687	
Gm39384		-3.2063687	
ENSMUSG00000125184		-3.2063687	
ENSMUSG00000138348		-3.2063687	
Plscr1l1		-3.2063687	
n-R5s88		-3.2063687	
ENSMUSG00000127561		-3.2063687	
ENSMUSG00000131067		-3.2063687	
ENSMUSG00000142068		-3.2063687	
ENSMUSG00000135513		-3.2063687	
Gm47059		-3.2063687	
Gm47136		-3.2063687	
ENSMUSG00000141837		-3.2063687	
ENSMUSG00000134668		-3.2063687	
ENSMUSG00000134630		-3.2063687	
ENSMUSG00000122059		-3.2063687	
ENSMUSG00000134244		-3.2063687	
ENSMUSG00000124465		-3.2063687	
Gm7791		-3.2063687	
Gm15199		-3.2063687	
Gm47504		-3.2063687	
ENSMUSG00000133316		-3.2063687	
Gm19972		-3.2063687	
Gm32515		-3.2063687	
ENSMUSG00000125298		-3.2063687	
ENSMUSG00000134357		-3.2063687	
Gm48023		-3.2063687	
ENSMUSG00000136231		-3.2063687	
Or7a36		-3.2063687	
Gm56956		-3.2063687	
Spata31h1		-3.2063687	
Gm32468		-3.2063687	
ENSMUSG00000123402		-3.2063687	
ENSMUSG00000121708		-3.2063687	
Gm47480		-3.2063687	
ENSMUSG00000126915		-3.2063687	
D630033A02Rik		-3.2063687	
ENSMUSG00000123773		-3.2063687	
Gm12005		-3.2063687	
ENSMUSG00000133616		-3.2063687	
Gm12051		-3.2063687	
Gm12097		-3.2063687	
ENSMUSG00000133866		-3.2063687	
Tlx3		-3.2063687	
Gm12131		-3.2063687	
ENSMUSG00000142338		-3.2063687	
Gm12186		-3.2063687	
Gm57328		-3.2063687	
ENSMUSG00000126997		-3.2063687	
Gm12193		-3.2063687	
Grm6		-3.2063687	
Gm57367		-3.2063687	
ENSMUSG00000134383		-3.2063687	
ENSMUSG00000137695		-3.2063687	
Lyrm7os		-3.2063687	
ENSMUSG00000143422		-3.2063687	
ENSMUSG00000142852		-3.2063687	
ENSMUSG00000126884		-3.2063687	
9230020A06Rik		-3.2063687	
ENSMUSG00000135674		-3.2063687	
ENSMUSG00000128954		-3.2063687	
Gm12340		-3.2063687	
Gm22772		-3.2063687	
ENSMUSG00000140636		-3.2063687	
ENSMUSG00000133336		-3.2063687	
ENSMUSG00000129995		-3.2063687	
ENSMUSG00000141178		-3.2063687	
Gm57365		-3.2063687	
ENSMUSG00000125519		-3.2063687	
ENSMUSG00000126774		-3.2063687	
Gm11538		-3.2063687	
ENSMUSG00000140407		-3.2063687	
ENSMUSG00000133274		-3.2063687	
ENSMUSG00000133189		-3.2063687	
Gm20659		-3.2063687	
ENSMUSG00000122431		-3.2063687	
ENSMUSG00000140391		-3.2063687	
ENSMUSG00000132195		-3.2063687	
ENSMUSG00000135035		-3.2063687	
4732490B19Rik		-3.2063687	
Rps11-ps2		-3.2063687	
ENSMUSG00000138327		-3.2063687	
Gm55574		-3.2063687	
Gm15643		-3.2063687	
ENSMUSG00000134395		-3.2063687	
ENSMUSG00000135374		-3.2063687	
ENSMUSG00000127962		-3.2063687	
Gm36128		-3.2063687	
ENSMUSG00000128250		-3.2063687	
Gm48637		-3.2063687	
Gm21863		-3.2063687	
ENSMUSG00000125979		-3.2063687	
ENSMUSG00000131142		-3.2063687	
ENSMUSG00000123285		-3.2063687	
Gm48137		-3.2063687	
Gm47868		-3.2063687	
Gm2027		-3.2063687	
ENSMUSG00000131698		-3.2063687	
1700104L18Rik		-3.2063687	
ENSMUSG00000122924		-3.2063687	
Gm7557		-3.2063687	
Gm56511		-3.2063687	
Gm18242		-3.2063687	
Gm32151		-3.2063687	
Gm33929		-3.2063687	
ENSMUSG00000135657		-3.2063687	
ENSMUSG00000130344		-3.2063687	
ENSMUSG00000133584		-3.2063687	
ENSMUSG00000140297		-3.2063687	
Gm48063		-3.2063687	
ENSMUSG00000130226		-3.2063687	
Gm3234		-3.2063687	
ENSMUSG00000143365		-3.2063687	
ENSMUSG00000139630		-3.2063687	
ENSMUSG00000132557		-3.2063687	
ENSMUSG00000133471		-3.2063687	
Gm43310		-3.2063687	
Ighv14-2		-3.2063687	
Ighv1-15		-3.2063687	
Ighv1-26		-3.2063687	
Gm48530		-3.2063687	
ENSMUSG00000126171		-3.2063687	
ENSMUSG00000134621		-3.2063687	
Trgv6		-3.2063687	
Vmn1r214		-3.2063687	
H4c6		-3.2063687	
Gm11337		-3.2063687	
Gm11341		-3.2063687	
Hdgfl1		-3.2063687	
ENSMUSG00000136879		-3.2063687	
Hus1b		-3.2063687	
Gm11384		-3.2063687	
Gm33630		-3.2063687	
Gm33684		-3.2063687	
Gm47781		-3.2063687	
Gm34466		-3.2063687	
A930002C04Rik		-3.2063687	
ENSMUSG00000131695		-3.2063687	
ENSMUSG00000138718		-3.2063687	
ENSMUSG00000125820		-3.2063687	
Gm54775		-3.2063687	
ENSMUSG00000135938		-3.2063687	
Trpc7		-3.2063687	
ENSMUSG00000126922		-3.2063687	
Rpl13-ps2		-3.2063687	
Gm34788		-3.2063687	
Gm48691		-3.2063687	
Gm30409		-3.2063687	
Gm47602		-3.2063687	
Cntnap3		-3.2063687	
Vmn2r-ps95		-3.2063687	
ENSMUSG00000133326		-3.2063687	
ENSMUSG00000127164		-3.2063687	
Gm5668		-3.2063687	
ENSMUSG00000126348		-3.2063687	
ENSMUSG00000138782		-3.2063687	
ENSMUSG00000138347		-3.2063687	
ENSMUSG00000131722		-3.2063687	
AI197445		-3.2063687	
Gm8795		-3.2063687	
Gm48265		-3.2063687	
ENSMUSG00000141966		-3.2063687	
ENSMUSG00000130153		-3.2063687	
Gm17047		-3.2063687	
Gm18215		-3.2063687	
ENSMUSG00000134602		-3.2063687	
Chat		-3.2063687	
Gm31456		-3.2063687	
Gm41138		-3.2063687	
Gm34756		-3.2063687	
Rnase10		-3.2063687	
Trav6d-5		-3.2063687	
ENSMUSG00000130616		-3.2063687	
Rnu6-ps1		-3.2063687	
Cpne6		-3.2063687	
ENSMUSG00000128712		-3.2063687	
ENSMUSG00000124740		-3.2063687	
Synb		-3.2063687	
ENSMUSG00000141961		-3.2063687	
ENSMUSG00000125528		-3.2063687	
Gm49028		-3.2063687	
ENSMUSG00000129377		-3.2063687	
Gm37002		-3.2063687	
Gm41225		-3.2063687	
ENSMUSG00000134686		-3.2063687	
ENSMUSG00000142536		-3.2063687	
Gm41244		-3.2063687	
Gm4823		-3.2063687	
ENSMUSG00000125973		-3.2063687	
Gm8139		-3.2063687	
ENSMUSG00000122980		-3.2063687	
Gm49729		-3.2063687	
ENSMUSG00000140286		-3.2063687	
Marchf11		-3.2063687	
Gm8472		-3.2063687	
Gm49246		-3.2063687	
ENSMUSG00000132282		-3.2063687	
Gm41300		-3.2063687	
ENSMUSG00000122623		-3.2063687	
ENSMUSG00000144064		-3.2063687	
ENSMUSG00000126928		-3.2063687	
9330182O14Rik		-3.2063687	
Rspo2		-3.2063687	
2310069G16Rik		-3.2063687	
ENSMUSG00000137446		-3.2063687	
Gm29904		-3.2063687	
Gm28976		-3.2063687	
ENSMUSG00000129375		-3.2063687	
ENSMUSG00000129012		-3.2063687	
Gm28502		-3.2063687	
ENSMUSG00000122961		-3.2063687	
ENSMUSG00000133702		-3.2063687	
Gm49469		-3.2063687	
Gm7167		-3.2063687	
Gm17546		-3.2063687	
Gm56700		-3.2063687	
Fam186b		-3.2063687	
Gm56742		-3.2063687	
ENSMUSG00000134224		-3.2063687	
Gm49477		-3.2063687	
Mucl1		-3.2063687	
ENSMUSG00000126210		-3.2063687	
C87114		-3.2063687	
Rtp1		-3.2063687	
ENSMUSG00000126131		-3.2063687	
ENSMUSG00000133585		-3.2063687	
Gm8425		-3.2063687	
Stxbp5l		-3.2063687	
Gm49569		-3.2063687	
ENSMUSG00000126605		-3.2063687	
ENSMUSG00000131015		-3.2063687	
ENSMUSG00000128839		-3.2063687	
4930461C15Rik		-3.2063687	
1700022E09Rik		-3.2063687	
Gm49587		-3.2063687	
ENSMUSG00000138006		-3.2063687	
ENSMUSG00000139146		-3.2063687	
ENSMUSG00000138103		-3.2063687	
ENSMUSG00000139448		-3.2063687	
ENSMUSG00000133823		-3.2063687	
ENSMUSG00000136423		-3.2063687	
Gm11166		-3.2063687	
ENSMUSG00000142638		-3.2063687	
Gm18269		-3.2063687	
Prss32		-3.2063687	
ENSMUSG00000121903		-3.2063687	
Pdia2		-3.2063687	
Gm16195		-3.2063687	
Or10h28		-3.2063687	
ENSMUSG00000143675		-3.2063687	
ENSMUSG00000130391		-3.2063687	
Gm20508		-3.2063687	
Gm17782		-3.2063687	
ENSMUSG00000139219		-3.2063687	
Gm49805		-3.2063687	
Gm56900		-3.2063687	
ENSMUSG00000142270		-3.2063687	
Gm14871		-3.2063687	
Dreh		-3.2063687	
Mettl4-ps1		-3.2063687	
D630014O11Rik		-3.2063687	
ENSMUSG00000127878		-3.2063687	
ENSMUSG00000133120		-3.2063687	
ENSMUSG00000126046		-3.2063687	
ENSMUSG00000138862		-3.2063687	
ENSMUSG00000126624		-3.2063687	
Gm56902		-3.2063687	
ENSMUSG00000129596		-3.2063687	
Gm26612		-3.2063687	
ENSMUSG00000135961		-3.2063687	
ENSMUSG00000128928		-3.2063687	
ENSMUSG00000133789		-3.2063687	
ENSMUSG00000122646		-3.2063687	
Pcdha8		-3.2063687	
ENSMUSG00000129367		-3.2063687	
ENSMUSG00000124790		-3.2063687	
ENSMUSG00000136380		-3.2063687	
Gm50213		-3.2063687	
Spink14		-3.2063687	
ENSMUSG00000134205		-3.2063687	
ENSMUSG00000143578		-3.2063687	
St8sia3os		-3.2063687	
ENSMUSG00000136914		-3.2063687	
ENSMUSG00000125047		-3.2063687	
Gm31933		-3.2063687	
ENSMUSG00000140486		-3.2063687	
Gm37015		-3.2063687	
4921531P14Rik		-3.2063687	
Gm18280		-3.2063687	
Gm55500		-3.2063687	
Gal3st3		-3.2063687	
ENSMUSG00000132405		-3.2063687	
1810058N15Rik		-3.2063687	
ENSMUSG00000136438		-3.2063687	
ENSMUSG00000137478		-3.2063687	
Plaat5		-3.2063687	
ENSMUSG00000122785		-3.2063687	
Gm19224		-3.2063687	
Or5an11		-3.2063687	
Gm4952		-3.2063687	
Gm3188		-3.2063687	
ENSMUSG00000135204		-3.2063687	
Mir101b		-3.2063687	
Gm56643		-3.2063687	
Gm9042		-3.2063687	
ENSMUSG00000122025		-3.2063687	
Cyp2c38		-3.2063687	
ENSMUSG00000128885		-3.2063687	
ENSMUSG00000141453		-3.2063687	
ENSMUSG00000138898		-3.2063687	
ENSMUSG00000139656		-3.2063687	
ENSMUSG00000138840		-3.2063687	
ENSMUSG00000126989		-3.2063687	
ENSMUSG00000129665		-3.2063687	
ENSMUSG00000141021		-3.2063687	
Gm16481		-3.2063687	
Gm55484		-3.2063687	
Rhox7a		-3.2063687	
ENSMUSG00000121800		-3.2063687	
Gm5387		-3.2063687	
Rpl30-ps10		-3.2063687	
ENSMUSG00000141871		-3.2063687	
Gm14813		-3.2063687	
Otud6a		-3.2063687	
ENSMUSG00000123459		-3.2063687	
Gm9103		-3.2063687	
Gm37956		-3.2063687	
Dach2		-3.2063687	
ENSMUSG00000129350		-3.2063687	
ENSMUSG00000138672		-3.2063687	
ENSMUSG00000136605		-3.2063687	
ENSMUSG00000137984		-3.2140157	
ENSMUSG00000140315		-3.2140157	
ENSMUSG00000121673		-3.2140157	
Luzp4		-3.2140157	
Rpl17-ps4		-3.2140443	
Gm37625		-3.214118	
ENSMUSG00000137908		-3.214118	
ENSMUSG00000135363		-3.214118	
Gm48742		-3.214118	
Rpl15-ps2		-3.214118	
ENSMUSG00000123466		-3.23692	
ENSMUSG00000128443		-3.23692	
ENSMUSG00000139783		-3.23692	
ENSMUSG00000132836		-3.238704	
ENSMUSG00000123378		-3.2394416	
Ugt2b1		-3.2470777	
Gm9728		-3.2480989	
1700069B07Rik		-3.2480989	
Gm32014		-3.2480989	
Gm47666		-3.2480989	
Sult4a1		-3.2480989	
ENSMUSG00000142047		-3.2643905	
Ntsr2		-3.2668204	
ENSMUSG00000124436		-3.2668204	
ENSMUSG00000127344		-3.2896762	
Gm23645		-3.2896762	
Gm11100		-3.294619	
Gm25541		-3.31364	
4933431K14Rik		-3.31364	
Kcna6		-3.3251145	
Diras1		-3.3390176	
ENSMUSG00000128260		-3.3672447	
Prss46		-3.3817663	
Slc6a20a		-3.389419	
Gm13093		-3.414152	
Rps19-ps8		-3.414152	
Gm38106		-3.430425	
Gm48600		-3.4428847	
ENSMUSG00000142949		-3.4863837	
Gm30414		-3.4947588	
Gm35177		-3.5013616	
Gm48591		-3.5013616	
Uts2		-3.5068245	
Gm48966		-3.5068245	
Cacng2		-3.5068245	
ENSMUSG00000143699		-3.5068245	
ENSMUSG00000128110		-3.5072381	
Glud-ps		-3.5084283	
2210409E12Rik		-3.5084283	
ENSMUSG00000133654		-3.5084283	
Gm25973		-3.5084283	
Rpl30-ps6		-3.5174983	
Gm41541		-3.5174983	
Gm37580		-3.5470822	
C78197		-3.5470822	
ENSMUSG00000122951		-3.5470822	
Igkv4-62		-3.5549293	
Gm41653		-3.5549293	
ENSMUSG00000136932		-3.5620842	
ENSMUSG00000137137		-3.5620842	
Gm37902		-3.5727708	
Gm31870		-3.5727708	
Gm44652		-3.5727708	
Adamts16		-3.586596	
Gm45244		-3.5998344	
ENSMUSG00000143625		-3.5998344	
Pcdhb19		-3.5998344	
ENSMUSG00000137438		-3.6861913	
ENSMUSG00000141100		-3.695779	
4930589P08Rik		-3.729821	
Igkv4-63		-3.7434714	
Mmp25		-3.7437885	
Gm12397		-3.7534285	
ENSMUSG00000138136		-3.7534285	
Zfp980		-3.7534285	
Gm21698		-3.7534285	
ENSMUSG00000138290		-3.7534285	
Gm9034		-3.7534285	
Gm12094		-3.7534285	
ENSMUSG00000121348		-3.7534285	
ENSMUSG00000130673		-3.7534285	
ENSMUSG00000135826		-3.7534285	
Gm5430		-3.7534285	
Gm16465		-3.7534285	
Gm48998		-3.7554512	
ENSMUSG00000141093		-3.7662938	
Sp9		-3.7662938	
Gm56345		-3.7662938	
ENSMUSG00000125875		-3.7662938	
ENSMUSG00000140921		-3.7662938	
ENSMUSG00000136744		-3.7662938	
Gm15444		-3.7662938	
ENSMUSG00000127440		-3.7662938	
ENSMUSG00000121729		-3.7662938	
ENSMUSG00000132391		-3.7662938	
ENSMUSG00000138269		-3.7662938	
ENSMUSG00000139941		-3.7662938	
Gm5564		-3.7662938	
ENSMUSG00000140783		-3.7662938	
Cyp2a5		-3.7662938	
Klk1b19-ps		-3.7662938	
Dkk4		-3.7662938	
Gm45817		-3.7662938	
Gm56850		-3.7662938	
ENSMUSG00000141769		-3.7662938	
Gm19531		-3.7662938	
ENSMUSG00000123153		-3.7662938	
Gm47761		-3.7662938	
Gm54573		-3.7662938	
ENSMUSG00000135716		-3.7662938	
Gm40932		-3.7662938	
Gm17082		-3.7662938	
Gm49465		-3.7662938	
Gm4829		-3.7662938	
Dsg1c		-3.7662938	
ENSMUSG00000139113		-3.7830105	
Noto		-3.7830105	
Gm10642		-3.7830105	
Dock3		-3.7830105	
ENSMUSG00000130831		-3.7830105	
ENSMUSG00000129114		-3.7830105	
4932416K20Rik		-3.7831953	
ENSMUSG00000135641		-3.7831953	
Dnmt3bos		-3.7837942	
Gm57095		-3.7837942	
Trbc2		-3.7837942	
Lyzl6		-3.7837942	
Abca6		-3.7837942	
ENSMUSG00000124689		-3.7837942	
4933427D14Rik		-3.7851992	
ENSMUSG00000133301		-3.7866814	
Gm41386		-3.7927787	
Slamf8		-3.81509	
ENSMUSG00000135746		-3.81509	
Gm16072		-3.815984	
Arhgap27os3		-3.867428	
Gm56803		-3.994945	
ENSMUSG00000138018		-4.015037	
ENSMUSG00000134415		-4.01535	
ENSMUSG00000141259		-4.0359097	
ENSMUSG00000140667		-4.0359097	
Snord88c		-4.038617	
Gm9465		-4.0707607	
Trex2		-4.0707607	
ENSMUSG00000133138		-4.0948963	
Gm28154		-4.175888	
ENSMUSG00000141576		-4.175888	
Cfap65		-4.175888	
ENSMUSG00000127457		-4.175888	
ENSMUSG00000136414		-4.175888	
ENSMUSG00000128311		-4.175888	
Gm13561		-4.175888	
Pjvk		-4.175888	
Svs3a		-4.175888	
ENSMUSG00000129994		-4.175888	
Gm42957		-4.175888	
ENSMUSG00000130487		-4.175888	
ENSMUSG00000124861		-4.175888	
ENSMUSG00000143398		-4.175888	
ENSMUSG00000141137		-4.175888	
ENSMUSG00000138879		-4.175888	
Pttg1ip2		-4.175888	
Gm36401		-4.175888	
Gm42572		-4.175888	
Gm43274		-4.175888	
ENSMUSG00000132165		-4.175888	
ENSMUSG00000135530		-4.175888	
Gm13859		-4.175888	
ENSMUSG00000130765		-4.175888	
5330439B14Rik		-4.175888	
Lypd4		-4.175888	
Klk1b26		-4.175888	
Gm57237		-4.175888	
ENSMUSG00000137261		-4.175888	
ENSMUSG00000129144		-4.175888	
Gm6108		-4.175888	
Gm45532		-4.175888	
C030029H02Rik		-4.175888	
ENSMUSG00000139844		-4.175888	
ENSMUSG00000136533		-4.175888	
ENSMUSG00000124281		-4.175888	
ENSMUSG00000124196		-4.175888	
ENSMUSG00000133511		-4.175888	
ENSMUSG00000128180		-4.175888	
Gm55493		-4.175888	
Gm47708		-4.175888	
Gm5427		-4.175888	
ENSMUSG00000136278		-4.175888	
ENSMUSG00000141002		-4.175888	
ENSMUSG00000143468		-4.175888	
Gm47656		-4.175888	
ENSMUSG00000144059		-4.175888	
Gm6201		-4.175888	
ENSMUSG00000134054		-4.175888	
Gm7459		-4.175888	
2310015D24Rik		-4.175888	
Or2i1		-4.175888	
ENSMUSG00000122433		-4.175888	
Gm17097		-4.175888	
ENSMUSG00000137751		-4.175888	
Gm16541		-4.175888	
ENSMUSG00000137318		-4.175888	
ENSMUSG00000142742		-4.1768026	
Gm9001		-4.1768026	
E230032D23Rik		-4.1768026	
Gm26592		-4.1768026	
ENSMUSG00000135457		-4.1768026	
ENSMUSG00000135119		-4.1768026	
Gm11761		-4.1768026	
Heatr4		-4.1768026	
Gm56551		-4.1768026	
Btf3l4b		-4.1768026	
Gm10847		-4.1768026	
ENSMUSG00000138663		-4.1768026	
ENSMUSG00000125520		-4.1768026	
Gm37315		-4.1791835	
Nms		-4.1791835	
ENSMUSG00000128193		-4.1791835	
BC055402		-4.1791835	
Gm19125		-4.1791835	
ENSMUSG00000122908		-4.1791835	
Mdh1b		-4.1791835	
Gm10558		-4.1791835	
Mir26b		-4.1791835	
Asic4		-4.1791835	
Gm29536		-4.1791835	
Gm28941		-4.1791835	
Gm7539		-4.1791835	
ENSMUSG00000126359		-4.1791835	
Slco6b1		-4.1791835	
ENSMUSG00000131558		-4.1791835	
ENSMUSG00000128431		-4.1791835	
Gm37954		-4.1791835	
Gm37080		-4.1791835	
ENSMUSG00000135718		-4.1791835	
ENSMUSG00000121369		-4.1791835	
ENSMUSG00000134549		-4.1791835	
Gm7897		-4.1791835	
Gm57132		-4.1791835	
Gm17967		-4.1791835	
Gm38358		-4.1791835	
ENSMUSG00000133508		-4.1791835	
ENSMUSG00000127144		-4.1791835	
Gm37349		-4.1791835	
Gm37289		-4.1791835	
Gm13351		-4.1791835	
Gm57432		-4.1791835	
Or12k5		-4.1791835	
ENSMUSG00000126390		-4.1791835	
ENSMUSG00000138409		-4.1791835	
ENSMUSG00000137700		-4.1791835	
Gm56383		-4.1791835	
Snord3b-ps2		-4.1791835	
Tmc2		-4.1791835	
Avp		-4.1791835	
Cst9		-4.1791835	
ENSMUSG00000128186		-4.1791835	
ENSMUSG00000121821		-4.1791835	
ENSMUSG00000128719		-4.1791835	
ENSMUSG00000135680		-4.1791835	
Gm16796		-4.1791835	
1700010B08Rik		-4.1791835	
Stmn3		-4.1791835	
Gm10748		-4.1791835	
ENSMUSG00000126079		-4.1791835	
Gm22798		-4.1791835	
ENSMUSG00000130804		-4.1791835	
Gm37589		-4.1791835	
ENSMUSG00000124439		-4.1791835	
ENSMUSG00000130084		-4.1791835	
ENSMUSG00000133681		-4.1791835	
ENSMUSG00000136478		-4.1791835	
Gm43581		-4.1791835	
Gm42890		-4.1791835	
Gpr61		-4.1791835	
Gm18492		-4.1791835	
ENSMUSG00000133361		-4.1791835	
Mir186		-4.1791835	
ENSMUSG00000126109		-4.1791835	
Gm57155		-4.1791835	
Gm12577		-4.1791835	
ENSMUSG00000137423		-4.1791835	
ENSMUSG00000129050		-4.1791835	
ENSMUSG00000134502		-4.1791835	
ENSMUSG00000131807		-4.1791835	
Gm20651		-4.1791835	
Gm26425		-4.1791835	
ENSMUSG00000122784		-4.1791835	
Gm12805		-4.1791835	
Gm12840		-4.1791835	
ENSMUSG00000142199		-4.1791835	
ENSMUSG00000134885		-4.1791835	
ENSMUSG00000127697		-4.1791835	
ENSMUSG00000134818		-4.1791835	
ENSMUSG00000126839		-4.1791835	
Nr0b2		-4.1791835	
Tas1r2		-4.1791835	
Gm13028		-4.1791835	
ENSMUSG00000127281		-4.1791835	
Pramel11		-4.1791835	
ENSMUSG00000136013		-4.1791835	
Gm57128		-4.1791835	
Fam237b		-4.1791835	
Gm6641		-4.1791835	
ENSMUSG00000124109		-4.1791835	
ENSMUSG00000140444		-4.1791835	
ENSMUSG00000140539		-4.1791835	
Gm10463		-4.1791835	
ENSMUSG00000122827		-4.1791835	
Gabra2		-4.1791835	
ENSMUSG00000136387		-4.1791835	
ENSMUSG00000143999		-4.1791835	
ENSMUSG00000139462		-4.1791835	
Gm29464		-4.1791835	
ENSMUSG00000141797		-4.1791835	
ENSMUSG00000123867		-4.1791835	
Gm42908		-4.1791835	
Gm42500		-4.1791835	
ENSMUSG00000124199		-4.1791835	
Zp3		-4.1791835	
Plut		-4.1791835	
2210417A02Rik		-4.1791835	
ENSMUSG00000137280		-4.1791835	
ENSMUSG00000136392		-4.1791835	
Nxph1		-4.1791835	
Gm55756		-4.1791835	
Mir183		-4.1791835	
ENSMUSG00000130577		-4.1791835	
ENSMUSG00000131921		-4.1791835	
Gm38811		-4.1791835	
ENSMUSG00000135266		-4.1791835	
Vmn1r15		-4.1791835	
Gm31249		-4.1791835	
1700065L07Rik		-4.1791835	
ENSMUSG00000123072		-4.1791835	
ENSMUSG00000132156		-4.1791835	
Gm839		-4.1791835	
ENSMUSG00000133376		-4.1791835	
Vmn1r44		-4.1791835	
Gm44171		-4.1791835	
Gm44439		-4.1791835	
ENSMUSG00000135125		-4.1791835	
Gm44033		-4.1791835	
Gm17733		-4.1791835	
H1f8		-4.1791835	
ENSMUSG00000127175		-4.1791835	
ENSMUSG00000127190		-4.1791835	
ENSMUSG00000133249		-4.1791835	
Gm19065		-4.1791835	
Klri1		-4.1791835	
Klra7		-4.1791835	
Gm44258		-4.1791835	
ENSMUSG00000121650		-4.1791835	
ENSMUSG00000134600		-4.1791835	
Gm15494		-4.1791835	
Obox3-ps6		-4.1791835	
ENSMUSG00000140698		-4.1791835	
ENSMUSG00000129023		-4.1791835	
Gm44744		-4.1791835	
Gm7238		-4.1791835	
Gm45041		-4.1791835	
ENSMUSG00000129829		-4.1791835	
Gm44559		-4.1791835	
ENSMUSG00000130460		-4.1791835	
ENSMUSG00000134966		-4.1791835	
Gm6567		-4.1791835	
Gm45169		-4.1791835	
ENSMUSG00000133084		-4.1791835	
1700010L04Rik		-4.1791835	
Gm44530		-4.1791835	
ENSMUSG00000125615		-4.1791835	
Gm44860		-4.1791835	
Gm45179		-4.1791835	
Rsf1os1		-4.1791835	
Or2d3c		-4.1791835	
Gm45047		-4.1791835	
ENSMUSG00000136984		-4.1791835	
Fam24a		-4.1791835	
Gpr26		-4.1791835	
ENSMUSG00000125201		-4.1791835	
Gm45231		-4.1791835	
Gm44799		-4.1791835	
4933439N14Rik		-4.1791835	
ENSMUSG00000141198		-4.1791835	
Smim18		-4.1791835	
Gm29243		-4.1791835	
ENSMUSG00000130822		-4.1791835	
ENSMUSG00000143484		-4.1791835	
ENSMUSG00000129739		-4.1791835	
Zfp148-ps1		-4.1791835	
ENSMUSG00000131765		-4.1791835	
Gm31786		-4.1791835	
ENSMUSG00000125781		-4.1791835	
ENSMUSG00000140741		-4.1791835	
Gm18646		-4.1791835	
1700011L22Rik		-4.1791835	
Gm45363		-4.1791835	
ENSMUSG00000137377		-4.1791835	
Gm9564		-4.1791835	
4933408N05Rik		-4.1791835	
ENSMUSG00000126767		-4.1791835	
ENSMUSG00000133377		-4.1791835	
Gm19174		-4.1791835	
Glb1l3		-4.1791835	
Gm47717		-4.1791835	
ENSMUSG00000139679		-4.1791835	
Or8b44		-4.1791835	
BC049987		-4.1791835	
Gm7286		-4.1791835	
Gm10655		-4.1791835	
ENSMUSG00000126105		-4.1791835	
ENSMUSG00000134166		-4.1791835	
Gm37983		-4.1791835	
ENSMUSG00000129133		-4.1791835	
Gm34158		-4.1791835	
ENSMUSG00000139269		-4.1791835	
Gm38375		-4.1791835	
Gm8520		-4.1791835	
Gm5627		-4.1791835	
Gm38032		-4.1791835	
Gnat1		-4.1791835	
ENSMUSG00000137042		-4.1791835	
Fbxw13		-4.1791835	
ENSMUSG00000128363		-4.1791835	
ENSMUSG00000142096		-4.1791835	
Gadl1		-4.1791835	
ENSMUSG00000122446		-4.1791835	
Cdk19os		-4.1791835	
ENSMUSG00000143286		-4.1791835	
Tacr2		-4.1791835	
ENSMUSG00000143788		-4.1791835	
Gm40709		-4.1791835	
Vmn2r82		-4.1791835	
Gm26243		-4.1791835	
ENSMUSG00000140877		-4.1791835	
Gm48120		-4.1791835	
ENSMUSG00000139657		-4.1791835	
Mir3058		-4.1791835	
5330439M10Rik		-4.1791835	
ENSMUSG00000130649		-4.1791835	
ENSMUSG00000133801		-4.1791835	
Gm12196		-4.1791835	
ENSMUSG00000130645		-4.1791835	
B130011K05Rik		-4.1791835	
Gm53042		-4.1791835	
ENSMUSG00000127811		-4.1791835	
ENSMUSG00000135127		-4.1791835	
ENSMUSG00000125559		-4.1791835	
ENSMUSG00000127660		-4.1791835	
Wfdc21		-4.1791835	
ENSMUSG00000132098		-4.1791835	
ENSMUSG00000130466		-4.1791835	
ENSMUSG00000126781		-4.1791835	
ENSMUSG00000143621		-4.1791835	
ENSMUSG00000137020		-4.1791835	
ENSMUSG00000122130		-4.1791835	
ENSMUSG00000124507		-4.1791835	
ENSMUSG00000138945		-4.1791835	
Gdf7		-4.1791835	
ENSMUSG00000137425		-4.1791835	
Gm22748		-4.1791835	
Gm4166		-4.1791835	
ENSMUSG00000130833		-4.1791835	
Gm16267		-4.1791835	
ENSMUSG00000140194		-4.1791835	
Gm46348		-4.1791835	
Gm48182		-4.1791835	
ENSMUSG00000140541		-4.1791835	
ENSMUSG00000122767		-4.1791835	
Gm46362		-4.1791835	
ENSMUSG00000143554		-4.1791835	
Gm47450		-4.1791835	
Gm48375		-4.1791835	
Gpr141b		-4.1791835	
H1f5		-4.1791835	
ENSMUSG00000133221		-4.1791835	
Gm15908		-4.1791835	
Gm47683		-4.1791835	
ENSMUSG00000124346		-4.1791835	
ENSMUSG00000126940		-4.1791835	
ENSMUSG00000127015		-4.1791835	
Gm29431		-4.1791835	
Gm10782		-4.1791835	
ENSMUSG00000134787		-4.1791835	
ENSMUSG00000122283		-4.1791835	
Lrrc70		-4.1791835	
Gm56574		-4.1791835	
Gm48782		-4.1791835	
Gm31517		-4.1791835	
E330034G19Rik		-4.1791835	
ENSMUSG00000137589		-4.1791835	
ENSMUSG00000126042		-4.1791835	
ENSMUSG00000136563		-4.1791835	
9630015K15Rik		-4.1791835	
Gm10860		-4.1791835	
1700092C10Rik		-4.1791835	
Gm4278		-4.1791835	
Tnfsf11		-4.1791835	
ENSMUSG00000132104		-4.1791835	
4933432I03Rik		-4.1791835	
4933431J24Rik		-4.1791835	
ENSMUSG00000132683		-4.1791835	
Gm2093		-4.1791835	
Gm49107		-4.1791835	
ENSMUSG00000130108		-4.1791835	
Gm41318		-4.1791835	
ENSMUSG00000128432		-4.1791835	
ENSMUSG00000142781		-4.1791835	
Gm30159		-4.1791835	
ENSMUSG00000128941		-4.1791835	
ENSMUSG00000126921		-4.1791835	
ENSMUSG00000139944		-4.1791835	
Gm22951		-4.1791835	
Gm17057		-4.1791835	
ENSMUSG00000131759		-4.1791835	
ENSMUSG00000130911		-4.1791835	
ENSMUSG00000140786		-4.1791835	
Gm49731		-4.1791835	
Gm34967		-4.1791835	
ENSMUSG00000130810		-4.1791835	
ENSMUSG00000126626		-4.1791835	
ENSMUSG00000143601		-4.1791835	
Gm15713		-4.1791835	
ENSMUSG00000131956		-4.1791835	
ENSMUSG00000136022		-4.1791835	
ENSMUSG00000135210		-4.1791835	
A630036G19Rik		-4.1791835	
ENSMUSG00000125172		-4.1791835	
Krtap20-24		-4.1791835	
ENSMUSG00000125149		-4.1791835	
Gm36684		-4.1791835	
Gm34567		-4.1791835	
Vmn2r97		-4.1791835	
Tmem217b		-4.1791835	
2010106G04Rik		-4.1791835	
ENSMUSG00000142171		-4.1791835	
Cntnap5c		-4.1791835	
Gm23264		-4.1791835	
Gm56922		-4.1791835	
Tmem247		-4.1791835	
Gm50090		-4.1791835	
Gm38410		-4.1791835	
ENSMUSG00000141330		-4.1791835	
ENSMUSG00000136826		-4.1791835	
Gm8731		-4.1791835	
Gm50256		-4.1791835	
ENSMUSG00000136319		-4.1791835	
Gm50356		-4.1791835	
ENSMUSG00000124438		-4.1791835	
Or5bb10		-4.1791835	
ENSMUSG00000143005		-4.1791835	
ENSMUSG00000123562		-4.1791835	
Cyp2c50		-4.1791835	
Gm16027		-4.1791835	
Gm16068		-4.1791835	
Gm50270		-4.1791835	
ENSMUSG00000124067		-4.1791835	
Gm36995		-4.1791835	
Gm56683		-4.1791835	
ENSMUSG00000134811		-4.1791835	
ENSMUSG00000124282		-4.1791835	
Gm5168		-4.1791835	
Rhox11-ps3		-4.1791835	
ENSMUSG00000140161		-4.1791835	
Gm8503		-4.1791835	
Gm15385		-4.1791835	
Arx		-4.1791835	
Gm24595		-4.1791835	
Gm14946		-4.1791835	
ENSMUSG00000137114		-4.1791835	
Kdm5d		-4.1791835	
ENSMUSG00000135078		-4.1939983	
Gm43445		-4.1946197	
ENSMUSG00000133059		-4.206896	
Gm8234		-4.207799	
Wdr95		-4.207799	
Gm39027		-4.207799	
Lncbate6		-4.207799	
ENSMUSG00000122926		-4.207799	
Gm36936		-4.2251554	
Gm9768		-4.2892494	
Gm32764		-4.3466697	
ENSMUSG00000132135		-4.388923	
Rbmxl2		-4.4722943	
4930444P10Rik		-4.4869223	
Gm16523		-4.4869223	
ENSMUSG00000143423		-4.4869223	
ENSMUSG00000143821		-4.4869223	
Gm3764		-4.4869223	
ENSMUSG00000139848		-4.4869223	
Gm56841		-4.4869223	
ENSMUSG00000138264		-4.4869223	
ENSMUSG00000139126		-4.4869223	
Gm47466		-4.4869223	
ENSMUSG00000123138		-4.4869223	
Gm37402		-4.4869223	
ENSMUSG00000122190		-4.4869223	
ENSMUSG00000139236		-4.4869223	
8030442B05Rik		-4.4964466	
Gm47861		-4.4964466	
Lhb		-4.4964466	
ENSMUSG00000128402		-4.4964466	
ENSMUSG00000133729		-4.502994	
Gm44116		-4.515835	
ENSMUSG00000130551		-4.515835	
Gm10550		-4.516384	
Gm56734		-4.516384	
ENSMUSG00000123509		-4.5441566	
ENSMUSG00000131905		-4.6552334	
ENSMUSG00000122443		-4.6573377	
Gdap1		-4.754744	
Platr1		-4.754744	
ENSMUSG00000140341		-4.754744	
Fmo6		-4.754744	
F730016J06Rik		-4.754744	
ENSMUSG00000138975		-4.754744	
ENSMUSG00000140357		-4.754744	
ENSMUSG00000132822		-4.754744	
Gm37240		-4.754744	
Gm38241		-4.754744	
Gm13156		-4.754744	
Gm43110		-4.754744	
Gm57279		-4.754744	
Cnga1		-4.754744	
Gm9936		-4.754744	
Gm15690		-4.754744	
ENSMUSG00000136683		-4.754744	
Gm12764		-4.754744	
ENSMUSG00000135291		-4.754744	
ENSMUSG00000128096		-4.754744	
Gm37829		-4.754744	
ENSMUSG00000143535		-4.754744	
ENSMUSG00000133024		-4.754744	
Gm45592		-4.754744	
Trim67		-4.754744	
ENSMUSG00000137236		-4.754744	
Gm19121		-4.754744	
Gm36208		-4.754744	
ENSMUSG00000123944		-4.754744	
Mir1938		-4.754744	
Gm48231		-4.754744	
4930408O17Rik		-4.754744	
Vmn1r188		-4.754744	
Gm49293		-4.754744	
ENSMUSG00000143205		-4.754744	
Gm20420		-4.754744	
ENSMUSG00000125382		-4.754744	
Gm49662		-4.754744	
Pcdha1		-4.754744	
Pcdhb12		-4.754744	
ENSMUSG00000143324		-4.754744	
Gm26739		-4.7583	
Med9os		-4.7583	
Gm50056		-4.7583	
ENSMUSG00000123498		-4.7676287	
Klrb1c		-4.7676287	
Gldn		-4.7676287	
ENSMUSG00000131251		-4.7676287	
Gm16141		-4.7676287	
Asmt		-4.7676287	
ENSMUSG00000124611		-4.7676287	
Gm47052		-4.768278	
Or2t1		-4.768278	
Gm7241		-4.973395	
Gm56210		-4.973395	
Gm15350		-4.981197	
ENSMUSG00000125357		-5.167656	
Gm30963		-5.167656	
Gm52992		-5.167656	
ENSMUSG00000131408		-5.176885	
Gm42686		-5.176885	
ENSMUSG00000125148		-5.176885	
Npffr1		-5.176885	
Gm48438		-5.176885	
ENSMUSG00000132987		-5.1853437	
ENSMUSG00000131030		-5.1853437	
ENSMUSG00000137958		-5.1853437	
Gm36503		-5.1853437	
ENSMUSG00000127294		-5.1853437	
Gm35940		-5.1853437	
Gm26461		-5.1853437	
Gm23341		-5.1853437	
ENSMUSG00000137848		-5.1853437	
Prss28		-5.1853437	
Abcg8		-5.1853437	
Slc22a29		-5.1853437	
ENSMUSG00000123874		-5.1853437	
Gm28411		-5.340217	
Fabp2		-5.340217	
ENSMUSG00000140073		-5.340217	
ENSMUSG00000129979		-5.3490605	
Nalcn		-5.3490605	
Slc45a1		-5.373	
ENSMUSG00000133062		-5.4916224	
Nkx1-1		-5.509481	
Oxct1as		-5.628269	
ENSMUSG00000143656		-5.64142	
Gm52907		-5.755508	
ENSMUSG00000137022		-5.7744093	
Ccdc194		-5.7744093	
